id,node_id,timestamp,mode,collection_label,trial_state,inference_class,event_marker,cigarette_detected,inference_score,model_version,voc_raw,co_raw,voc_mv,co_mv,pm1_0,pm2_5,pm10,temperature,humidity,pms_valid,classification,received_at
1357,node_01,1780305345,data_collection,cooking_fume,exposure,,false,false,,rule_fallback_v0,2930,4095,2509,3139,30,50,61,23.4,78.2,true,unclassified,1780305345285
1358,node_01,1780305346,data_collection,cooking_fume,exposure,,false,false,,rule_fallback_v0,2937,4095,2513,3139,30,50,61,23.4,78.3,true,unclassified,1780305346357
1359,node_01,1780305347,data_collection,cooking_fume,exposure,,false,false,,rule_fallback_v0,2931,4095,2511,3139,29,49,60,23.4,78.3,true,unclassified,1780305347391
1360,node_01,1780305348,data_collection,cooking_fume,exposure,,false,false,,rule_fallback_v0,2939,4095,2509,3139,29,49,60,23.4,78.3,true,unclassified,1780305348517
1361,node_01,1780305350,data_collection,cooking_fume,exposure,,false,false,,rule_fallback_v0,2936,4095,2512,3139,29,49,60,23.4,78.3,true,unclassified,1780305349475
1362,node_01,1780305351,data_collection,cooking_fume,exposure,,false,false,,rule_fallback_v0,2932,4095,2515,3139,30,49,60,23.4,78.3,true,unclassified,1780305350566
1363,node_01,1780305352,data_collection,cooking_fume,exposure,,false,false,,rule_fallback_v0,2929,4095,2509,3139,30,49,60,23.4,78.3,true,unclassified,1780305351564
1364,node_01,1780305353,data_collection,cooking_fume,exposure,,false,false,,rule_fallback_v0,2929,4095,2509,3139,30,50,61,23.5,78.2,true,unclassified,1780305352716
1365,node_01,1780305354,data_collection,cooking_fume,exposure,,false,false,,rule_fallback_v0,2935,4095,2509,3139,30,50,61,23.5,78.2,true,unclassified,1780305353740
1366,node_01,1780305355,data_collection,cooking_fume,exposure,,false,false,,rule_fallback_v0,2932,4095,2511,3139,30,50,61,23.5,78.2,true,unclassified,1780305354766
1367,node_01,1780305356,data_collection,cooking_fume,exposure,,false,false,,rule_fallback_v0,2935,4095,2511,3139,30,50,61,23.6,78.1,true,unclassified,1780305355787
1368,node_01,1780305357,data_collection,cooking_fume,exposure,,false,false,,rule_fallback_v0,2933,4095,2512,3139,31,51,62,23.6,78.1,true,unclassified,1780305356796
1369,node_01,1780305358,data_collection,cooking_fume,exposure,,false,false,,rule_fallback_v0,2932,4095,2509,3139,31,51,62,23.6,78.1,true,unclassified,1780305357850
1370,node_01,1780305359,data_collection,cooking_fume,exposure,,false,false,,rule_fallback_v0,2933,4095,2509,3139,30,50,61,23.6,78.2,true,unclassified,1780305358962
1371,node_01,1780305360,data_collection,cooking_fume,exposure,,false,false,,rule_fallback_v0,2931,4095,2510,3139,30,50,61,23.6,78.2,true,unclassified,1780305359959
1372,node_01,1780305361,data_collection,cooking_fume,exposure,,false,false,,rule_fallback_v0,2932,4095,2507,3139,30,50,61,23.6,78.2,true,unclassified,1780305361015
1373,node_01,1780305362,data_collection,cooking_fume,exposure,,false,false,,rule_fallback_v0,2934,4095,2508,3139,31,51,62,23.7,78.3,true,unclassified,1780305362032
1374,node_01,1780305363,data_collection,cooking_fume,exposure,,false,false,,rule_fallback_v0,2934,4095,2507,3139,31,51,62,23.7,78.3,true,unclassified,1780305363160
1375,node_01,1780305364,data_collection,cooking_fume,exposure,,false,false,,rule_fallback_v0,2941,4095,2509,3139,32,51,62,23.7,78.3,true,unclassified,1780305364129
1376,node_01,1780305365,data_collection,cooking_fume,exposure,,false,false,,rule_fallback_v0,2933,4095,2509,3139,32,51,62,23.7,78.7,true,unclassified,1780305365209
1377,node_01,1780305366,data_collection,cooking_fume,exposure,,false,false,,rule_fallback_v0,2938,4095,2510,3139,32,51,62,23.7,78.7,true,unclassified,1780305366232
1378,node_01,1780305367,data_collection,cooking_fume,exposure,,false,false,,rule_fallback_v0,2933,4095,2507,3139,32,51,62,23.7,78.7,true,unclassified,1780305367291
1379,node_01,1780305368,data_collection,cooking_fume,exposure,,false,false,,rule_fallback_v0,2935,4095,2512,3139,32,51,63,23.7,78.5,true,unclassified,1780305368382
1380,node_01,1780305369,data_collection,cooking_fume,exposure,,false,false,,rule_fallback_v0,2932,4095,2510,3139,32,51,63,23.7,78.5,true,unclassified,1780305369407
1381,node_01,1780305370,data_collection,cooking_fume,exposure,,false,false,,rule_fallback_v0,2940,4095,2509,3139,32,51,63,23.7,78.5,true,unclassified,1780305370431
1382,node_01,1780305372,data_collection,cooking_fume,exposure,,false,false,,rule_fallback_v0,2928,4095,2508,3139,32,51,63,23.7,78.7,true,unclassified,1780305371450
1383,node_01,1780305373,data_collection,cooking_fume,exposure,,false,false,,rule_fallback_v0,2928,4095,2507,3139,32,51,63,23.7,78.7,true,unclassified,1780305372582
1384,node_01,1780305374,data_collection,cooking_fume,exposure,,false,false,,rule_fallback_v0,2930,4095,2507,3139,32,51,63,23.7,78.7,true,unclassified,1780305373548
1385,node_01,1780305375,data_collection,cooking_fume,exposure,,false,false,,rule_fallback_v0,2936,4095,2511,3139,32,51,63,23.8,78.6,true,unclassified,1780305374631
1386,node_01,1780305376,data_collection,cooking_fume,exposure,,false,false,,rule_fallback_v0,2934,4095,2508,3139,32,51,63,23.8,78.6,true,unclassified,1780305375653
1387,node_01,1780305377,data_collection,cooking_fume,exposure,,false,false,,rule_fallback_v0,2940,4095,2507,3139,32,51,63,23.8,78.6,true,unclassified,1780305376689
1388,node_01,1780305378,data_collection,cooking_fume,exposure,,false,false,,rule_fallback_v0,2936,4095,2509,3139,32,51,62,23.9,78.3,true,unclassified,1780305377803
1389,node_01,1780305379,data_collection,cooking_fume,exposure,,false,false,,rule_fallback_v0,2936,4095,2509,3139,32,51,62,23.9,78.3,true,unclassified,1780305378827
1390,node_01,1780305380,data_collection,cooking_fume,exposure,,false,false,,rule_fallback_v0,2929,4095,2508,3139,33,52,64,23.9,78.3,true,unclassified,1780305379821
1391,node_01,1780305381,data_collection,cooking_fume,exposure,,false,false,,rule_fallback_v0,2938,4095,2509,3139,33,52,64,23.9,78.1,true,unclassified,1780305380964
1392,node_01,1780305382,data_collection,cooking_fume,exposure,,false,false,,rule_fallback_v0,2929,4095,2507,3139,33,52,64,23.9,78.1,true,unclassified,1780305381918
1393,node_01,1780305383,data_collection,cooking_fume,exposure,,false,false,,rule_fallback_v0,2935,4095,2507,3139,33,52,64,23.9,78.1,true,unclassified,1780305382961
1394,node_01,1780305384,data_collection,cooking_fume,exposure,,false,false,,rule_fallback_v0,2929,4095,2510,3139,33,52,64,23.9,78.1,true,unclassified,1780305384011
1395,node_01,1780305385,data_collection,cooking_fume,exposure,,false,false,,rule_fallback_v0,2933,4095,2508,3139,33,52,64,23.9,78.1,true,unclassified,1780305385077
1396,node_01,1780305386,data_collection,cooking_fume,exposure,,false,false,,rule_fallback_v0,2934,4095,2510,3139,31,51,63,23.9,78.1,true,unclassified,1780305386103
1397,node_01,1780305387,data_collection,cooking_fume,exposure,,false,false,,rule_fallback_v0,2930,4095,2510,3139,31,51,63,24,77.8,true,unclassified,1780305387150
1398,node_01,1780305388,data_collection,cooking_fume,exposure,,false,false,,rule_fallback_v0,2929,4095,2507,3139,31,51,63,24,77.8,true,unclassified,1780305388253
1399,node_01,1780305389,data_collection,cooking_fume,exposure,,false,false,,rule_fallback_v0,2936,4095,2507,3139,30,51,63,24,77.8,true,unclassified,1780305389248
1400,node_01,1780305390,data_collection,cooking_fume,exposure,,false,false,,rule_fallback_v0,2932,4095,2510,3139,30,51,63,24,77.9,true,unclassified,1780305390297
1401,node_01,1780305391,data_collection,cooking_fume,exposure,,false,false,,rule_fallback_v0,2932,4095,2508,3139,30,51,63,24,77.9,true,unclassified,1780305391385
1402,node_01,1780305392,data_collection,cooking_fume,exposure,,false,false,,rule_fallback_v0,2932,4095,2510,3139,31,52,64,24,77.9,true,unclassified,1780305392448
1403,node_01,1780305394,data_collection,cooking_fume,exposure,,false,false,,rule_fallback_v0,2936,4095,2512,3139,31,52,64,24.1,77.8,true,unclassified,1780305393579
1404,node_01,1780305395,data_collection,cooking_fume,exposure,,false,false,,rule_fallback_v0,2938,4095,2507,3139,31,52,64,24.1,77.8,true,unclassified,1780305394475
1405,node_01,1780305396,data_collection,cooking_fume,exposure,,false,false,,rule_fallback_v0,2932,4095,2509,3139,30,51,63,24.1,77.8,true,unclassified,1780305395528
1406,node_01,1780305397,data_collection,cooking_fume,exposure,,false,false,,rule_fallback_v0,2930,4095,2509,3139,30,51,63,24.1,77.9,true,unclassified,1780305396641
1407,node_01,1780305398,data_collection,cooking_fume,exposure,,false,false,,rule_fallback_v0,2935,4095,2508,3139,30,51,63,24.1,77.9,true,unclassified,1780305397613
1408,node_01,1780305399,data_collection,cooking_fume,exposure,,false,false,,rule_fallback_v0,2932,4095,2510,3139,30,50,63,24.1,77.9,true,unclassified,1780305398699
1409,node_01,1780305400,data_collection,cooking_fume,exposure,,false,false,,rule_fallback_v0,2938,4095,2510,3139,30,50,63,24.1,77.6,true,unclassified,1780305399706
1410,node_01,1780305401,data_collection,cooking_fume,exposure,,false,false,,rule_fallback_v0,2931,4095,2511,3139,30,50,63,24.1,77.6,true,unclassified,1780305400750
1411,node_01,1780305402,data_collection,cooking_fume,exposure,,false,false,,rule_fallback_v0,2933,4095,2508,3139,30,50,63,24.1,77.6,true,unclassified,1780305401799
1412,node_01,1780305403,data_collection,cooking_fume,exposure,,false,false,,rule_fallback_v0,2932,4095,2510,3139,30,50,62,24.1,77.4,true,unclassified,1780305402892
1413,node_01,1780305404,data_collection,cooking_fume,exposure,,false,false,,rule_fallback_v0,2937,4095,2510,3139,31,51,63,24.1,77.4,true,unclassified,1780305403916
1414,node_01,1780305405,data_collection,cooking_fume,exposure,,false,false,,rule_fallback_v0,2929,4095,2510,3139,31,51,63,24.1,77.4,true,unclassified,1780305404968
1415,node_01,1780305406,data_collection,cooking_fume,exposure,,false,false,,rule_fallback_v0,2940,4095,2511,3139,31,51,63,24.2,77.2,true,unclassified,1780305405984
1416,node_01,1780305407,data_collection,cooking_fume,exposure,,false,false,,rule_fallback_v0,2931,4095,2509,3139,31,51,63,24.2,77.2,true,unclassified,1780305407089
1417,node_01,1780305408,data_collection,cooking_fume,exposure,,false,false,,rule_fallback_v0,2940,4095,2509,3139,31,51,63,24.2,77.2,true,unclassified,1780305408077
1418,node_01,1780305409,data_collection,cooking_fume,exposure,,false,false,,rule_fallback_v0,2930,4095,2508,3139,31,51,63,24.2,77.2,true,unclassified,1780305409138
1419,node_01,1780305410,data_collection,cooking_fume,exposure,,false,false,,rule_fallback_v0,2937,4095,2508,3139,30,50,62,24.2,77.2,true,unclassified,1780305410266
1420,node_01,1780305411,data_collection,cooking_fume,exposure,,false,false,,rule_fallback_v0,2934,4095,2508,3139,31,50,62,24.2,77.2,true,unclassified,1780305411288
1421,node_01,1780305412,data_collection,cooking_fume,exposure,,false,false,,rule_fallback_v0,2935,4095,2509,3139,31,50,62,24.3,77,true,unclassified,1780305412313
1422,node_01,1780305413,data_collection,cooking_fume,exposure,,false,false,,rule_fallback_v0,2931,4095,2511,3139,31,49,62,24.3,77,true,unclassified,1780305413336
1423,node_01,1780305414,data_collection,cooking_fume,exposure,,false,false,,rule_fallback_v0,2931,4095,2511,3139,30,49,62,24.3,77,true,unclassified,1780305414415
1424,node_01,1780305415,data_collection,cooking_fume,exposure,,false,false,,rule_fallback_v0,2932,4095,2508,3139,30,49,61,24.3,77.2,true,unclassified,1780305415491
1425,node_01,1780305417,data_collection,cooking_fume,exposure,,false,false,,rule_fallback_v0,2933,4095,2508,3139,31,50,62,24.3,77.2,true,unclassified,1780305416452
1426,node_01,1780305418,data_collection,cooking_fume,exposure,,false,false,,rule_fallback_v0,2932,4095,2508,3139,31,50,62,24.3,77.2,true,unclassified,1780305417504
1427,node_01,1780305419,data_collection,cooking_fume,exposure,,false,false,,rule_fallback_v0,2939,4095,2508,3139,31,50,62,24.3,76.9,true,unclassified,1780305418558
1428,node_01,1780305420,data_collection,cooking_fume,exposure,,false,false,,rule_fallback_v0,2934,4095,2509,3139,30,48,61,24.3,76.9,true,unclassified,1780305419684
1429,node_01,1780305421,data_collection,cooking_fume,exposure,,false,false,,rule_fallback_v0,2938,4095,2509,3139,30,49,61,24.3,76.9,true,unclassified,1780305420709
1430,node_01,1780305422,data_collection,cooking_fume,exposure,,false,false,,rule_fallback_v0,2930,4095,2508,3139,31,50,62,24.3,76.6,true,unclassified,1780305421680
1431,node_01,1780305423,data_collection,cooking_fume,exposure,,false,false,,rule_fallback_v0,2938,4095,2510,3139,31,50,62,24.3,76.6,true,unclassified,1780305422757
1432,node_01,1780305424,data_collection,cooking_fume,exposure,,false,false,,rule_fallback_v0,2934,4095,2509,3139,31,50,62,24.3,76.6,true,unclassified,1780305423782
1433,node_01,1780305425,data_collection,cooking_fume,exposure,,false,false,,rule_fallback_v0,2938,4095,2510,3139,30,49,61,24.4,76.5,true,unclassified,1780305424907
1434,node_01,1780305426,data_collection,cooking_fume,exposure,,false,false,,rule_fallback_v0,2927,4095,2511,3139,30,49,61,24.4,76.5,true,unclassified,1780305425932
1435,node_01,1780305427,data_collection,cooking_fume,exposure,,false,false,,rule_fallback_v0,2941,4095,2508,3139,30,49,61,24.4,76.5,true,unclassified,1780305426915
1436,node_01,1780305428,data_collection,cooking_fume,exposure,,false,false,,rule_fallback_v0,2932,4095,2508,3139,31,50,62,24.4,76.5,true,unclassified,1780305427986
1437,node_01,1780305429,data_collection,cooking_fume,exposure,,false,false,,rule_fallback_v0,2940,4095,2510,3139,31,50,62,24.4,76.5,true,unclassified,1780305429107
1438,node_01,1780305430,data_collection,cooking_fume,exposure,,false,false,,rule_fallback_v0,2932,4095,2510,3139,31,50,62,24.4,76.5,true,unclassified,1780305430130
1439,node_01,1780305431,data_collection,cooking_fume,exposure,,false,false,,rule_fallback_v0,2946,4095,2510,3139,31,50,63,24.5,76.4,true,unclassified,1780305431153
1440,node_01,1780305432,data_collection,cooking_fume,exposure,,false,false,,rule_fallback_v0,2931,4095,2510,3139,31,51,63,24.5,76.4,true,unclassified,1780305432180
1441,node_01,1780305433,data_collection,cooking_fume,exposure,,false,false,,rule_fallback_v0,2939,4095,2508,3139,31,51,63,24.5,76.4,true,unclassified,1780305433191
1442,node_01,1780305434,data_collection,cooking_fume,exposure,,false,false,,rule_fallback_v0,2928,4095,2509,3139,30,50,62,24.5,76.4,true,unclassified,1780305434238
1443,node_01,1780305435,data_collection,cooking_fume,exposure,,false,false,,rule_fallback_v0,2934,4095,2506,3139,31,50,63,24.5,76.4,true,unclassified,1780305435351
1444,node_01,1780305436,data_collection,cooking_fume,exposure,,false,false,,rule_fallback_v0,2935,4095,2509,3139,31,50,63,24.5,76.4,true,unclassified,1780305436376
1445,node_01,1780305437,data_collection,cooking_fume,exposure,,false,false,,rule_fallback_v0,2935,4095,2511,3139,31,50,63,24.5,76.4,true,unclassified,1780305437400
1446,node_01,1780305438,data_collection,cooking_fume,exposure,,false,false,,rule_fallback_v0,2931,4095,2508,3139,30,50,63,24.5,76.4,true,unclassified,1780305438526
1447,node_01,1780305440,data_collection,cooking_fume,exposure,,false,false,,rule_fallback_v0,2939,4095,2507,3139,30,50,63,24.5,76.4,true,unclassified,1780305439470
1448,node_01,1780305441,data_collection,cooking_fume,exposure,,false,false,,rule_fallback_v0,2932,4095,2510,3139,30,50,63,24.6,76.6,true,unclassified,1780305440574
1449,node_01,1780305442,data_collection,cooking_fume,exposure,,false,false,,rule_fallback_v0,2940,4095,2509,3139,30,50,63,24.6,76.6,true,unclassified,1780305441598
1450,node_01,1780305443,data_collection,cooking_fume,exposure,,false,false,,rule_fallback_v0,2934,4095,2508,3139,31,51,64,24.6,76.6,true,unclassified,1780305442608
1451,node_01,1780305444,data_collection,cooking_fume,exposure,,false,false,,rule_fallback_v0,2939,4095,2509,3139,31,51,64,24.6,76.5,true,unclassified,1780305443749
1452,node_01,1780305445,data_collection,cooking_fume,exposure,,false,false,,rule_fallback_v0,2936,4095,2507,3139,31,51,63,24.6,76.5,true,unclassified,1780305444701
1453,node_01,1780305446,data_collection,cooking_fume,exposure,,false,false,,rule_fallback_v0,2928,4095,2505,3139,31,50,63,24.6,76.5,true,unclassified,1780305445778
1454,node_01,1780305447,data_collection,cooking_fume,exposure,,false,false,,rule_fallback_v0,2928,4095,2509,3139,31,50,63,24.7,76.6,true,unclassified,1780305446820
1455,node_01,1780305448,data_collection,cooking_fume,exposure,,false,false,,rule_fallback_v0,2936,4095,2512,3139,31,50,62,24.7,76.6,true,unclassified,1780305447838
1456,node_01,1780305449,data_collection,cooking_fume,exposure,,false,false,,rule_fallback_v0,2935,4095,2510,3139,31,50,62,24.7,76.6,true,unclassified,1780305448976
1457,node_01,1780305450,data_collection,cooking_fume,exposure,,false,false,,rule_fallback_v0,2933,4095,2510,3139,31,50,62,24.7,76.2,true,unclassified,1780305450001
1458,node_01,1780305451,data_collection,cooking_fume,exposure,,false,false,,rule_fallback_v0,2930,4095,2510,3139,31,50,62,24.7,76.2,true,unclassified,1780305451019
1459,node_01,1780305452,data_collection,cooking_fume,exposure,,false,false,,rule_fallback_v0,2935,4095,2508,3139,31,50,61,24.7,76.2,true,unclassified,1780305452044
1460,node_01,1780305453,data_collection,cooking_fume,exposure,,false,false,,rule_fallback_v0,2932,4095,2507,3139,31,49,61,24.8,76.2,true,unclassified,1780305453169
1461,node_01,1780305454,data_collection,cooking_fume,exposure,,false,false,,rule_fallback_v0,2932,4095,2508,3139,30,49,61,24.8,76.2,true,unclassified,1780305454295
1462,node_01,1780305455,data_collection,cooking_fume,exposure,,false,false,,rule_fallback_v0,2932,4095,2509,3139,29,48,60,24.8,76.2,true,unclassified,1780305455319
1463,node_01,1780305456,data_collection,cooking_fume,exposure,,false,false,,rule_fallback_v0,2936,4095,2510,3139,29,47,59,24.8,76.3,true,unclassified,1780305456208
1464,node_01,1780305457,data_collection,cooking_fume,exposure,,false,false,,rule_fallback_v0,2930,4095,2510,3139,29,47,59,24.8,76.3,true,unclassified,1780305457265
1465,node_01,1780305458,data_collection,cooking_fume,exposure,,false,false,,rule_fallback_v0,2937,4095,2506,3139,29,47,59,24.8,76.3,true,unclassified,1780305458313
1466,node_01,1780305459,data_collection,cooking_fume,exposure,,false,false,,rule_fallback_v0,2928,4095,2509,3139,29,47,59,24.8,76.2,true,unclassified,1780305459415
1467,node_01,1780305460,data_collection,cooking_fume,exposure,,false,false,,rule_fallback_v0,2931,4095,2509,3139,29,47,59,24.8,76.2,true,unclassified,1780305460439
1468,node_01,1780305462,data_collection,cooking_fume,exposure,,false,false,,rule_fallback_v0,2932,4095,2508,3139,29,47,59,24.8,76.2,true,unclassified,1780305461442
1469,node_01,1780305463,data_collection,cooking_fume,exposure,,false,false,,rule_fallback_v0,2943,4095,2510,3139,29,47,59,24.9,76.2,true,unclassified,1780305462490
1470,node_01,1780305464,data_collection,cooking_fume,exposure,,false,false,,rule_fallback_v0,2933,4095,2509,3139,29,47,59,24.9,76.2,true,unclassified,1780305463614
1471,node_01,1780305465,data_collection,cooking_fume,exposure,,false,false,,rule_fallback_v0,2935,4095,2509,3139,29,47,59,24.9,76.2,true,unclassified,1780305464639
1472,node_01,1780305466,data_collection,cooking_fume,exposure,,false,false,,rule_fallback_v0,2927,4095,2511,3139,29,47,59,24.9,76.1,true,unclassified,1780305465662
1473,node_01,1780305467,data_collection,cooking_fume,exposure,,false,false,,rule_fallback_v0,2934,4095,2509,3139,30,48,60,24.9,76.1,true,unclassified,1780305466685
1474,node_01,1780305468,data_collection,cooking_fume,exposure,,false,false,,rule_fallback_v0,2935,4095,2510,3139,30,48,60,24.9,76.1,true,unclassified,1780305467813
1475,node_01,1780305469,data_collection,cooking_fume,exposure,,false,false,,rule_fallback_v0,2935,4095,2511,3139,30,48,60,24.9,76.1,true,unclassified,1780305468763
1476,node_01,1780305470,data_collection,cooking_fume,exposure,,false,false,,rule_fallback_v0,2930,4095,2508,3139,29,47,59,24.9,76.1,true,unclassified,1780305469860
1477,node_01,1780305471,data_collection,cooking_fume,exposure,,false,false,,rule_fallback_v0,2936,4095,2508,3139,29,47,59,24.9,76.1,true,unclassified,1780305471012
1478,node_01,1780305472,data_collection,cooking_fume,exposure,,false,false,,rule_fallback_v0,2933,4095,2509,3139,29,47,59,24.9,75.7,true,unclassified,1780305471913
1479,node_01,1780305473,data_collection,cooking_fume,exposure,,false,false,,rule_fallback_v0,2935,4095,2509,3139,30,48,60,24.9,75.7,true,unclassified,1780305473242
1480,node_01,1780305474,data_collection,cooking_fume,exposure,,false,false,,rule_fallback_v0,2934,4095,2509,3139,30,48,60,24.9,75.7,true,unclassified,1780305474148
1481,node_01,1780305475,data_collection,cooking_fume,exposure,,false,false,,rule_fallback_v0,2937,4095,2507,3139,30,48,60,25,75.4,true,unclassified,1780305475086
1482,node_01,1780305476,data_collection,cooking_fume,exposure,,false,false,,rule_fallback_v0,2933,4095,2506,3139,29,47,59,25,75.4,true,unclassified,1780305476112
1483,node_01,1780305477,data_collection,cooking_fume,exposure,,false,false,,rule_fallback_v0,2942,4095,2509,3139,29,47,59,25,75.4,true,unclassified,1780305477140
1484,node_01,1780305478,data_collection,cooking_fume,exposure,,false,false,,rule_fallback_v0,2934,4095,2511,3139,29,47,59,25,75.4,true,unclassified,1780305478185
1485,node_01,1780305479,data_collection,cooking_fume,exposure,,false,false,,rule_fallback_v0,2934,4095,2508,3139,29,47,59,25,75.4,true,unclassified,1780305479279
1486,node_01,1780305480,data_collection,cooking_fume,exposure,,false,false,,rule_fallback_v0,2934,4095,2511,3139,29,47,59,25,75.4,true,unclassified,1780305480271
1487,node_01,1780305481,data_collection,cooking_fume,exposure,,false,false,,rule_fallback_v0,2933,4095,2510,3139,29,47,59,25,75.4,true,unclassified,1780305481315
1488,node_01,1780305482,data_collection,cooking_fume,exposure,,false,false,,rule_fallback_v0,2932,4095,2511,3139,30,48,59,25,75.4,true,unclassified,1780305482463
1489,node_01,1780305483,data_collection,cooking_fume,exposure,,false,false,,rule_fallback_v0,2936,4095,2507,3139,30,48,59,25,75.4,true,unclassified,1780305483413
1490,node_01,1780305485,data_collection,cooking_fume,exposure,,false,false,,rule_fallback_v0,2929,4095,2508,3139,30,48,59,25,75.2,true,unclassified,1780305484454
1491,node_01,1780305486,data_collection,cooking_fume,exposure,,false,false,,rule_fallback_v0,2935,4095,2509,3139,30,48,59,25,75.2,true,unclassified,1780305485528
1492,node_01,1780305487,data_collection,cooking_fume,exposure,,false,false,,rule_fallback_v0,2932,4095,2510,3139,30,48,58,25,75.2,true,unclassified,1780305486652
1493,node_01,1780305488,data_collection,cooking_fume,exposure,,false,false,,rule_fallback_v0,2942,4095,2509,3139,29,46,57,25.1,75.2,true,unclassified,1780305487676
1494,node_01,1780305489,data_collection,cooking_fume,exposure,,false,false,,rule_fallback_v0,2933,4095,2509,3139,29,46,57,25.1,75.2,true,unclassified,1780305488701
1495,node_01,1780305490,data_collection,cooking_fume,exposure,,false,false,,rule_fallback_v0,2938,4095,2509,3139,29,46,56,25.1,75.2,true,unclassified,1780305489725
1496,node_01,1780305491,data_collection,cooking_fume,exposure,,false,false,,rule_fallback_v0,2934,4095,2509,3139,29,47,57,25.1,74.9,true,unclassified,1780305490750
1497,node_01,1780305492,data_collection,cooking_fume,exposure,,false,false,,rule_fallback_v0,2934,4095,2508,3139,29,47,57,25.1,74.9,true,unclassified,1780305491877
1498,node_01,1780305493,data_collection,cooking_fume,exposure,,false,false,,rule_fallback_v0,2934,4095,2508,3139,29,47,57,25.1,74.9,true,unclassified,1780305492826
1499,node_01,1780305494,data_collection,cooking_fume,exposure,,false,false,,rule_fallback_v0,2933,4095,2509,3139,28,45,56,25.1,74.9,true,unclassified,1780305493923
1500,node_01,1780305495,data_collection,cooking_fume,exposure,,false,false,,rule_fallback_v0,2933,4095,2510,3139,28,45,56,25.1,74.9,true,unclassified,1780305494947
1501,node_01,1780305496,data_collection,cooking_fume,exposure,,false,false,,rule_fallback_v0,2937,4095,2509,3139,28,45,56,25.1,74.9,true,unclassified,1780305495972
1502,node_01,1780305497,data_collection,cooking_fume,exposure,,false,false,,rule_fallback_v0,2931,4095,2509,3139,30,46,57,25.1,74.9,true,unclassified,1780305497103
1503,node_01,1780305498,data_collection,cooking_fume,exposure,,false,false,,rule_fallback_v0,2932,4095,2509,3139,30,46,57,25.1,74.9,true,unclassified,1780305498122
1504,node_01,1780305499,data_collection,cooking_fume,exposure,,false,false,,rule_fallback_v0,2931,4095,2509,3139,30,46,57,25.1,74.9,true,unclassified,1780305499145
1505,node_01,1780305500,data_collection,cooking_fume,exposure,,false,false,,rule_fallback_v0,2942,4095,2508,3139,29,46,56,25.2,74.9,true,unclassified,1780305500170
1506,node_01,1780305501,data_collection,cooking_fume,exposure,,false,false,,rule_fallback_v0,2928,4095,2508,3139,29,46,56,25.2,74.9,true,unclassified,1780305501295
1507,node_01,1780305502,data_collection,cooking_fume,exposure,,false,false,,rule_fallback_v0,2936,4095,2510,3139,29,46,56,25.2,74.9,true,unclassified,1780305502241
1508,node_01,1780305503,data_collection,cooking_fume,exposure,,false,false,,rule_fallback_v0,2928,4095,2508,3139,30,47,57,25.2,75,true,unclassified,1780305503345
1509,node_01,1780305504,data_collection,cooking_fume,exposure,,false,false,,rule_fallback_v0,2928,4095,2507,3139,30,47,57,25.2,75,true,unclassified,1780305504375
1510,node_01,1780305505,data_collection,cooking_fume,exposure,,false,false,,rule_fallback_v0,2927,4095,2510,3139,30,47,57,25.2,75,true,unclassified,1780305505393
1511,node_01,1780305507,data_collection,cooking_fume,exposure,,false,false,,rule_fallback_v0,2937,4095,2508,3139,30,47,57,25.2,75.1,true,unclassified,1780305506440
1512,node_01,1780305508,data_collection,cooking_fume,exposure,,false,false,,rule_fallback_v0,2926,4095,2509,3139,30,47,57,25.2,75.1,true,unclassified,1780305507469
1513,node_01,1780305509,data_collection,cooking_fume,exposure,,false,false,,rule_fallback_v0,2928,4095,2508,3139,30,47,57,25.2,75.1,true,unclassified,1780305508516
1514,node_01,1780305510,data_collection,cooking_fume,exposure,,false,false,,rule_fallback_v0,2930,4095,2508,3139,30,47,57,25.2,75,true,unclassified,1780305509593
1515,node_01,1780305511,data_collection,cooking_fume,exposure,,false,false,,rule_fallback_v0,2930,4095,2507,3139,30,47,57,25.2,75,true,unclassified,1780305510718
1516,node_01,1780305512,data_collection,cooking_fume,exposure,,false,false,,rule_fallback_v0,2930,4095,2509,3139,28,46,56,25.2,75,true,unclassified,1780305511742
1517,node_01,1780305513,data_collection,cooking_fume,exposure,,false,false,,rule_fallback_v0,2934,4095,2510,3139,28,46,56,25.3,74.7,true,unclassified,1780305512868
1518,node_01,1780305514,data_collection,cooking_fume,exposure,,false,false,,rule_fallback_v0,2941,4095,2508,3139,28,45,56,25.3,74.7,true,unclassified,1780305513744
1519,node_01,1780305515,data_collection,cooking_fume,exposure,,false,false,,rule_fallback_v0,2936,4095,2506,3139,28,45,55,25.3,74.7,true,unclassified,1780305514817
1520,node_01,1780305516,data_collection,cooking_fume,exposure,,false,false,,rule_fallback_v0,2933,4095,2507,3139,28,45,55,25.3,74.5,true,unclassified,1780305515940
1521,node_01,1780305517,data_collection,cooking_fume,exposure,,false,false,,rule_fallback_v0,2936,4095,2508,3139,28,45,55,25.3,74.5,true,unclassified,1780305516887
1522,node_01,1780305518,data_collection,cooking_fume,exposure,,false,false,,rule_fallback_v0,2927,4095,2511,3139,28,45,55,25.3,74.5,true,unclassified,1780305517943
1523,node_01,1780305519,data_collection,cooking_fume,exposure,,false,false,,rule_fallback_v0,2939,4095,2508,3139,28,45,55,25.3,74,true,unclassified,1780305519010
1524,node_01,1780305520,data_collection,cooking_fume,exposure,,false,false,,rule_fallback_v0,2932,4095,2509,3139,28,45,55,25.3,74,true,unclassified,1780305520035
1525,node_01,1780305521,data_collection,cooking_fume,exposure,,false,false,,rule_fallback_v0,2937,4095,2507,3139,29,46,55,25.3,74,true,unclassified,1780305521162
1526,node_01,1780305522,data_collection,cooking_fume,exposure,,false,false,,rule_fallback_v0,2931,4095,2508,3139,29,46,55,25.3,74.1,true,unclassified,1780305522186
1527,node_01,1780305523,data_collection,cooking_fume,exposure,,false,false,,rule_fallback_v0,2937,4095,2507,3139,29,46,55,25.3,74.1,true,unclassified,1780305523208
1528,node_01,1780305524,data_collection,cooking_fume,exposure,,false,false,,rule_fallback_v0,2930,4095,2508,3139,29,46,56,25.3,74.1,true,unclassified,1780305524210
1529,node_01,1780305525,data_collection,cooking_fume,exposure,,false,false,,rule_fallback_v0,2936,4095,2507,3139,29,46,56,25.3,74,true,unclassified,1780305525362
1530,node_01,1780305526,data_collection,cooking_fume,exposure,,false,false,,rule_fallback_v0,2927,4095,2509,3139,28,45,55,25.3,74,true,unclassified,1780305526443
1531,node_01,1780305527,data_collection,cooking_fume,exposure,,false,false,,rule_fallback_v0,2937,4095,2506,3139,28,45,55,25.3,74,true,unclassified,1780305527347
1532,node_01,1780305528,data_collection,cooking_fume,exposure,,false,false,,rule_fallback_v0,2930,4095,2510,3139,28,45,55,25.4,74.1,true,unclassified,1780305528432
1533,node_01,1780305530,data_collection,cooking_fume,exposure,,false,false,,rule_fallback_v0,2939,4095,2509,3139,29,46,56,25.4,74.1,true,unclassified,1780305529442
1534,node_01,1780305531,data_collection,cooking_fume,exposure,,false,false,,rule_fallback_v0,2931,4095,2504,3139,29,46,56,25.4,74.1,true,unclassified,1780305530583
1535,node_01,1780305532,data_collection,cooking_fume,exposure,,false,false,,rule_fallback_v0,2932,4095,2508,3139,29,46,56,25.4,74.4,true,unclassified,1780305531527
1536,node_01,1780305533,data_collection,cooking_fume,exposure,,false,false,,rule_fallback_v0,2932,4095,2507,3139,28,45,55,25.4,74.4,true,unclassified,1780305532576
1537,node_01,1780305534,data_collection,cooking_fume,exposure,,false,false,,rule_fallback_v0,2934,4095,2509,3139,28,45,55,25.4,74.4,true,unclassified,1780305533626
1538,node_01,1780305535,data_collection,cooking_fume,exposure,,false,false,,rule_fallback_v0,2930,4095,2508,3139,28,45,55,25.4,74.6,true,unclassified,1780305534686
1539,node_01,1780305536,data_collection,cooking_fume,exposure,,false,false,,rule_fallback_v0,2938,4095,2508,3139,27,45,55,25.4,74.6,true,unclassified,1780305535805
1540,node_01,1780305537,data_collection,cooking_fume,exposure,,false,false,,rule_fallback_v0,2931,4095,2509,3139,27,45,55,25.4,74.6,true,unclassified,1780305536828
1541,node_01,1780305538,data_collection,cooking_fume,exposure,,false,false,,rule_fallback_v0,2936,4095,2511,3139,27,45,55,25.4,74.4,true,unclassified,1780305537857
1542,node_01,1780305539,data_collection,cooking_fume,exposure,,false,false,,rule_fallback_v0,2930,4095,2505,3139,28,46,56,25.4,74.4,true,unclassified,1780305538878
1543,node_01,1780305540,data_collection,cooking_fume,exposure,,false,false,,rule_fallback_v0,2939,4095,2510,3139,28,46,56,25.4,74.4,true,unclassified,1780305539899
1544,node_01,1780305541,data_collection,cooking_fume,exposure,,false,false,,rule_fallback_v0,2926,4095,2510,3139,28,46,56,25.4,74.4,true,unclassified,1780305541027
1545,node_01,1780305542,data_collection,cooking_fume,exposure,,false,false,,rule_fallback_v0,2940,4095,2507,3139,28,46,56,25.4,74.4,true,unclassified,1780305542051
1546,node_01,1780305543,data_collection,cooking_fume,exposure,,false,false,,rule_fallback_v0,2931,4095,2508,3139,28,46,56,25.4,74.4,true,unclassified,1780305543076
1547,node_01,1780305544,data_collection,cooking_fume,exposure,,false,false,,rule_fallback_v0,2940,4095,2508,3139,28,46,56,25.5,74.2,true,unclassified,1780305544100
1548,node_01,1780305545,data_collection,cooking_fume,exposure,,false,false,,rule_fallback_v0,2928,4095,2507,3139,28,46,56,25.5,74.2,true,unclassified,1780305545228
1549,node_01,1780305546,data_collection,cooking_fume,exposure,,false,false,,rule_fallback_v0,2934,4095,2508,3139,28,46,56,25.5,74.2,true,unclassified,1780305546250
1550,node_01,1780305547,data_collection,cooking_fume,exposure,,false,false,,rule_fallback_v0,2932,4095,2507,3139,27,45,55,25.5,74.1,true,unclassified,1780305547273
1551,node_01,1780305548,data_collection,cooking_fume,exposure,,false,false,,rule_fallback_v0,2938,4095,2509,3139,27,45,55,25.5,74.1,true,unclassified,1780305548266
1552,node_01,1780305549,data_collection,cooking_fume,exposure,,false,false,,rule_fallback_v0,2931,4095,2510,3139,27,45,55,25.5,74.1,true,unclassified,1780305549448
1553,node_01,1780305550,data_collection,cooking_fume,exposure,,false,false,,rule_fallback_v0,2938,4095,2508,3139,27,45,54,25.5,73.7,true,unclassified,1780305550550
1554,node_01,1780305551,data_collection,cooking_fume,exposure,,false,false,,rule_fallback_v0,2933,4095,2507,3139,26,45,54,25.5,73.7,true,unclassified,1780305551485
1555,node_01,1780305553,data_collection,cooking_fume,exposure,,false,false,,rule_fallback_v0,2935,4095,2508,3139,26,45,54,25.5,73.7,true,unclassified,1780305552447
1556,node_01,1780305554,data_collection,cooking_fume,exposure,,false,false,,rule_fallback_v0,2935,4095,2508,3139,26,45,54,25.5,73.5,true,unclassified,1780305553526
1557,node_01,1780305555,data_collection,cooking_fume,exposure,,false,false,,rule_fallback_v0,2930,4095,2508,3139,26,44,54,25.5,73.5,true,unclassified,1780305554544
1558,node_01,1780305556,data_collection,cooking_fume,exposure,,false,false,,rule_fallback_v0,2935,4095,2510,3139,26,44,54,25.5,73.5,true,unclassified,1780305555590
1559,node_01,1780305557,data_collection,cooking_fume,exposure,,false,false,,rule_fallback_v0,2934,4095,2508,3139,27,45,55,25.5,73.5,true,unclassified,1780305556698
1560,node_01,1780305558,data_collection,cooking_fume,exposure,,false,false,,rule_fallback_v0,2932,4095,2508,3139,27,45,55,25.5,73.5,true,unclassified,1780305557677
1561,node_01,1780305559,data_collection,cooking_fume,exposure,,false,false,,rule_fallback_v0,2932,4095,2507,3139,27,45,55,25.5,73.5,true,unclassified,1780305558723
1562,node_01,1780305560,data_collection,cooking_fume,exposure,,false,false,,rule_fallback_v0,2931,4095,2510,3139,26,44,54,25.6,73.3,true,unclassified,1780305559971
1563,node_01,1780305561,data_collection,cooking_fume,exposure,,false,false,,rule_fallback_v0,2930,4095,2508,3139,26,44,54,25.6,73.3,true,unclassified,1780305560818
1564,node_01,1780305562,data_collection,cooking_fume,exposure,,false,false,,rule_fallback_v0,2932,4095,2510,3139,26,43,54,25.6,73.3,true,unclassified,1780305561867
1565,node_01,1780305563,data_collection,cooking_fume,exposure,,false,false,,rule_fallback_v0,2937,4095,2508,3139,26,43,53,25.6,73.3,true,unclassified,1780305562919
1566,node_01,1780305564,data_collection,cooking_fume,exposure,,false,false,,rule_fallback_v0,2931,4095,2509,3139,26,43,53,25.6,73.3,true,unclassified,1780305563965
1567,node_01,1780305565,data_collection,cooking_fume,exposure,,false,false,,rule_fallback_v0,2942,4095,2507,3139,26,43,53,25.6,73.3,true,unclassified,1780305565090
1568,node_01,1780305566,data_collection,cooking_fume,exposure,,false,false,,rule_fallback_v0,2931,4095,2508,3139,27,44,53,25.6,73.1,true,unclassified,1780305566217
1569,node_01,1780305567,data_collection,cooking_fume,exposure,,false,false,,rule_fallback_v0,2941,4095,2510,3139,27,44,53,25.6,73.1,true,unclassified,1780305567139
1570,node_01,1780305568,data_collection,cooking_fume,exposure,,false,false,,rule_fallback_v0,2931,4095,2508,3139,27,43,53,25.6,73.1,true,unclassified,1780305568163
1571,node_01,1780305569,data_collection,cooking_fume,exposure,,false,false,,rule_fallback_v0,2945,4095,2511,3139,27,43,53,25.6,73,true,unclassified,1780305569231
1572,node_01,1780305570,data_collection,cooking_fume,exposure,,false,false,,rule_fallback_v0,2929,4095,2510,3139,27,43,52,25.6,73,true,unclassified,1780305570232
1573,node_01,1780305571,data_collection,cooking_fume,exposure,,false,false,,rule_fallback_v0,2936,4095,2510,3139,26,42,51,25.6,73,true,unclassified,1780305571441
1574,node_01,1780305572,data_collection,cooking_fume,exposure,,false,false,,rule_fallback_v0,2933,4095,2512,3139,25,42,50,25.6,73,true,unclassified,1780305572338
1575,node_01,1780305573,data_collection,cooking_fume,exposure,,false,false,,rule_fallback_v0,2935,4095,2510,3139,25,42,50,25.6,73,true,unclassified,1780305573385
1576,node_01,1780305574,data_collection,cooking_fume,exposure,,false,false,,rule_fallback_v0,2934,4095,2510,3139,25,42,50,25.6,73,true,unclassified,1780305574431
1577,node_01,1780305576,data_collection,cooking_fume,exposure,,false,false,,rule_fallback_v0,2943,4095,2509,3139,25,42,50,25.7,73,true,unclassified,1780305575463
1578,node_01,1780305577,data_collection,cooking_fume,exposure,,false,false,,rule_fallback_v0,2930,4095,2509,3139,25,42,50,25.7,73,true,unclassified,1780305576564
1579,node_01,1780305578,data_collection,cooking_fume,exposure,,false,false,,rule_fallback_v0,2935,4095,2507,3139,27,43,51,25.7,73,true,unclassified,1780305577559
1580,node_01,1780305579,data_collection,cooking_fume,exposure,,false,false,,rule_fallback_v0,2932,4095,2509,3139,27,43,51,25.7,72.6,true,unclassified,1780305578689
1581,node_01,1780305580,data_collection,cooking_fume,exposure,,false,false,,rule_fallback_v0,2937,4095,2510,3139,27,42,51,25.7,72.6,true,unclassified,1780305579734
1582,node_01,1780305581,data_collection,cooking_fume,exposure,,false,false,,rule_fallback_v0,2933,4095,2508,3139,27,42,51,25.7,72.6,true,unclassified,1780305580758
1583,node_01,1780305582,data_collection,cooking_fume,exposure,,false,false,,rule_fallback_v0,2932,4095,2509,3139,27,42,51,25.7,72.5,true,unclassified,1780305581885
1584,node_01,1780305583,data_collection,cooking_fume,exposure,,false,false,,rule_fallback_v0,2932,4095,2510,3139,27,42,51,25.7,72.5,true,unclassified,1780305582780
1585,node_01,1780305584,data_collection,cooking_fume,exposure,,false,false,,rule_fallback_v0,2934,4095,2509,3139,26,41,49,25.7,72.5,true,unclassified,1780305583858
1586,node_01,1780305585,data_collection,cooking_fume,exposure,,false,false,,rule_fallback_v0,2930,4095,2510,3139,26,41,49,25.7,72.2,true,unclassified,1780305584963
1587,node_01,1780305586,data_collection,cooking_fume,exposure,,false,false,,rule_fallback_v0,2935,4095,2506,3139,26,41,49,25.7,72.2,true,unclassified,1780305585981
1588,node_01,1780305587,data_collection,cooking_fume,exposure,,false,false,,rule_fallback_v0,2933,4095,2510,3139,27,42,50,25.7,72.2,true,unclassified,1780305587109
1589,node_01,1780305588,data_collection,cooking_fume,exposure,,false,false,,rule_fallback_v0,2935,4095,2509,3139,27,42,50,25.7,72.2,true,unclassified,1780305588137
1590,node_01,1780305589,data_collection,cooking_fume,exposure,,false,false,,rule_fallback_v0,2930,4095,2508,3139,27,42,50,25.7,72.2,true,unclassified,1780305589155
1591,node_01,1780305590,data_collection,cooking_fume,exposure,,false,false,,rule_fallback_v0,2937,4095,2510,3139,26,42,50,25.7,72.2,true,unclassified,1780305590179
1592,node_01,1780305591,data_collection,cooking_fume,exposure,,false,false,,rule_fallback_v0,2931,4095,2509,3139,26,42,50,25.8,72.1,true,unclassified,1780305591203
1593,node_01,1780305592,data_collection,cooking_fume,exposure,,false,false,,rule_fallback_v0,2938,4095,2509,3139,25,41,49,25.8,72.1,true,unclassified,1780305592226
1594,node_01,1780305593,data_collection,cooking_fume,exposure,,false,false,,rule_fallback_v0,2930,4095,2508,3139,25,41,49,25.8,72.1,true,unclassified,1780305593250
1595,node_01,1780305594,data_collection,cooking_fume,exposure,,false,false,,rule_fallback_v0,2936,4095,2506,3139,25,41,49,25.8,72.2,true,unclassified,1780305594377
1596,node_01,1780305595,data_collection,cooking_fume,exposure,,false,false,,rule_fallback_v0,2928,4095,2507,3139,26,41,50,25.8,72.2,true,unclassified,1780305595402
1597,node_01,1780305596,data_collection,cooking_fume,exposure,,false,false,,rule_fallback_v0,2936,4095,2508,3139,26,41,49,25.8,72.2,true,unclassified,1780305596425
1598,node_01,1780305598,data_collection,cooking_fume,exposure,,false,false,,rule_fallback_v0,2930,4095,2507,3139,26,41,49,25.8,72.1,true,unclassified,1780305597444
1599,node_01,1780305599,data_collection,cooking_fume,exposure,,false,false,,rule_fallback_v0,2941,4095,2511,3139,26,41,49,25.8,72.1,true,unclassified,1780305598677
1600,node_01,1780305600,data_collection,cooking_fume,exposure,,false,false,,rule_fallback_v0,2931,4095,2509,3139,26,41,49,25.8,72.1,true,unclassified,1780305599600
1601,node_01,1780305601,data_collection,cooking_fume,exposure,,false,false,,rule_fallback_v0,2934,4095,2509,3139,26,41,49,25.8,71.9,true,unclassified,1780305600625
1602,node_01,1780305602,data_collection,cooking_fume,exposure,,false,false,,rule_fallback_v0,2935,4095,2508,3139,25,41,48,25.8,71.9,true,unclassified,1780305601646
1603,node_01,1780305603,data_collection,cooking_fume,exposure,,false,false,,rule_fallback_v0,2935,4095,2509,3139,25,41,48,25.8,71.9,true,unclassified,1780305602653
1604,node_01,1780305604,data_collection,cooking_fume,exposure,,false,false,,rule_fallback_v0,2930,4095,2508,3139,25,40,48,25.8,71.8,true,unclassified,1780305603698
1605,node_01,1780305605,data_collection,cooking_fume,exposure,,false,false,,rule_fallback_v0,2937,4095,2511,3139,23,39,46,25.8,71.8,true,unclassified,1780305604821
1606,node_01,1780305606,data_collection,cooking_fume,exposure,,false,false,,rule_fallback_v0,2930,4095,2508,3139,23,39,46,25.8,71.8,true,unclassified,1780305605845
1607,node_01,1780305607,data_collection,cooking_fume,exposure,,false,false,,rule_fallback_v0,2945,4095,2511,3139,23,39,46,25.8,71.7,true,unclassified,1780305606870
1608,node_01,1780305608,data_collection,cooking_fume,exposure,,false,false,,rule_fallback_v0,2932,4095,2506,3139,23,39,46,25.8,71.7,true,unclassified,1780305607895
1609,node_01,1780305609,data_collection,cooking_fume,exposure,,false,false,,rule_fallback_v0,2937,4095,2511,3139,23,39,46,25.8,71.7,true,unclassified,1780305609021
1610,node_01,1780305610,data_collection,cooking_fume,exposure,,false,false,,rule_fallback_v0,2934,4095,2507,3139,23,39,45,25.9,71.5,true,unclassified,1780305609971
1611,node_01,1780305611,data_collection,cooking_fume,exposure,,false,false,,rule_fallback_v0,2938,4095,2507,3139,23,39,45,25.9,71.5,true,unclassified,1780305611191
1612,node_01,1780305612,data_collection,cooking_fume,exposure,,false,false,,rule_fallback_v0,2932,4095,2508,3139,22,39,45,25.9,71.5,true,unclassified,1780305612091
1613,node_01,1780305613,data_collection,cooking_fume,exposure,,false,false,,rule_fallback_v0,2936,4095,2510,3139,22,38,45,25.9,71.5,true,unclassified,1780305613332
1614,node_01,1780305614,data_collection,cooking_fume,exposure,,false,false,,rule_fallback_v0,2931,4095,2511,3139,22,38,45,25.9,71.5,true,unclassified,1780305614156
1615,node_01,1780305615,data_collection,cooking_fume,exposure,,false,false,,rule_fallback_v0,2935,4095,2509,3139,22,38,45,25.9,71.5,true,unclassified,1780305615212
1616,node_01,1780305616,data_collection,cooking_fume,exposure,,false,false,,rule_fallback_v0,2930,4095,2509,3139,22,38,45,25.9,71.4,true,unclassified,1780305616290
1617,node_01,1780305617,data_collection,cooking_fume,exposure,,false,false,,rule_fallback_v0,2937,4095,2510,3139,22,38,45,25.9,71.4,true,unclassified,1780305617320
1618,node_01,1780305618,data_collection,cooking_fume,exposure,,false,false,,rule_fallback_v0,2930,4095,2510,3139,22,38,45,25.9,71.4,true,unclassified,1780305618340
1619,node_01,1780305619,data_collection,cooking_fume,exposure,,false,false,,rule_fallback_v0,2938,4095,2510,3139,23,39,45,25.9,71.2,true,unclassified,1780305619465
1620,node_01,1780305621,data_collection,cooking_fume,exposure,,false,false,,rule_fallback_v0,2929,4095,2507,3139,23,38,45,25.9,71.2,true,unclassified,1780305620435
1621,node_01,1780305622,data_collection,cooking_fume,exposure,,false,false,,rule_fallback_v0,2938,4095,2509,3139,23,38,45,25.9,71.2,true,unclassified,1780305621516
1622,node_01,1780305623,data_collection,cooking_fume,exposure,,false,false,,rule_fallback_v0,2932,4095,2510,3139,23,38,45,25.9,71.5,true,unclassified,1780305622543
1623,node_01,1780305624,data_collection,cooking_fume,exposure,,false,false,,rule_fallback_v0,2935,4095,2508,3139,23,38,45,25.9,71.5,true,unclassified,1780305623666
1624,node_01,1780305625,data_collection,cooking_fume,exposure,,false,false,,rule_fallback_v0,2933,4095,2507,3139,23,38,45,25.9,71.5,true,unclassified,1780305624687
1625,node_01,1780305626,data_collection,cooking_fume,exposure,,false,false,,rule_fallback_v0,2940,4095,2514,3139,23,37,45,26,71.2,true,unclassified,1780305625711
1626,node_01,1780305627,data_collection,cooking_fume,exposure,,false,false,,rule_fallback_v0,2931,4095,2508,3139,23,37,45,26,71.2,true,unclassified,1780305626704
1627,node_01,1780305628,data_collection,cooking_fume,exposure,,false,false,,rule_fallback_v0,2933,4095,2510,3139,23,37,45,26,71.2,true,unclassified,1780305627759
1628,node_01,1780305629,data_collection,cooking_fume,exposure,,false,false,,rule_fallback_v0,2930,4095,2509,3139,23,37,45,26,71.2,true,unclassified,1780305628798
1629,node_01,1780305630,data_collection,cooking_fume,exposure,,false,false,,rule_fallback_v0,2937,4095,2509,3139,23,37,45,26,71.2,true,unclassified,1780305630123
1630,node_01,1780305631,data_collection,cooking_fume,exposure,,false,false,,rule_fallback_v0,2932,4095,2509,3139,23,37,45,26,71.2,true,unclassified,1780305630934
1631,node_01,1780305632,data_collection,cooking_fume,exposure,,false,false,,rule_fallback_v0,2933,4095,2509,3139,23,37,45,26,71.1,true,unclassified,1780305631958
1632,node_01,1780305633,data_collection,cooking_fume,exposure,,false,false,,rule_fallback_v0,2930,4095,2510,3139,23,37,45,26,71.1,true,unclassified,1780305633086
1633,node_01,1780305634,data_collection,cooking_fume,exposure,,false,false,,rule_fallback_v0,2939,4095,2508,3139,22,36,42,26,71.1,true,unclassified,1780305634107
1634,node_01,1780305635,data_collection,cooking_fume,exposure,,false,false,,rule_fallback_v0,2932,4095,2509,3139,22,36,42,26,71,true,unclassified,1780305635131
1635,node_01,1780305636,data_collection,cooking_fume,exposure,,false,false,,rule_fallback_v0,2932,4095,2506,3139,22,36,42,26,71,true,unclassified,1780305636162
1636,node_01,1780305637,data_collection,cooking_fume,exposure,,false,false,,rule_fallback_v0,2934,4095,2507,3139,22,36,42,26,71,true,unclassified,1780305637180
1637,node_01,1780305638,data_collection,cooking_fume,exposure,,false,false,,rule_fallback_v0,2941,4095,2509,3139,22,36,42,26,71.1,true,unclassified,1780305638306
1638,node_01,1780305639,data_collection,cooking_fume,exposure,,false,false,,rule_fallback_v0,2934,4095,2509,3139,22,36,42,26,71.1,true,unclassified,1780305639253
1639,node_01,1780305640,data_collection,cooking_fume,exposure,,false,false,,rule_fallback_v0,2937,4095,2508,3139,22,36,42,26,71.1,true,unclassified,1780305640301
1640,node_01,1780305641,data_collection,cooking_fume,exposure,,false,false,,rule_fallback_v0,2931,4095,2510,3139,22,36,42,26.1,71,true,unclassified,1780305641381
1641,node_01,1780305642,data_collection,cooking_fume,exposure,,false,false,,rule_fallback_v0,2936,4095,2510,3139,22,36,42,26.1,71,true,unclassified,1780305642402
1642,node_01,1780305644,data_collection,cooking_fume,exposure,,false,false,,rule_fallback_v0,2930,4095,2509,3139,23,37,43,26.1,71,true,unclassified,1780305643529
1643,node_01,1780305645,data_collection,cooking_fume,exposure,,false,false,,rule_fallback_v0,2938,4095,2510,3139,23,37,43,26,71,true,unclassified,1780305644553
1644,node_01,1780305646,data_collection,cooking_fume,exposure,,false,false,,rule_fallback_v0,2928,4095,2508,3139,23,37,45,26,71,true,unclassified,1780305645528
1645,node_01,1780305647,data_collection,cooking_fume,exposure,,false,false,,rule_fallback_v0,2935,4095,2509,3139,23,37,45,26,71,true,unclassified,1780305646606
1646,node_01,1780305648,data_collection,cooking_fume,exposure,,false,false,,rule_fallback_v0,2931,4095,2509,3139,23,38,45,26.1,70.8,true,unclassified,1780305647628
1647,node_01,1780305649,data_collection,cooking_fume,exposure,,false,false,,rule_fallback_v0,2938,4095,2505,3139,23,38,45,26.1,70.8,true,unclassified,1780305648751
1648,node_01,1780305650,data_collection,cooking_fume,exposure,,false,false,,rule_fallback_v0,2930,4095,2509,3139,22,37,44,26.1,70.8,true,unclassified,1780305649774
1649,node_01,1780305651,data_collection,cooking_fume,exposure,,false,false,,rule_fallback_v0,2936,4095,2508,3139,22,37,44,26.1,70.7,true,unclassified,1780305650757
1650,node_01,1780305652,data_collection,cooking_fume,exposure,,false,false,,rule_fallback_v0,2933,4095,2508,3139,23,38,45,26.1,70.7,true,unclassified,1780305651801
1651,node_01,1780305653,data_collection,cooking_fume,exposure,,false,false,,rule_fallback_v0,2935,4095,2511,3139,23,38,45,26.1,70.7,true,unclassified,1780305652868
1652,node_01,1780305654,data_collection,cooking_fume,exposure,,false,false,,rule_fallback_v0,2932,4095,2508,3139,23,38,45,26.1,70.7,true,unclassified,1780305653984
1653,node_01,1780305655,data_collection,cooking_fume,exposure,,false,false,,rule_fallback_v0,2941,4095,2508,3139,22,37,44,26.1,70.7,true,unclassified,1780305655000
1654,node_01,1780305656,data_collection,cooking_fume,exposure,,false,false,,rule_fallback_v0,2930,4095,2508,3139,22,37,44,26.1,70.7,true,unclassified,1780305656022
1655,node_01,1780305657,data_collection,cooking_fume,exposure,,false,false,,rule_fallback_v0,2934,4095,2511,3139,22,37,44,26.1,70.9,true,unclassified,1780305657045
1656,node_01,1780305658,data_collection,cooking_fume,exposure,,false,false,,rule_fallback_v0,2935,4095,2508,3139,23,38,45,26.1,70.9,true,unclassified,1780305658077
1657,node_01,1780305659,data_collection,cooking_fume,exposure,,false,false,,rule_fallback_v0,2936,4095,2505,3139,23,38,45,26.1,70.9,true,unclassified,1780305659196
1658,node_01,1780305660,data_collection,cooking_fume,exposure,,false,false,,rule_fallback_v0,2928,4095,2507,3139,23,38,45,26.1,70.8,true,unclassified,1780305660230
1659,node_01,1780305661,data_collection,cooking_fume,exposure,,false,false,,rule_fallback_v0,2933,4095,2510,3139,22,37,44,26.1,70.8,true,unclassified,1780305661212
1660,node_01,1780305662,data_collection,cooking_fume,exposure,,false,false,,rule_fallback_v0,2929,4095,2508,3139,23,37,44,26.1,70.8,true,unclassified,1780305662370
1661,node_01,1780305663,data_collection,cooking_fume,exposure,,false,false,,rule_fallback_v0,2935,4095,2508,3139,23,37,44,26.2,70.8,true,unclassified,1780305663395
1662,node_01,1780305664,data_collection,cooking_fume,exposure,,false,false,,rule_fallback_v0,2928,4095,2509,3139,24,38,45,26.2,70.8,true,unclassified,1780305664351
1663,node_01,1780305665,data_collection,cooking_fume,exposure,,false,false,,rule_fallback_v0,2940,4095,2508,3139,24,38,45,26.2,70.8,true,unclassified,1780305665448
1664,node_01,1780305667,data_collection,cooking_fume,exposure,,false,false,,rule_fallback_v0,2923,4095,2509,3139,24,38,45,26.1,70.7,true,unclassified,1780305666468
1665,node_01,1780305668,data_collection,cooking_fume,exposure,,false,false,,rule_fallback_v0,2932,4095,2508,3139,24,39,46,26.1,70.7,true,unclassified,1780305667593
1666,node_01,1780305669,data_collection,cooking_fume,exposure,,false,false,,rule_fallback_v0,2934,4095,2507,3139,24,39,46,26.1,70.7,true,unclassified,1780305668546
1667,node_01,1780305670,data_collection,cooking_fume,exposure,,false,false,,rule_fallback_v0,2932,4095,2512,3139,24,39,46,26.2,70.6,true,unclassified,1780305669640
1668,node_01,1780305671,data_collection,cooking_fume,exposure,,false,false,,rule_fallback_v0,2932,4095,2510,3139,23,38,45,26.2,70.6,true,unclassified,1780305670667
1669,node_01,1780305672,data_collection,cooking_fume,exposure,,false,false,,rule_fallback_v0,2937,4095,2509,3139,23,38,45,26.2,70.6,true,unclassified,1780305671688
1670,node_01,1780305673,data_collection,cooking_fume,exposure,,false,false,,rule_fallback_v0,2929,4095,2509,3139,23,39,46,26.2,70.6,true,unclassified,1780305672723
1671,node_01,1780305674,data_collection,cooking_fume,exposure,,false,false,,rule_fallback_v0,2935,4095,2509,3139,23,39,46,26.2,70.6,true,unclassified,1780305673844
1672,node_01,1780305675,data_collection,cooking_fume,exposure,,false,false,,rule_fallback_v0,2937,4095,2509,3139,23,39,46,26.2,70.6,true,unclassified,1780305674807
1673,node_01,1780305676,data_collection,cooking_fume,exposure,,false,false,,rule_fallback_v0,2936,4095,2508,3139,23,39,46,26.2,70.7,true,unclassified,1780305675887
1674,node_01,1780305677,data_collection,cooking_fume,exposure,,false,false,,rule_fallback_v0,2931,4095,2508,3139,23,39,46,26.2,70.7,true,unclassified,1780305676910
1675,node_01,1780305678,data_collection,cooking_fume,exposure,,false,false,,rule_fallback_v0,2930,4095,2507,3139,23,39,46,26.2,70.7,true,unclassified,1780305677974
1676,node_01,1780305679,data_collection,cooking_fume,exposure,,false,false,,rule_fallback_v0,2934,4095,2510,3139,22,38,45,26.3,70.8,true,unclassified,1780305679066
1677,node_01,1780305680,data_collection,cooking_fume,exposure,,false,false,,rule_fallback_v0,2935,4095,2506,3139,22,38,45,26.3,70.8,true,unclassified,1780305680086
1678,node_01,1780305681,data_collection,cooking_fume,exposure,,false,false,,rule_fallback_v0,2933,4095,2511,3139,22,38,45,26.3,70.8,true,unclassified,1780305681080
1679,node_01,1780305682,data_collection,cooking_fume,exposure,,false,false,,rule_fallback_v0,2936,4095,2509,3139,22,38,45,26.2,70.7,true,unclassified,1780305682236
1680,node_01,1780305683,data_collection,cooking_fume,exposure,,false,false,,rule_fallback_v0,2932,4095,2509,3139,22,38,45,26.2,70.7,true,unclassified,1780305683173
1681,node_01,1780305684,data_collection,cooking_fume,exposure,,false,false,,rule_fallback_v0,2931,4095,2510,3139,22,38,45,26.2,70.7,true,unclassified,1780305684284
1682,node_01,1780305685,data_collection,cooking_fume,exposure,,false,false,,rule_fallback_v0,2930,4095,2510,3139,22,38,45,26.3,70.6,true,unclassified,1780305685307
1683,node_01,1780305686,data_collection,cooking_fume,exposure,,false,false,,rule_fallback_v0,2935,4095,2509,3139,22,38,45,26.3,70.6,true,unclassified,1780305686332
1684,node_01,1780305687,data_collection,cooking_fume,exposure,,false,false,,rule_fallback_v0,2937,4095,2507,3139,22,37,45,26.3,70.6,true,unclassified,1780305687462
1685,node_01,1780305688,data_collection,cooking_fume,exposure,,false,false,,rule_fallback_v0,2936,4095,2509,3139,23,38,46,26.3,70.6,true,unclassified,1780305688482
1686,node_01,1780305690,data_collection,cooking_fume,exposure,,false,false,,rule_fallback_v0,2932,4095,2508,3139,23,38,46,26.3,70.6,true,unclassified,1780305689445
1687,node_01,1780305691,data_collection,cooking_fume,exposure,,false,false,,rule_fallback_v0,2932,4095,2508,3139,23,38,46,26.3,70.6,true,unclassified,1780305690492
1688,node_01,1780305692,data_collection,cooking_fume,exposure,,false,false,,rule_fallback_v0,2925,4095,2507,3139,23,38,46,26.3,70.5,true,unclassified,1780305691554
1689,node_01,1780305693,data_collection,cooking_fume,exposure,,false,false,,rule_fallback_v0,2932,4095,2507,3139,23,38,46,26.3,70.5,true,unclassified,1780305692680
1690,node_01,1780305694,data_collection,cooking_fume,exposure,,false,false,,rule_fallback_v0,2932,4095,2510,3139,22,37,45,26.3,70.5,true,unclassified,1780305693812
1691,node_01,1780305695,data_collection,cooking_fume,exposure,,false,false,,rule_fallback_v0,2932,4095,2508,3139,22,37,44,26.3,70.4,true,unclassified,1780305694711
1692,node_01,1780305696,data_collection,cooking_fume,exposure,,false,false,,rule_fallback_v0,2934,4095,2509,3139,22,37,44,26.3,70.4,true,unclassified,1780305695761
1693,node_01,1780305697,data_collection,cooking_fume,exposure,,false,false,,rule_fallback_v0,2940,4095,2507,3139,22,38,44,26.3,70.4,true,unclassified,1780305696776
1694,node_01,1780305698,data_collection,cooking_fume,exposure,,false,false,,rule_fallback_v0,2932,4095,2510,3139,22,38,44,26.3,70.4,true,unclassified,1780305697815
1695,node_01,1780305699,data_collection,cooking_fume,exposure,,false,false,,rule_fallback_v0,2934,4095,2508,3139,22,38,44,26.3,70.4,true,unclassified,1780305698863
1696,node_01,1780305700,data_collection,cooking_fume,exposure,,false,false,,rule_fallback_v0,2932,4095,2509,3139,21,38,44,26.3,70.4,true,unclassified,1780305699900
1697,node_01,1780305701,data_collection,cooking_fume,exposure,,false,false,,rule_fallback_v0,2937,4095,2506,3139,21,38,44,26.3,70.1,true,unclassified,1780305700974
1698,node_01,1780305702,data_collection,cooking_fume,exposure,,false,false,,rule_fallback_v0,2929,4095,2509,3139,21,38,44,26.3,70.1,true,unclassified,1780305702101
1699,node_01,1780305703,data_collection,cooking_fume,exposure,,false,false,,rule_fallback_v0,2934,4095,2508,3139,22,38,45,26.3,70.1,true,unclassified,1780305703040
1700,node_01,1780305704,data_collection,cooking_fume,exposure,,false,false,,rule_fallback_v0,2930,4095,2507,3139,22,38,45,26.3,70,true,unclassified,1780305704151
1701,node_01,1780305705,data_collection,cooking_fume,exposure,,false,false,,rule_fallback_v0,2935,4095,2509,3139,22,38,45,26.3,70,true,unclassified,1780305705178
1702,node_01,1780305706,data_collection,cooking_fume,exposure,,false,false,,rule_fallback_v0,2932,4095,2507,3139,22,38,43,26.3,70,true,unclassified,1780305706202
1703,node_01,1780305707,data_collection,cooking_fume,exposure,,false,false,,rule_fallback_v0,2934,4095,2509,3139,22,37,43,26.4,69.9,true,unclassified,1780305707323
1704,node_01,1780305708,data_collection,cooking_fume,exposure,,false,false,,rule_fallback_v0,2930,4095,2508,3139,22,37,42,26.4,69.9,true,unclassified,1780305708348
1705,node_01,1780305709,data_collection,cooking_fume,exposure,,false,false,,rule_fallback_v0,2942,4095,2509,3139,22,37,42,26.4,69.9,true,unclassified,1780305709378
1706,node_01,1780305710,data_collection,cooking_fume,exposure,,false,false,,rule_fallback_v0,2930,4095,2506,3139,22,36,42,26.4,70,true,unclassified,1780305710358
1707,node_01,1780305711,data_collection,cooking_fume,exposure,,false,false,,rule_fallback_v0,2935,4095,2509,3139,22,36,41,26.4,70,true,unclassified,1780305711419
1708,node_01,1780305713,data_collection,cooking_fume,exposure,,false,false,,rule_fallback_v0,2936,4095,2510,3139,21,35,40,26.4,70,true,unclassified,1780305712545
1709,node_01,1780305714,data_collection,cooking_fume,exposure,,false,false,,rule_fallback_v0,2939,4095,2509,3139,21,35,40,26.4,70,true,unclassified,1780305713570
1710,node_01,1780305715,data_collection,cooking_fume,exposure,,false,false,,rule_fallback_v0,2930,4095,2509,3139,21,35,40,26.4,70,true,unclassified,1780305714539
1711,node_01,1780305716,data_collection,cooking_fume,exposure,,false,false,,rule_fallback_v0,2936,4095,2510,3139,21,35,40,26.4,70,true,unclassified,1780305715584
1712,node_01,1780305717,data_collection,cooking_fume,exposure,,false,false,,rule_fallback_v0,2926,4095,2508,3139,21,35,40,26.4,70.2,true,unclassified,1780305716631
1713,node_01,1780305718,data_collection,cooking_fume,exposure,,false,false,,rule_fallback_v0,2939,4095,2508,3139,22,36,41,26.4,70.2,true,unclassified,1780305717774
1714,node_01,1780305719,data_collection,cooking_fume,exposure,,false,false,,rule_fallback_v0,2933,4095,2510,3139,22,36,41,26.4,70.2,true,unclassified,1780305718791
1715,node_01,1780305720,data_collection,cooking_fume,exposure,,false,false,,rule_fallback_v0,2935,4095,2509,3139,22,36,41,26.4,70.1,true,unclassified,1780305719767
1716,node_01,1780305721,data_collection,cooking_fume,exposure,,false,false,,rule_fallback_v0,2936,4095,2507,3139,21,35,40,26.4,70.1,true,unclassified,1780305720816
1717,node_01,1780305722,data_collection,cooking_fume,exposure,,false,false,,rule_fallback_v0,2937,4095,2509,3139,21,35,39,26.4,70.1,true,unclassified,1780305721973
1718,node_01,1780305723,data_collection,cooking_fume,exposure,,false,false,,rule_fallback_v0,2933,4095,2509,3139,21,35,39,26.5,70.2,true,unclassified,1780305722990
1719,node_01,1780305724,data_collection,cooking_fume,exposure,,false,false,,rule_fallback_v0,2932,4095,2507,3139,21,35,39,26.5,70.2,true,unclassified,1780305724016
1720,node_01,1780305725,data_collection,cooking_fume,exposure,,false,false,,rule_fallback_v0,2932,4095,2509,3139,21,35,39,26.5,70.2,true,unclassified,1780305725039
1721,node_01,1780305726,data_collection,cooking_fume,exposure,,false,false,,rule_fallback_v0,2937,4095,2507,3139,21,35,39,26.5,70.3,true,unclassified,1780305726064
1722,node_01,1780305727,data_collection,cooking_fume,exposure,,false,false,,rule_fallback_v0,2933,4095,2510,3139,22,36,41,26.5,70.3,true,unclassified,1780305727093
1723,node_01,1780305728,data_collection,cooking_fume,exposure,,false,false,,rule_fallback_v0,2942,4095,2509,3139,22,36,41,26.5,70.3,true,unclassified,1780305728171
1724,node_01,1780305729,data_collection,cooking_fume,exposure,,false,false,,rule_fallback_v0,2930,4095,2507,3139,22,36,41,26.5,70.3,true,unclassified,1780305729179
1725,node_01,1780305730,data_collection,cooking_fume,exposure,,false,false,,rule_fallback_v0,2933,4095,2508,3139,22,36,41,26.5,70.3,true,unclassified,1780305730267
1726,node_01,1780305731,data_collection,cooking_fume,exposure,,false,false,,rule_fallback_v0,2932,4095,2508,3139,22,36,42,26.5,70.3,true,unclassified,1780305731284
1727,node_01,1780305732,data_collection,cooking_fume,exposure,,false,false,,rule_fallback_v0,2940,4095,2508,3139,22,36,42,26.5,70.1,true,unclassified,1780305732359
1728,node_01,1780305733,data_collection,cooking_fume,exposure,,false,false,,rule_fallback_v0,2934,4095,2509,3139,21,35,41,26.5,70.1,true,unclassified,1780305733363
1729,node_01,1780305734,data_collection,cooking_fume,exposure,,false,false,,rule_fallback_v0,2935,4095,2509,3139,21,35,41,26.5,70.1,true,unclassified,1780305734459
1730,node_01,1780305736,data_collection,cooking_fume,exposure,,false,false,,rule_fallback_v0,2932,4095,2510,3139,22,36,42,26.5,70,true,unclassified,1780305735481
1731,node_01,1780305737,data_collection,cooking_fume,exposure,,false,false,,rule_fallback_v0,2935,4095,2510,3139,22,36,42,26.5,70,true,unclassified,1780305736506
1732,node_01,1780305738,data_collection,cooking_fume,exposure,,false,false,,rule_fallback_v0,2932,4095,2507,3139,22,36,42,26.5,70,true,unclassified,1780305737543
1733,node_01,1780305739,data_collection,cooking_fume,exposure,,false,false,,rule_fallback_v0,2939,4095,2508,3139,22,36,42,26.5,70,true,unclassified,1780305738594
1734,node_01,1780305740,data_collection,cooking_fume,exposure,,false,false,,rule_fallback_v0,2934,4095,2510,3139,22,36,42,26.5,70,true,unclassified,1780305739641
1735,node_01,1780305741,data_collection,cooking_fume,exposure,,false,false,,rule_fallback_v0,2942,4095,2508,3139,22,36,42,26.5,70,true,unclassified,1780305740710
1736,node_01,1780305742,data_collection,cooking_fume,exposure,,false,false,,rule_fallback_v0,2935,4095,2507,3139,22,36,42,26.5,69.9,true,unclassified,1780305741729
1737,node_01,1780305743,data_collection,cooking_fume,exposure,,false,false,,rule_fallback_v0,2933,4095,2509,3139,22,36,42,26.5,69.9,true,unclassified,1780305742887
1738,node_01,1780305744,data_collection,cooking_fume,exposure,,false,false,,rule_fallback_v0,2932,4095,2509,3139,22,36,42,26.5,69.9,true,unclassified,1780305743888
1739,node_01,1780305745,data_collection,cooking_fume,exposure,,false,false,,rule_fallback_v0,2934,4095,2508,3139,21,35,41,26.5,70.1,true,unclassified,1780305744870
1740,node_01,1780305746,data_collection,cooking_fume,exposure,,false,false,,rule_fallback_v0,2938,4095,2509,3139,21,36,42,26.5,70.1,true,unclassified,1780305745928
1741,node_01,1780305747,data_collection,cooking_fume,exposure,,false,false,,rule_fallback_v0,2938,4095,2508,3139,21,36,42,26.5,70.1,true,unclassified,1780305747054
1742,node_01,1780305748,data_collection,cooking_fume,exposure,,false,false,,rule_fallback_v0,2928,4095,2510,3139,21,36,42,26.6,69.9,true,unclassified,1780305748116
1743,node_01,1780305749,data_collection,cooking_fume,exposure,,false,false,,rule_fallback_v0,2932,4095,2507,3139,21,36,42,26.6,69.9,true,unclassified,1780305749101
1744,node_01,1780305750,data_collection,cooking_fume,exposure,,false,false,,rule_fallback_v0,2933,4095,2510,3139,21,36,42,26.6,69.9,true,unclassified,1780305750126
1745,node_01,1780305751,data_collection,cooking_fume,exposure,,false,false,,rule_fallback_v0,2929,4095,2509,3139,21,36,42,26.6,69.9,true,unclassified,1780305751156
1746,node_01,1780305752,data_collection,cooking_fume,exposure,,false,false,,rule_fallback_v0,2934,4095,2507,3139,21,36,42,26.6,69.9,true,unclassified,1780305752281
1747,node_01,1780305753,data_collection,cooking_fume,exposure,,false,false,,rule_fallback_v0,2942,4095,2507,3139,21,35,42,26.6,69.9,true,unclassified,1780305753229
1748,node_01,1780305754,data_collection,cooking_fume,exposure,,false,false,,rule_fallback_v0,2928,4095,2508,3139,21,35,42,26.6,69.8,true,unclassified,1780305754324
1749,node_01,1780305755,data_collection,cooking_fume,exposure,,false,false,,rule_fallback_v0,2932,4095,2505,3139,21,35,41,26.6,69.8,true,unclassified,1780305755348
1750,node_01,1780305756,data_collection,cooking_fume,exposure,,false,false,,rule_fallback_v0,2935,4095,2510,3139,22,36,42,26.6,69.8,true,unclassified,1780305756371
1751,node_01,1780305757,data_collection,cooking_fume,exposure,,false,false,,rule_fallback_v0,2935,4095,2510,3139,22,36,42,26.6,69.6,true,unclassified,1780305757499
1752,node_01,1780305759,data_collection,cooking_fume,exposure,,false,false,,rule_fallback_v0,2930,4095,2512,3139,22,36,42,26.6,69.6,true,unclassified,1780305758498
1753,node_01,1780305760,data_collection,cooking_fume,exposure,,false,false,,rule_fallback_v0,2932,4095,2511,3139,21,35,41,26.6,69.6,true,unclassified,1780305759507
1754,node_01,1780305761,data_collection,cooking_fume,exposure,,false,false,,rule_fallback_v0,2932,4095,2508,3139,21,35,40,26.6,69.7,true,unclassified,1780305760572
1755,node_01,1780305762,data_collection,cooking_fume,exposure,,false,false,,rule_fallback_v0,2936,4095,2507,3139,21,35,40,26.6,69.7,true,unclassified,1780305761696
1756,node_01,1780305763,data_collection,cooking_fume,exposure,,false,false,,rule_fallback_v0,2934,4095,2509,3139,22,36,41,26.6,69.7,true,unclassified,1780305762722
1757,node_01,1780305764,data_collection,cooking_fume,exposure,,false,false,,rule_fallback_v0,2938,4095,2510,3139,22,36,40,26.6,69.6,true,unclassified,1780305763682
1758,node_01,1780305765,data_collection,cooking_fume,exposure,,false,false,,rule_fallback_v0,2932,4095,2507,3139,22,36,40,26.6,69.6,true,unclassified,1780305764732
1759,node_01,1780305766,data_collection,cooking_fume,exposure,,false,false,,rule_fallback_v0,2932,4095,2508,3139,21,35,39,26.6,69.6,true,unclassified,1780305765774
1760,node_01,1780305767,data_collection,cooking_fume,exposure,,false,false,,rule_fallback_v0,2932,4095,2512,3139,21,35,39,26.7,69.6,true,unclassified,1780305766923
1761,node_01,1780305768,data_collection,cooking_fume,exposure,,false,false,,rule_fallback_v0,2942,4095,2508,3139,21,35,39,26.7,69.6,true,unclassified,1780305767944
1762,node_01,1780305769,data_collection,cooking_fume,exposure,,false,false,,rule_fallback_v0,2931,4095,2509,3139,22,36,40,26.7,69.6,true,unclassified,1780305768907
1763,node_01,1780305770,data_collection,cooking_fume,exposure,,false,false,,rule_fallback_v0,2933,4095,2509,3139,22,36,40,26.6,69.6,true,unclassified,1780305771731
1764,node_01,1780305771,data_collection,cooking_fume,exposure,,false,false,,rule_fallback_v0,2935,4095,2512,3139,22,36,40,26.6,69.6,true,unclassified,1780305771739
1765,node_01,1780305772,data_collection,cooking_fume,exposure,,false,false,,rule_fallback_v0,2936,4095,2510,3139,22,36,41,26.6,69.6,true,unclassified,1780305772141
1766,node_01,1780305773,data_collection,cooking_fume,exposure,,false,false,,rule_fallback_v0,2929,4095,2508,3139,22,36,41,26.7,69.7,true,unclassified,1780305773096
1767,node_01,1780305774,data_collection,cooking_fume,exposure,,false,false,,rule_fallback_v0,2937,4095,2508,3139,22,36,41,26.7,69.7,true,unclassified,1780305774142
1768,node_01,1780305775,data_collection,cooking_fume,exposure,,false,false,,rule_fallback_v0,2930,4095,2510,3139,21,35,40,26.7,69.7,true,unclassified,1780305775188
1769,node_01,1780305776,data_collection,cooking_fume,exposure,,false,false,,rule_fallback_v0,2933,4095,2509,3139,21,36,41,26.7,69.6,true,unclassified,1780305776236
1770,node_01,1780305777,data_collection,cooking_fume,exposure,,false,false,,rule_fallback_v0,2931,4095,2508,3139,21,36,41,26.7,69.6,true,unclassified,1780305777370
1771,node_01,1780305778,data_collection,cooking_fume,exposure,,false,false,,rule_fallback_v0,2939,4095,2509,3139,21,36,41,26.7,69.6,true,unclassified,1780305778319
1772,node_01,1780305779,data_collection,cooking_fume,exposure,,false,false,,rule_fallback_v0,2930,4095,2509,3139,22,36,41,26.6,69.4,true,unclassified,1780305779413
1773,node_01,1780305780,data_collection,cooking_fume,exposure,,false,false,,rule_fallback_v0,2935,4095,2508,3139,23,36,41,26.6,69.4,true,unclassified,1780305780443
1774,node_01,1780305782,data_collection,cooking_fume,exposure,,false,false,,rule_fallback_v0,2927,4095,2508,3139,23,36,41,26.6,69.4,true,unclassified,1780305781466
1775,node_01,1780305783,data_collection,cooking_fume,exposure,,false,false,,rule_fallback_v0,2934,4095,2509,3139,23,36,41,26.7,69.4,true,unclassified,1780305782585
1776,node_01,1780305784,data_collection,cooking_fume,exposure,,false,false,,rule_fallback_v0,2930,4095,2509,3139,22,35,40,26.7,69.4,true,unclassified,1780305783546
1777,node_01,1780305785,data_collection,cooking_fume,exposure,,false,false,,rule_fallback_v0,2930,4095,2508,3139,22,35,40,26.7,69.4,true,unclassified,1780305784640
1778,node_01,1780305786,data_collection,cooking_fume,exposure,,false,false,,rule_fallback_v0,2931,4095,2509,3139,21,35,40,26.7,69.3,true,unclassified,1780305785657
1779,node_01,1780305787,data_collection,cooking_fume,exposure,,false,false,,rule_fallback_v0,2941,4095,2508,3139,21,35,40,26.7,69.3,true,unclassified,1780305786784
1780,node_01,1780305788,data_collection,cooking_fume,exposure,,false,false,,rule_fallback_v0,2933,4095,2509,3139,21,35,40,26.7,69.3,true,unclassified,1780305787808
1781,node_01,1780305789,data_collection,cooking_fume,exposure,,false,false,,rule_fallback_v0,2938,4095,2507,3139,21,35,40,26.7,69.4,true,unclassified,1780305788775
1782,node_01,1780305790,data_collection,cooking_fume,exposure,,false,false,,rule_fallback_v0,2934,4095,2512,3139,21,35,40,26.7,69.4,true,unclassified,1780305789824
1783,node_01,1780305791,data_collection,cooking_fume,exposure,,false,false,,rule_fallback_v0,2934,4095,2508,3139,21,35,40,26.7,69.4,true,unclassified,1780305790880
1784,node_01,1780305792,data_collection,cooking_fume,exposure,,false,false,,rule_fallback_v0,2928,4095,2508,3139,21,35,40,26.7,69.4,true,unclassified,1780305792007
1785,node_01,1780305793,data_collection,cooking_fume,exposure,,false,false,,rule_fallback_v0,2936,4095,2508,3139,22,36,41,26.7,69.4,true,unclassified,1780305793030
1786,node_01,1780305794,data_collection,cooking_fume,exposure,,false,false,,rule_fallback_v0,2933,4095,2506,3139,22,36,40,26.7,69.4,true,unclassified,1780305794055
1787,node_01,1780305795,data_collection,cooking_fume,exposure,,false,false,,rule_fallback_v0,2931,4095,2508,3139,22,36,40,26.7,69.4,true,unclassified,1780305795045
1788,node_01,1780305796,data_collection,cooking_fume,exposure,,false,false,,rule_fallback_v0,2934,4095,2509,3139,22,36,40,26.7,69.4,true,unclassified,1780305796104
1789,node_01,1780305797,data_collection,cooking_fume,exposure,,false,false,,rule_fallback_v0,2930,4095,2509,3139,22,36,40,26.7,69.4,true,unclassified,1780305797229
1790,node_01,1780305798,data_collection,cooking_fume,exposure,,false,false,,rule_fallback_v0,2930,4095,2508,3139,21,35,39,26.7,69.4,true,unclassified,1780305798253
1791,node_01,1780305799,data_collection,cooking_fume,exposure,,false,false,,rule_fallback_v0,2940,4095,2508,3139,21,34,39,26.7,69.4,true,unclassified,1780305799278
1792,node_01,1780305800,data_collection,cooking_fume,exposure,,false,false,,rule_fallback_v0,2932,4095,2509,3139,21,34,39,26.7,69.4,true,unclassified,1780305800305
1793,node_01,1780305801,data_collection,cooking_fume,exposure,,false,false,,rule_fallback_v0,2934,4095,2511,3139,22,35,40,26.8,69.5,true,unclassified,1780305801428
1794,node_01,1780305802,data_collection,cooking_fume,exposure,,false,false,,rule_fallback_v0,2934,4095,2509,3139,22,35,39,26.8,69.5,true,unclassified,1780305802451
1795,node_01,1780305803,data_collection,cooking_fume,exposure,,false,false,,rule_fallback_v0,2932,4095,2507,3139,22,35,39,26.8,69.5,true,unclassified,1780305803477
1796,node_01,1780305805,data_collection,cooking_fume,exposure,,false,false,,rule_fallback_v0,2925,4095,2509,3139,22,35,39,26.7,69.4,true,unclassified,1780305804494
1797,node_01,1780305806,data_collection,cooking_fume,exposure,,false,false,,rule_fallback_v0,2942,4095,2509,3139,22,35,39,26.7,69.4,true,unclassified,1780305805500
1798,node_01,1780305807,data_collection,cooking_fume,exposure,,false,false,,rule_fallback_v0,2932,4095,2511,3139,22,35,39,26.7,69.4,true,unclassified,1780305806657
1799,node_01,1780305808,data_collection,cooking_fume,exposure,,false,false,,rule_fallback_v0,2933,4095,2509,3139,22,35,39,26.8,69.4,true,unclassified,1780305807675
1800,node_01,1780305809,data_collection,cooking_fume,exposure,,false,false,,rule_fallback_v0,2936,4095,2510,3139,21,35,39,26.8,69.4,true,unclassified,1780305808710
1801,node_01,1780305810,data_collection,cooking_fume,exposure,,false,false,,rule_fallback_v0,2933,4095,2509,3139,21,35,39,26.8,69.4,true,unclassified,1780305809723
1802,node_01,1780305811,data_collection,cooking_fume,exposure,,false,false,,rule_fallback_v0,2928,4095,2507,3139,20,34,38,26.8,69.2,true,unclassified,1780305810746
1803,node_01,1780305812,data_collection,cooking_fume,exposure,,false,false,,rule_fallback_v0,2937,4095,2507,3139,20,34,38,26.8,69.2,true,unclassified,1780305811775
1804,node_01,1780305813,data_collection,cooking_fume,exposure,,false,false,,rule_fallback_v0,2930,4095,2509,3139,20,34,39,26.8,69.2,true,unclassified,1780305812896
1805,node_01,1780305814,data_collection,cooking_fume,exposure,,false,false,,rule_fallback_v0,2935,4095,2510,3139,20,35,40,26.8,69.1,true,unclassified,1780305813865
1806,node_01,1780305815,data_collection,cooking_fume,exposure,,false,false,,rule_fallback_v0,2933,4095,2510,3139,20,35,39,26.8,69.1,true,unclassified,1780305814944
1807,node_01,1780305816,data_collection,cooking_fume,exposure,,false,false,,rule_fallback_v0,2937,4095,2510,3139,20,35,39,26.8,69.1,true,unclassified,1780305815969
1808,node_01,1780305817,data_collection,cooking_fume,exposure,,false,false,,rule_fallback_v0,2927,4095,2510,3139,19,34,38,26.8,69.2,true,unclassified,1780305817099
1809,node_01,1780305818,data_collection,cooking_fume,exposure,,false,false,,rule_fallback_v0,2935,4095,2506,3139,19,34,38,26.8,69.2,true,unclassified,1780305818124
1810,node_01,1780305819,data_collection,cooking_fume,exposure,,false,false,,rule_fallback_v0,2933,4095,2511,3139,19,34,38,26.8,69.2,true,unclassified,1780305819142
1811,node_01,1780305820,data_collection,cooking_fume,exposure,,false,false,,rule_fallback_v0,2935,4095,2510,3139,19,34,38,26.8,69.4,true,unclassified,1780305820159
1812,node_01,1780305821,data_collection,cooking_fume,exposure,,false,false,,rule_fallback_v0,2937,4095,2508,3139,19,34,38,26.8,69.4,true,unclassified,1780305821196
1813,node_01,1780305822,data_collection,cooking_fume,exposure,,false,false,,rule_fallback_v0,2937,4095,2508,3139,20,35,38,26.8,69.4,true,unclassified,1780305822323
1814,node_01,1780305823,data_collection,cooking_fume,exposure,,false,false,,rule_fallback_v0,2928,4095,2509,3139,20,35,38,26.9,69.1,true,unclassified,1780305823345
1815,node_01,1780305824,data_collection,cooking_fume,exposure,,false,false,,rule_fallback_v0,2937,4095,2510,3139,20,35,38,26.9,69.1,true,unclassified,1780305824366
1816,node_01,1780305825,data_collection,cooking_fume,exposure,,false,false,,rule_fallback_v0,2933,4095,2510,3139,20,34,37,26.9,69.1,true,unclassified,1780305825390
1817,node_01,1780305826,data_collection,cooking_fume,exposure,,false,false,,rule_fallback_v0,2933,4095,2511,3139,20,34,37,26.9,69.2,true,unclassified,1780305826517
1818,node_01,1780305828,data_collection,cooking_fume,exposure,,false,false,,rule_fallback_v0,2932,4095,2512,3139,20,34,37,26.9,69.2,true,unclassified,1780305827543
1819,node_01,1780305829,data_collection,cooking_fume,exposure,,false,false,,rule_fallback_v0,2942,4095,2511,3139,21,35,38,26.9,69.2,true,unclassified,1780305828501
1820,node_01,1780305830,data_collection,cooking_fume,exposure,,false,false,,rule_fallback_v0,2928,4095,2509,3139,21,35,38,26.9,69,true,unclassified,1780305829588
1821,node_01,1780305831,data_collection,cooking_fume,exposure,,false,false,,rule_fallback_v0,2930,4095,2511,3139,21,35,38,26.9,69,true,unclassified,1780305830612
1822,node_01,1780305832,data_collection,cooking_fume,exposure,,false,false,,rule_fallback_v0,2934,4095,2511,3139,21,35,38,26.9,69,true,unclassified,1780305831745
1823,node_01,1780305833,data_collection,cooking_fume,exposure,,false,false,,rule_fallback_v0,2940,4095,2509,3139,21,35,38,26.8,68.9,true,unclassified,1780305832761
1824,node_01,1780305834,data_collection,cooking_fume,exposure,,false,false,,rule_fallback_v0,2933,4095,2510,3139,21,35,38,26.8,68.9,true,unclassified,1780305833787
1825,node_01,1780305835,data_collection,cooking_fume,exposure,,false,false,,rule_fallback_v0,2934,4095,2509,3139,20,34,37,26.8,68.9,true,unclassified,1780305834771
1826,node_01,1780305836,data_collection,cooking_fume,exposure,,false,false,,rule_fallback_v0,2928,4095,2508,3139,20,34,38,26.9,68.8,true,unclassified,1780305835834
1827,node_01,1780305837,data_collection,cooking_fume,exposure,,false,false,,rule_fallback_v0,2935,4095,2506,3139,20,34,38,26.9,68.8,true,unclassified,1780305836961
1828,node_01,1780305838,data_collection,cooking_fume,exposure,,false,false,,rule_fallback_v0,2930,4095,2508,3139,21,35,39,26.9,68.8,true,unclassified,1780305837908
1829,node_01,1780305839,data_collection,cooking_fume,exposure,,false,false,,rule_fallback_v0,2934,4095,2506,3139,21,35,39,26.9,68.8,true,unclassified,1780305838957
1830,node_01,1780305840,data_collection,cooking_fume,exposure,,false,false,,rule_fallback_v0,2936,4095,2509,3139,20,34,38,26.9,68.8,true,unclassified,1780305840032
1831,node_01,1780305841,data_collection,cooking_fume,exposure,,false,false,,rule_fallback_v0,2940,4095,2507,3139,21,34,38,26.9,68.8,true,unclassified,1780305841060
1832,node_01,1780305842,data_collection,cooking_fume,exposure,,false,false,,rule_fallback_v0,2928,4095,2512,3139,21,34,38,26.9,68.8,true,unclassified,1780305842092
1833,node_01,1780305843,data_collection,cooking_fume,exposure,,false,false,,rule_fallback_v0,2935,4095,2510,3139,22,35,39,26.9,68.8,true,unclassified,1780305843207
1834,node_01,1780305844,data_collection,cooking_fume,exposure,,false,false,,rule_fallback_v0,2931,4095,2509,3139,22,35,39,26.9,68.8,true,unclassified,1780305844181
1835,node_01,1780305845,data_collection,cooking_fume,exposure,,false,false,,rule_fallback_v0,2939,4095,2512,3139,22,35,39,26.9,68.8,true,unclassified,1780305845267
1836,node_01,1780305846,data_collection,cooking_fume,exposure,,false,false,,rule_fallback_v0,2931,4095,2508,3139,22,35,39,26.9,68.8,true,unclassified,1780305846489
1837,node_01,1780305847,data_collection,cooking_fume,exposure,,false,false,,rule_fallback_v0,2928,4095,2509,3139,22,35,39,26.9,68.8,true,unclassified,1780305847411
1838,node_01,1780305848,data_collection,cooking_fume,exposure,,false,false,,rule_fallback_v0,2934,4095,2508,3139,22,35,39,26.9,68.9,true,unclassified,1780305848435
1839,node_01,1780305849,data_collection,cooking_fume,exposure,,false,false,,rule_fallback_v0,2933,4095,2509,3139,21,34,38,26.9,68.9,true,unclassified,1780305849453
1840,node_01,1780305851,data_collection,cooking_fume,exposure,,false,false,,rule_fallback_v0,2931,4095,2511,3139,21,34,38,26.9,68.9,true,unclassified,1780305850483
1841,node_01,1780305852,data_collection,cooking_fume,exposure,,false,false,,rule_fallback_v0,2939,4095,2511,3139,21,34,38,26.9,68.9,true,unclassified,1780305851516
1842,node_01,1780305853,data_collection,cooking_fume,exposure,,false,false,,rule_fallback_v0,2931,4095,2512,3139,22,35,40,26.9,68.9,true,unclassified,1780305852546
1843,node_01,1780305854,data_collection,cooking_fume,exposure,,false,false,,rule_fallback_v0,2938,4095,2507,3139,22,35,40,26.9,68.9,true,unclassified,1780305853652
1844,node_01,1780305855,data_collection,cooking_fume,exposure,,false,false,,rule_fallback_v0,2931,4095,2508,3139,22,35,40,26.9,68.9,true,unclassified,1780305854676
1845,node_01,1780305856,data_collection,cooking_fume,exposure,,false,false,,rule_fallback_v0,2934,4095,2509,3139,20,34,39,26.9,68.9,true,unclassified,1780305855700
1846,node_01,1780305857,data_collection,cooking_fume,exposure,,false,false,,rule_fallback_v0,2933,4095,2510,3139,20,34,39,26.9,68.9,true,unclassified,1780305856832
1847,node_01,1780305858,data_collection,cooking_fume,exposure,,false,false,,rule_fallback_v0,2941,4095,2510,3139,20,34,39,26.9,68.8,true,unclassified,1780305857849
1848,node_01,1780305859,data_collection,cooking_fume,exposure,,false,false,,rule_fallback_v0,2929,4095,2507,3139,21,35,40,26.9,68.8,true,unclassified,1780305858815
1849,node_01,1780305860,data_collection,cooking_fume,exposure,,false,false,,rule_fallback_v0,2935,4095,2508,3139,21,35,40,26.9,68.8,true,unclassified,1780305859898
1850,node_01,1780305861,data_collection,cooking_fume,exposure,,false,false,,rule_fallback_v0,2931,4095,2510,3139,20,34,39,27,68.9,true,unclassified,1780305860924
1851,node_01,1780305862,data_collection,cooking_fume,exposure,,false,false,,rule_fallback_v0,2935,4095,2510,3139,20,34,39,27,68.9,true,unclassified,1780305862049
1852,node_01,1780305863,data_collection,cooking_fume,exposure,,false,false,,rule_fallback_v0,2928,4095,2508,3139,20,34,39,27,68.9,true,unclassified,1780305863082
1853,node_01,1780305864,data_collection,cooking_fume,exposure,,false,false,,rule_fallback_v0,2933,4095,2509,3139,21,35,40,27,68.9,true,unclassified,1780305864041
1854,node_01,1780305865,data_collection,cooking_fume,exposure,,false,false,,rule_fallback_v0,2930,4095,2507,3139,20,35,40,27,68.9,true,unclassified,1780305865224
1855,node_01,1780305866,data_collection,cooking_fume,exposure,,false,false,,rule_fallback_v0,2932,4095,2508,3139,20,35,40,27,68.9,true,unclassified,1780305866144
1856,node_01,1780305867,data_collection,cooking_fume,exposure,,false,false,,rule_fallback_v0,2930,4095,2510,3139,20,35,40,27,68.9,true,unclassified,1780305867272
1857,node_01,1780305868,data_collection,cooking_fume,exposure,,false,false,,rule_fallback_v0,2936,4095,2508,3139,20,35,39,27,68.9,true,unclassified,1780305868225
1858,node_01,1780305869,data_collection,cooking_fume,exposure,,false,false,,rule_fallback_v0,2932,4095,2508,3139,20,35,39,27,68.9,true,unclassified,1780305869319
1859,node_01,1780305870,data_collection,cooking_fume,exposure,,false,false,,rule_fallback_v0,2937,4095,2510,3139,19,34,38,27,68.8,true,unclassified,1780305870343
1860,node_01,1780305871,data_collection,cooking_fume,exposure,,false,false,,rule_fallback_v0,2931,4095,2508,3139,19,34,38,27,68.8,true,unclassified,1780305871360
1861,node_01,1780305872,data_collection,cooking_fume,exposure,,false,false,,rule_fallback_v0,2935,4095,2506,3139,19,33,37,27,68.8,true,unclassified,1780305872498
1862,node_01,1780305874,data_collection,cooking_fume,exposure,,false,false,,rule_fallback_v0,2930,4095,2509,3139,20,34,38,27,68.7,true,unclassified,1780305873517
1863,node_01,1780305875,data_collection,cooking_fume,exposure,,false,false,,rule_fallback_v0,2940,4095,2509,3139,20,34,38,27,68.7,true,unclassified,1780305874547
1864,node_01,1780305876,data_collection,cooking_fume,exposure,,false,false,,rule_fallback_v0,2932,4095,2509,3139,20,34,38,27,68.7,true,unclassified,1780305875554
1865,node_01,1780305877,data_collection,cooking_fume,exposure,,false,false,,rule_fallback_v0,2930,4095,2507,3139,20,33,38,27,68.5,true,unclassified,1780305876589
1866,node_01,1780305878,data_collection,cooking_fume,exposure,,false,false,,rule_fallback_v0,2931,4095,2509,3139,21,33,38,27,68.5,true,unclassified,1780305877817
1867,node_01,1780305879,data_collection,cooking_fume,exposure,,false,false,,rule_fallback_v0,2934,4095,2508,3139,21,33,38,27,68.5,true,unclassified,1780305878740
1868,node_01,1780305880,data_collection,cooking_fume,exposure,,false,false,,rule_fallback_v0,2929,4095,2510,3139,21,34,38,27,68.5,true,unclassified,1780305879764
1869,node_01,1780305881,data_collection,cooking_fume,exposure,,false,false,,rule_fallback_v0,2939,4095,2510,3139,21,34,38,27,68.5,true,unclassified,1780305880788
1870,node_01,1780305882,data_collection,cooking_fume,exposure,,false,false,,rule_fallback_v0,2929,4095,2508,3139,20,33,37,27,68.5,true,unclassified,1780305881913
1871,node_01,1780305883,data_collection,cooking_fume,exposure,,false,false,,rule_fallback_v0,2931,4095,2510,3139,20,33,37,27,68.4,true,unclassified,1780305882939
1872,node_01,1780305884,data_collection,cooking_fume,exposure,,false,false,,rule_fallback_v0,2932,4095,2510,3139,20,33,37,27,68.4,true,unclassified,1780305883962
1873,node_01,1780305885,data_collection,cooking_fume,exposure,,false,false,,rule_fallback_v0,2937,4095,2507,3139,19,33,37,27,68.4,true,unclassified,1780305884984
1874,node_01,1780305886,data_collection,cooking_fume,exposure,,false,false,,rule_fallback_v0,2926,4095,2508,3139,19,33,37,27,68.3,true,unclassified,1780305886008
1875,node_01,1780305887,data_collection,cooking_fume,exposure,,false,false,,rule_fallback_v0,2938,4095,2508,3139,19,33,37,27,68.3,true,unclassified,1780305887140
1876,node_01,1780305888,data_collection,cooking_fume,exposure,,false,false,,rule_fallback_v0,2931,4095,2508,3139,20,34,38,27,68.3,true,unclassified,1780305888159
1877,node_01,1780305889,data_collection,cooking_fume,exposure,,false,false,,rule_fallback_v0,2933,4095,2508,3139,20,35,39,27.1,68.4,true,unclassified,1780305889131
1878,node_01,1780305890,data_collection,cooking_fume,exposure,,false,false,,rule_fallback_v0,2930,4095,2508,3139,20,35,39,27.1,68.4,true,unclassified,1780305890213
1879,node_01,1780305891,data_collection,cooking_fume,exposure,,false,false,,rule_fallback_v0,2939,4095,2508,3139,20,35,39,27.1,68.4,true,unclassified,1780305891232
1880,node_01,1780305892,data_collection,cooking_fume,exposure,,false,false,,rule_fallback_v0,2933,4095,2510,3139,20,34,38,27.1,68.4,true,unclassified,1780305892343
1881,node_01,1780305893,data_collection,cooking_fume,exposure,,false,false,,rule_fallback_v0,2931,4095,2507,3139,20,34,38,27.1,68.4,true,unclassified,1780305893382
1882,node_01,1780305894,data_collection,cooking_fume,exposure,,false,false,,rule_fallback_v0,2931,4095,2510,3139,19,33,37,27.1,68.4,true,unclassified,1780305894358
1883,node_01,1780305895,data_collection,cooking_fume,exposure,,false,false,,rule_fallback_v0,2936,4095,2512,3139,19,33,37,27.1,68.4,true,unclassified,1780305895431
1884,node_01,1780305897,data_collection,cooking_fume,exposure,,false,false,,rule_fallback_v0,2929,4095,2508,3139,19,33,37,27.1,68.4,true,unclassified,1780305896527
1885,node_01,1780305898,data_collection,cooking_fume,exposure,,false,false,,rule_fallback_v0,2935,4095,2507,3139,19,33,37,27.1,68.4,true,unclassified,1780305897521
1886,node_01,1780305899,data_collection,cooking_fume,exposure,,false,false,,rule_fallback_v0,2933,4095,2509,3139,19,32,36,27,68.3,true,unclassified,1780305898604
1887,node_01,1780305900,data_collection,cooking_fume,exposure,,false,false,,rule_fallback_v0,2935,4095,2508,3139,19,32,36,27,68.3,true,unclassified,1780305899629
1888,node_01,1780305901,data_collection,cooking_fume,exposure,,false,false,,rule_fallback_v0,2933,4095,2509,3139,20,33,37,27,68.3,true,unclassified,1780305900657
1889,node_01,1780305902,data_collection,cooking_fume,exposure,,false,false,,rule_fallback_v0,2933,4095,2511,3139,20,33,37,27.1,68.4,true,unclassified,1780305901675
1890,node_01,1780305903,data_collection,cooking_fume,exposure,,false,false,,rule_fallback_v0,2932,4095,2508,3139,20,33,37,27.1,68.4,true,unclassified,1780305902802
1891,node_01,1780305904,data_collection,cooking_fume,exposure,,false,false,,rule_fallback_v0,2942,4095,2509,3139,20,33,37,27.1,68.4,true,unclassified,1780305903765
1892,node_01,1780305905,data_collection,cooking_fume,exposure,,false,false,,rule_fallback_v0,2932,4095,2510,3139,20,33,36,27.1,68.3,true,unclassified,1780305904851
1893,node_01,1780305906,data_collection,cooking_fume,exposure,,false,false,,rule_fallback_v0,2934,4095,2510,3139,18,32,35,27.1,68.3,true,unclassified,1780305905876
1894,node_01,1780305907,data_collection,cooking_fume,exposure,,false,false,,rule_fallback_v0,2930,4095,2509,3139,18,32,35,27.1,68.3,true,unclassified,1780305906901
1895,node_01,1780305908,data_collection,cooking_fume,exposure,,false,false,,rule_fallback_v0,2939,4095,2508,3139,18,32,35,27.1,68.2,true,unclassified,1780305908027
1896,node_01,1780305909,data_collection,cooking_fume,exposure,,false,false,,rule_fallback_v0,2934,4095,2509,3139,19,33,36,27.1,68.2,true,unclassified,1780305909049
1897,node_01,1780305910,data_collection,cooking_fume,exposure,,false,false,,rule_fallback_v0,2937,4095,2509,3139,19,33,36,27.1,68.2,true,unclassified,1780305910074
1898,node_01,1780305911,data_collection,cooking_fume,exposure,,false,false,,rule_fallback_v0,2934,4095,2509,3139,19,33,35,27.1,68.2,true,unclassified,1780305911097
1899,node_01,1780305912,data_collection,cooking_fume,exposure,,false,false,,rule_fallback_v0,2936,4095,2509,3139,18,32,34,27.1,68.2,true,unclassified,1780305912231
1900,node_01,1780305913,data_collection,cooking_fume,exposure,,false,false,,rule_fallback_v0,2934,4095,2510,3139,18,32,34,27.1,68.2,true,unclassified,1780305913249
1901,node_01,1780305914,data_collection,cooking_fume,exposure,,false,false,,rule_fallback_v0,2936,4095,2509,3139,18,32,34,27.1,68.1,true,unclassified,1780305914221
1902,node_01,1780305915,data_collection,cooking_fume,exposure,,false,false,,rule_fallback_v0,2934,4095,2509,3139,18,32,35,27.1,68.1,true,unclassified,1780305915295
1903,node_01,1780305916,data_collection,cooking_fume,exposure,,false,false,,rule_fallback_v0,2935,4095,2508,3139,18,32,35,27.1,68.1,true,unclassified,1780305916325
1904,node_01,1780305917,data_collection,cooking_fume,exposure,,false,false,,rule_fallback_v0,2930,4095,2508,3139,18,32,35,27.1,68.2,true,unclassified,1780305917445
1905,node_01,1780305918,data_collection,cooking_fume,exposure,,false,false,,rule_fallback_v0,2937,4095,2510,3139,18,32,35,27.1,68.2,true,unclassified,1780305918471
1906,node_01,1780305920,data_collection,cooking_fume,exposure,,false,false,,rule_fallback_v0,2927,4095,2510,3139,18,32,35,27.1,68.2,true,unclassified,1780305919500
1907,node_01,1780305921,data_collection,cooking_fume,exposure,,false,false,,rule_fallback_v0,2940,4095,2508,3139,18,32,35,27.1,68.1,true,unclassified,1780305920518
1908,node_01,1780305922,data_collection,cooking_fume,exposure,,false,false,,rule_fallback_v0,2929,4095,2507,3139,18,32,36,27.1,68.1,true,unclassified,1780305921532
1909,node_01,1780305923,data_collection,cooking_fume,exposure,,false,false,,rule_fallback_v0,2933,4095,2509,3139,18,33,36,27.1,68.1,true,unclassified,1780305922578
1910,node_01,1780305924,data_collection,cooking_fume,exposure,,false,false,,rule_fallback_v0,2927,4095,2509,3139,19,34,37,27.1,68.1,true,unclassified,1780305923691
1911,node_01,1780305925,data_collection,cooking_fume,exposure,,false,false,,rule_fallback_v0,2937,4095,2509,3139,19,34,37,27.1,68.1,true,unclassified,1780305924722
1912,node_01,1780305926,data_collection,cooking_fume,exposure,,false,false,,rule_fallback_v0,2936,4095,2509,3139,19,34,37,27.1,68.1,true,unclassified,1780305925736
1913,node_01,1780305927,data_collection,cooking_fume,exposure,,false,false,,rule_fallback_v0,2943,4095,2506,3139,18,33,36,27.2,68,true,unclassified,1780305926869
1914,node_01,1780305928,data_collection,cooking_fume,exposure,,false,false,,rule_fallback_v0,2932,4095,2509,3139,18,33,36,27.2,68,true,unclassified,1780305927808
1915,node_01,1780305929,data_collection,cooking_fume,exposure,,false,false,,rule_fallback_v0,2930,4095,2507,3139,18,33,36,27.2,68,true,unclassified,1780305928913
1916,node_01,1780305930,data_collection,cooking_fume,exposure,,false,false,,rule_fallback_v0,2931,4095,2508,3139,18,32,36,27.2,67.8,true,unclassified,1780305929897
1917,node_01,1780305931,data_collection,cooking_fume,exposure,,false,false,,rule_fallback_v0,2934,4095,2508,3139,18,32,36,27.2,67.8,true,unclassified,1780305930964
1918,node_01,1780305932,data_collection,cooking_fume,exposure,,false,false,,rule_fallback_v0,2932,4095,2507,3139,18,32,35,27.2,67.8,true,unclassified,1780305932089
1919,node_01,1780305933,data_collection,cooking_fume,exposure,,false,false,,rule_fallback_v0,2935,4095,2511,3139,19,33,36,27.2,67.8,true,unclassified,1780305933114
1920,node_01,1780305934,data_collection,cooking_fume,exposure,,false,false,,rule_fallback_v0,2931,4095,2509,3139,19,33,36,27.2,67.8,true,unclassified,1780305934137
1921,node_01,1780305935,data_collection,cooking_fume,exposure,,false,false,,rule_fallback_v0,2936,4095,2508,3139,19,33,35,27.2,67.8,true,unclassified,1780305935166
1922,node_01,1780305936,data_collection,cooking_fume,exposure,,false,false,,rule_fallback_v0,2928,4095,2510,3139,19,33,35,27.2,67.7,true,unclassified,1780305936187
1923,node_01,1780305937,data_collection,cooking_fume,exposure,,false,false,,rule_fallback_v0,2931,4095,2510,3139,19,33,35,27.2,67.7,true,unclassified,1780305937311
1924,node_01,1780305938,data_collection,cooking_fume,exposure,,false,false,,rule_fallback_v0,2934,4095,2509,3139,19,33,35,27.2,67.7,true,unclassified,1780305938335
1925,node_01,1780305939,data_collection,cooking_fume,exposure,,false,false,,rule_fallback_v0,2933,4095,2508,3139,18,32,34,27.2,67.6,true,unclassified,1780305939304
1926,node_01,1780305940,data_collection,cooking_fume,exposure,,false,false,,rule_fallback_v0,2931,4095,2509,3139,18,31,34,27.2,67.6,true,unclassified,1780305940384
1927,node_01,1780305941,data_collection,cooking_fume,exposure,,false,false,,rule_fallback_v0,2938,4095,2507,3139,18,31,34,27.2,67.6,true,unclassified,1780305941417
1928,node_01,1780305943,data_collection,cooking_fume,exposure,,false,false,,rule_fallback_v0,2934,4095,2509,3139,18,31,34,27.2,67.7,true,unclassified,1780305942536
1929,node_01,1780305944,data_collection,cooking_fume,exposure,,false,false,,rule_fallback_v0,2936,4095,2511,3139,18,31,34,27.2,67.7,true,unclassified,1780305943485
1930,node_01,1780305945,data_collection,cooking_fume,exposure,,false,false,,rule_fallback_v0,2936,4095,2505,3139,18,31,34,27.2,67.7,true,unclassified,1780305944586
1931,node_01,1780305946,data_collection,cooking_fume,exposure,,false,false,,rule_fallback_v0,2939,4095,2510,3139,18,31,34,27.2,67.6,true,unclassified,1780305945581
1932,node_01,1780305947,data_collection,cooking_fume,exposure,,false,false,,rule_fallback_v0,2936,4095,2508,3139,18,31,34,27.2,67.6,true,unclassified,1780305946633
1933,node_01,1780305948,data_collection,cooking_fume,exposure,,false,false,,rule_fallback_v0,2935,4095,2507,3139,20,33,36,27.2,67.6,true,unclassified,1780305947989
1934,node_01,1780305949,data_collection,cooking_fume,exposure,,false,false,,rule_fallback_v0,2930,4095,2508,3139,20,33,36,27.2,67.5,true,unclassified,1780305948709
1935,node_01,1780305950,data_collection,cooking_fume,exposure,,false,false,,rule_fallback_v0,2936,4095,2509,3139,20,33,36,27.2,67.5,true,unclassified,1780305949804
1936,node_01,1780305951,data_collection,cooking_fume,exposure,,false,false,,rule_fallback_v0,2931,4095,2509,3139,19,32,36,27.2,67.5,true,unclassified,1780305950800
1937,node_01,1780305952,data_collection,cooking_fume,exposure,,false,false,,rule_fallback_v0,2941,4095,2508,3139,19,32,36,27.2,67.3,true,unclassified,1780305951851
1938,node_01,1780305953,data_collection,cooking_fume,exposure,,false,false,,rule_fallback_v0,2928,4095,2509,3139,19,32,36,27.2,67.3,true,unclassified,1780305952954
1939,node_01,1780305954,data_collection,cooking_fume,exposure,,false,false,,rule_fallback_v0,2938,4095,2510,3139,20,34,38,27.2,67.3,true,unclassified,1780305954005
1940,node_01,1780305955,data_collection,cooking_fume,exposure,,false,false,,rule_fallback_v0,2934,4095,2508,3139,20,34,38,27.2,67.2,true,unclassified,1780305955036
1941,node_01,1780305956,data_collection,cooking_fume,exposure,,false,false,,rule_fallback_v0,2939,4095,2511,3139,20,34,38,27.2,67.2,true,unclassified,1780305956056
1942,node_01,1780305957,data_collection,cooking_fume,exposure,,false,false,,rule_fallback_v0,2929,4095,2509,3139,19,33,38,27.2,67.2,true,unclassified,1780305957075
1943,node_01,1780305958,data_collection,cooking_fume,exposure,,false,false,,rule_fallback_v0,2938,4095,2510,3139,19,33,38,27.2,67.2,true,unclassified,1780305958125
1944,node_01,1780305959,data_collection,cooking_fume,exposure,,false,false,,rule_fallback_v0,2934,4095,2510,3139,19,33,38,27.2,67.2,true,unclassified,1780305959227
1945,node_01,1780305960,data_collection,cooking_fume,exposure,,false,false,,rule_fallback_v0,2937,4095,2509,3139,20,34,39,27.2,67.2,true,unclassified,1780305960251
1946,node_01,1780305961,data_collection,cooking_fume,exposure,,false,false,,rule_fallback_v0,2933,4095,2509,3139,20,34,39,27.3,67.2,true,unclassified,1780305961256
1947,node_01,1780305962,data_collection,cooking_fume,exposure,,false,false,,rule_fallback_v0,2936,4095,2509,3139,20,34,39,27.3,67.2,true,unclassified,1780305962299
1948,node_01,1780305963,data_collection,cooking_fume,exposure,,false,false,,rule_fallback_v0,2932,4095,2509,3139,19,33,38,27.3,67.2,true,unclassified,1780305963342
1949,node_01,1780305964,data_collection,cooking_fume,exposure,,false,false,,rule_fallback_v0,2941,4095,2509,3139,19,33,38,27.3,67.5,true,unclassified,1780305964389
1950,node_01,1780305966,data_collection,cooking_fume,exposure,,false,false,,rule_fallback_v0,2931,4095,2509,3139,19,33,37,27.3,67.5,true,unclassified,1780305965472
1951,node_01,1780305967,data_collection,cooking_fume,exposure,,false,false,,rule_fallback_v0,2931,4095,2510,3139,19,33,37,27.3,67.5,true,unclassified,1780305966496
1952,node_01,1780305968,data_collection,cooking_fume,exposure,,false,false,,rule_fallback_v0,2930,4095,2508,3139,19,32,37,27.3,67.4,true,unclassified,1780305967627
1953,node_01,1780305969,data_collection,cooking_fume,exposure,,false,false,,rule_fallback_v0,2939,4095,2507,3139,19,32,37,27.3,67.4,true,unclassified,1780305968647
1954,node_01,1780305970,data_collection,cooking_fume,exposure,,false,false,,rule_fallback_v0,2932,4095,2509,3139,19,32,37,27.3,67.4,true,unclassified,1780305969620
1955,node_01,1780305971,data_collection,cooking_fume,exposure,,false,false,,rule_fallback_v0,2937,4095,2507,3139,19,32,37,27.3,67.4,true,unclassified,1780305970696
1956,node_01,1780305972,data_collection,cooking_fume,exposure,,false,false,,rule_fallback_v0,2930,4095,2509,3139,20,34,38,27.3,67.4,true,unclassified,1780305971719
1957,node_01,1780305973,data_collection,cooking_fume,exposure,,false,false,,rule_fallback_v0,2937,4095,2507,3139,20,34,38,27.3,67.4,true,unclassified,1780305972845
1958,node_01,1780305974,data_collection,cooking_fume,exposure,,false,false,,rule_fallback_v0,2934,4095,2508,3139,20,34,38,27.3,67.4,true,unclassified,1780305973868
1959,node_01,1780305975,data_collection,cooking_fume,exposure,,false,false,,rule_fallback_v0,2936,4095,2508,3139,20,34,38,27.3,67.4,true,unclassified,1780305974893
1960,node_01,1780305976,data_collection,cooking_fume,exposure,,false,false,,rule_fallback_v0,2932,4095,2508,3139,20,34,38,27.3,67.4,true,unclassified,1780305975886
1961,node_01,1780305977,data_collection,cooking_fume,exposure,,false,false,,rule_fallback_v0,2933,4095,2508,3139,20,34,38,27.3,67.2,true,unclassified,1780305976941
1962,node_01,1780305978,data_collection,cooking_fume,exposure,,false,false,,rule_fallback_v0,2929,4095,2508,3139,20,34,38,27.3,67.2,true,unclassified,1780305978068
1963,node_01,1780305979,data_collection,cooking_fume,exposure,,false,false,,rule_fallback_v0,2938,4095,2508,3139,20,35,39,27.3,67.2,true,unclassified,1780305979090
1964,node_01,1780305980,data_collection,cooking_fume,exposure,,false,false,,rule_fallback_v0,2931,4095,2509,3139,20,35,39,27.3,67.3,true,unclassified,1780305980117
1965,node_01,1780305981,data_collection,cooking_fume,exposure,,false,false,,rule_fallback_v0,2946,4095,2507,3139,20,35,39,27.3,67.3,true,unclassified,1780305981138
1966,node_01,1780305982,data_collection,cooking_fume,exposure,,false,false,,rule_fallback_v0,2930,4095,2508,3139,20,35,39,27.3,67.3,true,unclassified,1780305982266
1967,node_01,1780305983,data_collection,cooking_fume,exposure,,false,false,,rule_fallback_v0,2935,4095,2510,3139,20,34,38,27.3,67.4,true,unclassified,1780305983200
1968,node_01,1780305984,data_collection,cooking_fume,exposure,,false,false,,rule_fallback_v0,2933,4095,2509,3139,19,33,37,27.3,67.4,true,unclassified,1780305984314
1969,node_01,1780305985,data_collection,cooking_fume,exposure,,false,false,,rule_fallback_v0,2937,4095,2508,3139,19,33,37,27.3,67.4,true,unclassified,1780305985298
1970,node_01,1780305986,data_collection,cooking_fume,exposure,,false,false,,rule_fallback_v0,2934,4095,2509,3139,19,33,37,27.3,67.3,true,unclassified,1780305986361
1971,node_01,1780305987,data_collection,cooking_fume,exposure,,false,false,,rule_fallback_v0,2937,4095,2510,3139,19,33,37,27.3,67.3,true,unclassified,1780305987487
1972,node_01,1780305989,data_collection,cooking_fume,exposure,,false,false,,rule_fallback_v0,2932,4095,2508,3139,19,33,37,27.3,67.3,true,unclassified,1780305988511
1973,node_01,1780305990,data_collection,cooking_fume,exposure,,false,false,,rule_fallback_v0,2937,4095,2509,3139,19,33,37,27.3,67.1,true,unclassified,1780305989474
1974,node_01,1780305991,data_collection,cooking_fume,exposure,,false,false,,rule_fallback_v0,2932,4095,2507,3139,19,33,37,27.3,67.1,true,unclassified,1780305990520
1975,node_01,1780305992,data_collection,cooking_fume,exposure,,false,false,,rule_fallback_v0,2942,4095,2509,3139,19,33,37,27.3,67.1,true,unclassified,1780305991584
1976,node_01,1780305993,data_collection,cooking_fume,exposure,,false,false,,rule_fallback_v0,2928,4095,2510,3139,20,34,38,27.3,67.3,true,unclassified,1780305992708
1977,node_01,1780305994,data_collection,cooking_fume,exposure,,false,false,,rule_fallback_v0,2932,4095,2508,3139,20,34,38,27.3,67.3,true,unclassified,1780305993692
1978,node_01,1780305995,data_collection,cooking_fume,exposure,,false,false,,rule_fallback_v0,2929,4095,2510,3139,20,34,39,27.3,67.3,true,unclassified,1780305994761
1979,node_01,1780305996,data_collection,cooking_fume,exposure,,false,false,,rule_fallback_v0,2939,4095,2507,3139,20,34,39,27.3,67.3,true,unclassified,1780305995786
1980,node_01,1780305997,data_collection,cooking_fume,exposure,,false,false,,rule_fallback_v0,2935,4095,2508,3139,20,34,39,27.3,67.3,true,unclassified,1780305996806
1981,node_01,1780305998,data_collection,cooking_fume,exposure,,false,false,,rule_fallback_v0,2936,4095,2508,3139,19,34,39,27.3,67.3,true,unclassified,1780305997933
1982,node_01,1780305999,data_collection,cooking_fume,exposure,,false,false,,rule_fallback_v0,2929,4095,2508,3139,18,33,39,27.3,67.4,true,unclassified,1780305998881
1983,node_01,1780306000,data_collection,cooking_fume,exposure,,false,false,,rule_fallback_v0,2936,4095,2509,3139,18,33,39,27.3,67.4,true,unclassified,1780305999927
1984,node_01,1780306001,data_collection,cooking_fume,exposure,,false,false,,rule_fallback_v0,2932,4095,2509,3139,18,33,39,27.3,67.4,true,unclassified,1780306000974
1985,node_01,1780306002,data_collection,cooking_fume,exposure,,false,false,,rule_fallback_v0,2937,4095,2507,3139,18,33,39,27.3,67,true,unclassified,1780306002030
1986,node_01,1780306003,data_collection,cooking_fume,exposure,,false,false,,rule_fallback_v0,2933,4095,2511,3139,18,33,39,27.3,67,true,unclassified,1780306003155
1987,node_01,1780306004,data_collection,cooking_fume,exposure,,false,false,,rule_fallback_v0,2934,4095,2506,3139,18,33,39,27.3,67,true,unclassified,1780306004178
1988,node_01,1780306005,data_collection,cooking_fume,exposure,,false,false,,rule_fallback_v0,2929,4095,2509,3139,18,33,39,27.4,66.9,true,unclassified,1780306005152
1989,node_01,1780306006,data_collection,cooking_fume,exposure,,false,false,,rule_fallback_v0,2938,4095,2508,3139,18,32,38,27.4,66.9,true,unclassified,1780306006230
1990,node_01,1780306007,data_collection,cooking_fume,exposure,,false,false,,rule_fallback_v0,2929,4095,2510,3139,19,33,39,27.4,66.9,true,unclassified,1780306007354
1991,node_01,1780306008,data_collection,cooking_fume,exposure,,false,false,,rule_fallback_v0,2935,4095,2507,3139,19,33,39,27.4,66.8,true,unclassified,1780306008291
1992,node_01,1780306009,data_collection,cooking_fume,exposure,,false,false,,rule_fallback_v0,2938,4095,2508,3139,19,33,39,27.4,66.8,true,unclassified,1780306009399
1993,node_01,1780306010,data_collection,cooking_fume,exposure,,false,false,,rule_fallback_v0,2942,4095,2508,3139,19,33,39,27.4,66.8,true,unclassified,1780306010527
1994,node_01,1780306012,data_collection,cooking_fume,exposure,,false,false,,rule_fallback_v0,2929,4095,2508,3139,20,33,39,27.4,66.9,true,unclassified,1780306011449
1995,node_01,1780306013,data_collection,cooking_fume,exposure,,false,false,,rule_fallback_v0,2935,4095,2507,3139,20,33,39,27.4,66.9,true,unclassified,1780306012576
1996,node_01,1780306014,data_collection,cooking_fume,exposure,,false,false,,rule_fallback_v0,2937,4095,2511,3139,20,33,39,27.4,66.9,true,unclassified,1780306013703
1997,node_01,1780306015,data_collection,cooking_fume,exposure,,false,false,,rule_fallback_v0,2940,4095,2508,3139,20,33,39,27.4,66.6,true,unclassified,1780306014556
1998,node_01,1780306016,data_collection,cooking_fume,exposure,,false,false,,rule_fallback_v0,2931,4095,2507,3139,20,33,39,27.4,66.6,true,unclassified,1780306015646
1999,node_01,1780306017,data_collection,cooking_fume,exposure,,false,false,,rule_fallback_v0,2938,4095,2507,3139,20,33,39,27.4,66.6,true,unclassified,1780306016669
2000,node_01,1780306018,data_collection,cooking_fume,exposure,,false,false,,rule_fallback_v0,2931,4095,2511,3139,21,33,39,27.4,66.7,true,unclassified,1780306017801
2001,node_01,1780306019,data_collection,cooking_fume,exposure,,false,false,,rule_fallback_v0,2935,4095,2509,3139,21,33,39,27.4,66.7,true,unclassified,1780306018739
2002,node_01,1780306020,data_collection,cooking_fume,exposure,,false,false,,rule_fallback_v0,2930,4095,2507,3139,20,32,38,27.4,66.7,true,unclassified,1780306019783
2003,node_01,1780306021,data_collection,cooking_fume,exposure,,false,false,,rule_fallback_v0,2936,4095,2509,3139,20,32,38,27.4,66.7,true,unclassified,1780306020830
2004,node_01,1780306022,data_collection,cooking_fume,exposure,,false,false,,rule_fallback_v0,2932,4095,2508,3139,20,32,38,27.4,66.7,true,unclassified,1780306021893
2005,node_01,1780306023,data_collection,cooking_fume,exposure,,false,false,,rule_fallback_v0,2934,4095,2507,3139,21,33,39,27.4,66.7,true,unclassified,1780306023024
2006,node_01,1780306024,data_collection,cooking_fume,exposure,,false,false,,rule_fallback_v0,2930,4095,2511,3139,21,33,39,27.4,66.8,true,unclassified,1780306024043
2007,node_01,1780306025,data_collection,cooking_fume,exposure,,false,false,,rule_fallback_v0,2937,4095,2509,3139,20,33,39,27.4,66.8,true,unclassified,1780306025008
2008,node_01,1780306026,data_collection,cooking_fume,exposure,,false,false,,rule_fallback_v0,2936,4095,2509,3139,20,33,38,27.4,66.8,true,unclassified,1780306026059
2009,node_01,1780306027,data_collection,cooking_fume,exposure,,false,false,,rule_fallback_v0,2935,4095,2509,3139,20,33,38,27.4,66.7,true,unclassified,1780306027115
2010,node_01,1780306028,data_collection,cooking_fume,exposure,,false,false,,rule_fallback_v0,2934,4095,2508,3139,19,32,37,27.4,66.7,true,unclassified,1780306028155
2011,node_01,1780306029,data_collection,cooking_fume,exposure,,false,false,,rule_fallback_v0,2927,4095,2507,3139,19,32,36,27.4,66.7,true,unclassified,1780306029266
2012,node_01,1780306030,data_collection,cooking_fume,exposure,,false,false,,rule_fallback_v0,2931,4095,2510,3139,19,32,36,27.4,66.6,true,unclassified,1780306030289
2013,node_01,1780306031,data_collection,cooking_fume,exposure,,false,false,,rule_fallback_v0,2937,4095,2509,3139,18,31,36,27.4,66.6,true,unclassified,1780306031314
2014,node_01,1780306032,data_collection,cooking_fume,exposure,,false,false,,rule_fallback_v0,2928,4095,2511,3139,18,31,35,27.4,66.6,true,unclassified,1780306032332
2015,node_01,1780306033,data_collection,cooking_fume,exposure,,false,false,,rule_fallback_v0,2935,4095,2511,3139,18,31,35,27.4,66.6,true,unclassified,1780306033527
2016,node_01,1780306035,data_collection,cooking_fume,exposure,,false,false,,rule_fallback_v0,2933,4095,2508,3139,19,32,35,27.4,66.6,true,unclassified,1780306034489
2017,node_01,1780306036,data_collection,cooking_fume,exposure,,false,false,,rule_fallback_v0,2936,4095,2509,3139,19,32,35,27.4,66.6,true,unclassified,1780306035462
2018,node_01,1780306037,data_collection,cooking_fume,exposure,,false,false,,rule_fallback_v0,2934,4095,2509,3139,19,32,35,27.5,66.6,true,unclassified,1780306036507
2019,node_01,1780306038,data_collection,cooking_fume,exposure,,false,false,,rule_fallback_v0,2937,4095,2509,3139,19,32,35,27.5,66.6,true,unclassified,1780306037563
2020,node_01,1780306039,data_collection,cooking_fume,exposure,,false,false,,rule_fallback_v0,2931,4095,2509,3139,19,32,35,27.5,66.6,true,unclassified,1780306038599
2021,node_01,1780306040,data_collection,cooking_fume,exposure,,false,false,,rule_fallback_v0,2932,4095,2509,3139,19,32,35,27.4,66.5,true,unclassified,1780306039641
2022,node_01,1780306041,data_collection,cooking_fume,exposure,,false,false,,rule_fallback_v0,2934,4095,2508,3139,18,32,35,27.4,66.5,true,unclassified,1780306040686
2023,node_01,1780306042,data_collection,cooking_fume,exposure,,false,false,,rule_fallback_v0,2932,4095,2508,3139,18,32,35,27.4,66.5,true,unclassified,1780306041733
2024,node_01,1780306043,data_collection,cooking_fume,exposure,,false,false,,rule_fallback_v0,2931,4095,2511,3139,18,32,35,27.5,66.5,true,unclassified,1780306042885
2025,node_01,1780306044,data_collection,cooking_fume,exposure,,false,false,,rule_fallback_v0,2934,4095,2508,3139,19,33,36,27.5,66.5,true,unclassified,1780306043821
2026,node_01,1780306045,data_collection,cooking_fume,exposure,,false,false,,rule_fallback_v0,2937,4095,2509,3139,18,33,35,27.5,66.5,true,unclassified,1780306044868
2027,node_01,1780306046,data_collection,cooking_fume,exposure,,false,false,,rule_fallback_v0,2944,4095,2509,3139,18,33,35,27.5,66.6,true,unclassified,1780306045957
2028,node_01,1780306047,data_collection,cooking_fume,exposure,,false,false,,rule_fallback_v0,2933,4095,2507,3139,18,33,35,27.5,66.6,true,unclassified,1780306046979
2029,node_01,1780306048,data_collection,cooking_fume,exposure,,false,false,,rule_fallback_v0,2931,4095,2509,3139,18,33,35,27.5,66.6,true,unclassified,1780306048004
2030,node_01,1780306049,data_collection,cooking_fume,exposure,,false,false,,rule_fallback_v0,2928,4095,2509,3139,17,32,34,27.5,66.3,true,unclassified,1780306049047
2031,node_01,1780306050,data_collection,cooking_fume,exposure,,false,false,,rule_fallback_v0,2934,4095,2507,3139,17,31,34,27.5,66.3,true,unclassified,1780306050093
2032,node_01,1780306051,data_collection,cooking_fume,exposure,,false,false,,rule_fallback_v0,2931,4095,2509,3139,17,31,33,27.5,66.3,true,unclassified,1780306051140
2033,node_01,1780306052,data_collection,cooking_fume,exposure,,false,false,,rule_fallback_v0,2936,4095,2510,3139,18,32,34,27.5,66.1,true,unclassified,1780306052185
2034,node_01,1780306053,data_collection,cooking_fume,exposure,,false,false,,rule_fallback_v0,2931,4095,2509,3139,18,32,34,27.5,66.1,true,unclassified,1780306053247
2035,node_01,1780306054,data_collection,cooking_fume,exposure,,false,false,,rule_fallback_v0,2938,4095,2507,3139,18,32,34,27.5,66.1,true,unclassified,1780306054274
2036,node_01,1780306055,data_collection,cooking_fume,exposure,,false,false,,rule_fallback_v0,2931,4095,2509,3139,18,32,34,27.5,66.2,true,unclassified,1780306055318
2037,node_01,1780306056,data_collection,cooking_fume,exposure,,false,false,,rule_fallback_v0,2934,4095,2508,3139,18,32,34,27.5,66.2,true,unclassified,1780306056405
2038,node_01,1780306057,data_collection,cooking_fume,exposure,,false,false,,rule_fallback_v0,2933,4095,2509,3139,18,32,34,27.5,66.2,true,unclassified,1780306057649
2039,node_01,1780306059,data_collection,cooking_fume,exposure,,false,false,,rule_fallback_v0,2940,4095,2509,3139,18,32,34,27.5,66,true,unclassified,1780306058457
2040,node_01,1780306060,data_collection,cooking_fume,exposure,,false,false,,rule_fallback_v0,2933,4095,2508,3139,18,32,33,27.5,66,true,unclassified,1780306059553
2041,node_01,1780306061,data_collection,cooking_fume,exposure,,false,false,,rule_fallback_v0,2936,4095,2509,3139,18,32,33,27.5,66,true,unclassified,1780306060601
2042,node_01,1780306062,data_collection,cooking_fume,exposure,,false,false,,rule_fallback_v0,2933,4095,2509,3139,18,32,33,27.5,65.9,true,unclassified,1780306061623
2043,node_01,1780306063,data_collection,cooking_fume,exposure,,false,false,,rule_fallback_v0,2934,4095,2507,3139,18,32,33,27.5,65.9,true,unclassified,1780306062634
2044,node_01,1780306064,data_collection,cooking_fume,exposure,,false,false,,rule_fallback_v0,2931,4095,2507,3139,18,32,33,27.5,65.9,true,unclassified,1780306063773
2045,node_01,1780306065,data_collection,cooking_fume,exposure,,false,false,,rule_fallback_v0,2938,4095,2511,3139,17,31,32,27.5,65.9,true,unclassified,1780306064727
2046,node_01,1780306066,data_collection,cooking_fume,exposure,,false,false,,rule_fallback_v0,2931,4095,2507,3139,17,31,32,27.5,65.9,true,unclassified,1780306065821
2047,node_01,1780306067,data_collection,cooking_fume,exposure,,false,false,,rule_fallback_v0,2936,4095,2508,3139,17,31,32,27.5,65.9,true,unclassified,1780306066847
2048,node_01,1780306068,data_collection,cooking_fume,exposure,,false,false,,rule_fallback_v0,2935,4095,2508,3139,18,32,33,27.5,66.1,true,unclassified,1780306067971
2049,node_01,1780306069,data_collection,cooking_fume,exposure,,false,false,,rule_fallback_v0,2934,4095,2509,3139,18,32,33,27.5,66.1,true,unclassified,1780306068909
2050,node_01,1780306070,data_collection,cooking_fume,exposure,,false,false,,rule_fallback_v0,2930,4095,2509,3139,17,31,32,27.5,66.1,true,unclassified,1780306070019
2051,node_01,1780306071,data_collection,cooking_fume,exposure,,false,false,,rule_fallback_v0,2933,4095,2510,3139,17,31,32,27.5,66.1,true,unclassified,1780306071043
2052,node_01,1780306072,data_collection,cooking_fume,exposure,,false,false,,rule_fallback_v0,2936,4095,2509,3139,17,31,33,27.5,66.1,true,unclassified,1780306072067
2053,node_01,1780306073,data_collection,cooking_fume,exposure,,false,false,,rule_fallback_v0,2936,4095,2508,3139,18,32,34,27.5,66.1,true,unclassified,1780306073109
2054,node_01,1780306074,data_collection,cooking_fume,exposure,,false,false,,rule_fallback_v0,2929,4095,2512,3139,18,32,34,27.5,66.1,true,unclassified,1780306074217
2055,node_01,1780306075,data_collection,cooking_fume,exposure,,false,false,,rule_fallback_v0,2936,4095,2509,3139,18,32,34,27.5,66.1,true,unclassified,1780306075177
2056,node_01,1780306076,data_collection,cooking_fume,exposure,,false,false,,rule_fallback_v0,2930,4095,2507,3139,18,32,34,27.5,66.1,true,unclassified,1780306076227
2057,node_01,1780306077,data_collection,cooking_fume,exposure,,false,false,,rule_fallback_v0,2933,4095,2511,3139,18,32,34,27.5,66.1,true,unclassified,1780306077290
2058,node_01,1780306078,data_collection,cooking_fume,exposure,,false,false,,rule_fallback_v0,2930,4095,2509,3139,18,32,35,27.5,66.1,true,unclassified,1780306078314
2059,node_01,1780306079,data_collection,cooking_fume,exposure,,false,false,,rule_fallback_v0,2937,4095,2509,3139,18,33,35,27.5,66.1,true,unclassified,1780306079443
2060,node_01,1780306080,data_collection,cooking_fume,exposure,,false,false,,rule_fallback_v0,2932,4095,2509,3139,18,33,35,27.5,65.9,true,unclassified,1780306080469
2061,node_01,1780306082,data_collection,cooking_fume,exposure,,false,false,,rule_fallback_v0,2929,4095,2508,3139,18,33,35,27.5,65.9,true,unclassified,1780306081488
2062,node_01,1780306083,data_collection,cooking_fume,exposure,,false,false,,rule_fallback_v0,2931,4095,2509,3139,17,32,34,27.5,65.9,true,unclassified,1780306082515
2063,node_01,1780306084,data_collection,cooking_fume,exposure,,false,false,,rule_fallback_v0,2933,4095,2508,3139,17,32,35,27.5,65.9,true,unclassified,1780306083556
2064,node_01,1780306085,data_collection,cooking_fume,exposure,,false,false,,rule_fallback_v0,2932,4095,2511,3139,17,32,35,27.5,65.9,true,unclassified,1780306084664
2065,node_01,1780306086,data_collection,cooking_fume,exposure,,false,false,,rule_fallback_v0,2934,4095,2507,3139,18,33,36,27.5,65.9,true,unclassified,1780306085687
2066,node_01,1780306087,data_collection,cooking_fume,exposure,,false,false,,rule_fallback_v0,2927,4095,2507,3139,18,33,36,27.6,66.1,true,unclassified,1780306086711
2067,node_01,1780306088,data_collection,cooking_fume,exposure,,false,false,,rule_fallback_v0,2939,4095,2507,3139,18,33,36,27.6,66.1,true,unclassified,1780306087734
2068,node_01,1780306089,data_collection,cooking_fume,exposure,,false,false,,rule_fallback_v0,2929,4095,2509,3139,18,33,36,27.6,66.1,true,unclassified,1780306088767
2069,node_01,1780306090,data_collection,cooking_fume,exposure,,false,false,,rule_fallback_v0,2935,4095,2509,3139,18,33,36,27.5,66.1,true,unclassified,1780306089807
2070,node_01,1780306091,data_collection,cooking_fume,exposure,,false,false,,rule_fallback_v0,2931,4095,2508,3139,17,32,35,27.5,66.1,true,unclassified,1780306090909
2071,node_01,1780306092,data_collection,cooking_fume,exposure,,false,false,,rule_fallback_v0,2933,4095,2509,3139,17,32,35,27.5,66.1,true,unclassified,1780306091934
2072,node_01,1780306093,data_collection,cooking_fume,exposure,,false,false,,rule_fallback_v0,2934,4095,2510,3139,17,32,35,27.6,66,true,unclassified,1780306092956
2073,node_01,1780306094,data_collection,cooking_fume,exposure,,false,false,,rule_fallback_v0,2935,4095,2508,3139,18,33,36,27.6,66,true,unclassified,1780306094084
2074,node_01,1780306095,data_collection,cooking_fume,exposure,,false,false,,rule_fallback_v0,2933,4095,2507,3139,18,33,36,27.6,66,true,unclassified,1780306095109
2075,node_01,1780306096,data_collection,cooking_fume,exposure,,false,false,,rule_fallback_v0,2936,4095,2510,3139,18,33,36,27.6,65.9,true,unclassified,1780306096079
2076,node_01,1780306097,data_collection,cooking_fume,exposure,,false,false,,rule_fallback_v0,2931,4095,2509,3139,18,33,36,27.6,65.9,true,unclassified,1780306097150
2077,node_01,1780306098,data_collection,cooking_fume,exposure,,false,false,,rule_fallback_v0,2934,4095,2509,3139,18,32,35,27.6,65.9,true,unclassified,1780306098179
2078,node_01,1780306099,data_collection,cooking_fume,exposure,,false,false,,rule_fallback_v0,2931,4095,2509,3139,18,32,35,27.6,65.6,true,unclassified,1780306099215
2079,node_01,1780306100,data_collection,cooking_fume,exposure,,false,false,,rule_fallback_v0,2936,4095,2507,3139,17,31,34,27.6,65.6,true,unclassified,1780306100259
2080,node_01,1780306101,data_collection,cooking_fume,exposure,,false,false,,rule_fallback_v0,2929,4095,2508,3139,17,31,34,27.6,65.6,true,unclassified,1780306101306
2081,node_01,1780306102,data_collection,cooking_fume,exposure,,false,false,,rule_fallback_v0,2933,4095,2511,3139,17,31,34,27.6,65.6,true,unclassified,1780306102378
2082,node_01,1780306103,data_collection,cooking_fume,exposure,,false,false,,rule_fallback_v0,2934,4095,2509,3139,18,32,34,27.6,65.6,true,unclassified,1780306103505
2083,node_01,1780306105,data_collection,cooking_fume,exposure,,false,false,,rule_fallback_v0,2934,4095,2508,3139,18,32,34,27.6,65.6,true,unclassified,1780306104529
2084,node_01,1780306106,data_collection,cooking_fume,exposure,,false,false,,rule_fallback_v0,2930,4095,2508,3139,18,30,34,27.6,65.5,true,unclassified,1780306105552
2085,node_01,1780306107,data_collection,cooking_fume,exposure,,false,false,,rule_fallback_v0,2936,4095,2507,3139,17,29,33,27.6,65.5,true,unclassified,1780306106577
2086,node_01,1780306108,data_collection,cooking_fume,exposure,,false,false,,rule_fallback_v0,2934,4095,2508,3139,17,29,32,27.6,65.5,true,unclassified,1780306107578
2087,node_01,1780306109,data_collection,cooking_fume,exposure,,false,false,,rule_fallback_v0,2927,4095,2508,3139,17,29,32,27.6,65.3,true,unclassified,1780306108624
2088,node_01,1780306110,data_collection,cooking_fume,exposure,,false,false,,rule_fallback_v0,2930,4095,2509,3139,18,30,33,27.6,65.3,true,unclassified,1780306109750
2089,node_01,1780306111,data_collection,cooking_fume,exposure,,false,false,,rule_fallback_v0,2938,4095,2507,3139,18,30,33,27.6,65.3,true,unclassified,1780306110774
2090,node_01,1780306112,data_collection,cooking_fume,exposure,,false,false,,rule_fallback_v0,2932,4095,2510,3139,17,29,32,27.6,65.2,true,unclassified,1780306111811
2091,node_01,1780306113,data_collection,cooking_fume,exposure,,false,false,,rule_fallback_v0,2932,4095,2508,3139,17,29,33,27.6,65.2,true,unclassified,1780306112830
2092,node_01,1780306114,data_collection,cooking_fume,exposure,,false,false,,rule_fallback_v0,2931,4095,2512,3139,17,29,33,27.6,65.2,true,unclassified,1780306113858
2093,node_01,1780306115,data_collection,cooking_fume,exposure,,false,false,,rule_fallback_v0,2936,4095,2511,3139,18,30,34,27.6,64.9,true,unclassified,1780306114893
2094,node_01,1780306116,data_collection,cooking_fume,exposure,,false,false,,rule_fallback_v0,2931,4095,2509,3139,18,30,34,27.6,64.9,true,unclassified,1780306115996
2095,node_01,1780306117,data_collection,cooking_fume,exposure,,false,false,,rule_fallback_v0,2931,4095,2507,3139,18,30,34,27.6,64.9,true,unclassified,1780306116982
2096,node_01,1780306118,data_collection,cooking_fume,exposure,,false,false,,rule_fallback_v0,2926,4095,2508,3139,18,30,34,27.6,64.9,true,unclassified,1780306118163
2097,node_01,1780306119,data_collection,cooking_fume,exposure,,false,false,,rule_fallback_v0,2935,4095,2510,3139,18,30,35,27.6,64.9,true,unclassified,1780306119177
2098,node_01,1780306120,data_collection,cooking_fume,exposure,,false,false,,rule_fallback_v0,2931,4095,2509,3139,18,30,35,27.6,64.9,true,unclassified,1780306120200
2099,node_01,1780306121,data_collection,cooking_fume,exposure,,false,false,,rule_fallback_v0,2932,4095,2510,3139,17,29,33,27.6,64.9,true,unclassified,1780306121220
2100,node_01,1780306122,data_collection,cooking_fume,exposure,,false,false,,rule_fallback_v0,2929,4095,2507,3139,17,29,33,27.6,64.9,true,unclassified,1780306122245
2101,node_01,1780306123,data_collection,cooking_fume,exposure,,false,false,,rule_fallback_v0,2936,4095,2508,3139,17,29,33,27.6,64.9,true,unclassified,1780306123267
2102,node_01,1780306124,data_collection,cooking_fume,exposure,,false,false,,rule_fallback_v0,2930,4095,2509,3139,17,29,33,27.6,64.8,true,unclassified,1780306124394
2103,node_01,1780306125,data_collection,cooking_fume,exposure,,false,false,,rule_fallback_v0,2935,4095,2509,3139,17,29,33,27.6,64.8,true,unclassified,1780306125418
2104,node_01,1780306126,data_collection,cooking_fume,exposure,,false,false,,rule_fallback_v0,2932,4095,2511,3139,17,29,32,27.6,64.8,true,unclassified,1780306126390
2105,node_01,1780306128,data_collection,cooking_fume,exposure,,false,false,,rule_fallback_v0,2941,4095,2509,3139,18,30,33,27.6,64.7,true,unclassified,1780306127434
2106,node_01,1780306129,data_collection,cooking_fume,exposure,,false,false,,rule_fallback_v0,2934,4095,2512,3139,18,30,33,27.6,64.7,true,unclassified,1780306128489
2107,node_01,1780306130,data_collection,cooking_fume,exposure,,false,false,,rule_fallback_v0,2932,4095,2509,3139,18,30,33,27.6,64.7,true,unclassified,1780306129615
2108,node_01,1780306131,data_collection,cooking_fume,exposure,,false,false,,rule_fallback_v0,2932,4095,2509,3139,17,29,32,27.6,64.7,true,unclassified,1780306130640
2109,node_01,1780306132,data_collection,cooking_fume,exposure,,false,false,,rule_fallback_v0,2938,4095,2510,3139,18,29,32,27.6,64.7,true,unclassified,1780306131613
2110,node_01,1780306133,data_collection,cooking_fume,exposure,,false,false,,rule_fallback_v0,2930,4095,2510,3139,18,29,32,27.6,64.7,true,unclassified,1780306132689
2111,node_01,1780306134,data_collection,cooking_fume,exposure,,false,false,,rule_fallback_v0,2941,4095,2511,3139,18,29,32,27.7,64.7,true,unclassified,1780306133712
2112,node_01,1780306135,data_collection,cooking_fume,exposure,,false,false,,rule_fallback_v0,2933,4095,2508,3139,18,29,32,27.7,64.7,true,unclassified,1780306134839
2113,node_01,1780306136,data_collection,cooking_fume,exposure,,false,false,,rule_fallback_v0,2936,4095,2509,3139,18,29,32,27.7,64.7,true,unclassified,1780306135863
2114,node_01,1780306137,data_collection,cooking_fume,exposure,,false,false,,rule_fallback_v0,2927,4095,2510,3139,18,29,32,27.6,64.5,true,unclassified,1780306136887
2115,node_01,1780306138,data_collection,cooking_fume,exposure,,false,false,,rule_fallback_v0,2933,4095,2509,3139,18,29,32,27.6,64.5,true,unclassified,1780306137883
2116,node_01,1780306139,data_collection,cooking_fume,exposure,,false,false,,rule_fallback_v0,2934,4095,2509,3139,19,30,33,27.6,64.5,true,unclassified,1780306138936
2117,node_01,1780306140,data_collection,cooking_fume,exposure,,false,false,,rule_fallback_v0,2934,4095,2509,3139,19,30,33,27.6,64.4,true,unclassified,1780306139976
2118,node_01,1780306141,data_collection,cooking_fume,exposure,,false,false,,rule_fallback_v0,2930,4095,2509,3139,19,30,33,27.6,64.4,true,unclassified,1780306141090
2119,node_01,1780306142,data_collection,cooking_fume,exposure,,false,false,,rule_fallback_v0,2941,4095,2509,3139,18,29,32,27.6,64.4,true,unclassified,1780306142110
2120,node_01,1780306143,data_collection,cooking_fume,exposure,,false,false,,rule_fallback_v0,2936,4095,2508,3139,18,31,32,27.7,64.2,true,unclassified,1780306143133
2121,node_01,1780306144,data_collection,cooking_fume,exposure,,false,false,,rule_fallback_v0,2936,4095,2509,3139,18,31,32,27.7,64.2,true,unclassified,1780306144259
2122,node_01,1780306145,data_collection,cooking_fume,exposure,,false,false,,rule_fallback_v0,2932,4095,2507,3139,19,32,33,27.7,64.2,true,unclassified,1780306145283
2123,node_01,1780306146,data_collection,cooking_fume,exposure,,false,false,,rule_fallback_v0,2937,4095,2507,3139,19,32,33,27.6,64.2,true,unclassified,1780306146312
2124,node_01,1780306147,data_collection,cooking_fume,exposure,,false,false,,rule_fallback_v0,2934,4095,2510,3139,19,32,33,27.6,64.2,true,unclassified,1780306147331
2125,node_01,1780306148,data_collection,cooking_fume,exposure,,false,false,,rule_fallback_v0,2935,4095,2508,3139,19,32,33,27.6,64.2,true,unclassified,1780306148356
2126,node_01,1780306149,data_collection,cooking_fume,exposure,,false,false,,rule_fallback_v0,2933,4095,2510,3139,19,32,33,27.7,64.4,true,unclassified,1780306149481
2127,node_01,1780306151,data_collection,cooking_fume,exposure,,false,false,,rule_fallback_v0,2941,4095,2509,3139,19,32,33,27.7,64.4,true,unclassified,1780306150427
2128,node_01,1780306152,data_collection,cooking_fume,exposure,,false,false,,rule_fallback_v0,2936,4095,2508,3139,19,32,33,27.7,64.4,true,unclassified,1780306151468
2129,node_01,1780306153,data_collection,cooking_fume,exposure,,false,false,,rule_fallback_v0,2935,4095,2508,3139,19,32,33,27.7,64.4,true,unclassified,1780306152555
2130,node_01,1780306154,data_collection,cooking_fume,exposure,,false,false,,rule_fallback_v0,2931,4095,2509,3139,18,31,32,27.7,64.4,true,unclassified,1780306153576
2131,node_01,1780306155,data_collection,cooking_fume,exposure,,false,false,,rule_fallback_v0,2938,4095,2512,3139,18,31,32,27.7,64.4,true,unclassified,1780306154606
2132,node_01,1780306156,data_collection,cooking_fume,exposure,,false,false,,rule_fallback_v0,2928,4095,2509,3139,18,31,32,27.6,64.5,true,unclassified,1780306155651
2133,node_01,1780306157,data_collection,cooking_fume,exposure,,false,false,,rule_fallback_v0,2937,4095,2508,3139,18,31,32,27.6,64.5,true,unclassified,1780306156753
2134,node_01,1780306158,data_collection,cooking_fume,exposure,,false,false,,rule_fallback_v0,2937,4095,2509,3139,18,31,32,27.6,64.5,true,unclassified,1780306157780
2135,node_01,1780306159,data_collection,cooking_fume,exposure,,false,false,,rule_fallback_v0,2932,4095,2509,3139,18,31,32,27.7,64.6,true,unclassified,1780306158801
2136,node_01,1780306160,data_collection,cooking_fume,exposure,,false,false,,rule_fallback_v0,2930,4095,2510,3139,18,31,32,27.7,64.6,true,unclassified,1780306159926
2137,node_01,1780306161,data_collection,cooking_fume,exposure,,false,false,,rule_fallback_v0,2937,4095,2508,3139,18,31,32,27.7,64.6,true,unclassified,1780306160875
2138,node_01,1780306162,data_collection,cooking_fume,exposure,,false,false,,rule_fallback_v0,2928,4095,2508,3139,18,31,32,27.7,64.7,true,unclassified,1780306161921
2139,node_01,1780306163,data_collection,cooking_fume,exposure,,false,false,,rule_fallback_v0,2941,4095,2507,3139,19,32,33,27.7,64.7,true,unclassified,1780306162998
2140,node_01,1780306164,data_collection,cooking_fume,exposure,,false,false,,rule_fallback_v0,2932,4095,2509,3139,20,32,33,27.7,64.7,true,unclassified,1780306164027
2141,node_01,1780306165,data_collection,cooking_fume,exposure,,false,false,,rule_fallback_v0,2938,4095,2509,3139,20,30,33,27.7,64.8,true,unclassified,1780306165060
2142,node_01,1780306166,data_collection,cooking_fume,exposure,,false,false,,rule_fallback_v0,2929,4095,2508,3139,20,30,33,27.7,64.8,true,unclassified,1780306166175
2143,node_01,1780306167,data_collection,cooking_fume,exposure,,false,false,,rule_fallback_v0,2932,4095,2509,3139,20,30,33,27.7,64.8,true,unclassified,1780306167198
2144,node_01,1780306168,data_collection,cooking_fume,exposure,,false,false,,rule_fallback_v0,2927,4095,2509,3139,20,30,33,27.7,64.8,true,unclassified,1780306168222
2145,node_01,1780306169,data_collection,cooking_fume,exposure,,false,false,,rule_fallback_v0,2936,4095,2509,3139,19,29,32,27.7,64.8,true,unclassified,1780306169244
2146,node_01,1780306170,data_collection,cooking_fume,exposure,,false,false,,rule_fallback_v0,2929,4095,2510,3139,19,29,32,27.7,64.8,true,unclassified,1780306170282
2147,node_01,1780306171,data_collection,cooking_fume,exposure,,false,false,,rule_fallback_v0,2933,4095,2510,3139,19,29,32,27.7,64.8,true,unclassified,1780306171396
2148,node_01,1780306172,data_collection,cooking_fume,exposure,,false,false,,rule_fallback_v0,2932,4095,2506,3139,20,30,33,27.7,64.8,true,unclassified,1780306172424
2149,node_01,1780306174,data_collection,cooking_fume,exposure,,false,false,,rule_fallback_v0,2936,4095,2507,3139,20,30,33,27.7,64.8,true,unclassified,1780306173448
2150,node_01,1780306175,data_collection,cooking_fume,exposure,,false,false,,rule_fallback_v0,2929,4095,2509,3139,20,30,33,27.7,64.6,true,unclassified,1780306174466
2151,node_01,1780306176,data_collection,cooking_fume,exposure,,false,false,,rule_fallback_v0,2935,4095,2507,3139,20,30,33,27.7,64.6,true,unclassified,1780306175540
2152,node_01,1780306177,data_collection,cooking_fume,exposure,,false,false,,rule_fallback_v0,2933,4095,2508,3139,20,30,31,27.7,64.6,true,unclassified,1780306176550
2153,node_01,1780306178,data_collection,cooking_fume,exposure,,false,false,,rule_fallback_v0,2932,4095,2511,3139,19,29,30,27.7,64.7,true,unclassified,1780306177641
2154,node_01,1780306179,data_collection,cooking_fume,exposure,,false,false,,rule_fallback_v0,2929,4095,2509,3139,19,29,30,27.7,64.7,true,unclassified,1780306178666
2155,node_01,1780306180,data_collection,cooking_fume,exposure,,false,false,,rule_fallback_v0,2932,4095,2507,3139,19,29,29,27.7,64.7,true,unclassified,1780306179791
2156,node_01,1780306181,data_collection,cooking_fume,exposure,,false,false,,rule_fallback_v0,2929,4095,2507,3139,20,30,30,27.7,64.5,true,unclassified,1780306180817
2157,node_01,1780306182,data_collection,cooking_fume,exposure,,false,false,,rule_fallback_v0,2933,4095,2510,3139,20,30,30,27.7,64.5,true,unclassified,1780306181777
2158,node_01,1780306183,data_collection,cooking_fume,exposure,,false,false,,rule_fallback_v0,2930,4095,2509,3139,20,30,30,27.7,64.5,true,unclassified,1780306182864
2159,node_01,1780306184,data_collection,cooking_fume,exposure,,false,false,,rule_fallback_v0,2938,4095,2509,3139,19,29,29,27.7,64.6,true,unclassified,1780306183888
2160,node_01,1780306185,data_collection,cooking_fume,exposure,,false,false,,rule_fallback_v0,2927,4095,2508,3139,19,29,29,27.7,64.6,true,unclassified,1780306185013
2161,node_01,1780306186,data_collection,cooking_fume,exposure,,false,false,,rule_fallback_v0,2938,4095,2505,3139,19,29,29,27.7,64.6,true,unclassified,1780306185957
2162,node_01,1780306187,data_collection,cooking_fume,exposure,,false,false,,rule_fallback_v0,2935,4095,2508,3139,20,30,30,27.7,64.3,true,unclassified,1780306187061
2163,node_01,1780306188,data_collection,cooking_fume,exposure,,false,false,,rule_fallback_v0,2935,4095,2508,3139,20,30,30,27.7,64.3,true,unclassified,1780306188046
2164,node_01,1780306189,data_collection,cooking_fume,exposure,,false,false,,rule_fallback_v0,2933,4095,2507,3139,20,30,30,27.7,64.3,true,unclassified,1780306189112
2165,node_01,1780306190,data_collection,cooking_fume,exposure,,false,false,,rule_fallback_v0,2938,4095,2508,3139,19,29,29,27.7,64.3,true,unclassified,1780306190136
2166,node_01,1780306191,data_collection,cooking_fume,exposure,,false,false,,rule_fallback_v0,2931,4095,2509,3139,19,29,29,27.7,64.3,true,unclassified,1780306191259
2167,node_01,1780306192,data_collection,cooking_fume,exposure,,false,false,,rule_fallback_v0,2935,4095,2509,3139,19,29,29,27.7,64.3,true,unclassified,1780306192283
2168,node_01,1780306193,data_collection,cooking_fume,exposure,,false,false,,rule_fallback_v0,2929,4095,2509,3139,19,29,29,27.7,64.5,true,unclassified,1780306193512
2169,node_01,1780306194,data_collection,cooking_fume,exposure,,false,false,,rule_fallback_v0,2937,4095,2510,3139,19,29,29,27.7,64.5,true,unclassified,1780306194332
2170,node_01,1780306195,data_collection,cooking_fume,exposure,,false,false,,rule_fallback_v0,2933,4095,2508,3139,19,29,29,27.7,64.5,true,unclassified,1780306195360
2171,node_01,1780306196,data_collection,cooking_fume,exposure,,false,false,,rule_fallback_v0,2940,4095,2509,3139,19,29,29,27.7,64.4,true,unclassified,1780306196482
2172,node_01,1780306198,data_collection,cooking_fume,exposure,,false,false,,rule_fallback_v0,2930,4095,2511,3139,19,29,29,27.7,64.4,true,unclassified,1780306197506
2173,node_01,1780306199,data_collection,cooking_fume,exposure,,false,false,,rule_fallback_v0,2932,4095,2508,3139,20,30,30,27.7,64.4,true,unclassified,1780306198531
2174,node_01,1780306200,data_collection,cooking_fume,exposure,,false,false,,rule_fallback_v0,2930,4095,2508,3139,20,30,30,27.7,64.4,true,unclassified,1780306199556
2175,node_01,1780306201,data_collection,cooking_fume,exposure,,false,false,,rule_fallback_v0,2937,4095,2507,3139,20,30,30,27.7,64.4,true,unclassified,1780306200595
2176,node_01,1780306202,data_collection,cooking_fume,exposure,,false,false,,rule_fallback_v0,2928,4095,2508,3139,19,29,29,27.7,64.4,true,unclassified,1780306201632
2177,node_01,1780306203,data_collection,cooking_fume,exposure,,false,false,,rule_fallback_v0,2936,4095,2507,3139,19,29,30,27.7,64.5,true,unclassified,1780306202730
2178,node_01,1780306204,data_collection,cooking_fume,exposure,,false,false,,rule_fallback_v0,2928,4095,2507,3139,19,29,30,27.7,64.5,true,unclassified,1780306203752
2179,node_01,1780306205,data_collection,cooking_fume,exposure,,false,false,,rule_fallback_v0,2938,4095,2507,3139,20,30,31,27.7,64.5,true,unclassified,1780306204776
2180,node_01,1780306206,data_collection,cooking_fume,exposure,,false,false,,rule_fallback_v0,2932,4095,2507,3139,20,30,33,27.8,64.7,true,unclassified,1780306205902
2181,node_01,1780306207,data_collection,cooking_fume,exposure,,false,false,,rule_fallback_v0,2935,4095,2506,3139,20,32,33,27.8,64.7,true,unclassified,1780306206856
2182,node_01,1780306208,data_collection,cooking_fume,exposure,,false,false,,rule_fallback_v0,2933,4095,2507,3139,19,31,32,27.8,64.7,true,unclassified,1780306207951
2183,node_01,1780306209,data_collection,cooking_fume,exposure,,false,false,,rule_fallback_v0,2935,4095,2510,3139,19,31,32,27.8,64.8,true,unclassified,1780306209180
2184,node_01,1780306210,data_collection,cooking_fume,exposure,,false,false,,rule_fallback_v0,2929,4095,2510,3139,19,31,32,27.8,64.8,true,unclassified,1780306210024
2185,node_01,1780306211,data_collection,cooking_fume,exposure,,false,false,,rule_fallback_v0,2933,4095,2508,3139,19,29,30,27.8,64.8,true,unclassified,1780306211126
2186,node_01,1780306212,data_collection,cooking_fume,exposure,,false,false,,rule_fallback_v0,2932,4095,2509,3139,19,29,30,27.8,64.8,true,unclassified,1780306212148
2187,node_01,1780306213,data_collection,cooking_fume,exposure,,false,false,,rule_fallback_v0,2933,4095,2508,3139,19,29,30,27.8,64.8,true,unclassified,1780306213173
2188,node_01,1780306214,data_collection,cooking_fume,exposure,,false,false,,rule_fallback_v0,2930,4095,2510,3139,20,30,31,27.8,64.8,true,unclassified,1780306214198
2189,node_01,1780306215,data_collection,cooking_fume,exposure,,false,false,,rule_fallback_v0,2939,4095,2509,3139,20,30,31,27.8,64.8,true,unclassified,1780306215251
2190,node_01,1780306216,data_collection,cooking_fume,exposure,,false,false,,rule_fallback_v0,2928,4095,2508,3139,20,32,33,27.8,64.8,true,unclassified,1780306216348
2191,node_01,1780306217,data_collection,cooking_fume,exposure,,false,false,,rule_fallback_v0,2937,4095,2508,3139,20,32,33,27.8,64.8,true,unclassified,1780306217305
2192,node_01,1780306218,data_collection,cooking_fume,exposure,,false,false,,rule_fallback_v0,2929,4095,2507,3139,20,32,33,27.8,65,true,unclassified,1780306218361
2193,node_01,1780306219,data_collection,cooking_fume,exposure,,false,false,,rule_fallback_v0,2935,4095,2507,3139,19,31,32,27.8,65,true,unclassified,1780306219424
2194,node_01,1780306221,data_collection,cooking_fume,exposure,,false,false,,rule_fallback_v0,2929,4095,2507,3139,19,31,32,27.8,65,true,unclassified,1780306220546
2195,node_01,1780306222,data_collection,cooking_fume,exposure,,false,false,,rule_fallback_v0,2934,4095,2511,3139,19,31,33,27.8,64.7,true,unclassified,1780306221570
2196,node_01,1780306223,data_collection,cooking_fume,exposure,,false,false,,rule_fallback_v0,2932,4095,2508,3139,19,31,33,27.8,64.7,true,unclassified,1780306222600
2197,node_01,1780306224,data_collection,cooking_fume,exposure,,false,false,,rule_fallback_v0,2932,4095,2509,3139,19,31,33,27.8,64.7,true,unclassified,1780306223622
2198,node_01,1780306225,data_collection,cooking_fume,exposure,,false,false,,rule_fallback_v0,2932,4095,2509,3139,19,31,33,27.8,64.8,true,unclassified,1780306224621
2199,node_01,1780306226,data_collection,cooking_fume,exposure,,false,false,,rule_fallback_v0,2934,4095,2507,3139,20,32,34,27.8,64.8,true,unclassified,1780306225665
2200,node_01,1780306227,data_collection,cooking_fume,exposure,,false,false,,rule_fallback_v0,2929,4095,2507,3139,20,32,34,27.8,64.8,true,unclassified,1780306226713
2201,node_01,1780306228,data_collection,cooking_fume,exposure,,false,false,,rule_fallback_v0,2935,4095,2511,3139,20,32,34,27.8,64.8,true,unclassified,1780306227816
2202,node_01,1780306229,data_collection,cooking_fume,exposure,,false,false,,rule_fallback_v0,2932,4095,2507,3139,20,31,33,27.8,64.8,true,unclassified,1780306228840
2203,node_01,1780306230,data_collection,cooking_fume,exposure,,false,false,,rule_fallback_v0,2933,4095,2508,3139,19,31,33,27.8,64.8,true,unclassified,1780306229845
2204,node_01,1780306231,data_collection,cooking_fume,exposure,,false,false,,rule_fallback_v0,2929,4095,2507,3139,19,31,33,27.8,64.5,true,unclassified,1780306230892
2205,node_01,1780306232,data_collection,cooking_fume,exposure,,false,false,,rule_fallback_v0,2937,4095,2507,3139,19,31,33,27.8,64.5,true,unclassified,1780306232014
2206,node_01,1780306233,data_collection,cooking_fume,exposure,,false,false,,rule_fallback_v0,2931,4095,2509,3139,19,31,33,27.8,64.5,true,unclassified,1780306233039
2207,node_01,1780306234,data_collection,cooking_fume,exposure,,false,false,,rule_fallback_v0,2935,4095,2507,3139,19,31,33,27.8,64.6,true,unclassified,1780306234062
2208,node_01,1780306235,data_collection,cooking_fume,exposure,,false,false,,rule_fallback_v0,2933,4095,2509,3139,20,32,34,27.8,64.6,true,unclassified,1780306235071
2209,node_01,1780306236,data_collection,cooking_fume,exposure,,false,false,,rule_fallback_v0,2931,4095,2506,3139,20,32,34,27.8,64.6,true,unclassified,1780306236214
2210,node_01,1780306237,data_collection,cooking_fume,exposure,,false,false,,rule_fallback_v0,2929,4095,2510,3139,19,31,33,27.8,64.4,true,unclassified,1780306237238
2211,node_01,1780306238,data_collection,cooking_fume,exposure,,false,false,,rule_fallback_v0,2932,4095,2508,3139,19,31,33,27.8,64.4,true,unclassified,1780306238261
2212,node_01,1780306239,data_collection,cooking_fume,exposure,,false,false,,rule_fallback_v0,2929,4095,2509,3139,19,31,33,27.8,64.4,true,unclassified,1780306239257
2213,node_01,1780306240,data_collection,cooking_fume,exposure,,false,false,,rule_fallback_v0,2936,4095,2511,3139,19,31,33,27.8,64.3,true,unclassified,1780306240310
2214,node_01,1780306241,data_collection,cooking_fume,exposure,,false,false,,rule_fallback_v0,2930,4095,2509,3139,19,31,33,27.8,64.3,true,unclassified,1780306241437
2215,node_01,1780306242,data_collection,cooking_fume,exposure,,false,false,,rule_fallback_v0,2935,4095,2505,3139,19,31,32,27.8,64.3,true,unclassified,1780306242459
2216,node_01,1780306244,data_collection,cooking_fume,exposure,,false,false,,rule_fallback_v0,2932,4095,2510,3139,20,32,33,27.8,64.3,true,unclassified,1780306243483
2217,node_01,1780306245,data_collection,cooking_fume,exposure,,false,false,,rule_fallback_v0,2937,4095,2508,3139,20,32,33,27.8,64.3,true,unclassified,1780306244508
2218,node_01,1780306246,data_collection,cooking_fume,exposure,,false,false,,rule_fallback_v0,2935,4095,2509,3139,20,32,34,27.8,64.3,true,unclassified,1780306245527
2219,node_01,1780306247,data_collection,cooking_fume,exposure,,false,false,,rule_fallback_v0,2934,4095,2508,3139,20,32,34,27.8,64.3,true,unclassified,1780306246658
2220,node_01,1780306248,data_collection,cooking_fume,exposure,,false,false,,rule_fallback_v0,2932,4095,2511,3139,20,32,34,27.8,64.3,true,unclassified,1780306247682
2221,node_01,1780306249,data_collection,cooking_fume,exposure,,false,false,,rule_fallback_v0,2934,4095,2508,3139,20,32,34,27.8,64.3,true,unclassified,1780306248656
2222,node_01,1780306250,data_collection,cooking_fume,exposure,,false,false,,rule_fallback_v0,2927,4095,2510,3139,20,32,34,27.9,64.2,true,unclassified,1780306249730
2223,node_01,1780306251,data_collection,cooking_fume,exposure,,false,false,,rule_fallback_v0,2936,4095,2508,3139,20,32,34,27.9,64.2,true,unclassified,1780306250755
2224,node_01,1780306252,data_collection,cooking_fume,exposure,,false,false,,rule_fallback_v0,2932,4095,2509,3139,20,32,34,27.9,64.2,true,unclassified,1780306251793
2225,node_01,1780306253,data_collection,cooking_fume,exposure,,false,false,,rule_fallback_v0,2936,4095,2508,3139,20,32,34,27.8,64.3,true,unclassified,1780306252905
2226,node_01,1780306254,data_collection,cooking_fume,exposure,,false,false,,rule_fallback_v0,2930,4095,2507,3139,20,32,34,27.8,64.3,true,unclassified,1780306253888
2227,node_01,1780306255,data_collection,cooking_fume,exposure,,false,false,,rule_fallback_v0,2933,4095,2510,3139,20,32,34,27.8,64.3,true,unclassified,1780306254929
2228,node_01,1780306256,data_collection,cooking_fume,exposure,,false,false,,rule_fallback_v0,2929,4095,2510,3139,19,31,33,27.8,64.2,true,unclassified,1780306256078
2229,node_01,1780306257,data_collection,cooking_fume,exposure,,false,false,,rule_fallback_v0,2932,4095,2509,3139,19,31,33,27.8,64.2,true,unclassified,1780306257103
2230,node_01,1780306258,data_collection,cooking_fume,exposure,,false,false,,rule_fallback_v0,2931,4095,2508,3139,20,32,34,27.8,64.2,true,unclassified,1780306258126
2231,node_01,1780306259,data_collection,cooking_fume,exposure,,false,false,,rule_fallback_v0,2930,4095,2510,3139,20,33,35,27.8,64.2,true,unclassified,1780306259150
2232,node_01,1780306260,data_collection,cooking_fume,exposure,,false,false,,rule_fallback_v0,2931,4095,2509,3139,19,33,35,27.8,64.2,true,unclassified,1780306260175
2233,node_01,1780306261,data_collection,cooking_fume,exposure,,false,false,,rule_fallback_v0,2936,4095,2508,3139,18,32,34,27.8,64.2,true,unclassified,1780306261303
2234,node_01,1780306262,data_collection,cooking_fume,exposure,,false,false,,rule_fallback_v0,2927,4095,2509,3139,18,32,34,27.8,64.2,true,unclassified,1780306262326
2235,node_01,1780306263,data_collection,cooking_fume,exposure,,false,false,,rule_fallback_v0,2933,4095,2507,3139,18,32,34,27.8,64.2,true,unclassified,1780306263350
2236,node_01,1780306264,data_collection,cooking_fume,exposure,,false,false,,rule_fallback_v0,2929,4095,2510,3139,18,32,34,27.8,64.2,true,unclassified,1780306264373
2237,node_01,1780306265,data_collection,cooking_fume,exposure,,false,false,,rule_fallback_v0,2940,4095,2510,3139,18,32,34,27.9,64.1,true,unclassified,1780306265398
2238,node_01,1780306267,data_collection,cooking_fume,exposure,,false,false,,rule_fallback_v0,2932,4095,2508,3139,18,32,34,27.9,64.1,true,unclassified,1780306266524
2239,node_01,1780306268,data_collection,cooking_fume,exposure,,false,false,,rule_fallback_v0,2936,4095,2509,3139,19,33,36,27.9,64.1,true,unclassified,1780306267547
2240,node_01,1780306269,data_collection,cooking_fume,exposure,,false,false,,rule_fallback_v0,2933,4095,2508,3139,19,33,36,27.9,63.9,true,unclassified,1780306268571
2241,node_01,1780306270,data_collection,cooking_fume,exposure,,false,false,,rule_fallback_v0,2942,4095,2509,3139,19,33,36,27.9,63.9,true,unclassified,1780306269594
2242,node_01,1780306271,data_collection,cooking_fume,exposure,,false,false,,rule_fallback_v0,2931,4095,2509,3139,18,32,35,27.9,63.9,true,unclassified,1780306270603
2243,node_01,1780306272,data_collection,cooking_fume,exposure,,false,false,,rule_fallback_v0,2937,4095,2510,3139,18,32,36,27.8,63.8,true,unclassified,1780306271731
2244,node_01,1780306273,data_collection,cooking_fume,exposure,,false,false,,rule_fallback_v0,2935,4095,2508,3139,18,32,36,27.8,63.8,true,unclassified,1780306272770
2245,node_01,1780306274,data_collection,cooking_fume,exposure,,false,false,,rule_fallback_v0,2935,4095,2510,3139,18,32,36,27.8,63.8,true,unclassified,1780306273795
2246,node_01,1780306275,data_collection,cooking_fume,exposure,,false,false,,rule_fallback_v0,2929,4095,2508,3139,17,33,37,27.9,63.7,true,unclassified,1780306274822
2247,node_01,1780306276,data_collection,cooking_fume,exposure,,false,false,,rule_fallback_v0,2937,4095,2509,3139,17,33,37,27.9,63.7,true,unclassified,1780306275843
2248,node_01,1780306277,data_collection,cooking_fume,exposure,,false,false,,rule_fallback_v0,2929,4095,2512,3139,18,34,38,27.9,63.7,true,unclassified,1780306276880
2249,node_01,1780306278,data_collection,cooking_fume,exposure,,false,false,,rule_fallback_v0,2934,4095,2510,3139,18,34,38,27.9,63.8,true,unclassified,1780306277960
2250,node_01,1780306279,data_collection,cooking_fume,exposure,,false,false,,rule_fallback_v0,2933,4095,2507,3139,17,33,37,27.9,63.8,true,unclassified,1780306278962
2251,node_01,1780306280,data_collection,cooking_fume,exposure,,false,false,,rule_fallback_v0,2936,4095,2508,3139,17,33,37,27.9,63.8,true,unclassified,1780306280040
2252,node_01,1780306281,data_collection,cooking_fume,exposure,,false,false,,rule_fallback_v0,2931,4095,2511,3139,17,33,37,27.9,63.9,true,unclassified,1780306281065
2253,node_01,1780306282,data_collection,cooking_fume,exposure,,false,false,,rule_fallback_v0,2937,4095,2508,3139,17,32,36,27.9,63.9,true,unclassified,1780306282190
2254,node_01,1780306283,data_collection,cooking_fume,exposure,,false,false,,rule_fallback_v0,2934,4095,2508,3139,17,32,36,27.9,63.9,true,unclassified,1780306283214
2255,node_01,1780306284,data_collection,cooking_fume,exposure,,false,false,,rule_fallback_v0,2939,4095,2510,3139,17,32,36,27.9,63.8,true,unclassified,1780306284239
2256,node_01,1780306285,data_collection,cooking_fume,exposure,,false,false,,rule_fallback_v0,2928,4095,2509,3139,17,32,36,27.9,63.8,true,unclassified,1780306285262
2257,node_01,1780306286,data_collection,cooking_fume,exposure,,false,false,,rule_fallback_v0,2936,4095,2509,3139,18,32,36,27.9,63.8,true,unclassified,1780306286388
2258,node_01,1780306287,data_collection,cooking_fume,exposure,,false,false,,rule_fallback_v0,2935,4095,2510,3139,18,32,36,27.9,63.7,true,unclassified,1780306287413
2259,node_01,1780306288,data_collection,cooking_fume,exposure,,false,false,,rule_fallback_v0,2937,4095,2511,3139,19,33,37,27.9,63.7,true,unclassified,1780306288436
2260,node_01,1780306290,data_collection,cooking_fume,exposure,,false,false,,rule_fallback_v0,2931,4095,2507,3139,19,33,37,27.9,63.7,true,unclassified,1780306289414
2261,node_01,1780306291,data_collection,cooking_fume,exposure,,false,false,,rule_fallback_v0,2935,4095,2508,3139,19,33,37,27.8,63.8,true,unclassified,1780306290487
2262,node_01,1780306292,data_collection,cooking_fume,exposure,,false,false,,rule_fallback_v0,2933,4095,2510,3139,19,33,37,27.8,63.8,true,unclassified,1780306291611
2263,node_01,1780306293,data_collection,cooking_fume,exposure,,false,false,,rule_fallback_v0,2934,4095,2506,3139,19,33,37,27.8,63.8,true,unclassified,1780306292635
2264,node_01,1780306294,data_collection,cooking_fume,exposure,,false,false,,rule_fallback_v0,2932,4095,2508,3139,19,33,37,27.9,63.9,true,unclassified,1780306293597
2265,node_01,1780306295,data_collection,cooking_fume,exposure,,false,false,,rule_fallback_v0,2933,4095,2508,3139,19,33,37,27.9,63.9,true,unclassified,1780306294689
2266,node_01,1780306296,data_collection,cooking_fume,exposure,,false,false,,rule_fallback_v0,2930,4095,2509,3139,19,33,37,27.9,63.9,true,unclassified,1780306295684
2267,node_01,1780306297,data_collection,cooking_fume,exposure,,false,false,,rule_fallback_v0,2941,4095,2509,3139,19,33,37,27.9,63.8,true,unclassified,1780306296835
2268,node_01,1780306298,data_collection,cooking_fume,exposure,,false,false,,rule_fallback_v0,2930,4095,2511,3139,18,32,36,27.9,63.8,true,unclassified,1780306297791
2269,node_01,1780306299,data_collection,cooking_fume,exposure,,false,false,,rule_fallback_v0,2938,4095,2507,3139,18,32,36,27.9,63.8,true,unclassified,1780306298882
2270,node_01,1780306300,data_collection,cooking_fume,exposure,,false,false,,rule_fallback_v0,2933,4095,2508,3139,19,33,37,27.9,63.9,true,unclassified,1780306299906
2271,node_01,1780306301,data_collection,cooking_fume,exposure,,false,false,,rule_fallback_v0,2937,4095,2509,3139,19,33,37,27.9,63.9,true,unclassified,1780306300913
2272,node_01,1780306302,data_collection,cooking_fume,exposure,,false,false,,rule_fallback_v0,2927,4095,2509,3139,19,33,36,27.9,63.9,true,unclassified,1780306301955
2273,node_01,1780306303,data_collection,cooking_fume,exposure,,false,false,,rule_fallback_v0,2937,4095,2509,3139,19,33,36,27.9,63.9,true,unclassified,1780306303000
2274,node_01,1780306304,data_collection,cooking_fume,exposure,,false,false,,rule_fallback_v0,2932,4095,2508,3139,19,33,36,27.9,63.9,true,unclassified,1780306304104
2275,node_01,1780306305,data_collection,cooking_fume,exposure,,false,false,,rule_fallback_v0,2937,4095,2509,3139,19,33,36,27.9,63.9,true,unclassified,1780306305128
2276,node_01,1780306306,data_collection,cooking_fume,exposure,,false,false,,rule_fallback_v0,2932,4095,2508,3139,19,33,36,27.9,64,true,unclassified,1780306306151
2277,node_01,1780306307,data_collection,cooking_fume,exposure,,false,false,,rule_fallback_v0,2936,4095,2510,3139,19,33,36,27.9,64,true,unclassified,1780306307278
2278,node_01,1780306308,data_collection,cooking_fume,exposure,,false,false,,rule_fallback_v0,2934,4095,2512,3139,19,33,37,27.9,64,true,unclassified,1780306308302
2279,node_01,1780306309,data_collection,cooking_fume,exposure,,false,false,,rule_fallback_v0,2936,4095,2511,3139,18,33,36,27.9,64,true,unclassified,1780306309325
2280,node_01,1780306310,data_collection,cooking_fume,exposure,,false,false,,rule_fallback_v0,2931,4095,2510,3139,18,33,36,27.9,64,true,unclassified,1780306310349
2281,node_01,1780306311,data_collection,cooking_fume,exposure,,false,false,,rule_fallback_v0,2936,4095,2507,3139,18,33,36,27.9,64,true,unclassified,1780306311375
2282,node_01,1780306312,data_collection,cooking_fume,exposure,,false,false,,rule_fallback_v0,2932,4095,2508,3139,19,34,38,27.9,64.1,true,unclassified,1780306312501
2283,node_01,1780306314,data_collection,cooking_fume,exposure,,false,false,,rule_fallback_v0,2935,4095,2509,3139,19,34,38,27.9,64.1,true,unclassified,1780306313450
2284,node_01,1780306315,data_collection,cooking_fume,exposure,,false,false,,rule_fallback_v0,2931,4095,2510,3139,19,34,38,27.9,64.1,true,unclassified,1780306314550
2285,node_01,1780306316,data_collection,cooking_fume,exposure,,false,false,,rule_fallback_v0,2940,4095,2509,3139,19,35,38,27.9,64.2,true,unclassified,1780306315572
2286,node_01,1780306317,data_collection,cooking_fume,exposure,,false,false,,rule_fallback_v0,2934,4095,2508,3139,19,35,38,27.9,64.2,true,unclassified,1780306316699
2287,node_01,1780306318,data_collection,cooking_fume,exposure,,false,false,,rule_fallback_v0,2938,4095,2510,3139,19,35,39,27.9,64.2,true,unclassified,1780306317722
2288,node_01,1780306319,data_collection,cooking_fume,exposure,,false,false,,rule_fallback_v0,2930,4095,2508,3139,19,35,39,27.9,64.2,true,unclassified,1780306318849
2289,node_01,1780306320,data_collection,cooking_fume,exposure,,false,false,,rule_fallback_v0,2939,4095,2510,3139,19,35,39,27.9,64.2,true,unclassified,1780306319771
2290,node_01,1780306321,data_collection,cooking_fume,exposure,,false,false,,rule_fallback_v0,2929,4095,2508,3139,19,35,39,27.9,64.2,true,unclassified,1780306320767
2291,node_01,1780306322,data_collection,cooking_fume,exposure,,false,false,,rule_fallback_v0,2935,4095,2508,3139,19,35,39,27.9,64.2,true,unclassified,1780306321818
2292,node_01,1780306323,data_collection,cooking_fume,exposure,,false,false,,rule_fallback_v0,2931,4095,2508,3139,19,34,39,27.9,64.2,true,unclassified,1780306322947
2293,node_01,1780306324,data_collection,cooking_fume,exposure,,false,false,,rule_fallback_v0,2935,4095,2507,3139,19,34,39,27.9,64.2,true,unclassified,1780306323900
2294,node_01,1780306325,data_collection,cooking_fume,exposure,,false,false,,rule_fallback_v0,2931,4095,2509,3139,19,34,39,27.9,64.3,true,unclassified,1780306324995
2295,node_01,1780306326,data_collection,cooking_fume,exposure,,false,false,,rule_fallback_v0,2938,4095,2507,3139,19,34,39,27.9,64.3,true,unclassified,1780306326017
2296,node_01,1780306327,data_collection,cooking_fume,exposure,,false,false,,rule_fallback_v0,2934,4095,2509,3139,18,33,37,27.9,64.3,true,unclassified,1780306327037
2297,node_01,1780306328,data_collection,cooking_fume,exposure,,false,false,,rule_fallback_v0,2937,4095,2509,3139,18,33,37,27.9,64.3,true,unclassified,1780306328167
2298,node_01,1780306329,data_collection,cooking_fume,exposure,,false,false,,rule_fallback_v0,2933,4095,2510,3139,18,33,36,27.9,64.3,true,unclassified,1780306329191
2299,node_01,1780306330,data_collection,cooking_fume,exposure,,false,false,,rule_fallback_v0,2937,4095,2508,3139,18,32,36,27.9,64.3,true,unclassified,1780306330220
2300,node_01,1780306331,data_collection,cooking_fume,exposure,,false,false,,rule_fallback_v0,2930,4095,2507,3139,18,32,36,27.9,64.2,true,unclassified,1780306331239
2301,node_01,1780306332,data_collection,cooking_fume,exposure,,false,false,,rule_fallback_v0,2939,4095,2506,3139,18,32,35,27.9,64.2,true,unclassified,1780306332264
2302,node_01,1780306333,data_collection,cooking_fume,exposure,,false,false,,rule_fallback_v0,2930,4095,2509,3139,18,32,35,27.9,64.2,true,unclassified,1780306333391
2303,node_01,1780306334,data_collection,cooking_fume,exposure,,false,false,,rule_fallback_v0,2937,4095,2507,3139,18,32,35,27.9,64.3,true,unclassified,1780306334413
2304,node_01,1780306335,data_collection,cooking_fume,exposure,,false,false,,rule_fallback_v0,2929,4095,2508,3139,18,32,35,27.9,64.3,true,unclassified,1780306335436
2305,node_01,1780306337,data_collection,cooking_fume,exposure,,false,false,,rule_fallback_v0,2943,4095,2508,3139,19,33,36,27.9,64.3,true,unclassified,1780306336461
2306,node_01,1780306338,data_collection,cooking_fume,exposure,,false,false,,rule_fallback_v0,2932,4095,2507,3139,19,33,36,27.9,64.2,true,unclassified,1780306337588
2307,node_01,1780306339,data_collection,cooking_fume,exposure,,false,false,,rule_fallback_v0,2936,4095,2508,3139,19,33,36,27.9,64.2,true,unclassified,1780306338604
2308,node_01,1780306340,data_collection,cooking_fume,exposure,,false,false,,rule_fallback_v0,2932,4095,2510,3139,20,33,36,27.9,64.2,true,unclassified,1780306339578
2309,node_01,1780306341,data_collection,cooking_fume,exposure,,false,false,,rule_fallback_v0,2937,4095,2510,3139,20,33,36,28,64.2,true,unclassified,1780306340660
2310,node_01,1780306342,data_collection,cooking_fume,exposure,,false,false,,rule_fallback_v0,2927,4095,2511,3139,20,33,36,28,64.2,true,unclassified,1780306341671
2311,node_01,1780306343,data_collection,cooking_fume,exposure,,false,false,,rule_fallback_v0,2934,4095,2510,3139,20,34,37,28,64.2,true,unclassified,1780306342811
2312,node_01,1780306344,data_collection,cooking_fume,exposure,,false,false,,rule_fallback_v0,2931,4095,2508,3139,20,34,37,28,64.3,true,unclassified,1780306343835
2313,node_01,1780306345,data_collection,cooking_fume,exposure,,false,false,,rule_fallback_v0,2932,4095,2509,3139,19,33,36,28,64.3,true,unclassified,1780306344859
2314,node_01,1780306346,data_collection,cooking_fume,exposure,,false,false,,rule_fallback_v0,2931,4095,2511,3139,19,33,36,28,64.3,true,unclassified,1780306345850
2315,node_01,1780306347,data_collection,cooking_fume,exposure,,false,false,,rule_fallback_v0,2937,4095,2507,3139,19,33,36,27.9,64.4,true,unclassified,1780306346907
2316,node_01,1780306348,data_collection,cooking_fume,exposure,,false,false,,rule_fallback_v0,2933,4095,2512,3139,19,33,36,27.9,64.4,true,unclassified,1780306347942
2317,node_01,1780306349,data_collection,cooking_fume,exposure,,false,false,,rule_fallback_v0,2933,4095,2507,3139,19,34,37,27.9,64.4,true,unclassified,1780306348982
2318,node_01,1780306350,data_collection,cooking_fume,exposure,,false,false,,rule_fallback_v0,2933,4095,2509,3139,19,34,37,27.9,64.3,true,unclassified,1780306350083
2319,node_01,1780306351,data_collection,cooking_fume,exposure,,false,false,,rule_fallback_v0,2934,4095,2510,3139,19,34,37,27.9,64.3,true,unclassified,1780306351074
2320,node_01,1780306352,data_collection,cooking_fume,exposure,,false,false,,rule_fallback_v0,2930,4095,2510,3139,19,34,37,27.9,64.3,true,unclassified,1780306352115
2321,node_01,1780306353,data_collection,cooking_fume,exposure,,false,false,,rule_fallback_v0,2937,4095,2510,3139,19,34,37,28,64.4,true,unclassified,1780306353255
2322,node_01,1780306354,data_collection,cooking_fume,exposure,,false,false,,rule_fallback_v0,2932,4095,2507,3139,19,34,37,28,64.4,true,unclassified,1780306354286
2323,node_01,1780306355,data_collection,cooking_fume,exposure,,false,false,,rule_fallback_v0,2937,4095,2511,3139,19,34,37,28,64.4,true,unclassified,1780306355308
2324,node_01,1780306356,data_collection,cooking_fume,exposure,,false,false,,rule_fallback_v0,2928,4095,2509,3139,19,34,37,27.9,64.3,true,unclassified,1780306356298
2325,node_01,1780306357,data_collection,cooking_fume,exposure,,false,false,,rule_fallback_v0,2937,4095,2510,3139,19,34,37,27.9,64.3,true,unclassified,1780306357454
2326,node_01,1780306358,data_collection,cooking_fume,exposure,,false,false,,rule_fallback_v0,2931,4095,2509,3139,20,34,38,27.9,64.3,true,unclassified,1780306358477
2327,node_01,1780306360,data_collection,cooking_fume,exposure,,false,false,,rule_fallback_v0,2939,4095,2508,3139,20,34,38,28,64.2,true,unclassified,1780306359433
2328,node_01,1780306361,data_collection,cooking_fume,exposure,,false,false,,rule_fallback_v0,2930,4095,2508,3139,21,35,39,28,64.2,true,unclassified,1780306360526
2329,node_01,1780306362,data_collection,cooking_fume,exposure,,false,false,,rule_fallback_v0,2938,4095,2511,3139,21,35,39,28,64.2,true,unclassified,1780306361550
2330,node_01,1780306363,data_collection,cooking_fume,exposure,,false,false,,rule_fallback_v0,2929,4095,2511,3139,20,35,39,28,64.1,true,unclassified,1780306362608
2331,node_01,1780306364,data_collection,cooking_fume,exposure,,false,false,,rule_fallback_v0,2935,4095,2510,3139,20,35,39,28,64.1,true,unclassified,1780306363699
2332,node_01,1780306365,data_collection,cooking_fume,exposure,,false,false,,rule_fallback_v0,2931,4095,2509,3139,20,34,39,28,64.1,true,unclassified,1780306364725
2333,node_01,1780306366,data_collection,cooking_fume,exposure,,false,false,,rule_fallback_v0,2938,4095,2510,3139,19,33,38,28,63.9,true,unclassified,1780306365706
2334,node_01,1780306367,data_collection,cooking_fume,exposure,,false,false,,rule_fallback_v0,2932,4095,2512,3139,19,33,38,28,63.9,true,unclassified,1780306366773
2335,node_01,1780306368,data_collection,cooking_fume,exposure,,false,false,,rule_fallback_v0,2936,4095,2508,3139,19,33,38,28,63.9,true,unclassified,1780306367905
2336,node_01,1780306369,data_collection,cooking_fume,exposure,,false,false,,rule_fallback_v0,2929,4095,2510,3139,19,33,38,28,64.1,true,unclassified,1780306368837
2337,node_01,1780306370,data_collection,cooking_fume,exposure,,false,false,,rule_fallback_v0,2937,4095,2507,3139,19,33,38,28,64.1,true,unclassified,1780306369946
2338,node_01,1780306371,data_collection,cooking_fume,exposure,,false,false,,rule_fallback_v0,2933,4095,2509,3139,19,33,38,28,64.1,true,unclassified,1780306370927
2339,node_01,1780306372,data_collection,cooking_fume,exposure,,false,false,,rule_fallback_v0,2935,4095,2509,3139,19,33,38,28,64.1,true,unclassified,1780306371978
2340,node_01,1780306373,data_collection,cooking_fume,exposure,,false,false,,rule_fallback_v0,2929,4095,2509,3139,19,33,38,28,64.1,true,unclassified,1780306373121
2341,node_01,1780306374,data_collection,cooking_fume,exposure,,false,false,,rule_fallback_v0,2941,4095,2509,3139,19,33,38,28,64.1,true,unclassified,1780306374144
2342,node_01,1780306375,data_collection,cooking_fume,exposure,,false,false,,rule_fallback_v0,2927,4095,2508,3139,19,33,38,28,64.1,true,unclassified,1780306375170
2343,node_01,1780306376,data_collection,cooking_fume,exposure,,false,false,,rule_fallback_v0,2938,4095,2509,3139,19,33,38,28,64.1,true,unclassified,1780306376153
2344,node_01,1780306377,data_collection,cooking_fume,exposure,,false,false,,rule_fallback_v0,2931,4095,2508,3139,19,33,38,28,64.1,true,unclassified,1780306377197
2345,node_01,1780306378,data_collection,cooking_fume,exposure,,false,false,,rule_fallback_v0,2935,4095,2508,3139,20,33,38,28,64.2,true,unclassified,1780306378344
2346,node_01,1780306379,data_collection,cooking_fume,exposure,,false,false,,rule_fallback_v0,2928,4095,2512,3139,20,33,38,28,64.2,true,unclassified,1780306379367
2347,node_01,1780306380,data_collection,cooking_fume,exposure,,false,false,,rule_fallback_v0,2939,4095,2508,3139,20,33,38,28,64.2,true,unclassified,1780306380333
2348,node_01,1780306381,data_collection,cooking_fume,exposure,,false,false,,rule_fallback_v0,2931,4095,2508,3139,21,35,40,28,64.3,true,unclassified,1780306381415
2349,node_01,1780306383,data_collection,cooking_fume,exposure,,false,false,,rule_fallback_v0,2933,4095,2508,3139,21,35,40,28,64.3,true,unclassified,1780306382440
2350,node_01,1780306384,data_collection,cooking_fume,exposure,,false,false,,rule_fallback_v0,2931,4095,2509,3139,20,34,40,28,64.3,true,unclassified,1780306383482
2351,node_01,1780306385,data_collection,cooking_fume,exposure,,false,false,,rule_fallback_v0,2935,4095,2510,3139,21,34,41,28,64.3,true,unclassified,1780306384514
2352,node_01,1780306386,data_collection,cooking_fume,exposure,,false,false,,rule_fallback_v0,2928,4095,2506,3139,21,35,41,28,64.3,true,unclassified,1780306385574
2353,node_01,1780306387,data_collection,cooking_fume,exposure,,false,false,,rule_fallback_v0,2934,4095,2510,3139,21,35,42,28,64.3,true,unclassified,1780306386615
2354,node_01,1780306388,data_collection,cooking_fume,exposure,,false,false,,rule_fallback_v0,2931,4095,2509,3139,21,35,44,28,64.2,true,unclassified,1780306387663
2355,node_01,1780306389,data_collection,cooking_fume,exposure,,false,false,,rule_fallback_v0,2936,4095,2509,3139,21,35,44,28,64.2,true,unclassified,1780306388789
2356,node_01,1780306390,data_collection,cooking_fume,exposure,,false,false,,rule_fallback_v0,2935,4095,2509,3139,21,36,44,28,64.2,true,unclassified,1780306389812
2357,node_01,1780306391,data_collection,cooking_fume,exposure,,false,false,,rule_fallback_v0,2939,4095,2510,3139,21,36,44,28,64,true,unclassified,1780306390782
2358,node_01,1780306392,data_collection,cooking_fume,exposure,,false,false,,rule_fallback_v0,2934,4095,2509,3139,21,36,44,28,64,true,unclassified,1780306391860
2359,node_01,1780306393,data_collection,cooking_fume,exposure,,false,false,,rule_fallback_v0,2936,4095,2509,3139,21,36,44,28,64,true,unclassified,1780306392884
2360,node_01,1780306394,data_collection,cooking_fume,exposure,,false,false,,rule_fallback_v0,2931,4095,2510,3139,21,36,44,28,63.8,true,unclassified,1780306394010
2361,node_01,1780306395,data_collection,cooking_fume,exposure,,false,false,,rule_fallback_v0,2941,4095,2508,3139,21,36,44,28,63.8,true,unclassified,1780306395034
2362,node_01,1780306396,data_collection,cooking_fume,exposure,,false,false,,rule_fallback_v0,2934,4095,2509,3139,22,37,45,28,63.8,true,unclassified,1780306396006
2363,node_01,1780306397,data_collection,cooking_fume,exposure,,false,false,,rule_fallback_v0,2937,4095,2509,3139,22,38,45,28,63.5,true,unclassified,1780306397082
2364,node_01,1780306398,data_collection,cooking_fume,exposure,,false,false,,rule_fallback_v0,2929,4095,2510,3139,22,38,45,28,63.5,true,unclassified,1780306398108
2365,node_01,1780306399,data_collection,cooking_fume,exposure,,false,false,,rule_fallback_v0,2936,4095,2508,3139,22,38,45,28,63.5,true,unclassified,1780306399232
2366,node_01,1780306400,data_collection,cooking_fume,exposure,,false,false,,rule_fallback_v0,2928,4095,2509,3139,22,38,45,28,63.5,true,unclassified,1780306400256
2367,node_01,1780306401,data_collection,cooking_fume,exposure,,false,false,,rule_fallback_v0,2934,4095,2509,3139,22,39,46,28,63.5,true,unclassified,1780306401281
2368,node_01,1780306402,data_collection,cooking_fume,exposure,,false,false,,rule_fallback_v0,2933,4095,2509,3139,22,39,46,28,63.5,true,unclassified,1780306402275
2369,node_01,1780306403,data_collection,cooking_fume,exposure,,false,false,,rule_fallback_v0,2938,4095,2508,3139,22,39,46,28,63.3,true,unclassified,1780306403437
2370,node_01,1780306404,data_collection,cooking_fume,exposure,,false,false,,rule_fallback_v0,2931,4095,2510,3139,22,39,45,28,63.3,true,unclassified,1780306404455
2371,node_01,1780306406,data_collection,cooking_fume,exposure,,false,false,,rule_fallback_v0,2939,4095,2508,3139,22,39,45,28,63.3,true,unclassified,1780306405581
2372,node_01,1780306407,data_collection,cooking_fume,exposure,,false,false,,rule_fallback_v0,2931,4095,2510,3139,22,39,45,28,63.2,true,unclassified,1780306406469
2373,node_01,1780306408,data_collection,cooking_fume,exposure,,false,false,,rule_fallback_v0,2938,4095,2509,3139,22,39,45,28,63.2,true,unclassified,1780306407527
2374,node_01,1780306409,data_collection,cooking_fume,exposure,,false,false,,rule_fallback_v0,2934,4095,2509,3139,22,39,45,28,63.2,true,unclassified,1780306408553
2375,node_01,1780306410,data_collection,cooking_fume,exposure,,false,false,,rule_fallback_v0,2938,4095,2509,3139,22,39,45,28,63,true,unclassified,1780306409678
2376,node_01,1780306411,data_collection,cooking_fume,exposure,,false,false,,rule_fallback_v0,2934,4095,2507,3139,21,38,44,28,63,true,unclassified,1780306410639
2377,node_01,1780306412,data_collection,cooking_fume,exposure,,false,false,,rule_fallback_v0,2933,4095,2509,3139,21,37,44,28,63,true,unclassified,1780306411726
2378,node_01,1780306413,data_collection,cooking_fume,exposure,,false,false,,rule_fallback_v0,2927,4095,2512,3139,21,37,44,28,62.8,true,unclassified,1780306412749
2379,node_01,1780306414,data_collection,cooking_fume,exposure,,false,false,,rule_fallback_v0,2932,4095,2508,3139,21,37,44,28,62.8,true,unclassified,1780306413875
2380,node_01,1780306415,data_collection,cooking_fume,exposure,,false,false,,rule_fallback_v0,2931,4095,2509,3139,21,38,44,28,62.8,true,unclassified,1780306414817
2381,node_01,1780306416,data_collection,cooking_fume,exposure,,false,false,,rule_fallback_v0,2937,4095,2510,3139,21,38,44,28,62.8,true,unclassified,1780306415861
2382,node_01,1780306417,data_collection,cooking_fume,exposure,,false,false,,rule_fallback_v0,2932,4095,2509,3139,21,38,44,28,62.8,true,unclassified,1780306416953
2383,node_01,1780306418,data_collection,cooking_fume,exposure,,false,false,,rule_fallback_v0,2938,4095,2508,3139,21,38,44,28,62.8,true,unclassified,1780306417972
2384,node_01,1780306419,data_collection,cooking_fume,exposure,,false,false,,rule_fallback_v0,2930,4095,2506,3139,21,38,44,28,62.8,true,unclassified,1780306418994
2385,node_01,1780306420,data_collection,cooking_fume,exposure,,false,false,,rule_fallback_v0,2932,4095,2508,3139,22,39,45,28,62.8,true,unclassified,1780306420040
2386,node_01,1780306421,data_collection,cooking_fume,exposure,,false,false,,rule_fallback_v0,2933,4095,2510,3139,22,39,45,28,62.8,true,unclassified,1780306421084
2387,node_01,1780306422,data_collection,cooking_fume,exposure,,false,false,,rule_fallback_v0,2936,4095,2510,3139,22,39,45,28,62.7,true,unclassified,1780306422279
2388,node_01,1780306423,data_collection,cooking_fume,exposure,,false,false,,rule_fallback_v0,2934,4095,2510,3139,22,38,44,28,62.7,true,unclassified,1780306423196
2389,node_01,1780306424,data_collection,cooking_fume,exposure,,false,false,,rule_fallback_v0,2936,4095,2505,3139,22,38,44,28,62.7,true,unclassified,1780306424320
2390,node_01,1780306425,data_collection,cooking_fume,exposure,,false,false,,rule_fallback_v0,2933,4095,2508,3139,22,38,44,28,62.7,true,unclassified,1780306425321
2391,node_01,1780306426,data_collection,cooking_fume,exposure,,false,false,,rule_fallback_v0,2938,4095,2509,3139,22,38,44,28,62.7,true,unclassified,1780306426368
2392,node_01,1780306427,data_collection,cooking_fume,exposure,,false,false,,rule_fallback_v0,2933,4095,2508,3139,22,38,44,28,62.7,true,unclassified,1780306427353
2393,node_01,1780306428,data_collection,cooking_fume,exposure,,false,false,,rule_fallback_v0,2937,4095,2510,3139,23,39,45,28,62.6,true,unclassified,1780306428417
2394,node_01,1780306430,data_collection,cooking_fume,exposure,,false,false,,rule_fallback_v0,2932,4095,2510,3139,23,39,45,28,62.6,true,unclassified,1780306429445
2395,node_01,1780306431,data_collection,cooking_fume,exposure,,false,false,,rule_fallback_v0,2937,4095,2507,3139,23,39,45,28,62.6,true,unclassified,1780306430567
2396,node_01,1780306432,data_collection,cooking_fume,exposure,,false,false,,rule_fallback_v0,2927,4095,2510,3139,22,38,44,28,62.5,true,unclassified,1780306431591
2397,node_01,1780306433,data_collection,cooking_fume,exposure,,false,false,,rule_fallback_v0,2937,4095,2508,3139,22,38,44,28,62.5,true,unclassified,1780306432614
2398,node_01,1780306434,data_collection,cooking_fume,exposure,,false,false,,rule_fallback_v0,2931,4095,2509,3139,22,37,44,28,62.5,true,unclassified,1780306433639
2399,node_01,1780306435,data_collection,cooking_fume,exposure,,false,false,,rule_fallback_v0,2935,4095,2510,3139,23,38,45,28,62.5,true,unclassified,1780306434675
2400,node_01,1780306436,data_collection,cooking_fume,exposure,,false,false,,rule_fallback_v0,2933,4095,2508,3139,23,38,45,28,62.5,true,unclassified,1780306435790
2401,node_01,1780306437,data_collection,cooking_fume,exposure,,false,false,,rule_fallback_v0,2935,4095,2509,3139,23,38,45,28,62.5,true,unclassified,1780306436812
2402,node_01,1780306438,data_collection,cooking_fume,exposure,,false,false,,rule_fallback_v0,2930,4095,2511,3139,23,37,45,28.1,62.4,true,unclassified,1780306437843
2403,node_01,1780306439,data_collection,cooking_fume,exposure,,false,false,,rule_fallback_v0,2939,4095,2507,3139,23,37,45,28.1,62.4,true,unclassified,1780306438862
2404,node_01,1780306440,data_collection,cooking_fume,exposure,,false,false,,rule_fallback_v0,2929,4095,2507,3139,23,36,45,28.1,62.4,true,unclassified,1780306439988
2405,node_01,1780306441,data_collection,cooking_fume,exposure,,false,false,,rule_fallback_v0,2934,4095,2510,3139,23,36,43,28,62.3,true,unclassified,1780306440941
2406,node_01,1780306442,data_collection,cooking_fume,exposure,,false,false,,rule_fallback_v0,2929,4095,2507,3139,23,36,43,28,62.3,true,unclassified,1780306442034
2407,node_01,1780306443,data_collection,cooking_fume,exposure,,false,false,,rule_fallback_v0,2938,4095,2510,3139,23,36,43,28,62.3,true,unclassified,1780306443065
2408,node_01,1780306444,data_collection,cooking_fume,exposure,,false,false,,rule_fallback_v0,2928,4095,2508,3139,22,35,41,28,62.3,true,unclassified,1780306444074
2409,node_01,1780306445,data_collection,cooking_fume,exposure,,false,false,,rule_fallback_v0,2938,4095,2511,3139,22,35,41,28,62.3,true,unclassified,1780306445210
2410,node_01,1780306446,data_collection,cooking_fume,exposure,,false,false,,rule_fallback_v0,2929,4095,2509,3139,23,36,42,28,62.3,true,unclassified,1780306446165
2411,node_01,1780306447,data_collection,cooking_fume,exposure,,false,false,,rule_fallback_v0,2939,4095,2507,3139,23,36,42,28,62.3,true,unclassified,1780306447258
2412,node_01,1780306448,data_collection,cooking_fume,exposure,,false,false,,rule_fallback_v0,2930,4095,2509,3139,23,36,42,28,62.3,true,unclassified,1780306448283
2413,node_01,1780306449,data_collection,cooking_fume,exposure,,false,false,,rule_fallback_v0,2936,4095,2509,3139,23,36,42,28,62.3,true,unclassified,1780306449305
2414,node_01,1780306450,data_collection,cooking_fume,exposure,,false,false,,rule_fallback_v0,2930,4095,2509,3139,23,36,42,28,62.2,true,unclassified,1780306450437
2415,node_01,1780306451,data_collection,cooking_fume,exposure,,false,false,,rule_fallback_v0,2934,4095,2504,3139,23,35,41,28,62.2,true,unclassified,1780306451456
2416,node_01,1780306453,data_collection,cooking_fume,exposure,,false,false,,rule_fallback_v0,2934,4095,2509,3139,22,34,40,28,62.2,true,unclassified,1780306452439
2417,node_01,1780306454,data_collection,cooking_fume,exposure,,false,false,,rule_fallback_v0,2936,4095,2507,3139,22,34,40,28,62.3,true,unclassified,1780306453503
2418,node_01,1780306455,data_collection,cooking_fume,exposure,,false,false,,rule_fallback_v0,2929,4095,2510,3139,22,34,40,28,62.3,true,unclassified,1780306454635
2419,node_01,1780306456,data_collection,cooking_fume,exposure,,false,false,,rule_fallback_v0,2935,4095,2507,3139,23,35,41,28,62.3,true,unclassified,1780306455631
2420,node_01,1780306457,data_collection,cooking_fume,exposure,,false,false,,rule_fallback_v0,2931,4095,2510,3139,23,36,42,28.1,62.3,true,unclassified,1780306456678
2421,node_01,1780306458,data_collection,cooking_fume,exposure,,false,false,,rule_fallback_v0,2940,4095,2508,3139,23,36,42,28.1,62.3,true,unclassified,1780306457703
2422,node_01,1780306459,data_collection,cooking_fume,exposure,,false,false,,rule_fallback_v0,2930,4095,2511,3139,22,35,41,28.1,62.3,true,unclassified,1780306458703
2423,node_01,1780306460,data_collection,cooking_fume,exposure,,false,false,,rule_fallback_v0,2935,4095,2508,3139,22,35,41,28,62.2,true,unclassified,1780306459751
2424,node_01,1780306461,data_collection,cooking_fume,exposure,,false,false,,rule_fallback_v0,2932,4095,2508,3139,22,35,42,28,62.2,true,unclassified,1780306460876
2425,node_01,1780306462,data_collection,cooking_fume,exposure,,false,false,,rule_fallback_v0,2936,4095,2507,3139,23,36,43,28,62.2,true,unclassified,1780306461900
2426,node_01,1780306463,data_collection,cooking_fume,exposure,,false,false,,rule_fallback_v0,2931,4095,2509,3139,23,36,43,28.1,62,true,unclassified,1780306462925
2427,node_01,1780306464,data_collection,cooking_fume,exposure,,false,false,,rule_fallback_v0,2934,4095,2508,3139,23,36,43,28.1,62,true,unclassified,1780306463949
2428,node_01,1780306465,data_collection,cooking_fume,exposure,,false,false,,rule_fallback_v0,2932,4095,2509,3139,23,36,43,28.1,62,true,unclassified,1780306464971
2429,node_01,1780306466,data_collection,cooking_fume,exposure,,false,false,,rule_fallback_v0,2941,4095,2511,3139,23,36,43,28.1,61.9,true,unclassified,1780306466105
2430,node_01,1780306467,data_collection,cooking_fume,exposure,,false,false,,rule_fallback_v0,2933,4095,2508,3139,22,35,42,28.1,61.9,true,unclassified,1780306467125
2431,node_01,1780306468,data_collection,cooking_fume,exposure,,false,false,,rule_fallback_v0,2935,4095,2508,3139,22,35,42,28.1,61.9,true,unclassified,1780306468109
2432,node_01,1780306469,data_collection,cooking_fume,exposure,,false,false,,rule_fallback_v0,2929,4095,2510,3139,22,35,42,28.1,61.7,true,unclassified,1780306469170
2433,node_01,1780306470,data_collection,cooking_fume,exposure,,false,false,,rule_fallback_v0,2935,4095,2510,3139,22,35,42,28.1,61.7,true,unclassified,1780306470298
2434,node_01,1780306471,data_collection,cooking_fume,exposure,,false,false,,rule_fallback_v0,2930,4095,2512,3139,22,35,41,28.1,61.7,true,unclassified,1780306471240
2435,node_01,1780306472,data_collection,cooking_fume,exposure,,false,false,,rule_fallback_v0,2941,4095,2508,3139,22,35,41,28.1,61.8,true,unclassified,1780306472345
2436,node_01,1780306473,data_collection,cooking_fume,exposure,,false,false,,rule_fallback_v0,2935,4095,2510,3139,22,35,41,28.1,61.8,true,unclassified,1780306473369
2437,node_01,1780306474,data_collection,cooking_fume,exposure,,false,false,,rule_fallback_v0,2936,4095,2507,3139,22,35,41,28.1,61.8,true,unclassified,1780306474399
2438,node_01,1780306476,data_collection,cooking_fume,exposure,,false,false,,rule_fallback_v0,2930,4095,2510,3139,22,35,41,28,61.8,true,unclassified,1780306475420
2439,node_01,1780306477,data_collection,cooking_fume,exposure,,false,false,,rule_fallback_v0,2935,4095,2510,3139,23,36,42,28,61.8,true,unclassified,1780306476550
2440,node_01,1780306478,data_collection,cooking_fume,exposure,,false,false,,rule_fallback_v0,2930,4095,2507,3139,23,36,42,28,61.8,true,unclassified,1780306477513
2441,node_01,1780306479,data_collection,cooking_fume,exposure,,false,false,,rule_fallback_v0,2936,4095,2508,3139,23,36,42,28,61.8,true,unclassified,1780306478597
2442,node_01,1780306480,data_collection,cooking_fume,exposure,,false,false,,rule_fallback_v0,2931,4095,2508,3139,21,35,41,28,61.8,true,unclassified,1780306479602
2443,node_01,1780306481,data_collection,cooking_fume,exposure,,false,false,,rule_fallback_v0,2933,4095,2506,3139,21,35,41,28,61.8,true,unclassified,1780306480748
2444,node_01,1780306482,data_collection,cooking_fume,exposure,,false,false,,rule_fallback_v0,2927,4095,2507,3139,21,35,41,28.1,61.9,true,unclassified,1780306481744
2445,node_01,1780306483,data_collection,cooking_fume,exposure,,false,false,,rule_fallback_v0,2931,4095,2507,3139,22,36,42,28.1,61.9,true,unclassified,1780306482734
2446,node_01,1780306484,data_collection,cooking_fume,exposure,,false,false,,rule_fallback_v0,2934,4095,2507,3139,22,36,42,28.1,61.9,true,unclassified,1780306483813
2447,node_01,1780306485,data_collection,cooking_fume,exposure,,false,false,,rule_fallback_v0,2933,4095,2510,3139,22,36,42,28.1,62.1,true,unclassified,1780306484845
2448,node_01,1780306486,data_collection,cooking_fume,exposure,,false,false,,rule_fallback_v0,2930,4095,2507,3139,22,36,42,28.1,62.1,true,unclassified,1780306485875
2449,node_01,1780306487,data_collection,cooking_fume,exposure,,false,false,,rule_fallback_v0,2935,4095,2506,3139,22,36,42,28.1,62.1,true,unclassified,1780306486988
2450,node_01,1780306488,data_collection,cooking_fume,exposure,,false,false,,rule_fallback_v0,2930,4095,2509,3139,21,34,41,28.1,61.9,true,unclassified,1780306488014
2451,node_01,1780306489,data_collection,cooking_fume,exposure,,false,false,,rule_fallback_v0,2933,4095,2505,3139,21,34,41,28.1,61.9,true,unclassified,1780306489008
2452,node_01,1780306490,data_collection,cooking_fume,exposure,,false,false,,rule_fallback_v0,2931,4095,2508,3139,21,34,41,28.1,61.9,true,unclassified,1780306490060
2453,node_01,1780306491,data_collection,cooking_fume,exposure,,false,false,,rule_fallback_v0,2936,4095,2509,3139,21,34,41,28.1,61.9,true,unclassified,1780306491102
2454,node_01,1780306492,data_collection,cooking_fume,exposure,,false,false,,rule_fallback_v0,2928,4095,2509,3139,21,34,41,28.1,61.9,true,unclassified,1780306492210
2455,node_01,1780306493,data_collection,cooking_fume,exposure,,false,false,,rule_fallback_v0,2931,4095,2507,3139,21,34,41,28.1,61.9,true,unclassified,1780306493237
2456,node_01,1780306494,data_collection,cooking_fume,exposure,,false,false,,rule_fallback_v0,2928,4095,2507,3139,22,35,42,28.1,61.6,true,unclassified,1780306494258
2457,node_01,1780306495,data_collection,cooking_fume,exposure,,false,false,,rule_fallback_v0,2933,4095,2507,3139,22,35,42,28.1,61.6,true,unclassified,1780306495284
2458,node_01,1780306496,data_collection,cooking_fume,exposure,,false,false,,rule_fallback_v0,2932,4095,2508,3139,22,35,41,28.1,61.6,true,unclassified,1780306496343
2459,node_01,1780306497,data_collection,cooking_fume,exposure,,false,false,,rule_fallback_v0,2939,4095,2509,3139,21,34,40,28.1,61.5,true,unclassified,1780306497434
2460,node_01,1780306499,data_collection,cooking_fume,exposure,,false,false,,rule_fallback_v0,2932,4095,2508,3139,21,34,40,28.1,61.5,true,unclassified,1780306498409
2461,node_01,1780306500,data_collection,cooking_fume,exposure,,false,false,,rule_fallback_v0,2936,4095,2505,3139,21,34,39,28.1,61.5,true,unclassified,1780306499488
2462,node_01,1780306501,data_collection,cooking_fume,exposure,,false,false,,rule_fallback_v0,2930,4095,2507,3139,22,35,40,28.1,61.4,true,unclassified,1780306500506
2463,node_01,1780306502,data_collection,cooking_fume,exposure,,false,false,,rule_fallback_v0,2937,4095,2509,3139,21,35,40,28.1,61.4,true,unclassified,1780306501545
2464,node_01,1780306503,data_collection,cooking_fume,exposure,,false,false,,rule_fallback_v0,2926,4095,2508,3139,21,35,39,28.1,61.4,true,unclassified,1780306502586
2465,node_01,1780306504,data_collection,cooking_fume,exposure,,false,false,,rule_fallback_v0,2932,4095,2509,3139,21,35,39,28.1,61.3,true,unclassified,1780306503641
2466,node_01,1780306505,data_collection,cooking_fume,exposure,,false,false,,rule_fallback_v0,2934,4095,2507,3139,21,35,39,28.1,61.3,true,unclassified,1780306504704
2467,node_01,1780306506,data_collection,cooking_fume,exposure,,false,false,,rule_fallback_v0,2933,4095,2510,3139,21,35,39,28.1,61.3,true,unclassified,1780306505834
2468,node_01,1780306507,data_collection,cooking_fume,exposure,,false,false,,rule_fallback_v0,2930,4095,2508,3139,20,34,39,28.1,61.2,true,unclassified,1780306506841
2469,node_01,1780306508,data_collection,cooking_fume,exposure,,false,false,,rule_fallback_v0,2936,4095,2508,3139,20,34,39,28.1,61.2,true,unclassified,1780306507897
2470,node_01,1780306509,data_collection,cooking_fume,exposure,,false,false,,rule_fallback_v0,2932,4095,2507,3139,21,35,40,28.1,61.2,true,unclassified,1780306508860
2471,node_01,1780306510,data_collection,cooking_fume,exposure,,false,false,,rule_fallback_v0,2936,4095,2510,3139,21,35,40,28.1,61.5,true,unclassified,1780306509927
2472,node_01,1780306511,data_collection,cooking_fume,exposure,,false,false,,rule_fallback_v0,2933,4095,2509,3139,21,35,40,28.1,61.5,true,unclassified,1780306511054
2473,node_01,1780306512,data_collection,cooking_fume,exposure,,false,false,,rule_fallback_v0,2931,4095,2508,3139,21,35,40,28.1,61.5,true,unclassified,1780306512076
2474,node_01,1780306513,data_collection,cooking_fume,exposure,,false,false,,rule_fallback_v0,2933,4095,2509,3139,21,35,41,28.1,61.6,true,unclassified,1780306513039
2475,node_01,1780306514,data_collection,cooking_fume,exposure,,false,false,,rule_fallback_v0,2932,4095,2509,3139,21,35,41,28.1,61.6,true,unclassified,1780306514126
2476,node_01,1780306515,data_collection,cooking_fume,exposure,,false,false,,rule_fallback_v0,2932,4095,2510,3139,20,34,40,28.1,61.6,true,unclassified,1780306515148
2477,node_01,1780306516,data_collection,cooking_fume,exposure,,false,false,,rule_fallback_v0,2936,4095,2511,3139,20,34,39,28.1,61.5,true,unclassified,1780306516280
2478,node_01,1780306517,data_collection,cooking_fume,exposure,,false,false,,rule_fallback_v0,2933,4095,2509,3139,20,34,39,28.1,61.5,true,unclassified,1780306517299
2479,node_01,1780306518,data_collection,cooking_fume,exposure,,false,false,,rule_fallback_v0,2937,4095,2508,3139,21,35,40,28.1,61.5,true,unclassified,1780306518323
2480,node_01,1780306519,data_collection,cooking_fume,exposure,,false,false,,rule_fallback_v0,2934,4095,2510,3139,21,35,40,28.1,61.5,true,unclassified,1780306519348
2481,node_01,1780306520,data_collection,cooking_fume,exposure,,false,false,,rule_fallback_v0,2932,4095,2510,3139,21,35,40,28.1,61.5,true,unclassified,1780306520478
2482,node_01,1780306521,data_collection,cooking_fume,exposure,,false,false,,rule_fallback_v0,2931,4095,2509,3139,20,34,39,28.1,61.5,true,unclassified,1780306521458
2483,node_01,1780306523,data_collection,cooking_fume,exposure,,false,false,,rule_fallback_v0,2938,4095,2508,3139,20,34,39,28,61.4,true,unclassified,1780306522520
2484,node_01,1780306524,data_collection,cooking_fume,exposure,,false,false,,rule_fallback_v0,2930,4095,2509,3139,20,34,39,28,61.4,true,unclassified,1780306523551
2485,node_01,1780306525,data_collection,cooking_fume,exposure,,false,false,,rule_fallback_v0,2933,4095,2509,3139,21,35,40,28,61.4,true,unclassified,1780306524569
2486,node_01,1780306526,data_collection,cooking_fume,exposure,,false,false,,rule_fallback_v0,2932,4095,2508,3139,21,35,40,28.1,61.2,true,unclassified,1780306525593
2487,node_01,1780306527,data_collection,cooking_fume,exposure,,false,false,,rule_fallback_v0,2935,4095,2509,3139,21,34,40,28.1,61.2,true,unclassified,1780306526621
2488,node_01,1780306528,data_collection,cooking_fume,exposure,,false,false,,rule_fallback_v0,2928,4095,2510,3139,22,34,40,28.1,61.2,true,unclassified,1780306527667
2489,node_01,1780306529,data_collection,cooking_fume,exposure,,false,false,,rule_fallback_v0,2941,4095,2509,3139,21,34,40,28.1,61.1,true,unclassified,1780306528727
2490,node_01,1780306530,data_collection,cooking_fume,exposure,,false,false,,rule_fallback_v0,2931,4095,2509,3139,20,33,39,28.1,61.1,true,unclassified,1780306529893
2491,node_01,1780306531,data_collection,cooking_fume,exposure,,false,false,,rule_fallback_v0,2936,4095,2511,3139,20,33,39,28.1,61.1,true,unclassified,1780306530816
2492,node_01,1780306532,data_collection,cooking_fume,exposure,,false,false,,rule_fallback_v0,2928,4095,2508,3139,20,33,39,28.1,61.2,true,unclassified,1780306531942
2493,node_01,1780306533,data_collection,cooking_fume,exposure,,false,false,,rule_fallback_v0,2936,4095,2510,3139,20,33,39,28.1,61.2,true,unclassified,1780306532966
2494,node_01,1780306534,data_collection,cooking_fume,exposure,,false,false,,rule_fallback_v0,2931,4095,2509,3139,20,32,39,28.1,61.2,true,unclassified,1780306533940
2495,node_01,1780306535,data_collection,cooking_fume,exposure,,false,false,,rule_fallback_v0,2936,4095,2509,3139,20,32,39,28,61,true,unclassified,1780306535013
2496,node_01,1780306536,data_collection,cooking_fume,exposure,,false,false,,rule_fallback_v0,2932,4095,2508,3139,20,32,39,28,61,true,unclassified,1780306536044
2497,node_01,1780306537,data_collection,cooking_fume,exposure,,false,false,,rule_fallback_v0,2934,4095,2510,3139,20,32,39,28,61,true,unclassified,1780306537076
2498,node_01,1780306538,data_collection,cooking_fume,exposure,,false,false,,rule_fallback_v0,2933,4095,2507,3139,20,32,39,28.1,60.8,true,unclassified,1780306538188
2499,node_01,1780306539,data_collection,cooking_fume,exposure,,false,false,,rule_fallback_v0,2934,4095,2507,3139,20,32,38,28.1,60.8,true,unclassified,1780306539219
2500,node_01,1780306540,data_collection,cooking_fume,exposure,,false,false,,rule_fallback_v0,2932,4095,2510,3139,20,32,38,28.1,60.8,true,unclassified,1780306540235
2501,node_01,1780306541,data_collection,cooking_fume,exposure,,false,false,,rule_fallback_v0,2938,4095,2509,3139,20,32,38,28.1,60.8,true,unclassified,1780306541260
2502,node_01,1780306542,data_collection,cooking_fume,exposure,,false,false,,rule_fallback_v0,2930,4095,2508,3139,21,33,39,28.1,60.8,true,unclassified,1780306542388
2503,node_01,1780306543,data_collection,cooking_fume,exposure,,false,false,,rule_fallback_v0,2937,4095,2507,3139,21,33,38,28.1,60.8,true,unclassified,1780306543411
2504,node_01,1780306544,data_collection,cooking_fume,exposure,,false,false,,rule_fallback_v0,2930,4095,2507,3139,21,33,38,28.1,60.9,true,unclassified,1780306544435
2505,node_01,1780306546,data_collection,cooking_fume,exposure,,false,false,,rule_fallback_v0,2931,4095,2507,3139,20,32,37,28.1,60.9,true,unclassified,1780306545458
2506,node_01,1780306547,data_collection,cooking_fume,exposure,,false,false,,rule_fallback_v0,2933,4095,2509,3139,20,32,37,28.1,60.9,true,unclassified,1780306546482
2507,node_01,1780306548,data_collection,cooking_fume,exposure,,false,false,,rule_fallback_v0,2935,4095,2511,3139,20,32,37,28.1,60.9,true,unclassified,1780306547609
2508,node_01,1780306549,data_collection,cooking_fume,exposure,,false,false,,rule_fallback_v0,2930,4095,2509,3139,21,33,38,28.1,60.9,true,unclassified,1780306548559
2509,node_01,1780306550,data_collection,cooking_fume,exposure,,false,false,,rule_fallback_v0,2937,4095,2509,3139,20,33,38,28.1,60.9,true,unclassified,1780306549606
2510,node_01,1780306551,data_collection,cooking_fume,exposure,,false,false,,rule_fallback_v0,2931,4095,2508,3139,20,33,38,28.1,61,true,unclassified,1780306550689
2511,node_01,1780306552,data_collection,cooking_fume,exposure,,false,false,,rule_fallback_v0,2937,4095,2508,3139,20,33,38,28.1,61,true,unclassified,1780306551694
2512,node_01,1780306553,data_collection,cooking_fume,exposure,,false,false,,rule_fallback_v0,2936,4095,2509,3139,20,33,37,28.1,61,true,unclassified,1780306552781
2513,node_01,1780306554,data_collection,cooking_fume,exposure,,false,false,,rule_fallback_v0,2939,4095,2512,3139,19,32,36,28.1,61,true,unclassified,1780306553861
2514,node_01,1780306555,data_collection,cooking_fume,exposure,,false,false,,rule_fallback_v0,2934,4095,2509,3139,19,32,36,28.1,61,true,unclassified,1780306554880
2515,node_01,1780306556,data_collection,cooking_fume,exposure,,false,false,,rule_fallback_v0,2935,4095,2508,3139,18,32,36,28.1,61,true,unclassified,1780306555903
2516,node_01,1780306557,data_collection,cooking_fume,exposure,,false,false,,rule_fallback_v0,2930,4095,2510,3139,19,33,37,28.1,60.9,true,unclassified,1780306556927
2517,node_01,1780306558,data_collection,cooking_fume,exposure,,false,false,,rule_fallback_v0,2935,4095,2506,3139,19,33,37,28.1,60.9,true,unclassified,1780306557968
2518,node_01,1780306559,data_collection,cooking_fume,exposure,,false,false,,rule_fallback_v0,2929,4095,2509,3139,19,33,37,28.1,60.9,true,unclassified,1780306559077
2519,node_01,1780306560,data_collection,cooking_fume,exposure,,false,false,,rule_fallback_v0,2933,4095,2512,3139,18,32,36,28.1,61,true,unclassified,1780306560101
2520,node_01,1780306561,data_collection,cooking_fume,exposure,,false,false,,rule_fallback_v0,2932,4095,2508,3139,18,32,36,28.1,61,true,unclassified,1780306561126
2521,node_01,1780306562,data_collection,cooking_fume,exposure,,false,false,,rule_fallback_v0,2937,4095,2509,3139,18,32,36,28.1,61,true,unclassified,1780306562149
2522,node_01,1780306563,data_collection,cooking_fume,exposure,,false,false,,rule_fallback_v0,2932,4095,2508,3139,19,33,37,28.1,61,true,unclassified,1780306563276
2523,node_01,1780306564,data_collection,cooking_fume,exposure,,false,false,,rule_fallback_v0,2934,4095,2509,3139,20,33,37,28.1,61,true,unclassified,1780306564299
2524,node_01,1780306565,data_collection,cooking_fume,exposure,,false,false,,rule_fallback_v0,2937,4095,2510,3139,20,33,37,28.1,61,true,unclassified,1780306565324
2525,node_01,1780306566,data_collection,cooking_fume,exposure,,false,false,,rule_fallback_v0,2938,4095,2511,3139,20,33,37,28.1,61.2,true,unclassified,1780306566348
2526,node_01,1780306567,data_collection,cooking_fume,exposure,,false,false,,rule_fallback_v0,2933,4095,2509,3139,20,33,37,28.1,61.2,true,unclassified,1780306567378
2527,node_01,1780306569,data_collection,cooking_fume,exposure,,false,false,,rule_fallback_v0,2937,4095,2508,3139,20,33,37,28.1,61.2,true,unclassified,1780306568498
2528,node_01,1780306570,data_collection,cooking_fume,exposure,,false,false,,rule_fallback_v0,2929,4095,2509,3139,20,33,37,28.1,61.1,true,unclassified,1780306569521
2529,node_01,1780306571,data_collection,cooking_fume,exposure,,false,false,,rule_fallback_v0,2935,4095,2509,3139,21,33,37,28.1,61.1,true,unclassified,1780306570551
2530,node_01,1780306572,data_collection,cooking_fume,exposure,,false,false,,rule_fallback_v0,2931,4095,2507,3139,20,32,35,28.1,61.1,true,unclassified,1780306571572
2531,node_01,1780306573,data_collection,cooking_fume,exposure,,false,false,,rule_fallback_v0,2933,4095,2509,3139,20,32,35,28.1,60.9,true,unclassified,1780306572595
2532,node_01,1780306574,data_collection,cooking_fume,exposure,,false,false,,rule_fallback_v0,2933,4095,2509,3139,20,32,35,28.1,60.9,true,unclassified,1780306573720
2533,node_01,1780306575,data_collection,cooking_fume,exposure,,false,false,,rule_fallback_v0,2936,4095,2509,3139,20,32,36,28.1,60.9,true,unclassified,1780306574746
2534,node_01,1780306576,data_collection,cooking_fume,exposure,,false,false,,rule_fallback_v0,2934,4095,2509,3139,20,33,36,28.1,60.8,true,unclassified,1780306575726
2535,node_01,1780306577,data_collection,cooking_fume,exposure,,false,false,,rule_fallback_v0,2939,4095,2508,3139,20,33,36,28.1,60.8,true,unclassified,1780306576766
2536,node_01,1780306578,data_collection,cooking_fume,exposure,,false,false,,rule_fallback_v0,2931,4095,2511,3139,20,33,36,28.1,60.8,true,unclassified,1780306577920
2537,node_01,1780306579,data_collection,cooking_fume,exposure,,false,false,,rule_fallback_v0,2935,4095,2510,3139,20,33,36,28.1,60.9,true,unclassified,1780306578857
2538,node_01,1780306580,data_collection,cooking_fume,exposure,,false,false,,rule_fallback_v0,2932,4095,2508,3139,20,33,36,28.1,60.9,true,unclassified,1780306579974
2539,node_01,1780306581,data_collection,cooking_fume,exposure,,false,false,,rule_fallback_v0,2932,4095,2509,3139,21,34,37,28.1,60.9,true,unclassified,1780306580996
2540,node_01,1780306582,data_collection,cooking_fume,exposure,,false,false,,rule_fallback_v0,2930,4095,2507,3139,21,34,37,28.1,60.6,true,unclassified,1780306581997
2541,node_01,1780306583,data_collection,cooking_fume,exposure,,false,false,,rule_fallback_v0,2935,4095,2509,3139,21,34,37,28.1,60.6,true,unclassified,1780306583035
2542,node_01,1780306584,data_collection,cooking_fume,exposure,,false,false,,rule_fallback_v0,2932,4095,2508,3139,20,33,36,28.1,60.6,true,unclassified,1780306584168
2543,node_01,1780306585,data_collection,cooking_fume,exposure,,false,false,,rule_fallback_v0,2935,4095,2510,3139,20,32,35,28.1,60.5,true,unclassified,1780306585194
2544,node_01,1780306586,data_collection,cooking_fume,exposure,,false,false,,rule_fallback_v0,2932,4095,2511,3139,20,32,35,28.1,60.5,true,unclassified,1780306586213
2545,node_01,1780306587,data_collection,cooking_fume,exposure,,false,false,,rule_fallback_v0,2936,4095,2507,3139,21,33,36,28.1,60.5,true,unclassified,1780306587244
2546,node_01,1780306588,data_collection,cooking_fume,exposure,,false,false,,rule_fallback_v0,2933,4095,2509,3139,21,33,36,28.1,60.6,true,unclassified,1780306588257
2547,node_01,1780306589,data_collection,cooking_fume,exposure,,false,false,,rule_fallback_v0,2931,4095,2509,3139,21,33,36,28.1,60.6,true,unclassified,1780306589387
2548,node_01,1780306590,data_collection,cooking_fume,exposure,,false,false,,rule_fallback_v0,2933,4095,2508,3139,20,33,36,28.1,60.6,true,unclassified,1780306590413
2549,node_01,1780306591,data_collection,cooking_fume,exposure,,false,false,,rule_fallback_v0,2942,4095,2509,3139,20,33,36,28.1,60.5,true,unclassified,1780306591398
2550,node_01,1780306593,data_collection,cooking_fume,exposure,,false,false,,rule_fallback_v0,2938,4095,2510,3139,19,32,34,28.1,60.5,true,unclassified,1780306592461
2551,node_01,1780306594,data_collection,cooking_fume,exposure,,false,false,,rule_fallback_v0,2938,4095,2508,3139,19,32,34,28.1,60.5,true,unclassified,1780306593593
2552,node_01,1780306595,data_collection,cooking_fume,exposure,,false,false,,rule_fallback_v0,2930,4095,2510,3139,19,32,34,28.1,60.5,true,unclassified,1780306594524
2553,node_01,1780306596,data_collection,cooking_fume,exposure,,false,false,,rule_fallback_v0,2935,4095,2508,3139,20,32,35,28.1,60.5,true,unclassified,1780306595639
2554,node_01,1780306597,data_collection,cooking_fume,exposure,,false,false,,rule_fallback_v0,2929,4095,2509,3139,19,32,34,28.1,60.5,true,unclassified,1780306596657
2555,node_01,1780306598,data_collection,cooking_fume,exposure,,false,false,,rule_fallback_v0,2938,4095,2510,3139,19,32,34,28.1,60.4,true,unclassified,1780306597688
2556,node_01,1780306599,data_collection,cooking_fume,exposure,,false,false,,rule_fallback_v0,2934,4095,2510,3139,18,31,33,28.1,60.4,true,unclassified,1780306598788
2557,node_01,1780306600,data_collection,cooking_fume,exposure,,false,false,,rule_fallback_v0,2933,4095,2510,3139,18,31,33,28.1,60.4,true,unclassified,1780306599753
2558,node_01,1780306601,data_collection,cooking_fume,exposure,,false,false,,rule_fallback_v0,2931,4095,2508,3139,18,31,32,28.1,60.5,true,unclassified,1780306600862
2559,node_01,1780306602,data_collection,cooking_fume,exposure,,false,false,,rule_fallback_v0,2936,4095,2508,3139,19,32,34,28.1,60.5,true,unclassified,1780306601838
2560,node_01,1780306603,data_collection,cooking_fume,exposure,,false,false,,rule_fallback_v0,2931,4095,2508,3139,19,32,34,28.1,60.5,true,unclassified,1780306602915
2561,node_01,1780306604,data_collection,cooking_fume,exposure,,false,false,,rule_fallback_v0,2938,4095,2511,3139,19,32,34,28.1,60.6,true,unclassified,1780306604036
2562,node_01,1780306605,data_collection,cooking_fume,exposure,,false,false,,rule_fallback_v0,2932,4095,2509,3139,19,32,34,28.1,60.6,true,unclassified,1780306605056
2563,node_01,1780306606,data_collection,cooking_fume,exposure,,false,false,,rule_fallback_v0,2940,4095,2510,3139,19,32,34,28.1,60.6,true,unclassified,1780306606016
2564,node_01,1780306607,data_collection,cooking_fume,exposure,,false,false,,rule_fallback_v0,2930,4095,2509,3139,19,32,34,28.1,60.3,true,unclassified,1780306607107
2565,node_01,1780306608,data_collection,cooking_fume,exposure,,false,false,,rule_fallback_v0,2936,4095,2510,3139,18,31,33,28.1,60.3,true,unclassified,1780306608106
2566,node_01,1780306609,data_collection,cooking_fume,exposure,,false,false,,rule_fallback_v0,2927,4095,2510,3139,18,31,33,28.1,60.3,true,unclassified,1780306609254
2567,node_01,1780306610,data_collection,cooking_fume,exposure,,false,false,,rule_fallback_v0,2940,4095,2510,3139,18,31,34,28.1,60.4,true,unclassified,1780306610196
2568,node_01,1780306611,data_collection,cooking_fume,exposure,,false,false,,rule_fallback_v0,2929,4095,2509,3139,18,31,34,28.1,60.4,true,unclassified,1780306611300
2569,node_01,1780306612,data_collection,cooking_fume,exposure,,false,false,,rule_fallback_v0,2935,4095,2508,3139,18,31,34,28.1,60.4,true,unclassified,1780306612324
2570,node_01,1780306613,data_collection,cooking_fume,exposure,,false,false,,rule_fallback_v0,2932,4095,2509,3139,19,32,35,28.1,60.4,true,unclassified,1780306613347
2571,node_01,1780306614,data_collection,cooking_fume,exposure,,false,false,,rule_fallback_v0,2936,4095,2508,3139,19,32,35,28.1,60.4,true,unclassified,1780306614474
2572,node_01,1780306616,data_collection,cooking_fume,exposure,,false,false,,rule_fallback_v0,2933,4095,2509,3139,19,32,34,28.1,60.4,true,unclassified,1780306615477
2573,node_01,1780306617,data_collection,cooking_fume,exposure,,false,false,,rule_fallback_v0,2939,4095,2512,3139,18,31,33,28.1,60.6,true,unclassified,1780306616468
2574,node_01,1780306618,data_collection,cooking_fume,exposure,,false,false,,rule_fallback_v0,2933,4095,2509,3139,18,31,33,28.1,60.6,true,unclassified,1780306617547
2575,node_01,1780306619,data_collection,cooking_fume,exposure,,false,false,,rule_fallback_v0,2933,4095,2507,3139,18,31,33,28.1,60.6,true,unclassified,1780306618570
2576,node_01,1780306620,data_collection,cooking_fume,exposure,,false,false,,rule_fallback_v0,2931,4095,2509,3139,18,31,33,28.1,60.8,true,unclassified,1780306619697
2577,node_01,1780306621,data_collection,cooking_fume,exposure,,false,false,,rule_fallback_v0,2933,4095,2509,3139,18,31,33,28.1,60.8,true,unclassified,1780306620665
2578,node_01,1780306622,data_collection,cooking_fume,exposure,,false,false,,rule_fallback_v0,2929,4095,2509,3139,18,31,33,28.1,60.8,true,unclassified,1780306621745
2579,node_01,1780306623,data_collection,cooking_fume,exposure,,false,false,,rule_fallback_v0,2936,4095,2511,3139,18,31,33,28.1,60.7,true,unclassified,1780306622768
2580,node_01,1780306624,data_collection,cooking_fume,exposure,,false,false,,rule_fallback_v0,2934,4095,2509,3139,18,32,34,28.1,60.7,true,unclassified,1780306623783
2581,node_01,1780306625,data_collection,cooking_fume,exposure,,false,false,,rule_fallback_v0,2936,4095,2509,3139,18,32,34,28.1,60.7,true,unclassified,1780306624920
2582,node_01,1780306626,data_collection,cooking_fume,exposure,,false,false,,rule_fallback_v0,2926,4095,2508,3139,19,33,35,28.1,60.7,true,unclassified,1780306625943
2583,node_01,1780306627,data_collection,cooking_fume,exposure,,false,false,,rule_fallback_v0,2937,4095,2506,3139,19,33,36,28.1,60.7,true,unclassified,1780306626914
2584,node_01,1780306628,data_collection,cooking_fume,exposure,,false,false,,rule_fallback_v0,2934,4095,2507,3139,19,33,36,28.1,60.7,true,unclassified,1780306627991
2585,node_01,1780306629,data_collection,cooking_fume,exposure,,false,false,,rule_fallback_v0,2935,4095,2511,3139,18,32,35,28.1,60.7,true,unclassified,1780306629015
2586,node_01,1780306630,data_collection,cooking_fume,exposure,,false,false,,rule_fallback_v0,2935,4095,2509,3139,18,32,35,28.1,60.7,true,unclassified,1780306630057
2587,node_01,1780306631,data_collection,cooking_fume,exposure,,false,false,,rule_fallback_v0,2940,4095,2509,3139,18,31,35,28.1,60.7,true,unclassified,1780306631167
2588,node_01,1780306632,data_collection,cooking_fume,exposure,,false,false,,rule_fallback_v0,2932,4095,2508,3139,19,32,36,28.1,60.8,true,unclassified,1780306632137
2589,node_01,1780306633,data_collection,cooking_fume,exposure,,false,false,,rule_fallback_v0,2935,4095,2509,3139,19,32,35,28.1,60.8,true,unclassified,1780306633213
2590,node_01,1780306634,data_collection,cooking_fume,exposure,,false,false,,rule_fallback_v0,2930,4095,2509,3139,19,32,35,28.1,60.8,true,unclassified,1780306634237
2591,node_01,1780306635,data_collection,cooking_fume,exposure,,false,false,,rule_fallback_v0,2938,4095,2512,3139,19,32,35,28.1,60.9,true,unclassified,1780306635364
2592,node_01,1780306636,data_collection,cooking_fume,exposure,,false,false,,rule_fallback_v0,2936,4095,2511,3139,19,32,35,28.1,60.9,true,unclassified,1780306636388
2593,node_01,1780306637,data_collection,cooking_fume,exposure,,false,false,,rule_fallback_v0,2940,4095,2506,3139,19,32,35,28.1,60.9,true,unclassified,1780306637366
2594,node_01,1780306639,data_collection,cooking_fume,exposure,,false,false,,rule_fallback_v0,2933,4095,2511,3139,19,32,35,28.1,60.8,true,unclassified,1780306638412
2595,node_01,1780306640,data_collection,cooking_fume,exposure,,false,false,,rule_fallback_v0,2942,4095,2510,3139,19,32,35,28.1,60.8,true,unclassified,1780306639459
2596,node_01,1780306641,data_collection,cooking_fume,exposure,,false,false,,rule_fallback_v0,2930,4095,2508,3139,19,32,35,28.1,60.8,true,unclassified,1780306640496
2597,node_01,1780306642,data_collection,cooking_fume,exposure,,false,false,,rule_fallback_v0,2933,4095,2510,3139,19,32,35,28.1,60.9,true,unclassified,1780306641609
2598,node_01,1780306643,data_collection,cooking_fume,exposure,,false,false,,rule_fallback_v0,2935,4095,2508,3139,19,32,35,28.1,60.9,true,unclassified,1780306642634
2599,node_01,1780306644,data_collection,cooking_fume,exposure,,false,false,,rule_fallback_v0,2938,4095,2508,3139,18,31,34,28.1,60.9,true,unclassified,1780306643664
2600,node_01,1780306645,data_collection,cooking_fume,exposure,,false,false,,rule_fallback_v0,2931,4095,2510,3139,18,31,35,28.1,60.6,true,unclassified,1780306644679
2601,node_01,1780306646,data_collection,cooking_fume,exposure,,false,false,,rule_fallback_v0,2938,4095,2511,3139,18,32,35,28.1,60.6,true,unclassified,1780306645723
2602,node_01,1780306647,data_collection,cooking_fume,exposure,,false,false,,rule_fallback_v0,2932,4095,2507,3139,19,33,36,28.1,60.6,true,unclassified,1780306646833
2603,node_01,1780306648,data_collection,cooking_fume,exposure,,false,false,,rule_fallback_v0,2932,4095,2510,3139,19,33,36,28.1,60.6,true,unclassified,1780306647856
2604,node_01,1780306649,data_collection,cooking_fume,exposure,,false,false,,rule_fallback_v0,2930,4095,2509,3139,19,33,36,28.1,60.6,true,unclassified,1780306648881
2605,node_01,1780306650,data_collection,cooking_fume,exposure,,false,false,,rule_fallback_v0,2935,4095,2508,3139,19,33,36,28.1,60.6,true,unclassified,1780306650007
2606,node_01,1780306651,data_collection,cooking_fume,exposure,,false,false,,rule_fallback_v0,2933,4095,2508,3139,19,32,36,28.1,60.3,true,unclassified,1780306650949
2607,node_01,1780306652,data_collection,cooking_fume,exposure,,false,false,,rule_fallback_v0,2934,4095,2509,3139,19,32,36,28.1,60.3,true,unclassified,1780306651992
2608,node_01,1780306653,data_collection,cooking_fume,exposure,,false,false,,rule_fallback_v0,2932,4095,2510,3139,18,31,35,28.1,60.3,true,unclassified,1780306653079
2609,node_01,1780306654,data_collection,cooking_fume,exposure,,false,false,,rule_fallback_v0,2934,4095,2509,3139,18,31,35,28.1,60.5,true,unclassified,1780306654102
2610,node_01,1780306655,data_collection,cooking_fume,exposure,,false,false,,rule_fallback_v0,2932,4095,2508,3139,18,31,35,28.1,60.5,true,unclassified,1780306655235
2611,node_01,1780306656,data_collection,cooking_fume,exposure,,false,false,,rule_fallback_v0,2936,4095,2507,3139,17,31,35,28.1,60.5,true,unclassified,1780306656253
2612,node_01,1780306657,data_collection,cooking_fume,exposure,,false,false,,rule_fallback_v0,2931,4095,2510,3139,17,31,34,28.1,60.3,true,unclassified,1780306657283
2613,node_01,1780306658,data_collection,cooking_fume,exposure,,false,false,,rule_fallback_v0,2934,4095,2507,3139,17,31,34,28.1,60.3,true,unclassified,1780306658306
2614,node_01,1780306659,data_collection,cooking_fume,exposure,,false,false,,rule_fallback_v0,2932,4095,2509,3139,17,31,34,28.1,60.3,true,unclassified,1780306659307
2615,node_01,1780306660,data_collection,cooking_fume,exposure,,false,false,,rule_fallback_v0,2941,4095,2509,3139,17,31,34,28.1,60.4,true,unclassified,1780306660451
2616,node_01,1780306661,data_collection,cooking_fume,exposure,,false,false,,rule_fallback_v0,2937,4095,2507,3139,18,32,35,28.1,60.4,true,unclassified,1780306661477
2617,node_01,1780306663,data_collection,cooking_fume,exposure,,false,false,,rule_fallback_v0,2936,4095,2511,3139,18,32,35,28.1,60.4,true,unclassified,1780306662504
2618,node_01,1780306664,data_collection,cooking_fume,exposure,,false,false,,rule_fallback_v0,2929,4095,2510,3139,18,32,34,28.1,60.2,true,unclassified,1780306663483
2619,node_01,1780306665,data_collection,cooking_fume,exposure,,false,false,,rule_fallback_v0,2937,4095,2511,3139,17,31,33,28.1,60.2,true,unclassified,1780306664532
2620,node_01,1780306666,data_collection,cooking_fume,exposure,,false,false,,rule_fallback_v0,2930,4095,2510,3139,16,31,32,28.1,60.2,true,unclassified,1780306665575
2621,node_01,1780306667,data_collection,cooking_fume,exposure,,false,false,,rule_fallback_v0,2940,4095,2510,3139,16,31,32,28.1,60.3,true,unclassified,1780306666620
2622,node_01,1780306668,data_collection,cooking_fume,exposure,,false,false,,rule_fallback_v0,2928,4095,2509,3139,17,30,33,28.1,60.3,true,unclassified,1780306667665
2623,node_01,1780306669,data_collection,cooking_fume,exposure,,false,false,,rule_fallback_v0,2936,4095,2510,3139,17,30,31,28.1,60.3,true,unclassified,1780306668712
2624,node_01,1780306670,data_collection,cooking_fume,exposure,,false,false,,rule_fallback_v0,2931,4095,2511,3139,17,30,31,28.1,60.2,true,unclassified,1780306669770
2625,node_01,1780306671,data_collection,cooking_fume,exposure,,false,false,,rule_fallback_v0,2935,4095,2511,3139,17,30,31,28.1,60.2,true,unclassified,1780306670897
2626,node_01,1780306672,data_collection,cooking_fume,exposure,,false,false,,rule_fallback_v0,2932,4095,2508,3139,17,30,30,28.1,60.2,true,unclassified,1780306671921
2627,node_01,1780306673,data_collection,cooking_fume,exposure,,false,false,,rule_fallback_v0,2936,4095,2509,3139,17,30,30,28.1,60.2,true,unclassified,1780306672944
2628,node_01,1780306674,data_collection,cooking_fume,exposure,,false,false,,rule_fallback_v0,2931,4095,2512,3139,16,29,29,28.1,60.2,true,unclassified,1780306673968
2629,node_01,1780306675,data_collection,cooking_fume,exposure,,false,false,,rule_fallback_v0,2936,4095,2508,3139,16,29,29,28.1,60.2,true,unclassified,1780306674978
2630,node_01,1780306676,data_collection,cooking_fume,exposure,,false,false,,rule_fallback_v0,2933,4095,2508,3139,17,30,30,28.1,60.2,true,unclassified,1780306676121
2631,node_01,1780306677,data_collection,cooking_fume,exposure,,false,false,,rule_fallback_v0,2936,4095,2508,3139,17,30,30,28.1,60.2,true,unclassified,1780306677071
2632,node_01,1780306678,data_collection,cooking_fume,exposure,,false,false,,rule_fallback_v0,2931,4095,2508,3139,17,30,30,28.1,60.2,true,unclassified,1780306678166
2633,node_01,1780306679,data_collection,cooking_fume,exposure,,false,false,,rule_fallback_v0,2936,4095,2511,3139,17,30,30,28.1,60.2,true,unclassified,1780306679192
2634,node_01,1780306680,data_collection,cooking_fume,exposure,,false,false,,rule_fallback_v0,2932,4095,2510,3139,17,30,30,28.1,60.2,true,unclassified,1780306680215
2635,node_01,1780306681,data_collection,cooking_fume,exposure,,false,false,,rule_fallback_v0,2936,4095,2511,3139,17,30,31,28.1,60.2,true,unclassified,1780306681342
2636,node_01,1780306682,data_collection,cooking_fume,exposure,,false,false,,rule_fallback_v0,2934,4095,2509,3139,16,29,30,28.1,60.2,true,unclassified,1780306682365
2637,node_01,1780306683,data_collection,cooking_fume,exposure,,false,false,,rule_fallback_v0,2939,4095,2509,3139,16,29,30,28.1,60.2,true,unclassified,1780306683389
2638,node_01,1780306684,data_collection,cooking_fume,exposure,,false,false,,rule_fallback_v0,2930,4095,2507,3139,16,29,30,28.1,60.2,true,unclassified,1780306684390
2639,node_01,1780306686,data_collection,cooking_fume,exposure,,false,false,,rule_fallback_v0,2936,4095,2510,3139,17,30,31,28.1,60.2,true,unclassified,1780306685438
2640,node_01,1780306687,data_collection,cooking_fume,exposure,,false,false,,rule_fallback_v0,2933,4095,2512,3139,17,30,31,28.1,60.2,true,unclassified,1780306686565
2641,node_01,1780306688,data_collection,cooking_fume,exposure,,false,false,,rule_fallback_v0,2936,4095,2510,3139,18,30,31,28.1,60.2,true,unclassified,1780306687518
2642,node_01,1780306689,data_collection,cooking_fume,exposure,,false,false,,rule_fallback_v0,2932,4095,2509,3139,18,30,31,28.1,60.3,true,unclassified,1780306688566
2643,node_01,1780306690,data_collection,cooking_fume,exposure,,false,false,,rule_fallback_v0,2937,4095,2508,3139,18,30,31,28.1,60.3,true,unclassified,1780306689636
2644,node_01,1780306691,data_collection,cooking_fume,exposure,,false,false,,rule_fallback_v0,2929,4095,2507,3139,18,30,31,28.1,60.3,true,unclassified,1780306690763
2645,node_01,1780306692,data_collection,cooking_fume,exposure,,false,false,,rule_fallback_v0,2937,4095,2509,3139,17,29,30,28.1,60.5,true,unclassified,1780306691786
2646,node_01,1780306693,data_collection,cooking_fume,exposure,,false,false,,rule_fallback_v0,2934,4095,2508,3139,17,29,30,28.1,60.5,true,unclassified,1780306692742
2647,node_01,1780306694,data_collection,cooking_fume,exposure,,false,false,,rule_fallback_v0,2937,4095,2508,3139,17,29,30,28.1,60.5,true,unclassified,1780306693834
2648,node_01,1780306695,data_collection,cooking_fume,exposure,,false,false,,rule_fallback_v0,2936,4095,2510,3139,18,30,31,28.1,60.6,true,unclassified,1780306694858
2649,node_01,1780306696,data_collection,cooking_fume,exposure,,false,false,,rule_fallback_v0,2939,4095,2509,3139,18,30,31,28.1,60.6,true,unclassified,1780306695984
2650,node_01,1780306697,data_collection,cooking_fume,exposure,,false,false,,rule_fallback_v0,2929,4095,2510,3139,18,30,31,28.1,60.6,true,unclassified,1780306697008
2651,node_01,1780306698,data_collection,cooking_fume,exposure,,false,false,,rule_fallback_v0,2935,4095,2510,3139,17,30,31,28.1,60.8,true,unclassified,1780306698037
2652,node_01,1780306699,data_collection,cooking_fume,exposure,,false,false,,rule_fallback_v0,2932,4095,2508,3139,17,30,31,28.1,60.8,true,unclassified,1780306699015
2653,node_01,1780306700,data_collection,cooking_fume,exposure,,false,false,,rule_fallback_v0,2938,4095,2509,3139,17,30,31,28.1,60.8,true,unclassified,1780306700059
2654,node_01,1780306701,data_collection,cooking_fume,exposure,,false,false,,rule_fallback_v0,2931,4095,2508,3139,17,30,30,28.1,60.6,true,unclassified,1780306701449
2655,node_01,1780306702,data_collection,cooking_fume,exposure,,false,false,,rule_fallback_v0,2942,4095,2510,3139,17,30,30,28.1,60.6,true,unclassified,1780306702147
2656,node_01,1780306703,data_collection,cooking_fume,exposure,,false,false,,rule_fallback_v0,2934,4095,2511,3139,17,30,30,28.1,60.6,true,unclassified,1780306703255
2657,node_01,1780306704,data_collection,cooking_fume,exposure,,false,false,,rule_fallback_v0,2937,4095,2509,3139,16,29,30,28.1,60.5,true,unclassified,1780306704279
2658,node_01,1780306705,data_collection,cooking_fume,exposure,,false,false,,rule_fallback_v0,2937,4095,2511,3139,16,29,30,28.1,60.5,true,unclassified,1780306705303
2659,node_01,1780306706,data_collection,cooking_fume,exposure,,false,false,,rule_fallback_v0,2936,4095,2507,3139,15,28,29,28.1,60.5,true,unclassified,1780306706470
2660,node_01,1780306707,data_collection,cooking_fume,exposure,,false,false,,rule_fallback_v0,2932,4095,2509,3139,15,28,29,28.1,60.4,true,unclassified,1780306707372
2661,node_01,1780306709,data_collection,cooking_fume,exposure,,false,false,,rule_fallback_v0,2936,4095,2507,3139,15,27,29,28.1,60.4,true,unclassified,1780306708463
2662,node_01,1780306710,data_collection,cooking_fume,exposure,,false,false,,rule_fallback_v0,2931,4095,2508,3139,14,27,29,28.1,60.4,true,unclassified,1780306709501
2663,node_01,1780306711,data_collection,cooking_fume,exposure,,false,false,,rule_fallback_v0,2937,4095,2514,3139,14,27,28,28.1,60.3,true,unclassified,1780306710506
2664,node_01,1780306712,data_collection,cooking_fume,exposure,,false,false,,rule_fallback_v0,2936,4095,2511,3139,14,27,28,28.1,60.3,true,unclassified,1780306711651
2665,node_01,1780306713,data_collection,cooking_fume,exposure,,false,false,,rule_fallback_v0,2935,4095,2508,3139,15,28,29,28.1,60.3,true,unclassified,1780306712684
2666,node_01,1780306714,data_collection,cooking_fume,exposure,,false,false,,rule_fallback_v0,2934,4095,2507,3139,14,28,29,28.1,60.3,true,unclassified,1780306713640
2667,node_01,1780306715,data_collection,cooking_fume,exposure,,false,false,,rule_fallback_v0,2936,4095,2511,3139,14,28,29,28.1,60.3,true,unclassified,1780306714686
2668,node_01,1780306716,data_collection,cooking_fume,exposure,,false,false,,rule_fallback_v0,2931,4095,2508,3139,14,28,29,28.1,60.3,true,unclassified,1780306715747
2669,node_01,1780306717,data_collection,cooking_fume,exposure,,false,false,,rule_fallback_v0,2937,4095,2510,3139,14,28,29,28.1,60.1,true,unclassified,1780306716776
2670,node_01,1780306718,data_collection,cooking_fume,exposure,,false,false,,rule_fallback_v0,2930,4095,2509,3139,13,27,28,28.1,60.1,true,unclassified,1780306717903
2671,node_01,1780306719,data_collection,cooking_fume,exposure,,false,false,,rule_fallback_v0,2933,4095,2509,3139,12,27,28,28.1,60.1,true,unclassified,1780306718926
2672,node_01,1780306720,data_collection,cooking_fume,exposure,,false,false,,rule_fallback_v0,2932,4095,2508,3139,12,27,28,28.1,60,true,unclassified,1780306719986
2673,node_01,1780306721,data_collection,cooking_fume,exposure,,false,false,,rule_fallback_v0,2938,4095,2511,3139,13,28,29,28.1,60,true,unclassified,1780306720971
2674,node_01,1780306722,data_collection,cooking_fume,exposure,,false,false,,rule_fallback_v0,2931,4095,2510,3139,13,28,29,28.1,60,true,unclassified,1780306722002
2675,node_01,1780306723,data_collection,cooking_fume,exposure,,false,false,,rule_fallback_v0,2937,4095,2509,3139,13,28,29,28.1,60,true,unclassified,1780306723047
2676,node_01,1780306724,data_collection,cooking_fume,exposure,,false,false,,rule_fallback_v0,2933,4095,2511,3139,12,27,28,28.1,60,true,unclassified,1780306724089
2677,node_01,1780306725,data_collection,cooking_fume,exposure,,false,false,,rule_fallback_v0,2934,4095,2507,3139,11,27,28,28.1,60,true,unclassified,1780306725173
2678,node_01,1780306726,data_collection,cooking_fume,exposure,,false,false,,rule_fallback_v0,2931,4095,2510,3139,11,26,27,28.1,60,true,unclassified,1780306726295
2679,node_01,1780306727,data_collection,cooking_fume,exposure,,false,false,,rule_fallback_v0,2938,4095,2508,3139,12,27,28,28.1,60,true,unclassified,1780306727232
2680,node_01,1780306728,data_collection,cooking_fume,exposure,,false,false,,rule_fallback_v0,2930,4095,2508,3139,12,27,28,28.1,60,true,unclassified,1780306728343
2681,node_01,1780306729,data_collection,cooking_fume,exposure,,false,false,,rule_fallback_v0,2938,4095,2511,3139,12,27,28,28.1,59.9,true,unclassified,1780306729367
2682,node_01,1780306730,data_collection,cooking_fume,exposure,,false,false,,rule_fallback_v0,2932,4095,2510,3139,12,27,28,28.1,59.9,true,unclassified,1780306730391
2683,node_01,1780306732,data_collection,cooking_fume,exposure,,false,false,,rule_fallback_v0,2937,4095,2511,3139,12,26,28,28.1,59.9,true,unclassified,1780306731413
2684,node_01,1780306733,data_collection,cooking_fume,exposure,,false,false,,rule_fallback_v0,2931,4095,2509,3139,11,26,28,28.1,59.7,true,unclassified,1780306732540
2685,node_01,1780306734,data_collection,cooking_fume,exposure,,false,false,,rule_fallback_v0,2937,4095,2509,3139,11,26,28,28.1,59.7,true,unclassified,1780306733564
2686,node_01,1780306735,data_collection,cooking_fume,exposure,,false,false,,rule_fallback_v0,2932,4095,2512,3139,11,26,28,28.1,59.7,true,unclassified,1780306734537
2687,node_01,1780306736,data_collection,cooking_fume,exposure,,false,false,,rule_fallback_v0,2935,4095,2511,3139,11,26,27,28.1,59.8,true,unclassified,1780306735613
2688,node_01,1780306737,data_collection,cooking_fume,exposure,,false,false,,rule_fallback_v0,2932,4095,2509,3139,10,25,26,28.1,59.8,true,unclassified,1780306736637
2689,node_01,1780306738,data_collection,cooking_fume,exposure,,false,false,,rule_fallback_v0,2935,4095,2508,3139,10,25,26,28.1,59.8,true,unclassified,1780306737687
2690,node_01,1780306739,data_collection,cooking_fume,exposure,,false,false,,rule_fallback_v0,2928,4095,2509,3139,8,24,26,28.1,59.8,true,unclassified,1780306738716
2691,node_01,1780306740,data_collection,cooking_fume,exposure,,false,false,,rule_fallback_v0,2936,4095,2509,3139,8,24,26,28.1,59.8,true,unclassified,1780306739812
2692,node_01,1780306741,data_collection,cooking_fume,exposure,,false,false,,rule_fallback_v0,2933,4095,2508,3139,10,24,26,28.1,59.8,true,unclassified,1780306740836
2693,node_01,1780306742,data_collection,cooking_fume,exposure,,false,false,,rule_fallback_v0,2938,4095,2510,3139,10,24,26,28.1,59.8,true,unclassified,1780306741961
2694,node_01,1780306743,data_collection,cooking_fume,exposure,,false,false,,rule_fallback_v0,2934,4095,2508,3139,10,24,26,28.1,59.8,true,unclassified,1780306742985
2695,node_01,1780306744,data_collection,cooking_fume,exposure,,false,false,,rule_fallback_v0,2936,4095,2508,3139,10,24,26,28.1,59.8,true,unclassified,1780306743942
2696,node_01,1780306745,data_collection,cooking_fume,exposure,,false,false,,rule_fallback_v0,2930,4095,2508,3139,11,25,27,28.1,59.6,true,unclassified,1780306745033
2697,node_01,1780306746,data_collection,cooking_fume,exposure,,false,false,,rule_fallback_v0,2940,4095,2509,3139,11,25,27,28.1,59.6,true,unclassified,1780306746057
2698,node_01,1780306747,data_collection,cooking_fume,exposure,,false,false,,rule_fallback_v0,2932,4095,2511,3139,11,25,27,28.1,59.6,true,unclassified,1780306747076
2699,node_01,1780306748,data_collection,cooking_fume,exposure,,false,false,,rule_fallback_v0,2938,4095,2511,3139,10,24,26,28.1,59.6,true,unclassified,1780306748120
2700,node_01,1780306749,data_collection,cooking_fume,exposure,,false,false,,rule_fallback_v0,2929,4095,2511,3139,11,24,26,28.1,59.6,true,unclassified,1780306749168
2701,node_01,1780306750,data_collection,cooking_fume,exposure,,false,false,,rule_fallback_v0,2938,4095,2510,3139,11,24,27,28.1,59.6,true,unclassified,1780306750255
2702,node_01,1780306751,data_collection,cooking_fume,exposure,,false,false,,rule_fallback_v0,2928,4095,2508,3139,11,24,27,28.1,59.8,true,unclassified,1780306751279
2703,node_01,1780306752,data_collection,cooking_fume,exposure,,false,false,,rule_fallback_v0,2938,4095,2509,3139,10,24,26,28.1,59.8,true,unclassified,1780306752325
2704,node_01,1780306753,data_collection,cooking_fume,exposure,,false,false,,rule_fallback_v0,2935,4095,2509,3139,10,24,26,28.1,59.8,true,unclassified,1780306753430
2705,node_01,1780306754,data_collection,cooking_fume,exposure,,false,false,,rule_fallback_v0,2937,4095,2509,3139,11,25,27,28.1,59.7,true,unclassified,1780306754455
2706,node_01,1780306756,data_collection,cooking_fume,exposure,,false,false,,rule_fallback_v0,2935,4095,2508,3139,11,25,27,28.1,59.7,true,unclassified,1780306755436
2707,node_01,1780306757,data_collection,cooking_fume,exposure,,false,false,,rule_fallback_v0,2939,4095,2510,3139,12,25,27,28.1,59.7,true,unclassified,1780306756502
2708,node_01,1780306758,data_collection,cooking_fume,exposure,,false,false,,rule_fallback_v0,2933,4095,2509,3139,11,24,26,28.1,59.7,true,unclassified,1780306757628
2709,node_01,1780306759,data_collection,cooking_fume,exposure,,false,false,,rule_fallback_v0,2936,4095,2508,3139,11,24,25,28.1,59.7,true,unclassified,1780306758652
2710,node_01,1780306760,data_collection,cooking_fume,exposure,,false,false,,rule_fallback_v0,2932,4095,2510,3139,12,25,26,28.1,59.7,true,unclassified,1780306759677
2711,node_01,1780306761,data_collection,cooking_fume,exposure,,false,false,,rule_fallback_v0,2935,4095,2507,3139,12,25,26,28.1,59.6,true,unclassified,1780306760701
2712,node_01,1780306762,data_collection,cooking_fume,exposure,,false,false,,rule_fallback_v0,2935,4095,2508,3139,12,25,26,28.1,59.6,true,unclassified,1780306761710
2713,node_01,1780306763,data_collection,cooking_fume,exposure,,false,false,,rule_fallback_v0,2939,4095,2510,3139,11,24,25,28.1,59.6,true,unclassified,1780306762851
2714,node_01,1780306764,data_collection,cooking_fume,exposure,,false,false,,rule_fallback_v0,2931,4095,2509,3139,11,24,25,28.1,59.7,true,unclassified,1780306763797
2715,node_01,1780306765,data_collection,cooking_fume,exposure,,false,false,,rule_fallback_v0,2939,4095,2510,3139,12,24,25,28.1,59.7,true,unclassified,1780306764842
2716,node_01,1780306766,data_collection,cooking_fume,exposure,,false,false,,rule_fallback_v0,2931,4095,2510,3139,12,25,26,28.1,59.7,true,unclassified,1780306765924
2717,node_01,1780306767,data_collection,cooking_fume,exposure,,false,false,,rule_fallback_v0,2937,4095,2508,3139,12,25,26,28.1,59.7,true,unclassified,1780306766946
2718,node_01,1780306768,data_collection,cooking_fume,exposure,,false,false,,rule_fallback_v0,2935,4095,2512,3139,12,25,26,28.1,59.7,true,unclassified,1780306767973
2719,node_01,1780306769,data_collection,cooking_fume,exposure,,false,false,,rule_fallback_v0,2938,4095,2510,3139,12,25,26,28.1,59.7,true,unclassified,1780306769097
2720,node_01,1780306770,data_collection,cooking_fume,exposure,,false,false,,rule_fallback_v0,2928,4095,2511,3139,12,25,26,28.1,59.7,true,unclassified,1780306770122
2721,node_01,1780306771,data_collection,cooking_fume,exposure,,false,false,,rule_fallback_v0,2940,4095,2510,3139,12,25,26,28.1,59.7,true,unclassified,1780306771144
2722,node_01,1780306772,data_collection,cooking_fume,exposure,,false,false,,rule_fallback_v0,2934,4095,2510,3139,11,25,26,28.1,59.7,true,unclassified,1780306772168
2723,node_01,1780306773,data_collection,cooking_fume,exposure,,false,false,,rule_fallback_v0,2936,4095,2513,3139,11,25,26,28,59.8,true,unclassified,1780306773268
2724,node_01,1780306774,data_collection,cooking_fume,exposure,,false,false,,rule_fallback_v0,2931,4095,2509,3139,11,25,26,28,59.8,true,unclassified,1780306774319
2725,node_01,1780306775,data_collection,cooking_fume,exposure,,false,false,,rule_fallback_v0,2940,4095,2509,3139,10,24,25,28,59.8,true,unclassified,1780306775348
2726,node_01,1780306776,data_collection,cooking_fume,exposure,,false,false,,rule_fallback_v0,2930,4095,2509,3139,10,25,25,28,60.1,true,unclassified,1780306776335
2727,node_01,1780306777,data_collection,cooking_fume,exposure,,false,false,,rule_fallback_v0,2937,4095,2512,3139,10,25,25,28,60.1,true,unclassified,1780306777390
2728,node_01,1780306779,data_collection,cooking_fume,exposure,,false,false,,rule_fallback_v0,2931,4095,2510,3139,11,26,26,28,60.1,true,unclassified,1780306778431
2729,node_01,1780306780,data_collection,cooking_fume,exposure,,false,false,,rule_fallback_v0,2938,4095,2510,3139,11,26,26,28.1,60.2,true,unclassified,1780306779467
2730,node_01,1780306781,data_collection,cooking_fume,exposure,,false,false,,rule_fallback_v0,2933,4095,2508,3139,10,25,25,28.1,60.2,true,unclassified,1780306780567
2731,node_01,1780306782,data_collection,cooking_fume,exposure,,false,false,,rule_fallback_v0,2935,4095,2507,3139,10,25,25,28.1,60.2,true,unclassified,1780306781590
2732,node_01,1780306783,data_collection,cooking_fume,exposure,,false,false,,rule_fallback_v0,2933,4095,2508,3139,10,25,25,28,60.3,true,unclassified,1780306782604
2733,node_01,1780306784,data_collection,cooking_fume,exposure,,false,false,,rule_fallback_v0,2940,4095,2508,3139,11,26,26,28,60.3,true,unclassified,1780306783742
2734,node_01,1780306785,data_collection,cooking_fume,exposure,,false,false,,rule_fallback_v0,2927,4095,2508,3139,11,26,26,28,60.3,true,unclassified,1780306784770
2735,node_01,1780306786,data_collection,cooking_fume,exposure,,false,false,,rule_fallback_v0,2939,4095,2510,3139,11,26,26,28,60.2,true,unclassified,1780306785893
2736,node_01,1780306787,data_collection,cooking_fume,exposure,,false,false,,rule_fallback_v0,2933,4095,2509,3139,12,26,26,28,60.2,true,unclassified,1780306786813
2737,node_01,1780306788,data_collection,cooking_fume,exposure,,false,false,,rule_fallback_v0,2938,4095,2510,3139,12,26,26,28,60.2,true,unclassified,1780306787836
2738,node_01,1780306789,data_collection,cooking_fume,exposure,,false,false,,rule_fallback_v0,2931,4095,2509,3139,12,26,26,28.1,60.4,true,unclassified,1780306788872
2739,node_01,1780306790,data_collection,cooking_fume,exposure,,false,false,,rule_fallback_v0,2937,4095,2509,3139,11,25,25,28.1,60.4,true,unclassified,1780306789990
2740,node_01,1780306791,data_collection,cooking_fume,exposure,,false,false,,rule_fallback_v0,2935,4095,2510,3139,11,25,25,28.1,60.4,true,unclassified,1780306791011
2741,node_01,1780306792,data_collection,cooking_fume,exposure,,false,false,,rule_fallback_v0,2936,4095,2508,3139,11,25,25,28,60.4,true,unclassified,1780306792011
2742,node_01,1780306793,data_collection,cooking_fume,exposure,,false,false,,rule_fallback_v0,2935,4095,2508,3139,11,25,25,28,60.4,true,unclassified,1780306793161
2743,node_01,1780306794,data_collection,cooking_fume,exposure,,false,false,,rule_fallback_v0,2937,4095,2511,3139,10,25,25,28,60.4,true,unclassified,1780306794185
2744,node_01,1780306795,data_collection,cooking_fume,exposure,,false,false,,rule_fallback_v0,2933,4095,2510,3139,10,25,25,28,60.5,true,unclassified,1780306795208
2745,node_01,1780306796,data_collection,cooking_fume,exposure,,false,false,,rule_fallback_v0,2934,4095,2508,3139,11,26,26,28,60.5,true,unclassified,1780306796237
2746,node_01,1780306797,data_collection,cooking_fume,exposure,,false,false,,rule_fallback_v0,2934,4095,2509,3139,11,26,26,28,60.5,true,unclassified,1780306797257
2747,node_01,1780306798,data_collection,cooking_fume,exposure,,false,false,,rule_fallback_v0,2940,4095,2509,3139,12,26,26,28,60.8,true,unclassified,1780306798388
2748,node_01,1780306799,data_collection,cooking_fume,exposure,,false,false,,rule_fallback_v0,2927,4095,2508,3139,12,26,26,28,60.8,true,unclassified,1780306799409
2749,node_01,1780306800,data_collection,cooking_fume,exposure,,false,false,,rule_fallback_v0,2935,4095,2509,3139,12,26,26,28,60.8,true,unclassified,1780306800432
2750,node_01,1780306802,data_collection,cooking_fume,exposure,,false,false,,rule_fallback_v0,2929,4095,2513,3139,11,25,25,28.1,60.7,true,unclassified,1780306801456
2751,node_01,1780306803,data_collection,cooking_fume,exposure,,false,false,,rule_fallback_v0,2936,4095,2511,3139,11,25,25,28.1,60.7,true,unclassified,1780306802460
2752,node_01,1780306804,data_collection,cooking_fume,exposure,,false,false,,rule_fallback_v0,2932,4095,2511,3139,11,25,25,28.1,60.7,true,unclassified,1780306803606
2753,node_01,1780306805,data_collection,cooking_fume,exposure,,false,false,,rule_fallback_v0,2935,4095,2507,3139,12,25,26,28,60.7,true,unclassified,1780306804630
2754,node_01,1780306806,data_collection,cooking_fume,exposure,,false,false,,rule_fallback_v0,2933,4095,2509,3139,12,25,26,28,60.7,true,unclassified,1780306805654
2755,node_01,1780306807,data_collection,cooking_fume,exposure,,false,false,,rule_fallback_v0,2934,4095,2509,3139,12,25,26,28,60.7,true,unclassified,1780306806633
2756,node_01,1780306808,data_collection,cooking_fume,exposure,,false,false,,rule_fallback_v0,2928,4095,2509,3139,12,26,27,28.1,60.8,true,unclassified,1780306807680
2757,node_01,1780306809,data_collection,cooking_fume,exposure,,false,false,,rule_fallback_v0,2939,4095,2511,3139,12,26,27,28.1,60.8,true,unclassified,1780306808842
2758,node_01,1780306810,data_collection,cooking_fume,exposure,,false,false,,rule_fallback_v0,2937,4095,2508,3139,12,26,27,28.1,60.8,true,unclassified,1780306809771
2759,node_01,1780306811,data_collection,cooking_fume,exposure,,false,false,,rule_fallback_v0,2937,4095,2511,3139,12,26,27,28,60.7,true,unclassified,1780306810881
2760,node_01,1780306812,data_collection,cooking_fume,exposure,,false,false,,rule_fallback_v0,2933,4095,2508,3139,12,26,27,28,60.7,true,unclassified,1780306811900
2761,node_01,1780306813,data_collection,cooking_fume,exposure,,false,false,,rule_fallback_v0,2935,4095,2510,3139,11,27,27,28,60.7,true,unclassified,1780306812927
2762,node_01,1780306814,data_collection,cooking_fume,exposure,,false,false,,rule_fallback_v0,2930,4095,2509,3139,10,26,26,28,60.7,true,unclassified,1780306813947
2763,node_01,1780306815,data_collection,cooking_fume,exposure,,false,false,,rule_fallback_v0,2933,4095,2507,3139,10,26,26,28,60.7,true,unclassified,1780306815075
2764,node_01,1780306816,data_collection,cooking_fume,exposure,,false,false,,rule_fallback_v0,2932,4095,2510,3139,10,26,26,28,60.7,true,unclassified,1780306816041
2765,node_01,1780306817,data_collection,cooking_fume,exposure,,false,false,,rule_fallback_v0,2936,4095,2510,3139,11,27,27,28,60.7,true,unclassified,1780306817125
2766,node_01,1780306818,data_collection,cooking_fume,exposure,,false,false,,rule_fallback_v0,2934,4095,2511,3139,11,27,27,28,60.7,true,unclassified,1780306818146
2767,node_01,1780306819,data_collection,cooking_fume,exposure,,false,false,,rule_fallback_v0,2940,4095,2509,3139,11,27,27,28,60.7,true,unclassified,1780306819274
2768,node_01,1780306820,data_collection,cooking_fume,exposure,,false,false,,rule_fallback_v0,2935,4095,2508,3139,11,27,27,28,60.7,true,unclassified,1780306820296
2769,node_01,1780306821,data_collection,cooking_fume,exposure,,false,false,,rule_fallback_v0,2935,4095,2509,3139,11,27,28,28,60.7,true,unclassified,1780306821322
2770,node_01,1780306822,data_collection,cooking_fume,exposure,,false,false,,rule_fallback_v0,2932,4095,2511,3139,11,27,28,28,60.7,true,unclassified,1780306822344
2771,node_01,1780306823,data_collection,cooking_fume,exposure,,false,false,,rule_fallback_v0,2936,4095,2507,3139,11,27,28,28,60.6,true,unclassified,1780306823369
2772,node_01,1780306824,data_collection,cooking_fume,exposure,,false,false,,rule_fallback_v0,2928,4095,2510,3139,11,27,28,28,60.6,true,unclassified,1780306824496
2773,node_01,1780306826,data_collection,cooking_fume,exposure,,false,false,,rule_fallback_v0,2936,4095,2506,3139,10,26,27,28,60.6,true,unclassified,1780306825519
2774,node_01,1780306827,data_collection,cooking_fume,exposure,,false,false,,rule_fallback_v0,2929,4095,2507,3139,10,26,27,28,60.4,true,unclassified,1780306826534
2775,node_01,1780306828,data_collection,cooking_fume,exposure,,false,false,,rule_fallback_v0,2937,4095,2509,3139,10,26,27,28,60.4,true,unclassified,1780306827567
2776,node_01,1780306829,data_collection,cooking_fume,exposure,,false,false,,rule_fallback_v0,2931,4095,2510,3139,11,27,28,28,60.4,true,unclassified,1780306828591
2777,node_01,1780306830,data_collection,cooking_fume,exposure,,false,false,,rule_fallback_v0,2933,4095,2509,3139,11,27,28,28,60.6,true,unclassified,1780306829718
2778,node_01,1780306831,data_collection,cooking_fume,exposure,,false,false,,rule_fallback_v0,2932,4095,2507,3139,11,27,28,28,60.6,true,unclassified,1780306830714
2779,node_01,1780306832,data_collection,cooking_fume,exposure,,false,false,,rule_fallback_v0,2933,4095,2507,3139,11,26,27,28,60.6,true,unclassified,1780306831772
2780,node_01,1780306833,data_collection,cooking_fume,exposure,,false,false,,rule_fallback_v0,2931,4095,2509,3139,11,26,27,28,60.7,true,unclassified,1780306832755
2781,node_01,1780306834,data_collection,cooking_fume,exposure,,false,false,,rule_fallback_v0,2934,4095,2507,3139,11,26,27,28,60.7,true,unclassified,1780306833803
2782,node_01,1780306835,data_collection,cooking_fume,exposure,,false,false,,rule_fallback_v0,2928,4095,2511,3139,11,26,27,28,60.7,true,unclassified,1780306834940
2783,node_01,1780306836,data_collection,cooking_fume,exposure,,false,false,,rule_fallback_v0,2937,4095,2509,3139,11,26,27,28,60.8,true,unclassified,1780306835963
2784,node_01,1780306837,data_collection,cooking_fume,exposure,,false,false,,rule_fallback_v0,2932,4095,2509,3139,11,26,27,28,60.8,true,unclassified,1780306836993
2785,node_01,1780306838,data_collection,cooking_fume,exposure,,false,false,,rule_fallback_v0,2938,4095,2506,3139,12,27,29,28,60.8,true,unclassified,1780306838012
2786,node_01,1780306839,data_collection,cooking_fume,exposure,,false,false,,rule_fallback_v0,2925,4095,2510,3139,13,28,29,28,61.1,true,unclassified,1780306839026
2787,node_01,1780306840,data_collection,cooking_fume,exposure,,false,false,,rule_fallback_v0,2935,4095,2508,3139,13,28,29,28,61.1,true,unclassified,1780306840071
2788,node_01,1780306841,data_collection,cooking_fume,exposure,,false,false,,rule_fallback_v0,2926,4095,2506,3139,12,27,28,28,61.1,true,unclassified,1780306841186
2789,node_01,1780306842,data_collection,cooking_fume,exposure,,false,false,,rule_fallback_v0,2934,4095,2507,3139,12,27,28,28,60.9,true,unclassified,1780306842210
2790,node_01,1780306843,data_collection,cooking_fume,exposure,,false,false,,rule_fallback_v0,2930,4095,2507,3139,12,27,29,28,60.9,true,unclassified,1780306843233
2791,node_01,1780306844,data_collection,cooking_fume,exposure,,false,false,,rule_fallback_v0,2936,4095,2507,3139,13,28,29,28,60.9,true,unclassified,1780306844258
2792,node_01,1780306845,data_collection,cooking_fume,exposure,,false,false,,rule_fallback_v0,2929,4095,2509,3139,13,28,29,28,61,true,unclassified,1780306845385
2793,node_01,1780306846,data_collection,cooking_fume,exposure,,false,false,,rule_fallback_v0,2933,4095,2509,3139,15,29,31,28,61,true,unclassified,1780306846408
2794,node_01,1780306847,data_collection,cooking_fume,exposure,,false,false,,rule_fallback_v0,2932,4095,2508,3139,15,30,31,28,61,true,unclassified,1780306847433
2795,node_01,1780306849,data_collection,cooking_fume,exposure,,false,false,,rule_fallback_v0,2937,4095,2507,3139,15,30,33,28,60.9,true,unclassified,1780306848428
2796,node_01,1780306850,data_collection,cooking_fume,exposure,,false,false,,rule_fallback_v0,2930,4095,2508,3139,16,30,33,28,60.9,true,unclassified,1780306849584
2797,node_01,1780306851,data_collection,cooking_fume,exposure,,false,false,,rule_fallback_v0,2934,4095,2510,3139,16,30,34,28,60.9,true,unclassified,1780306850606
2798,node_01,1780306852,data_collection,cooking_fume,exposure,,false,false,,rule_fallback_v0,2930,4095,2511,3139,17,32,34,28,60.9,true,unclassified,1780306851632
2799,node_01,1780306853,data_collection,cooking_fume,exposure,,false,false,,rule_fallback_v0,2939,4095,2509,3139,18,32,35,28,60.9,true,unclassified,1780306852656
2800,node_01,1780306854,data_collection,cooking_fume,exposure,,false,false,,rule_fallback_v0,2933,4095,2508,3139,19,32,36,28,60.9,true,unclassified,1780306853678
2801,node_01,1780306855,data_collection,cooking_fume,exposure,,false,false,,rule_fallback_v0,2936,4095,2509,3139,19,32,37,28,60.9,true,unclassified,1780306854702
2802,node_01,1780306856,data_collection,cooking_fume,exposure,,false,false,,rule_fallback_v0,2928,4095,2508,3139,19,32,36,28,60.9,true,unclassified,1780306855743
2803,node_01,1780306857,data_collection,cooking_fume,exposure,,false,false,,rule_fallback_v0,2931,4095,2507,3139,19,32,37,28,60.9,true,unclassified,1780306856789
2804,node_01,1780306858,data_collection,cooking_fume,exposure,,false,false,,rule_fallback_v0,2930,4095,2509,3139,20,32,37,28,60.7,true,unclassified,1780306857833
2805,node_01,1780306859,data_collection,cooking_fume,exposure,,false,false,,rule_fallback_v0,2939,4095,2509,3139,21,33,38,28,60.7,true,unclassified,1780306858907
2806,node_01,1780306860,data_collection,cooking_fume,exposure,,false,false,,rule_fallback_v0,2934,4095,2509,3139,21,34,39,28,60.7,true,unclassified,1780306860027
2807,node_01,1780306861,data_collection,cooking_fume,exposure,,false,false,,rule_fallback_v0,2937,4095,2508,3139,21,34,40,28,60.6,true,unclassified,1780306860970
2808,node_01,1780306862,data_collection,cooking_fume,exposure,,false,false,,rule_fallback_v0,2933,4095,2511,3139,23,36,41,28,60.6,true,unclassified,1780306862076
2809,node_01,1780306863,data_collection,cooking_fume,exposure,,false,false,,rule_fallback_v0,2934,4095,2511,3139,23,36,42,28,60.6,true,unclassified,1780306863057
2810,node_01,1780306864,data_collection,cooking_fume,exposure,,false,false,,rule_fallback_v0,2930,4095,2509,3139,23,37,45,28,60.5,true,unclassified,1780306864105
2811,node_01,1780306865,data_collection,cooking_fume,exposure,,false,false,,rule_fallback_v0,2938,4095,2508,3139,24,39,45,28,60.5,true,unclassified,1780306865147
2812,node_01,1780306866,data_collection,cooking_fume,exposure,,false,false,,rule_fallback_v0,2935,4095,2508,3139,24,39,47,28,60.5,true,unclassified,1780306866278
2813,node_01,1780306867,data_collection,cooking_fume,exposure,,false,false,,rule_fallback_v0,2935,4095,2508,3139,24,39,47,28,60.5,true,unclassified,1780306867297
2814,node_01,1780306868,data_collection,cooking_fume,exposure,,false,false,,rule_fallback_v0,2931,4095,2508,3139,25,40,48,28,60.5,true,unclassified,1780306868322
2815,node_01,1780306869,data_collection,cooking_fume,exposure,,false,false,,rule_fallback_v0,2933,4095,2508,3139,26,41,49,28,60.5,true,unclassified,1780306869351
2816,node_01,1780306870,data_collection,cooking_fume,exposure,,false,false,,rule_fallback_v0,2930,4095,2509,3139,27,42,51,28,60.3,true,unclassified,1780306870473
2817,node_01,1780306872,data_collection,cooking_fume,exposure,,false,false,,rule_fallback_v0,2934,4095,2509,3139,27,43,53,28,60.3,true,unclassified,1780306871496
2818,node_01,1780306873,data_collection,cooking_fume,exposure,,false,false,,rule_fallback_v0,2934,4095,2510,3139,28,45,55,28,60.3,true,unclassified,1780306872520
2819,node_01,1780306874,data_collection,cooking_fume,exposure,,false,false,,rule_fallback_v0,2938,4095,2509,3139,28,46,56,28,60.5,true,unclassified,1780306873544
2820,node_01,1780306875,data_collection,cooking_fume,exposure,,false,false,,rule_fallback_v0,2927,4095,2507,3139,29,47,59,28,60.5,true,unclassified,1780306874567
2821,node_01,1780306876,data_collection,cooking_fume,exposure,,false,false,,rule_fallback_v0,2938,4095,2507,3139,30,49,61,28,60.5,true,unclassified,1780306875694
2822,node_01,1780306877,data_collection,cooking_fume,exposure,,false,false,,rule_fallback_v0,2929,4095,2507,3139,31,51,63,28,60.3,true,unclassified,1780306876718
2823,node_01,1780306878,data_collection,cooking_fume,exposure,,false,false,,rule_fallback_v0,2935,4095,2509,3139,32,52,65,28,60.3,true,unclassified,1780306877743
2824,node_01,1780306879,data_collection,cooking_fume,exposure,,false,false,,rule_fallback_v0,2932,4095,2509,3139,33,53,67,28,60.3,true,unclassified,1780306878732
2825,node_01,1780306880,data_collection,cooking_fume,exposure,,false,false,,rule_fallback_v0,2937,4095,2508,3139,33,56,68,28,60.5,true,unclassified,1780306879790
2826,node_01,1780306881,data_collection,cooking_fume,exposure,,false,false,,rule_fallback_v0,2933,4095,2508,3139,34,57,70,28,60.5,true,unclassified,1780306880831
2827,node_01,1780306882,data_collection,cooking_fume,exposure,,false,false,,rule_fallback_v0,2936,4095,2508,3139,34,59,71,28,60.5,true,unclassified,1780306881941
2828,node_01,1780306883,data_collection,cooking_fume,exposure,,false,false,,rule_fallback_v0,2932,4095,2509,3139,34,60,72,28,60.5,true,unclassified,1780306882913
2829,node_01,1780306884,data_collection,cooking_fume,exposure,,false,false,,rule_fallback_v0,2936,4095,2508,3139,35,62,73,28,60.5,true,unclassified,1780306883989
2830,node_01,1780306885,data_collection,cooking_fume,exposure,,false,false,,rule_fallback_v0,2930,4095,2507,3139,34,63,73,28,60.5,true,unclassified,1780306885019
2831,node_01,1780306886,data_collection,cooking_fume,exposure,,false,false,,rule_fallback_v0,2933,4095,2510,3139,35,64,74,28,60.4,true,unclassified,1780306886139
2832,node_01,1780306887,data_collection,cooking_fume,exposure,,false,false,,rule_fallback_v0,2930,4095,2508,3139,35,65,74,28,60.4,true,unclassified,1780306887163
2833,node_01,1780306888,data_collection,cooking_fume,exposure,,false,false,,rule_fallback_v0,2937,4095,2506,3139,36,66,76,28,60.4,true,unclassified,1780306888188
2834,node_01,1780306889,data_collection,cooking_fume,exposure,,false,false,,rule_fallback_v0,2931,4095,2508,3139,36,67,76,28,60.5,true,unclassified,1780306889182
2835,node_01,1780306890,data_collection,cooking_fume,exposure,,false,false,,rule_fallback_v0,2936,4095,2509,3139,36,68,77,28,60.5,true,unclassified,1780306890235
2836,node_01,1780306891,data_collection,cooking_fume,exposure,,false,false,,rule_fallback_v0,2930,4095,2508,3139,38,68,77,28,60.5,true,unclassified,1780306891277
2837,node_01,1780306892,data_collection,cooking_fume,exposure,,false,false,,rule_fallback_v0,2935,4095,2507,3139,38,68,77,28,60.5,true,unclassified,1780306892386
2838,node_01,1780306893,data_collection,cooking_fume,exposure,,false,false,,rule_fallback_v0,2930,4095,2509,3139,38,68,77,28,60.5,true,unclassified,1780306893366
2839,node_01,1780306895,data_collection,cooking_fume,exposure,,false,false,,rule_fallback_v0,2934,4095,2509,3139,35,67,76,28,60.5,true,unclassified,1780306894432
2840,node_01,1780306896,data_collection,cooking_fume,exposure,,false,false,,rule_fallback_v0,2928,4095,2509,3139,35,67,76,28,60.6,true,unclassified,1780306895565
2841,node_01,1780306897,data_collection,cooking_fume,exposure,,false,false,,rule_fallback_v0,2935,4095,2507,3139,35,66,76,28,60.6,true,unclassified,1780306896590
2842,node_01,1780306898,data_collection,cooking_fume,exposure,,false,false,,rule_fallback_v0,2928,4095,2507,3139,35,66,76,28,60.6,true,unclassified,1780306897608
2843,node_01,1780306899,data_collection,cooking_fume,exposure,,false,false,,rule_fallback_v0,2933,4095,2512,3139,35,66,76,28,60.5,true,unclassified,1780306898632
2844,node_01,1780306900,data_collection,cooking_fume,exposure,,false,false,,rule_fallback_v0,2933,4095,2510,3139,35,66,76,28,60.5,true,unclassified,1780306899661
2845,node_01,1780306901,data_collection,cooking_fume,exposure,,false,false,,rule_fallback_v0,2930,4095,2508,3139,35,66,76,28,60.5,true,unclassified,1780306900782
2846,node_01,1780306902,data_collection,cooking_fume,exposure,,false,false,,rule_fallback_v0,2933,4095,2508,3139,35,66,76,28,60.5,true,unclassified,1780306901806
2847,node_01,1780306903,data_collection,cooking_fume,exposure,,false,false,,rule_fallback_v0,2937,4095,2508,3139,35,66,75,28,60.5,true,unclassified,1780306902766
2848,node_01,1780306904,data_collection,cooking_fume,exposure,,false,false,,rule_fallback_v0,2933,4095,2509,3139,35,66,75,28,60.5,true,unclassified,1780306903854
2849,node_01,1780306905,data_collection,cooking_fume,exposure,,false,false,,rule_fallback_v0,2936,4095,2509,3139,35,65,75,28,60.5,true,unclassified,1780306904877
2850,node_01,1780306906,data_collection,cooking_fume,exposure,,false,false,,rule_fallback_v0,2934,4095,2507,3139,36,66,75,28,60.5,true,unclassified,1780306906004
2851,node_01,1780306907,data_collection,cooking_fume,exposure,,false,false,,rule_fallback_v0,2936,4095,2508,3139,35,66,75,28,60.5,true,unclassified,1780306907028
2852,node_01,1780306908,data_collection,cooking_fume,exposure,,false,false,,rule_fallback_v0,2932,4095,2510,3139,35,66,75,28,60.6,true,unclassified,1780306907993
2853,node_01,1780306909,data_collection,cooking_fume,exposure,,false,false,,rule_fallback_v0,2935,4095,2509,3139,35,65,74,28,60.6,true,unclassified,1780306909038
2854,node_01,1780306910,data_collection,cooking_fume,exposure,,false,false,,rule_fallback_v0,2932,4095,2510,3139,35,64,74,28,60.6,true,unclassified,1780306910100
2855,node_01,1780306911,data_collection,cooking_fume,exposure,,false,false,,rule_fallback_v0,2938,4095,2507,3139,34,64,73,28,60.5,true,unclassified,1780306911226
2856,node_01,1780306912,data_collection,cooking_fume,exposure,,false,false,,rule_fallback_v0,2931,4095,2509,3139,34,62,73,28,60.5,true,unclassified,1780306912171
2857,node_01,1780306913,data_collection,cooking_fume,exposure,,false,false,,rule_fallback_v0,2936,4095,2508,3139,34,61,73,28,60.5,true,unclassified,1780306913275
2858,node_01,1780306914,data_collection,cooking_fume,exposure,,false,false,,rule_fallback_v0,2932,4095,2509,3139,34,60,72,28,60.5,true,unclassified,1780306914261
2859,node_01,1780306915,data_collection,cooking_fume,exposure,,false,false,,rule_fallback_v0,2940,4095,2509,3139,34,60,72,28,60.5,true,unclassified,1780306915322
2860,node_01,1780306916,data_collection,cooking_fume,exposure,,false,false,,rule_fallback_v0,2933,4095,2509,3139,34,60,72,28,60.5,true,unclassified,1780306916363
2861,node_01,1780306917,data_collection,cooking_fume,exposure,,false,false,,rule_fallback_v0,2937,4095,2508,3139,34,59,72,28,60.3,true,unclassified,1780306917472
2862,node_01,1780306919,data_collection,cooking_fume,exposure,,false,false,,rule_fallback_v0,2930,4095,2509,3139,33,58,70,28,60.3,true,unclassified,1780306918496
2863,node_01,1780306920,data_collection,cooking_fume,exposure,,false,false,,rule_fallback_v0,2935,4095,2509,3139,32,57,70,28,60.3,true,unclassified,1780306919526
2864,node_01,1780306921,data_collection,cooking_fume,exposure,,false,false,,rule_fallback_v0,2929,4095,2508,3139,32,57,69,28,60.5,true,unclassified,1780306920530
2865,node_01,1780306922,data_collection,cooking_fume,exposure,,false,false,,rule_fallback_v0,2934,4095,2508,3139,32,57,69,28,60.5,true,unclassified,1780306921671
2866,node_01,1780306923,data_collection,cooking_fume,exposure,,false,false,,rule_fallback_v0,2927,4095,2510,3139,32,57,69,28,60.5,true,unclassified,1780306922695
2867,node_01,1780306924,data_collection,cooking_fume,exposure,,false,false,,rule_fallback_v0,2937,4095,2509,3139,32,56,69,28,60.6,true,unclassified,1780306923721
2868,node_01,1780306925,data_collection,cooking_fume,exposure,,false,false,,rule_fallback_v0,2930,4095,2508,3139,33,56,70,28,60.6,true,unclassified,1780306924743
2869,node_01,1780306926,data_collection,cooking_fume,exposure,,false,false,,rule_fallback_v0,2932,4095,2507,3139,33,56,69,28,60.6,true,unclassified,1780306925768
2870,node_01,1780306927,data_collection,cooking_fume,exposure,,false,false,,rule_fallback_v0,2932,4095,2508,3139,32,56,69,28,60.5,true,unclassified,1780306926804
2871,node_01,1780306928,data_collection,cooking_fume,exposure,,false,false,,rule_fallback_v0,2931,4095,2508,3139,32,55,68,28,60.5,true,unclassified,1780306927919
2872,node_01,1780306929,data_collection,cooking_fume,exposure,,false,false,,rule_fallback_v0,2932,4095,2509,3139,32,54,68,28,60.5,true,unclassified,1780306928942
2873,node_01,1780306930,data_collection,cooking_fume,exposure,,false,false,,rule_fallback_v0,2935,4095,2508,3139,31,54,67,28,60.5,true,unclassified,1780306929970
2874,node_01,1780306931,data_collection,cooking_fume,exposure,,false,false,,rule_fallback_v0,2930,4095,2509,3139,31,53,67,28,60.5,true,unclassified,1780306931092
2875,node_01,1780306932,data_collection,cooking_fume,exposure,,false,false,,rule_fallback_v0,2936,4095,2509,3139,31,53,67,28,60.5,true,unclassified,1780306932115
2876,node_01,1780306933,data_collection,cooking_fume,exposure,,false,false,,rule_fallback_v0,2931,4095,2509,3139,30,51,65,28,60.5,true,unclassified,1780306933070
2877,node_01,1780306934,data_collection,cooking_fume,exposure,,false,false,,rule_fallback_v0,2936,4095,2509,3139,30,51,65,28,60.5,true,unclassified,1780306934164
2878,node_01,1780306935,data_collection,cooking_fume,exposure,,false,false,,rule_fallback_v0,2930,4095,2508,3139,30,51,65,28,60.5,true,unclassified,1780306935165
2879,node_01,1780306936,data_collection,cooking_fume,exposure,,false,false,,rule_fallback_v0,2938,4095,2512,3139,31,52,66,28,60.6,true,unclassified,1780306936239
2880,node_01,1780306937,data_collection,cooking_fume,exposure,,false,false,,rule_fallback_v0,2931,4095,2510,3139,31,52,66,28,60.6,true,unclassified,1780306937337
2881,node_01,1780306938,data_collection,cooking_fume,exposure,,false,false,,rule_fallback_v0,2935,4095,2508,3139,30,52,65,28,60.6,true,unclassified,1780306938364
2882,node_01,1780306939,data_collection,cooking_fume,exposure,,false,false,,rule_fallback_v0,2928,4095,2511,3139,30,52,65,28,60.8,true,unclassified,1780306939364
2883,node_01,1780306940,data_collection,cooking_fume,exposure,,false,false,,rule_fallback_v0,2936,4095,2509,3139,30,51,64,28,60.8,true,unclassified,1780306940410
2884,node_01,1780306942,data_collection,cooking_fume,exposure,,false,false,,rule_fallback_v0,2929,4095,2508,3139,30,51,64,28,60.8,true,unclassified,1780306941536
2885,node_01,1780306943,data_collection,cooking_fume,exposure,,false,false,,rule_fallback_v0,2935,4095,2510,3139,29,50,63,28,60.5,true,unclassified,1780306942561
2886,node_01,1780306944,data_collection,cooking_fume,exposure,,false,false,,rule_fallback_v0,2932,4095,2508,3139,29,50,63,28,60.5,true,unclassified,1780306943590
2887,node_01,1780306945,data_collection,cooking_fume,exposure,,false,false,,rule_fallback_v0,2935,4095,2509,3139,29,50,63,28,60.5,true,unclassified,1780306944607
2888,node_01,1780306946,data_collection,cooking_fume,exposure,,false,false,,rule_fallback_v0,2933,4095,2512,3139,29,50,62,28,60.5,true,unclassified,1780306945634
2889,node_01,1780306947,data_collection,cooking_fume,exposure,,false,false,,rule_fallback_v0,2938,4095,2509,3139,29,50,62,28,60.5,true,unclassified,1780306946759
2890,node_01,1780306948,data_collection,cooking_fume,exposure,,false,false,,rule_fallback_v0,2929,4095,2510,3139,30,50,63,28,60.5,true,unclassified,1780306947730
2891,node_01,1780306949,data_collection,cooking_fume,exposure,,false,false,,rule_fallback_v0,2935,4095,2510,3139,29,50,62,28,60.5,true,unclassified,1780306948806
2892,node_01,1780306950,data_collection,cooking_fume,exposure,,false,false,,rule_fallback_v0,2933,4095,2508,3139,29,50,62,28,60.5,true,unclassified,1780306949831
2893,node_01,1780306951,data_collection,cooking_fume,exposure,,false,false,,rule_fallback_v0,2936,4095,2507,3139,29,50,62,28,60.5,true,unclassified,1780306950835
2894,node_01,1780306952,data_collection,cooking_fume,exposure,,false,false,,rule_fallback_v0,2931,4095,2509,3139,29,49,62,28,60.5,true,unclassified,1780306951879
2895,node_01,1780306953,data_collection,cooking_fume,exposure,,false,false,,rule_fallback_v0,2936,4095,2510,3139,28,48,61,28,60.5,true,unclassified,1780306953007
2896,node_01,1780306954,data_collection,cooking_fume,exposure,,false,false,,rule_fallback_v0,2933,4095,2509,3139,27,47,60,28,60.5,true,unclassified,1780306954031
2897,node_01,1780306955,data_collection,cooking_fume,exposure,,false,false,,rule_fallback_v0,2935,4095,2511,3139,27,47,59,28,60.4,true,unclassified,1780306955053
2898,node_01,1780306956,data_collection,cooking_fume,exposure,,false,false,,rule_fallback_v0,2933,4095,2507,3139,27,47,59,28,60.4,true,unclassified,1780306956082
2899,node_01,1780306957,data_collection,cooking_fume,exposure,,false,false,,rule_fallback_v0,2939,4095,2508,3139,28,47,59,28,60.4,true,unclassified,1780306957103
2900,node_01,1780306958,data_collection,cooking_fume,exposure,,false,false,,rule_fallback_v0,2932,4095,2510,3139,28,47,59,28,60.4,true,unclassified,1780306958151
2901,node_01,1780306959,data_collection,cooking_fume,exposure,,false,false,,rule_fallback_v0,2934,4095,2506,3139,28,47,58,28,60.4,true,unclassified,1780306959194
2902,node_01,1780306960,data_collection,cooking_fume,exposure,,false,false,,rule_fallback_v0,2932,4095,2508,3139,27,46,57,28,60.4,true,unclassified,1780306960276
2903,node_01,1780306961,data_collection,cooking_fume,exposure,,false,false,,rule_fallback_v0,2934,4095,2508,3139,27,46,56,28,60.5,true,unclassified,1780306961299
2904,node_01,1780306962,data_collection,cooking_fume,exposure,,false,false,,rule_fallback_v0,2930,4095,2508,3139,27,45,56,28,60.5,true,unclassified,1780306962426
2905,node_01,1780306963,data_collection,cooking_fume,exposure,,false,false,,rule_fallback_v0,2935,4095,2508,3139,27,45,56,28,60.5,true,unclassified,1780306963450
2906,node_01,1780306965,data_collection,cooking_fume,exposure,,false,false,,rule_fallback_v0,2934,4095,2506,3139,27,45,56,28,60.5,true,unclassified,1780306964470
2907,node_01,1780306966,data_collection,cooking_fume,exposure,,false,false,,rule_fallback_v0,2940,4095,2508,3139,27,45,55,28,60.5,true,unclassified,1780306965498
2908,node_01,1780306967,data_collection,cooking_fume,exposure,,false,false,,rule_fallback_v0,2929,4095,2510,3139,28,46,56,28,60.5,true,unclassified,1780306966509
2909,node_01,1780306968,data_collection,cooking_fume,exposure,,false,false,,rule_fallback_v0,2934,4095,2510,3139,28,46,56,28,60.6,true,unclassified,1780306967651
2910,node_01,1780306969,data_collection,cooking_fume,exposure,,false,false,,rule_fallback_v0,2935,4095,2507,3139,28,46,56,28,60.6,true,unclassified,1780306968599
2911,node_01,1780306970,data_collection,cooking_fume,exposure,,false,false,,rule_fallback_v0,2934,4095,2508,3139,28,46,56,28,60.6,true,unclassified,1780306969642
2912,node_01,1780306971,data_collection,cooking_fume,exposure,,false,false,,rule_fallback_v0,2930,4095,2509,3139,27,46,56,28,60.6,true,unclassified,1780306970722
2913,node_01,1780306972,data_collection,cooking_fume,exposure,,false,false,,rule_fallback_v0,2938,4095,2509,3139,27,46,55,28,60.6,true,unclassified,1780306971734
2914,node_01,1780306973,data_collection,cooking_fume,exposure,,false,false,,rule_fallback_v0,2931,4095,2511,3139,27,46,55,28,60.6,true,unclassified,1780306972871
2915,node_01,1780306974,data_collection,cooking_fume,exposure,,false,false,,rule_fallback_v0,2934,4095,2507,3139,27,46,56,28,60.5,true,unclassified,1780306973895
2916,node_01,1780306975,data_collection,cooking_fume,exposure,,false,false,,rule_fallback_v0,2932,4095,2507,3139,26,45,55,28,60.5,true,unclassified,1780306974919
2917,node_01,1780306976,data_collection,cooking_fume,exposure,,false,false,,rule_fallback_v0,2935,4095,2507,3139,26,45,55,28,60.5,true,unclassified,1780306975916
2918,node_01,1780306977,data_collection,cooking_fume,exposure,,false,false,,rule_fallback_v0,2933,4095,2508,3139,26,45,55,28,60.5,true,unclassified,1780306976969
2919,node_01,1780306978,data_collection,cooking_fume,exposure,,false,false,,rule_fallback_v0,2935,4095,2508,3139,27,46,56,28,60.5,true,unclassified,1780306978011
2920,node_01,1780306979,data_collection,cooking_fume,exposure,,false,false,,rule_fallback_v0,2929,4095,2508,3139,27,46,56,28,60.5,true,unclassified,1780306979057
2921,node_01,1780306980,data_collection,cooking_fume,exposure,,false,false,,rule_fallback_v0,2935,4095,2511,3139,27,46,56,28,60.6,true,unclassified,1780306980141
2922,node_01,1780306981,data_collection,cooking_fume,exposure,,false,false,,rule_fallback_v0,2932,4095,2510,3139,27,45,54,28,60.6,true,unclassified,1780306981166
2923,node_01,1780306982,data_collection,cooking_fume,exposure,,false,false,,rule_fallback_v0,2936,4095,2509,3139,27,44,54,28,60.6,true,unclassified,1780306982189
2924,node_01,1780306983,data_collection,cooking_fume,exposure,,false,false,,rule_fallback_v0,2930,4095,2509,3139,26,44,54,28,60.7,true,unclassified,1780306983226
2925,node_01,1780306984,data_collection,cooking_fume,exposure,,false,false,,rule_fallback_v0,2939,4095,2507,3139,27,45,55,28,60.7,true,unclassified,1780306984345
2926,node_01,1780306985,data_collection,cooking_fume,exposure,,false,false,,rule_fallback_v0,2935,4095,2507,3139,27,45,55,28,60.7,true,unclassified,1780306985368
2927,node_01,1780306986,data_collection,cooking_fume,exposure,,false,false,,rule_fallback_v0,2936,4095,2510,3139,27,44,54,28,60.7,true,unclassified,1780306986388
2928,node_01,1780306988,data_collection,cooking_fume,exposure,,false,false,,rule_fallback_v0,2934,4095,2510,3139,26,43,53,28,60.7,true,unclassified,1780306987515
2929,node_01,1780306989,data_collection,cooking_fume,exposure,,false,false,,rule_fallback_v0,2939,4095,2508,3139,26,43,52,28,60.7,true,unclassified,1780306988539
2930,node_01,1780306990,data_collection,cooking_fume,exposure,,false,false,,rule_fallback_v0,2929,4095,2509,3139,26,44,53,28,60.7,true,unclassified,1780306989553
2931,node_01,1780306991,data_collection,cooking_fume,exposure,,false,false,,rule_fallback_v0,2934,4095,2508,3139,26,44,53,28,60.7,true,unclassified,1780306990585
2932,node_01,1780306992,data_collection,cooking_fume,exposure,,false,false,,rule_fallback_v0,2929,4095,2507,3139,26,44,53,28,60.7,true,unclassified,1780306991610
2933,node_01,1780306993,data_collection,cooking_fume,exposure,,false,false,,rule_fallback_v0,2942,4095,2509,3139,25,43,52,28,60.7,true,unclassified,1780306992737
2934,node_01,1780306994,data_collection,cooking_fume,exposure,,false,false,,rule_fallback_v0,2933,4095,2510,3139,25,43,52,28,60.7,true,unclassified,1780306993761
2935,node_01,1780306995,data_collection,cooking_fume,exposure,,false,false,,rule_fallback_v0,2942,4095,2509,3139,25,43,52,28,60.7,true,unclassified,1780306994720
2936,node_01,1780306996,data_collection,cooking_fume,exposure,,false,false,,rule_fallback_v0,2927,4095,2508,3139,25,43,52,28,60.6,true,unclassified,1780306995765
2937,node_01,1780306997,data_collection,cooking_fume,exposure,,false,false,,rule_fallback_v0,2939,4095,2508,3139,25,43,52,28,60.6,true,unclassified,1780306996833
2938,node_01,1780306998,data_collection,cooking_fume,exposure,,false,false,,rule_fallback_v0,2931,4095,2509,3139,25,43,52,28,60.6,true,unclassified,1780306997959
2939,node_01,1780306999,data_collection,cooking_fume,exposure,,false,false,,rule_fallback_v0,2936,4095,2509,3139,26,44,53,28,60.6,true,unclassified,1780306998901
2940,node_01,1780307000,data_collection,cooking_fume,exposure,,false,false,,rule_fallback_v0,2926,4095,2511,3139,26,44,53,28,60.6,true,unclassified,1780307000007
2941,node_01,1780307001,data_collection,cooking_fume,exposure,,false,false,,rule_fallback_v0,2941,4095,2510,3139,26,44,53,28,60.6,true,unclassified,1780307001032
2942,node_01,1780307002,data_collection,cooking_fume,exposure,,false,false,,rule_fallback_v0,2932,4095,2510,3139,24,43,52,28,60.7,true,unclassified,1780307002055
2943,node_01,1780307003,data_collection,cooking_fume,exposure,,false,false,,rule_fallback_v0,2940,4095,2509,3139,24,43,52,28,60.7,true,unclassified,1780307003181
2944,node_01,1780307004,data_collection,cooking_fume,exposure,,false,false,,rule_fallback_v0,2937,4095,2511,3139,24,43,52,28,60.7,true,unclassified,1780307004210
2945,node_01,1780307005,data_collection,cooking_fume,exposure,,false,false,,rule_fallback_v0,2936,4095,2508,3139,25,44,52,28,60.7,true,unclassified,1780307005230
2946,node_01,1780307006,data_collection,cooking_fume,exposure,,false,false,,rule_fallback_v0,2933,4095,2511,3139,25,44,52,28,60.7,true,unclassified,1780307006258
2947,node_01,1780307007,data_collection,cooking_fume,exposure,,false,false,,rule_fallback_v0,2937,4095,2510,3139,25,44,52,28,60.7,true,unclassified,1780307007258
2948,node_01,1780307008,data_collection,cooking_fume,exposure,,false,false,,rule_fallback_v0,2932,4095,2508,3139,25,43,51,28,60.8,true,unclassified,1780307008303
2949,node_01,1780307009,data_collection,cooking_fume,exposure,,false,false,,rule_fallback_v0,2936,4095,2509,3139,25,43,51,28,60.8,true,unclassified,1780307009432
2950,node_01,1780307010,data_collection,cooking_fume,exposure,,false,false,,rule_fallback_v0,2931,4095,2507,3139,23,42,49,28,60.8,true,unclassified,1780307010458
2951,node_01,1780307012,data_collection,cooking_fume,exposure,,false,false,,rule_fallback_v0,2937,4095,2507,3139,23,42,49,28,60.8,true,unclassified,1780307011482
2952,node_01,1780307013,data_collection,cooking_fume,exposure,,false,false,,rule_fallback_v0,2933,4095,2509,3139,23,42,49,28,60.8,true,unclassified,1780307012508
2953,node_01,1780307014,data_collection,cooking_fume,exposure,,false,false,,rule_fallback_v0,2933,4095,2508,3139,24,43,50,28,60.8,true,unclassified,1780307013631
2954,node_01,1780307015,data_collection,cooking_fume,exposure,,false,false,,rule_fallback_v0,2930,4095,2510,3139,24,42,50,28,60.8,true,unclassified,1780307014635
2955,node_01,1780307016,data_collection,cooking_fume,exposure,,false,false,,rule_fallback_v0,2938,4095,2508,3139,24,42,50,28,60.8,true,unclassified,1780307015673
2956,node_01,1780307017,data_collection,cooking_fume,exposure,,false,false,,rule_fallback_v0,2933,4095,2510,3139,24,42,50,28,60.8,true,unclassified,1780307016700
2957,node_01,1780307018,data_collection,cooking_fume,exposure,,false,false,,rule_fallback_v0,2936,4095,2510,3139,24,42,50,28,60.9,true,unclassified,1780307017763
2958,node_01,1780307019,data_collection,cooking_fume,exposure,,false,false,,rule_fallback_v0,2926,4095,2508,3139,24,42,50,28,60.9,true,unclassified,1780307018879
2959,node_01,1780307020,data_collection,cooking_fume,exposure,,false,false,,rule_fallback_v0,2938,4095,2509,3139,23,41,49,28,60.9,true,unclassified,1780307019799
2960,node_01,1780307021,data_collection,cooking_fume,exposure,,false,false,,rule_fallback_v0,2934,4095,2511,3139,23,41,49,28,61,true,unclassified,1780307020897
2961,node_01,1780307022,data_collection,cooking_fume,exposure,,false,false,,rule_fallback_v0,2935,4095,2509,3139,23,41,49,28,61,true,unclassified,1780307021921
2962,node_01,1780307023,data_collection,cooking_fume,exposure,,false,false,,rule_fallback_v0,2936,4095,2508,3139,25,42,50,28,61,true,unclassified,1780307022944
2963,node_01,1780307024,data_collection,cooking_fume,exposure,,false,false,,rule_fallback_v0,2937,4095,2509,3139,25,42,50,28,61,true,unclassified,1780307024076
2964,node_01,1780307025,data_collection,cooking_fume,exposure,,false,false,,rule_fallback_v0,2933,4095,2508,3139,25,42,50,28,61,true,unclassified,1780307025023
2965,node_01,1780307026,data_collection,cooking_fume,exposure,,false,false,,rule_fallback_v0,2933,4095,2510,3139,25,42,50,28,61,true,unclassified,1780307026069
2966,node_01,1780307027,data_collection,cooking_fume,exposure,,false,false,,rule_fallback_v0,2932,4095,2510,3139,25,42,50,28,61,true,unclassified,1780307027142
2967,node_01,1780307028,data_collection,cooking_fume,exposure,,false,false,,rule_fallback_v0,2939,4095,2510,3139,25,42,50,28,61,true,unclassified,1780307028172
2968,node_01,1780307029,data_collection,cooking_fume,exposure,,false,false,,rule_fallback_v0,2934,4095,2512,3139,24,41,49,28,61,true,unclassified,1780307029293
2969,node_01,1780307030,data_collection,cooking_fume,exposure,,false,false,,rule_fallback_v0,2936,4095,2510,3139,24,41,49,28,61.1,true,unclassified,1780307030316
2970,node_01,1780307031,data_collection,cooking_fume,exposure,,false,false,,rule_fallback_v0,2936,4095,2512,3139,25,42,50,28,61.1,true,unclassified,1780307031341
2971,node_01,1780307032,data_collection,cooking_fume,exposure,,false,false,,rule_fallback_v0,2935,4095,2509,3139,25,42,50,28,61.1,true,unclassified,1780307032364
2972,node_01,1780307033,data_collection,cooking_fume,exposure,,false,false,,rule_fallback_v0,2932,4095,2511,3139,25,42,50,28,61.1,true,unclassified,1780307033385
2973,node_01,1780307035,data_collection,cooking_fume,exposure,,false,false,,rule_fallback_v0,2937,4095,2509,3139,25,42,50,28,61.1,true,unclassified,1780307034514
2974,node_01,1780307036,data_collection,cooking_fume,exposure,,false,false,,rule_fallback_v0,2932,4095,2508,3139,25,42,50,28,61.1,true,unclassified,1780307035539
2975,node_01,1780307037,data_collection,cooking_fume,exposure,,false,false,,rule_fallback_v0,2933,4095,2509,3139,25,42,50,28,61.1,true,unclassified,1780307036563
2976,node_01,1780307038,data_collection,cooking_fume,exposure,,false,false,,rule_fallback_v0,2928,4095,2510,3139,24,41,49,28,61.1,true,unclassified,1780307037565
2977,node_01,1780307039,data_collection,cooking_fume,exposure,,false,false,,rule_fallback_v0,2935,4095,2510,3139,24,40,49,28,61.1,true,unclassified,1780307038713
2978,node_01,1780307040,data_collection,cooking_fume,exposure,,false,false,,rule_fallback_v0,2931,4095,2512,3139,24,40,49,28,61.1,true,unclassified,1780307039714
2979,node_01,1780307041,data_collection,cooking_fume,exposure,,false,false,,rule_fallback_v0,2937,4095,2508,3139,24,40,48,28,61.1,true,unclassified,1780307040747
2980,node_01,1780307042,data_collection,cooking_fume,exposure,,false,false,,rule_fallback_v0,2933,4095,2510,3139,23,40,48,28,61.1,true,unclassified,1780307041785
2981,node_01,1780307043,data_collection,cooking_fume,exposure,,false,false,,rule_fallback_v0,2939,4095,2509,3139,23,40,48,28,61.3,true,unclassified,1780307042809
2982,node_01,1780307044,data_collection,cooking_fume,exposure,,false,false,,rule_fallback_v0,2932,4095,2506,3139,23,40,48,28,61.3,true,unclassified,1780307043830
2983,node_01,1780307045,data_collection,cooking_fume,exposure,,false,false,,rule_fallback_v0,2935,4095,2506,3139,23,40,48,28,61.3,true,unclassified,1780307044874
2984,node_01,1780307046,data_collection,cooking_fume,exposure,,false,false,,rule_fallback_v0,2929,4095,2506,3139,23,39,48,28,61.4,true,unclassified,1780307045922
2985,node_01,1780307047,data_collection,cooking_fume,exposure,,false,false,,rule_fallback_v0,2935,4095,2507,3139,24,40,49,28,61.4,true,unclassified,1780307047008
2986,node_01,1780307048,data_collection,cooking_fume,exposure,,false,false,,rule_fallback_v0,2926,4095,2509,3139,24,40,49,28,61.4,true,unclassified,1780307048033
2987,node_01,1780307049,data_collection,cooking_fume,exposure,,false,false,,rule_fallback_v0,2935,4095,2509,3139,24,40,49,28,61.6,true,unclassified,1780307049163
2988,node_01,1780307050,data_collection,cooking_fume,exposure,,false,false,,rule_fallback_v0,2931,4095,2511,3139,24,40,49,28,61.6,true,unclassified,1780307050187
2989,node_01,1780307051,data_collection,cooking_fume,exposure,,false,false,,rule_fallback_v0,2937,4095,2508,3139,24,40,49,28,61.6,true,unclassified,1780307051206
2990,node_01,1780307052,data_collection,cooking_fume,exposure,,false,false,,rule_fallback_v0,2931,4095,2509,3139,24,40,49,28,61.6,true,unclassified,1780307052234
2991,node_01,1780307053,data_collection,cooking_fume,exposure,,false,false,,rule_fallback_v0,2937,4095,2509,3139,24,40,49,28,61.6,true,unclassified,1780307053255
2992,node_01,1780307054,data_collection,cooking_fume,exposure,,false,false,,rule_fallback_v0,2933,4095,2510,3139,24,40,49,28,61.6,true,unclassified,1780307054380
2993,node_01,1780307055,data_collection,cooking_fume,exposure,,false,false,,rule_fallback_v0,2935,4095,2509,3139,24,40,49,28,61.7,true,unclassified,1780307055323
2994,node_01,1780307056,data_collection,cooking_fume,exposure,,false,false,,rule_fallback_v0,2929,4095,2508,3139,24,40,48,28,61.7,true,unclassified,1780307056429
2995,node_01,1780307058,data_collection,cooking_fume,exposure,,false,false,,rule_fallback_v0,2935,4095,2508,3139,24,40,48,28,61.7,true,unclassified,1780307057416
2996,node_01,1780307059,data_collection,cooking_fume,exposure,,false,false,,rule_fallback_v0,2932,4095,2510,3139,23,39,47,28,61.7,true,unclassified,1780307058458
2997,node_01,1780307060,data_collection,cooking_fume,exposure,,false,false,,rule_fallback_v0,2938,4095,2510,3139,22,39,47,28,61.7,true,unclassified,1780307059503
2998,node_01,1780307061,data_collection,cooking_fume,exposure,,false,false,,rule_fallback_v0,2927,4095,2510,3139,22,39,47,28,61.7,true,unclassified,1780307060548
2999,node_01,1780307062,data_collection,cooking_fume,exposure,,false,false,,rule_fallback_v0,2935,4095,2509,3139,23,39,48,28,61.5,true,unclassified,1780307061627
3000,node_01,1780307063,data_collection,cooking_fume,exposure,,false,false,,rule_fallback_v0,2932,4095,2509,3139,23,39,47,28,61.5,true,unclassified,1780307062675
3001,node_01,1780307064,data_collection,cooking_fume,exposure,,false,false,,rule_fallback_v0,2940,4095,2509,3139,23,39,47,28,61.5,true,unclassified,1780307063684
3002,node_01,1780307065,data_collection,cooking_fume,exposure,,false,false,,rule_fallback_v0,2933,4095,2508,3139,22,38,46,28,61.6,true,unclassified,1780307064751
3003,node_01,1780307066,data_collection,cooking_fume,exposure,,false,false,,rule_fallback_v0,2937,4095,2508,3139,22,38,46,28,61.6,true,unclassified,1780307065849
3004,node_01,1780307067,data_collection,cooking_fume,exposure,,false,false,,rule_fallback_v0,2936,4095,2510,3139,22,38,46,28,61.6,true,unclassified,1780307066872
3005,node_01,1780307068,data_collection,cooking_fume,exposure,,false,false,,rule_fallback_v0,2936,4095,2510,3139,22,39,47,28,61.6,true,unclassified,1780307067897
3006,node_01,1780307069,data_collection,cooking_fume,exposure,,false,false,,rule_fallback_v0,2928,4095,2508,3139,22,39,47,28,61.6,true,unclassified,1780307068921
3007,node_01,1780307070,data_collection,cooking_fume,exposure,,false,false,,rule_fallback_v0,2934,4095,2509,3139,22,39,47,28,61.6,true,unclassified,1780307069951
3008,node_01,1780307071,data_collection,cooking_fume,exposure,,false,false,,rule_fallback_v0,2932,4095,2507,3139,21,38,46,28,61.6,true,unclassified,1780307071074
3009,node_01,1780307072,data_collection,cooking_fume,exposure,,false,false,,rule_fallback_v0,2934,4095,2508,3139,21,38,46,28,61.6,true,unclassified,1780307072097
3010,node_01,1780307073,data_collection,cooking_fume,exposure,,false,false,,rule_fallback_v0,2931,4095,2509,3139,21,38,46,28,61.6,true,unclassified,1780307073119
3011,node_01,1780307074,data_collection,cooking_fume,exposure,,false,false,,rule_fallback_v0,2935,4095,2508,3139,21,38,46,28,61.6,true,unclassified,1780307074135
3012,node_01,1780307075,data_collection,cooking_fume,exposure,,false,false,,rule_fallback_v0,2933,4095,2507,3139,21,38,45,28,61.6,true,unclassified,1780307075269
3013,node_01,1780307076,data_collection,cooking_fume,exposure,,false,false,,rule_fallback_v0,2934,4095,2508,3139,21,38,45,28,61.6,true,unclassified,1780307076299
3014,node_01,1780307077,data_collection,cooking_fume,exposure,,false,false,,rule_fallback_v0,2930,4095,2510,3139,21,37,45,28,61.6,true,unclassified,1780307077320
3015,node_01,1780307078,data_collection,cooking_fume,exposure,,false,false,,rule_fallback_v0,2932,4095,2509,3139,21,37,45,28,61.6,true,unclassified,1780307078318
3016,node_01,1780307079,data_collection,cooking_fume,exposure,,false,false,,rule_fallback_v0,2933,4095,2509,3139,21,37,45,28,61.6,true,unclassified,1780307079365
3017,node_01,1780307081,data_collection,cooking_fume,exposure,,false,false,,rule_fallback_v0,2935,4095,2510,3139,21,37,45,28,61.5,true,unclassified,1780307080517
3018,node_01,1780307082,data_collection,cooking_fume,exposure,,false,false,,rule_fallback_v0,2932,4095,2508,3139,21,37,44,28,61.5,true,unclassified,1780307081516
3019,node_01,1780307083,data_collection,cooking_fume,exposure,,false,false,,rule_fallback_v0,2936,4095,2506,3139,21,37,44,28,61.5,true,unclassified,1780307082540
3020,node_01,1780307084,data_collection,cooking_fume,exposure,,false,false,,rule_fallback_v0,2930,4095,2508,3139,21,37,44,28,61.4,true,unclassified,1780307083538
3021,node_01,1780307085,data_collection,cooking_fume,exposure,,false,false,,rule_fallback_v0,2939,4095,2508,3139,21,37,44,28,61.4,true,unclassified,1780307084588
3022,node_01,1780307086,data_collection,cooking_fume,exposure,,false,false,,rule_fallback_v0,2934,4095,2507,3139,21,37,44,28,61.4,true,unclassified,1780307085715
3023,node_01,1780307087,data_collection,cooking_fume,exposure,,false,false,,rule_fallback_v0,2933,4095,2511,3139,21,37,44,28,61.5,true,unclassified,1780307086739
3024,node_01,1780307088,data_collection,cooking_fume,exposure,,false,false,,rule_fallback_v0,2933,4095,2507,3139,21,37,44,28,61.5,true,unclassified,1780307087763
3025,node_01,1780307089,data_collection,cooking_fume,exposure,,false,false,,rule_fallback_v0,2936,4095,2506,3139,22,39,45,28,61.5,true,unclassified,1780307088761
3026,node_01,1780307090,data_collection,cooking_fume,exposure,,false,false,,rule_fallback_v0,2937,4095,2511,3139,22,39,46,28,61.5,true,unclassified,1780307089878
3027,node_01,1780307091,data_collection,cooking_fume,exposure,,false,false,,rule_fallback_v0,2937,4095,2509,3139,22,39,46,28,61.5,true,unclassified,1780307090937
3028,node_01,1780307092,data_collection,cooking_fume,exposure,,false,false,,rule_fallback_v0,2928,4095,2509,3139,21,38,45,28,61.5,true,unclassified,1780307091960
3029,node_01,1780307093,data_collection,cooking_fume,exposure,,false,false,,rule_fallback_v0,2937,4095,2510,3139,21,38,45,28,61.2,true,unclassified,1780307092985
3030,node_01,1780307094,data_collection,cooking_fume,exposure,,false,false,,rule_fallback_v0,2930,4095,2509,3139,21,38,45,28,61.2,true,unclassified,1780307094014
3031,node_01,1780307095,data_collection,cooking_fume,exposure,,false,false,,rule_fallback_v0,2934,4095,2507,3139,21,38,45,28,61.2,true,unclassified,1780307095141
3032,node_01,1780307096,data_collection,cooking_fume,exposure,,false,false,,rule_fallback_v0,2926,4095,2509,3139,22,38,45,28,61.1,true,unclassified,1780307096161
3033,node_01,1780307097,data_collection,cooking_fume,exposure,,false,false,,rule_fallback_v0,2932,4095,2508,3139,23,39,46,28,61.1,true,unclassified,1780307097197
3034,node_01,1780307098,data_collection,cooking_fume,exposure,,false,false,,rule_fallback_v0,2933,4095,2510,3139,23,39,46,28,61.1,true,unclassified,1780307098163
3035,node_01,1780307099,data_collection,cooking_fume,exposure,,false,false,,rule_fallback_v0,2933,4095,2509,3139,23,38,46,28,60.9,true,unclassified,1780307099233
3036,node_01,1780307100,data_collection,cooking_fume,exposure,,false,false,,rule_fallback_v0,2932,4095,2507,3139,23,38,46,28,60.9,true,unclassified,1780307100254
3037,node_01,1780307101,data_collection,cooking_fume,exposure,,false,false,,rule_fallback_v0,2939,4095,2508,3139,23,38,46,28,60.9,true,unclassified,1780307101382
3038,node_01,1780307102,data_collection,cooking_fume,exposure,,false,false,,rule_fallback_v0,2935,4095,2509,3139,23,38,46,28,60.9,true,unclassified,1780307102406
3039,node_01,1780307103,data_collection,cooking_fume,exposure,,false,false,,rule_fallback_v0,2935,4095,2508,3139,23,37,46,28,60.9,true,unclassified,1780307103435
3040,node_01,1780307105,data_collection,cooking_fume,exposure,,false,false,,rule_fallback_v0,2932,4095,2508,3139,22,37,45,28,60.9,true,unclassified,1780307104455
3041,node_01,1780307106,data_collection,cooking_fume,exposure,,false,false,,rule_fallback_v0,2931,4095,2508,3139,22,37,45,28,60.9,true,unclassified,1780307105585
3042,node_01,1780307107,data_collection,cooking_fume,exposure,,false,false,,rule_fallback_v0,2928,4095,2509,3139,22,37,46,28,60.9,true,unclassified,1780307106524
3043,node_01,1780307108,data_collection,cooking_fume,exposure,,false,false,,rule_fallback_v0,2936,4095,2509,3139,22,37,46,28,60.9,true,unclassified,1780307107629
3044,node_01,1780307109,data_collection,cooking_fume,exposure,,false,false,,rule_fallback_v0,2930,4095,2507,3139,22,37,45,28,60.8,true,unclassified,1780307108612
3045,node_01,1780307110,data_collection,cooking_fume,exposure,,false,false,,rule_fallback_v0,2936,4095,2508,3139,21,36,44,28,60.8,true,unclassified,1780307109677
3046,node_01,1780307111,data_collection,cooking_fume,exposure,,false,false,,rule_fallback_v0,2933,4095,2509,3139,21,36,44,28,60.8,true,unclassified,1780307110803
3047,node_01,1780307112,data_collection,cooking_fume,exposure,,false,false,,rule_fallback_v0,2932,4095,2511,3139,21,35,44,28,60.8,true,unclassified,1780307111827
3048,node_01,1780307113,data_collection,cooking_fume,exposure,,false,false,,rule_fallback_v0,2929,4095,2509,3139,21,35,44,28,60.8,true,unclassified,1780307112792
3049,node_01,1780307114,data_collection,cooking_fume,exposure,,false,false,,rule_fallback_v0,2932,4095,2509,3139,21,35,44,28,60.8,true,unclassified,1780307113929
3050,node_01,1780307115,data_collection,cooking_fume,exposure,,false,false,,rule_fallback_v0,2933,4095,2508,3139,21,35,44,28,60.6,true,unclassified,1780307114935
3051,node_01,1780307116,data_collection,cooking_fume,exposure,,false,false,,rule_fallback_v0,2934,4095,2506,3139,21,35,44,28,60.6,true,unclassified,1780307115934
3052,node_01,1780307117,data_collection,cooking_fume,exposure,,false,false,,rule_fallback_v0,2927,4095,2509,3139,21,35,42,28,60.6,true,unclassified,1780307117111
3053,node_01,1780307118,data_collection,cooking_fume,exposure,,false,false,,rule_fallback_v0,2932,4095,2510,3139,22,36,43,28,60.7,true,unclassified,1780307118077
3054,node_01,1780307119,data_collection,cooking_fume,exposure,,false,false,,rule_fallback_v0,2926,4095,2508,3139,22,36,43,28,60.7,true,unclassified,1780307119063
3055,node_01,1780307120,data_collection,cooking_fume,exposure,,false,false,,rule_fallback_v0,2939,4095,2507,3139,22,36,42,28,60.7,true,unclassified,1780307120106
3056,node_01,1780307121,data_collection,cooking_fume,exposure,,false,false,,rule_fallback_v0,2931,4095,2511,3139,22,36,42,28,60.6,true,unclassified,1780307121250
3057,node_01,1780307122,data_collection,cooking_fume,exposure,,false,false,,rule_fallback_v0,2934,4095,2509,3139,22,36,41,28,60.6,true,unclassified,1780307122195
3058,node_01,1780307123,data_collection,cooking_fume,exposure,,false,false,,rule_fallback_v0,2931,4095,2509,3139,22,35,41,28,60.6,true,unclassified,1780307123295
3059,node_01,1780307124,data_collection,cooking_fume,exposure,,false,false,,rule_fallback_v0,2931,4095,2511,3139,21,34,39,28,60.6,true,unclassified,1780307124321
3060,node_01,1780307125,data_collection,cooking_fume,exposure,,false,false,,rule_fallback_v0,2931,4095,2508,3139,21,34,39,28,60.6,true,unclassified,1780307125343
3061,node_01,1780307126,data_collection,cooking_fume,exposure,,false,false,,rule_fallback_v0,2933,4095,2509,3139,20,34,38,28,60.6,true,unclassified,1780307126470
3062,node_01,1780307128,data_collection,cooking_fume,exposure,,false,false,,rule_fallback_v0,2933,4095,2509,3139,20,34,38,28,60.5,true,unclassified,1780307127497
3063,node_01,1780307129,data_collection,cooking_fume,exposure,,false,false,,rule_fallback_v0,2936,4095,2509,3139,20,33,38,28,60.5,true,unclassified,1780307128517
3064,node_01,1780307130,data_collection,cooking_fume,exposure,,false,false,,rule_fallback_v0,2932,4095,2507,3139,19,33,38,28,60.5,true,unclassified,1780307129542
3065,node_01,1780307131,data_collection,cooking_fume,exposure,,false,false,,rule_fallback_v0,2935,4095,2510,3139,19,33,38,28,60.6,true,unclassified,1780307130670
3066,node_01,1780307132,data_collection,cooking_fume,exposure,,false,false,,rule_fallback_v0,2930,4095,2509,3139,19,33,39,28,60.6,true,unclassified,1780307131698
3067,node_01,1780307133,data_collection,cooking_fume,exposure,,false,false,,rule_fallback_v0,2936,4095,2509,3139,19,33,39,28,60.6,true,unclassified,1780307132716
3068,node_01,1780307134,data_collection,cooking_fume,exposure,,false,false,,rule_fallback_v0,2931,4095,2508,3139,19,33,39,28,60.6,true,unclassified,1780307133746
3069,node_01,1780307135,data_collection,cooking_fume,exposure,,false,false,,rule_fallback_v0,2933,4095,2507,3139,19,33,39,28,60.6,true,unclassified,1780307134769
3070,node_01,1780307136,data_collection,cooking_fume,exposure,,false,false,,rule_fallback_v0,2935,4095,2509,3139,19,33,39,28,60.6,true,unclassified,1780307135793
3071,node_01,1780307137,data_collection,cooking_fume,exposure,,false,false,,rule_fallback_v0,2935,4095,2509,3139,19,33,39,28,60.5,true,unclassified,1780307136920
3072,node_01,1780307138,data_collection,cooking_fume,exposure,,false,false,,rule_fallback_v0,2933,4095,2510,3139,19,33,39,28,60.5,true,unclassified,1780307137869
3073,node_01,1780307139,data_collection,cooking_fume,exposure,,false,false,,rule_fallback_v0,2934,4095,2507,3139,19,33,39,28,60.5,true,unclassified,1780307138926
3074,node_01,1780307140,data_collection,cooking_fume,exposure,,false,false,,rule_fallback_v0,2932,4095,2512,3139,19,33,39,28,60.5,true,unclassified,1780307139963
3075,node_01,1780307141,data_collection,cooking_fume,exposure,,false,false,,rule_fallback_v0,2935,4095,2508,3139,19,33,39,28,60.5,true,unclassified,1780307141010
3076,node_01,1780307142,data_collection,cooking_fume,exposure,,false,false,,rule_fallback_v0,2930,4095,2509,3139,20,34,40,28,60.5,true,unclassified,1780307142136
3077,node_01,1780307143,data_collection,cooking_fume,exposure,,false,false,,rule_fallback_v0,2938,4095,2509,3139,20,33,40,28,60.7,true,unclassified,1780307143093
3078,node_01,1780307144,data_collection,cooking_fume,exposure,,false,false,,rule_fallback_v0,2928,4095,2509,3139,21,34,40,28,60.7,true,unclassified,1780307144158
3079,node_01,1780307145,data_collection,cooking_fume,exposure,,false,false,,rule_fallback_v0,2921,4095,2508,3139,21,34,40,28,60.7,true,unclassified,1780307145188
3080,node_01,1780307146,data_collection,cooking_fume,exposure,,false,false,,rule_fallback_v0,2927,4095,2508,3139,21,34,40,28,60.9,true,unclassified,1780307146227
3081,node_01,1780307147,data_collection,cooking_fume,exposure,,false,false,,rule_fallback_v0,2933,4095,2507,3139,21,34,40,28,60.9,true,unclassified,1780307147275
3082,node_01,1780307148,data_collection,cooking_fume,exposure,,false,false,,rule_fallback_v0,2929,4095,2507,3139,21,34,40,28,60.9,true,unclassified,1780307148384
3083,node_01,1780307149,data_collection,cooking_fume,exposure,,false,false,,rule_fallback_v0,2936,4095,2509,3139,20,34,40,28,61.1,true,unclassified,1780307149408
3084,node_01,1780307151,data_collection,cooking_fume,exposure,,false,false,,rule_fallback_v0,2929,4095,2510,3139,20,34,40,28,61.1,true,unclassified,1780307150431
3085,node_01,1780307152,data_collection,cooking_fume,exposure,,false,false,,rule_fallback_v0,2933,4095,2509,3139,19,33,39,28,61.1,true,unclassified,1780307151455
3086,node_01,1780307153,data_collection,cooking_fume,exposure,,false,false,,rule_fallback_v0,2930,4095,2509,3139,19,33,39,28,61.2,true,unclassified,1780307152582
3087,node_01,1780307154,data_collection,cooking_fume,exposure,,false,false,,rule_fallback_v0,2936,4095,2508,3139,19,33,38,28,61.2,true,unclassified,1780307153605
3088,node_01,1780307155,data_collection,cooking_fume,exposure,,false,false,,rule_fallback_v0,2928,4095,2509,3139,19,32,38,28,61.2,true,unclassified,1780307154628
3089,node_01,1780307156,data_collection,cooking_fume,exposure,,false,false,,rule_fallback_v0,2933,4095,2507,3139,18,32,38,28,61.3,true,unclassified,1780307155646
3090,node_01,1780307157,data_collection,cooking_fume,exposure,,false,false,,rule_fallback_v0,2929,4095,2507,3139,19,33,39,28,61.3,true,unclassified,1780307156780
3091,node_01,1780307158,data_collection,cooking_fume,exposure,,false,false,,rule_fallback_v0,2933,4095,2506,3139,19,33,39,28,61.3,true,unclassified,1780307157773
3092,node_01,1780307159,data_collection,cooking_fume,exposure,,false,false,,rule_fallback_v0,2932,4095,2509,3139,19,33,39,28,61.1,true,unclassified,1780307158767
3093,node_01,1780307160,data_collection,cooking_fume,exposure,,false,false,,rule_fallback_v0,2936,4095,2507,3139,18,32,38,28,61.1,true,unclassified,1780307159967
3094,node_01,1780307161,data_collection,cooking_fume,exposure,,false,false,,rule_fallback_v0,2930,4095,2511,3139,18,32,38,28,61.1,true,unclassified,1780307160855
3095,node_01,1780307162,data_collection,cooking_fume,exposure,,false,false,,rule_fallback_v0,2937,4095,2506,3139,18,32,38,28,61.1,true,unclassified,1780307161899
3096,node_01,1780307163,data_collection,cooking_fume,exposure,,false,false,,rule_fallback_v0,2926,4095,2509,3139,19,33,39,28,61.1,true,unclassified,1780307163027
3097,node_01,1780307164,data_collection,cooking_fume,exposure,,false,false,,rule_fallback_v0,2934,4095,2508,3139,19,33,39,28,61.1,true,unclassified,1780307164049
3098,node_01,1780307165,data_collection,cooking_fume,exposure,,false,false,,rule_fallback_v0,2931,4095,2508,3139,19,33,39,28,61.1,true,unclassified,1780307165073
3099,node_01,1780307166,data_collection,cooking_fume,exposure,,false,false,,rule_fallback_v0,2934,4095,2510,3139,19,33,39,28,61.1,true,unclassified,1780307166098
3100,node_01,1780307167,data_collection,cooking_fume,exposure,,false,false,,rule_fallback_v0,2933,4095,2509,3139,19,33,39,28,61.1,true,unclassified,1780307167127
3101,node_01,1780307168,data_collection,cooking_fume,exposure,,false,false,,rule_fallback_v0,2935,4095,2508,3139,19,33,40,28,61.4,true,unclassified,1780307168248
3102,node_01,1780307169,data_collection,cooking_fume,exposure,,false,false,,rule_fallback_v0,2932,4095,2506,3139,19,34,40,28,61.4,true,unclassified,1780307169229
3103,node_01,1780307170,data_collection,cooking_fume,exposure,,false,false,,rule_fallback_v0,2937,4095,2510,3139,19,34,41,28,61.4,true,unclassified,1780307170261
3104,node_01,1780307171,data_collection,cooking_fume,exposure,,false,false,,rule_fallback_v0,2938,4095,2508,3139,20,35,41,28,61.2,true,unclassified,1780307171320
3105,node_01,1780307172,data_collection,cooking_fume,exposure,,false,false,,rule_fallback_v0,2932,4095,2507,3139,19,34,41,28,61.2,true,unclassified,1780307172446
3106,node_01,1780307174,data_collection,cooking_fume,exposure,,false,false,,rule_fallback_v0,2928,4095,2510,3139,19,34,41,28,61.2,true,unclassified,1780307173471
3107,node_01,1780307175,data_collection,cooking_fume,exposure,,false,false,,rule_fallback_v0,2937,4095,2508,3139,20,35,42,28,61.3,true,unclassified,1780307174496
3108,node_01,1780307176,data_collection,cooking_fume,exposure,,false,false,,rule_fallback_v0,2930,4095,2506,3139,21,37,45,28,61.3,true,unclassified,1780307175485
3109,node_01,1780307177,data_collection,cooking_fume,exposure,,false,false,,rule_fallback_v0,2938,4095,2508,3139,22,38,46,28,61.3,true,unclassified,1780307176529
3110,node_01,1780307178,data_collection,cooking_fume,exposure,,false,false,,rule_fallback_v0,2933,4095,2511,3139,22,39,47,28,61.4,true,unclassified,1780307177668
3111,node_01,1780307179,data_collection,cooking_fume,exposure,,false,false,,rule_fallback_v0,2938,4095,2509,3139,23,39,47,28,61.4,true,unclassified,1780307178693
3112,node_01,1780307180,data_collection,cooking_fume,exposure,,false,false,,rule_fallback_v0,2929,4095,2511,3139,23,40,47,28,61.4,true,unclassified,1780307179829
3113,node_01,1780307181,data_collection,cooking_fume,exposure,,false,false,,rule_fallback_v0,2937,4095,2508,3139,23,40,48,28,61.4,true,unclassified,1780307180759
3114,node_01,1780307182,data_collection,cooking_fume,exposure,,false,false,,rule_fallback_v0,2936,4095,2511,3139,24,41,49,28,61.4,true,unclassified,1780307181802
3115,node_01,1780307183,data_collection,cooking_fume,exposure,,false,false,,rule_fallback_v0,2937,4095,2509,3139,24,41,49,28,61.4,true,unclassified,1780307182897
3116,node_01,1780307184,data_collection,cooking_fume,exposure,,false,false,,rule_fallback_v0,2936,4095,2503,3139,24,40,49,28,61.4,true,unclassified,1780307183915
3117,node_01,1780307185,data_collection,cooking_fume,exposure,,false,false,,rule_fallback_v0,2935,4095,2506,3139,25,41,49,28,61.4,true,unclassified,1780307184939
3118,node_01,1780307186,data_collection,cooking_fume,exposure,,false,false,,rule_fallback_v0,2935,4095,2507,3139,25,41,49,28,61.4,true,unclassified,1780307185964
3119,node_01,1780307187,data_collection,cooking_fume,exposure,,false,false,,rule_fallback_v0,2933,4095,2508,3139,27,43,52,28,61.5,true,unclassified,1780307187090
3120,node_01,1780307188,data_collection,cooking_fume,exposure,,false,false,,rule_fallback_v0,2934,4095,2507,3139,28,45,54,28,61.5,true,unclassified,1780307188114
3121,node_01,1780307189,data_collection,cooking_fume,exposure,,false,false,,rule_fallback_v0,2936,4095,2510,3139,29,46,56,28,61.5,true,unclassified,1780307189137
3122,node_01,1780307190,data_collection,cooking_fume,exposure,,false,false,,rule_fallback_v0,2927,4095,2510,3139,30,48,60,28,61.5,true,unclassified,1780307190163
3123,node_01,1780307191,data_collection,cooking_fume,exposure,,false,false,,rule_fallback_v0,2939,4095,2509,3139,31,51,62,28,61.5,true,unclassified,1780307191191
3124,node_01,1780307192,data_collection,cooking_fume,exposure,,false,false,,rule_fallback_v0,2934,4095,2509,3139,33,53,66,28,61.5,true,unclassified,1780307192311
3125,node_01,1780307193,data_collection,cooking_fume,exposure,,false,false,,rule_fallback_v0,2934,4095,2510,3139,33,57,69,28,61.2,true,unclassified,1780307193336
3126,node_01,1780307194,data_collection,cooking_fume,exposure,,false,false,,rule_fallback_v0,2925,4095,2507,3139,35,63,72,28,61.2,true,unclassified,1780307194365
3127,node_01,1780307195,data_collection,cooking_fume,exposure,,false,false,,rule_fallback_v0,2938,4095,2508,3139,37,68,75,28,61.2,true,unclassified,1780307195340
3128,node_01,1780307196,data_collection,cooking_fume,exposure,,false,false,,rule_fallback_v0,2931,4095,2508,3139,40,73,78,28,61,true,unclassified,1780307196408
3129,node_01,1780307198,data_collection,cooking_fume,exposure,,false,false,,rule_fallback_v0,2932,4095,2506,3139,42,78,83,28,61,true,unclassified,1780307197535
3130,node_01,1780307199,data_collection,cooking_fume,exposure,,false,false,,rule_fallback_v0,2927,4095,2506,3139,46,84,88,28,61,true,unclassified,1780307198558
3131,node_01,1780307200,data_collection,cooking_fume,exposure,,false,false,,rule_fallback_v0,2939,4095,2507,3139,47,88,92,28,60.9,true,unclassified,1780307199539
3132,node_01,1780307201,data_collection,cooking_fume,exposure,,false,false,,rule_fallback_v0,2936,4095,2509,3139,48,90,96,28,60.9,true,unclassified,1780307200564
3133,node_01,1780307202,data_collection,cooking_fume,exposure,,false,false,,rule_fallback_v0,2939,4095,2509,3139,50,94,98,28,60.9,true,unclassified,1780307201631
3134,node_01,1780307203,data_collection,cooking_fume,exposure,,false,false,,rule_fallback_v0,2934,4095,2510,3139,51,96,101,28.1,61,true,unclassified,1780307202671
3135,node_01,1780307204,data_collection,cooking_fume,exposure,,false,false,,rule_fallback_v0,2933,4095,2509,3139,52,100,105,28.1,61,true,unclassified,1780307203775
3136,node_01,1780307205,data_collection,cooking_fume,exposure,,false,false,,rule_fallback_v0,2934,4095,2509,3139,54,104,109,28.1,61,true,unclassified,1780307204805
3137,node_01,1780307206,data_collection,cooking_fume,exposure,,false,false,,rule_fallback_v0,2938,4095,2510,3139,56,108,113,28,61.1,true,unclassified,1780307205785
3138,node_01,1780307207,data_collection,cooking_fume,exposure,,false,false,,rule_fallback_v0,2929,4095,2507,3139,58,112,120,28,61.1,true,unclassified,1780307206852
3139,node_01,1780307208,data_collection,cooking_fume,exposure,,false,false,,rule_fallback_v0,2936,4095,2509,3139,59,118,125,28,61.1,true,unclassified,1780307207978
3140,node_01,1780307209,data_collection,cooking_fume,exposure,,false,false,,rule_fallback_v0,2934,4095,2509,3139,63,125,133,28.1,61.1,true,unclassified,1780307209003
3141,node_01,1780307210,data_collection,cooking_fume,exposure,,false,false,,rule_fallback_v0,2933,4095,2509,3139,65,133,143,28.1,61.1,true,unclassified,1780307210026
3142,node_01,1780307211,data_collection,cooking_fume,exposure,,false,false,,rule_fallback_v0,2936,4095,2509,3139,69,141,152,28.1,61.1,true,unclassified,1780307211051
3143,node_01,1780307212,data_collection,cooking_fume,exposure,,false,false,,rule_fallback_v0,2935,4095,2509,3139,72,149,163,28,61.1,true,unclassified,1780307212076
3144,node_01,1780307213,data_collection,cooking_fume,exposure,,false,false,,rule_fallback_v0,2931,4095,2509,3139,75,159,172,28,61.1,true,unclassified,1780307213202
3145,node_01,1780307214,data_collection,cooking_fume,exposure,,false,false,,rule_fallback_v0,2933,4095,2507,3139,78,165,179,28,61.1,true,unclassified,1780307214225
3146,node_01,1780307215,data_collection,cooking_fume,exposure,,false,false,,rule_fallback_v0,2928,4095,2508,3139,81,173,187,28,61,true,unclassified,1780307215248
3147,node_01,1780307216,data_collection,cooking_fume,exposure,,false,false,,rule_fallback_v0,2938,4095,2508,3139,83,178,195,28,61,true,unclassified,1780307216381
3148,node_01,1780307217,data_collection,cooking_fume,exposure,,false,false,,rule_fallback_v0,2936,4095,2507,3139,86,186,204,28,61,true,unclassified,1780307217296
3149,node_01,1780307218,data_collection,cooking_fume,exposure,,false,false,,rule_fallback_v0,2936,4095,2511,3139,88,191,208,28,61,true,unclassified,1780307218424
3150,node_01,1780307219,data_collection,cooking_fume,exposure,,false,false,,rule_fallback_v0,2933,4095,2509,3139,90,196,215,28,61,true,unclassified,1780307219372
3151,node_01,1780307221,data_collection,cooking_fume,exposure,,false,false,,rule_fallback_v0,2937,4095,2508,3139,91,200,217,28,61,true,unclassified,1780307220456
3152,node_01,1780307222,data_collection,cooking_fume,exposure,,false,false,,rule_fallback_v0,2929,4095,2511,3139,92,201,219,28,61.2,true,unclassified,1780307221460
3153,node_01,1780307223,data_collection,cooking_fume,exposure,,false,false,,rule_fallback_v0,2931,4095,2510,3139,91,200,216,28,61.2,true,unclassified,1780307222521
3154,node_01,1780307224,data_collection,cooking_fume,exposure,,false,false,,rule_fallback_v0,2933,4095,2512,3139,92,200,216,28,61.2,true,unclassified,1780307223647
3155,node_01,1780307225,data_collection,cooking_fume,exposure,,false,false,,rule_fallback_v0,2936,4095,2508,3139,92,201,216,28.1,61.1,true,unclassified,1780307224604
3156,node_01,1780307226,data_collection,cooking_fume,exposure,,false,false,,rule_fallback_v0,2933,4095,2506,3139,92,202,217,28.1,61.1,true,unclassified,1780307225694
3157,node_01,1780307227,data_collection,cooking_fume,exposure,,false,false,,rule_fallback_v0,2934,4095,2509,3139,91,201,217,28.1,61.1,true,unclassified,1780307226733
3158,node_01,1780307228,data_collection,cooking_fume,exposure,,false,false,,rule_fallback_v0,2930,4095,2509,3139,91,201,215,28,61.3,true,unclassified,1780307227849
3159,node_01,1780307229,data_collection,cooking_fume,exposure,,false,false,,rule_fallback_v0,2938,4095,2509,3139,89,198,212,28,61.3,true,unclassified,1780307228869
3160,node_01,1780307230,data_collection,cooking_fume,exposure,,false,false,,rule_fallback_v0,2931,4095,2509,3139,89,197,210,28,61.3,true,unclassified,1780307229818
3161,node_01,1780307231,data_collection,cooking_fume,exposure,,false,false,,rule_fallback_v0,2934,4095,2512,3139,88,195,209,28,61.4,true,unclassified,1780307230917
3162,node_01,1780307232,data_collection,cooking_fume,exposure,,false,false,,rule_fallback_v0,2933,4095,2510,3139,88,195,210,28,61.4,true,unclassified,1780307231940
3163,node_01,1780307233,data_collection,cooking_fume,exposure,,false,false,,rule_fallback_v0,2937,4095,2509,3139,88,193,208,28,61.4,true,unclassified,1780307232970
3164,node_01,1780307234,data_collection,cooking_fume,exposure,,false,false,,rule_fallback_v0,2933,4095,2510,3139,87,191,207,28,61.5,true,unclassified,1780307234091
3165,node_01,1780307235,data_collection,cooking_fume,exposure,,false,false,,rule_fallback_v0,2935,4095,2509,3139,85,187,203,28,61.5,true,unclassified,1780307235121
3166,node_01,1780307236,data_collection,cooking_fume,exposure,,false,false,,rule_fallback_v0,2927,4095,2513,3139,84,185,201,28,61.5,true,unclassified,1780307236089
3167,node_01,1780307237,data_collection,cooking_fume,exposure,,false,false,,rule_fallback_v0,2934,4095,2509,3139,83,184,198,28,61.5,true,unclassified,1780307237163
3168,node_01,1780307238,data_collection,cooking_fume,exposure,,false,false,,rule_fallback_v0,2929,4095,2508,3139,84,184,197,28,61.5,true,unclassified,1780307238187
3169,node_01,1780307239,data_collection,cooking_fume,exposure,,false,false,,rule_fallback_v0,2933,4095,2508,3139,83,182,195,28,61.5,true,unclassified,1780307239313
3170,node_01,1780307240,data_collection,cooking_fume,exposure,,false,false,,rule_fallback_v0,2937,4095,2510,3139,82,180,192,28,61.7,true,unclassified,1780307240337
3171,node_01,1780307241,data_collection,cooking_fume,exposure,,false,false,,rule_fallback_v0,2933,4095,2508,3139,81,178,190,28,61.7,true,unclassified,1780307241366
3172,node_01,1780307242,data_collection,cooking_fume,exposure,,false,false,,rule_fallback_v0,2934,4095,2508,3139,81,177,188,28,61.7,true,unclassified,1780307242387
3173,node_01,1780307244,data_collection,cooking_fume,exposure,,false,false,,rule_fallback_v0,2934,4095,2509,3139,79,174,184,28,61.6,true,unclassified,1780307243512
3174,node_01,1780307245,data_collection,cooking_fume,exposure,,false,false,,rule_fallback_v0,2933,4095,2507,3139,79,174,183,28,61.6,true,unclassified,1780307244536
3175,node_01,1780307246,data_collection,cooking_fume,exposure,,false,false,,rule_fallback_v0,2934,4095,2507,3139,79,173,182,28,61.6,true,unclassified,1780307245556
3176,node_01,1780307247,data_collection,cooking_fume,exposure,,false,false,,rule_fallback_v0,2930,4095,2509,3139,80,173,184,28,61.6,true,unclassified,1780307246588
3177,node_01,1780307248,data_collection,cooking_fume,exposure,,false,false,,rule_fallback_v0,2938,4095,2508,3139,79,173,184,28,61.6,true,unclassified,1780307247584
3178,node_01,1780307249,data_collection,cooking_fume,exposure,,false,false,,rule_fallback_v0,2930,4095,2506,3139,78,172,184,28,61.6,true,unclassified,1780307248630
3179,node_01,1780307250,data_collection,cooking_fume,exposure,,false,false,,rule_fallback_v0,2938,4095,2512,3139,77,170,181,28,61.6,true,unclassified,1780307249703
3180,node_01,1780307251,data_collection,cooking_fume,exposure,,false,false,,rule_fallback_v0,2930,4095,2508,3139,77,168,180,28,61.6,true,unclassified,1780307250716
3181,node_01,1780307252,data_collection,cooking_fume,exposure,,false,false,,rule_fallback_v0,2933,4095,2506,3139,76,167,179,28,61.6,true,unclassified,1780307251802
3182,node_01,1780307253,data_collection,cooking_fume,exposure,,false,false,,rule_fallback_v0,2935,4095,2509,3139,75,167,179,28,61.6,true,unclassified,1780307252837
3183,node_01,1780307254,data_collection,cooking_fume,exposure,,false,false,,rule_fallback_v0,2934,4095,2508,3139,75,165,177,28,61.6,true,unclassified,1780307253854
3184,node_01,1780307255,data_collection,cooking_fume,exposure,,false,false,,rule_fallback_v0,2934,4095,2507,3139,74,163,175,28,61.6,true,unclassified,1780307254896
3185,node_01,1780307256,data_collection,cooking_fume,exposure,,false,false,,rule_fallback_v0,2936,4095,2511,3139,73,161,174,28,61.4,true,unclassified,1780307256004
3186,node_01,1780307257,data_collection,cooking_fume,exposure,,false,false,,rule_fallback_v0,2933,4095,2508,3139,72,159,171,28,61.4,true,unclassified,1780307257033
3187,node_01,1780307258,data_collection,cooking_fume,exposure,,false,false,,rule_fallback_v0,2936,4095,2509,3139,71,157,169,28,61.4,true,unclassified,1780307258056
3188,node_01,1780307259,data_collection,cooking_fume,exposure,,false,false,,rule_fallback_v0,2927,4095,2507,3139,70,154,167,28,61.4,true,unclassified,1780307259187
3189,node_01,1780307260,data_collection,cooking_fume,exposure,,false,false,,rule_fallback_v0,2934,4095,2507,3139,69,152,166,28,61.4,true,unclassified,1780307260122
3190,node_01,1780307261,data_collection,cooking_fume,exposure,,false,false,,rule_fallback_v0,2930,4095,2508,3139,69,151,163,28,61.4,true,unclassified,1780307261227
3191,node_01,1780307262,data_collection,cooking_fume,exposure,,false,false,,rule_fallback_v0,2937,4095,2509,3139,68,149,162,28.1,61.5,true,unclassified,1780307262209
3192,node_01,1780307263,data_collection,cooking_fume,exposure,,false,false,,rule_fallback_v0,2927,4095,2511,3139,67,147,160,28.1,61.5,true,unclassified,1780307263274
3193,node_01,1780307264,data_collection,cooking_fume,exposure,,false,false,,rule_fallback_v0,2940,4095,2508,3139,69,149,163,28.1,61.5,true,unclassified,1780307264406
3194,node_01,1780307265,data_collection,cooking_fume,exposure,,false,false,,rule_fallback_v0,2931,4095,2510,3139,69,148,162,28.1,61.5,true,unclassified,1780307265425
3195,node_01,1780307266,data_collection,cooking_fume,exposure,,false,false,,rule_fallback_v0,2938,4095,2509,3139,67,146,162,28.1,61.5,true,unclassified,1780307266449
3196,node_01,1780307268,data_collection,cooking_fume,exposure,,false,false,,rule_fallback_v0,2931,4095,2509,3139,66,143,158,28.1,61.5,true,unclassified,1780307267438
3197,node_01,1780307269,data_collection,cooking_fume,exposure,,false,false,,rule_fallback_v0,2937,4095,2509,3139,65,142,157,28,61.6,true,unclassified,1780307268481
3198,node_01,1780307270,data_collection,cooking_fume,exposure,,false,false,,rule_fallback_v0,2931,4095,2511,3139,65,141,157,28,61.6,true,unclassified,1780307269623
3199,node_01,1780307271,data_collection,cooking_fume,exposure,,false,false,,rule_fallback_v0,2933,4095,2507,3139,66,141,157,28,61.6,true,unclassified,1780307270648
3200,node_01,1780307272,data_collection,cooking_fume,exposure,,false,false,,rule_fallback_v0,2935,4095,2513,3139,65,140,156,28,61.7,true,unclassified,1780307271673
3201,node_01,1780307273,data_collection,cooking_fume,exposure,,false,false,,rule_fallback_v0,2935,4095,2508,3139,65,139,155,28,61.7,true,unclassified,1780307272695
3202,node_01,1780307274,data_collection,cooking_fume,exposure,,false,false,,rule_fallback_v0,2931,4095,2507,3139,63,136,152,28,61.7,true,unclassified,1780307273708
3203,node_01,1780307275,data_collection,cooking_fume,exposure,,false,false,,rule_fallback_v0,2935,4095,2510,3139,63,136,151,28.1,61.8,true,unclassified,1780307274792
3204,node_01,1780307276,data_collection,cooking_fume,exposure,,false,false,,rule_fallback_v0,2928,4095,2509,3139,61,134,150,28.1,61.8,true,unclassified,1780307275793
3205,node_01,1780307277,data_collection,cooking_fume,exposure,,false,false,,rule_fallback_v0,2937,4095,2504,3139,62,135,151,28.1,61.8,true,unclassified,1780307276858
3206,node_01,1780307278,data_collection,cooking_fume,exposure,,false,false,,rule_fallback_v0,2928,4095,2508,3139,61,134,149,28.1,61.9,true,unclassified,1780307277889
3207,node_01,1780307279,data_collection,cooking_fume,exposure,,false,false,,rule_fallback_v0,2935,4095,2509,3139,60,132,148,28.1,61.9,true,unclassified,1780307278930
3208,node_01,1780307280,data_collection,cooking_fume,exposure,,false,false,,rule_fallback_v0,2934,4095,2509,3139,60,131,146,28.1,61.9,true,unclassified,1780307279973
3209,node_01,1780307281,data_collection,cooking_fume,exposure,,false,false,,rule_fallback_v0,2937,4095,2511,3139,59,130,144,28.1,61.8,true,unclassified,1780307281020
3210,node_01,1780307282,data_collection,cooking_fume,exposure,,false,false,,rule_fallback_v0,2933,4095,2510,3139,59,129,143,28.1,61.8,true,unclassified,1780307282115
3211,node_01,1780307283,data_collection,cooking_fume,exposure,,false,false,,rule_fallback_v0,2937,4095,2507,3139,58,128,142,28.1,61.8,true,unclassified,1780307283144
3212,node_01,1780307284,data_collection,cooking_fume,exposure,,false,false,,rule_fallback_v0,2931,4095,2509,3139,58,126,140,28.1,62.1,true,unclassified,1780307284164
3213,node_01,1780307285,data_collection,cooking_fume,exposure,,false,false,,rule_fallback_v0,2936,4095,2506,3139,58,126,139,28.1,62.1,true,unclassified,1780307285291
3214,node_01,1780307286,data_collection,cooking_fume,exposure,,false,false,,rule_fallback_v0,2934,4095,2509,3139,58,125,139,28.1,62.1,true,unclassified,1780307286315
3215,node_01,1780307287,data_collection,cooking_fume,exposure,,false,false,,rule_fallback_v0,2933,4095,2510,3139,58,125,138,28.1,62,true,unclassified,1780307287348
3216,node_01,1780307288,data_collection,cooking_fume,exposure,,false,false,,rule_fallback_v0,2933,4095,2510,3139,57,122,135,28.1,62,true,unclassified,1780307288362
3217,node_01,1780307289,data_collection,cooking_fume,exposure,,false,false,,rule_fallback_v0,2940,4095,2508,3139,56,122,135,28.1,62,true,unclassified,1780307289488
3218,node_01,1780307291,data_collection,cooking_fume,exposure,,false,false,,rule_fallback_v0,2930,4095,2509,3139,56,122,135,28.1,62,true,unclassified,1780307290513
3219,node_01,1780307292,data_collection,cooking_fume,exposure,,false,false,,rule_fallback_v0,2936,4095,2510,3139,56,121,134,28.1,62,true,unclassified,1780307291537
3220,node_01,1780307293,data_collection,cooking_fume,exposure,,false,false,,rule_fallback_v0,2928,4095,2510,3139,56,121,134,28.1,62,true,unclassified,1780307292561
3221,node_01,1780307294,data_collection,cooking_fume,exposure,,false,false,,rule_fallback_v0,2937,4095,2506,3139,56,121,133,28.1,62,true,unclassified,1780307293585
3222,node_01,1780307295,data_collection,cooking_fume,exposure,,false,false,,rule_fallback_v0,2929,4095,2507,3139,56,120,132,28.1,62,true,unclassified,1780307294635
3223,node_01,1780307296,data_collection,cooking_fume,exposure,,false,false,,rule_fallback_v0,2934,4095,2507,3139,55,120,132,28.1,62,true,unclassified,1780307295736
3224,node_01,1780307297,data_collection,cooking_fume,exposure,,false,false,,rule_fallback_v0,2932,4095,2505,3139,55,120,132,28,61.9,true,unclassified,1780307296767
3225,node_01,1780307298,data_collection,cooking_fume,exposure,,false,false,,rule_fallback_v0,2936,4095,2507,3139,56,121,133,28,61.9,true,unclassified,1780307297785
3226,node_01,1780307299,data_collection,cooking_fume,exposure,,false,false,,rule_fallback_v0,2930,4095,2508,3139,56,121,132,28,61.9,true,unclassified,1780307298794
3227,node_01,1780307300,data_collection,cooking_fume,exposure,,false,false,,rule_fallback_v0,2936,4095,2507,3139,56,120,132,28,62,true,unclassified,1780307299876
3228,node_01,1780307301,data_collection,cooking_fume,exposure,,false,false,,rule_fallback_v0,2929,4095,2505,3139,56,120,132,28,62,true,unclassified,1780307300868
3229,node_01,1780307302,data_collection,cooking_fume,exposure,,false,false,,rule_fallback_v0,2933,4095,2507,3139,56,120,131,28,62,true,unclassified,1780307301987
3230,node_01,1780307303,data_collection,cooking_fume,exposure,,false,false,,rule_fallback_v0,2926,4095,2511,3139,56,119,130,28,62.1,true,unclassified,1780307303006
3231,node_01,1780307304,data_collection,cooking_fume,exposure,,false,false,,rule_fallback_v0,2936,4095,2506,3139,56,119,130,28,62.1,true,unclassified,1780307304030
3232,node_01,1780307305,data_collection,cooking_fume,exposure,,false,false,,rule_fallback_v0,2935,4095,2507,3139,56,118,130,28,62.1,true,unclassified,1780307305051
3233,node_01,1780307306,data_collection,cooking_fume,exposure,,false,false,,rule_fallback_v0,2935,4095,2508,3139,56,118,129,28.1,62.4,true,unclassified,1780307306180
3234,node_01,1780307307,data_collection,cooking_fume,exposure,,false,false,,rule_fallback_v0,2933,4095,2510,3139,55,118,128,28.1,62.4,true,unclassified,1780307307149
3235,node_01,1780307308,data_collection,cooking_fume,exposure,,false,false,,rule_fallback_v0,2933,4095,2505,3139,55,117,128,28.1,62.4,true,unclassified,1780307308228
3236,node_01,1780307309,data_collection,cooking_fume,exposure,,false,false,,rule_fallback_v0,2937,4095,2510,3139,54,116,126,28.1,62.5,true,unclassified,1780307309254
3237,node_01,1780307310,data_collection,cooking_fume,exposure,,false,false,,rule_fallback_v0,2931,4095,2507,3139,54,116,125,28.1,62.5,true,unclassified,1780307310379
3238,node_01,1780307311,data_collection,cooking_fume,exposure,,false,false,,rule_fallback_v0,2931,4095,2507,3139,53,114,124,28.1,62.5,true,unclassified,1780307311404
3239,node_01,1780307312,data_collection,cooking_fume,exposure,,false,false,,rule_fallback_v0,2936,4095,2511,3139,51,111,121,28.1,62.4,true,unclassified,1780307312428
3240,node_01,1780307314,data_collection,cooking_fume,exposure,,false,false,,rule_fallback_v0,2937,4095,2508,3139,51,110,120,28.1,62.4,true,unclassified,1780307313450
3241,node_01,1780307315,data_collection,cooking_fume,exposure,,false,false,,rule_fallback_v0,2938,4095,2509,3139,51,109,118,28.1,62.4,true,unclassified,1780307314455
3242,node_01,1780307316,data_collection,cooking_fume,exposure,,false,false,,rule_fallback_v0,2935,4095,2507,3139,51,110,119,28.1,62.5,true,unclassified,1780307315605
3243,node_01,1780307317,data_collection,cooking_fume,exposure,,false,false,,rule_fallback_v0,2938,4095,2507,3139,50,108,118,28.1,62.5,true,unclassified,1780307316542
3244,node_01,1780307318,data_collection,cooking_fume,exposure,,false,false,,rule_fallback_v0,2926,4095,2510,3139,50,107,116,28.1,62.5,true,unclassified,1780307317612
3245,node_01,1780307319,data_collection,cooking_fume,exposure,,false,false,,rule_fallback_v0,2937,4095,2508,3139,50,106,115,28.1,62.4,true,unclassified,1780307318674
3246,node_01,1780307320,data_collection,cooking_fume,exposure,,false,false,,rule_fallback_v0,2932,4095,2508,3139,49,105,113,28.1,62.4,true,unclassified,1780307319697
3247,node_01,1780307321,data_collection,cooking_fume,exposure,,false,false,,rule_fallback_v0,2933,4095,2508,3139,49,104,112,28.1,62.4,true,unclassified,1780307320824
3248,node_01,1780307322,data_collection,cooking_fume,exposure,,false,false,,rule_fallback_v0,2922,4095,2507,3139,47,101,110,28.1,62.5,true,unclassified,1780307321848
3249,node_01,1780307323,data_collection,cooking_fume,exposure,,false,false,,rule_fallback_v0,2939,4095,2506,3139,47,101,109,28.1,62.5,true,unclassified,1780307322815
3250,node_01,1780307324,data_collection,cooking_fume,exposure,,false,false,,rule_fallback_v0,2933,4095,2509,3139,48,101,109,28.1,62.5,true,unclassified,1780307323889
3251,node_01,1780307325,data_collection,cooking_fume,exposure,,false,false,,rule_fallback_v0,2936,4095,2509,3139,48,100,108,28,62.6,true,unclassified,1780307324919
3252,node_01,1780307326,data_collection,cooking_fume,exposure,,false,false,,rule_fallback_v0,2931,4095,2506,3139,47,99,108,28,62.6,true,unclassified,1780307325946
3253,node_01,1780307327,data_collection,cooking_fume,exposure,,false,false,,rule_fallback_v0,2930,4095,2510,3139,47,98,106,28,62.6,true,unclassified,1780307327136
3254,node_01,1780307328,data_collection,cooking_fume,exposure,,false,false,,rule_fallback_v0,2933,4095,2507,3139,46,97,106,28.1,62.5,true,unclassified,1780307328094
3255,node_01,1780307329,data_collection,cooking_fume,exposure,,false,false,,rule_fallback_v0,2937,4095,2507,3139,46,96,105,28.1,62.5,true,unclassified,1780307329118
3256,node_01,1780307330,data_collection,cooking_fume,exposure,,false,false,,rule_fallback_v0,2929,4095,2506,3139,46,96,104,28.1,62.5,true,unclassified,1780307330127
3257,node_01,1780307331,data_collection,cooking_fume,exposure,,false,false,,rule_fallback_v0,2939,4095,2511,3139,46,95,102,28.1,62.5,true,unclassified,1780307331270
3258,node_01,1780307332,data_collection,cooking_fume,exposure,,false,false,,rule_fallback_v0,2935,4095,2510,3139,46,94,102,28.1,62.5,true,unclassified,1780307332217
3259,node_01,1780307333,data_collection,cooking_fume,exposure,,false,false,,rule_fallback_v0,2934,4095,2507,3139,46,94,101,28.1,62.5,true,unclassified,1780307333260
3260,node_01,1780307334,data_collection,cooking_fume,exposure,,false,false,,rule_fallback_v0,2933,4095,2512,3139,44,93,100,28.1,62.6,true,unclassified,1780307334339
3261,node_01,1780307335,data_collection,cooking_fume,exposure,,false,false,,rule_fallback_v0,2938,4095,2509,3139,44,93,100,28.1,62.6,true,unclassified,1780307335365
3262,node_01,1780307337,data_collection,cooking_fume,exposure,,false,false,,rule_fallback_v0,2928,4095,2508,3139,43,91,98,28.1,62.6,true,unclassified,1780307336491
3263,node_01,1780307338,data_collection,cooking_fume,exposure,,false,false,,rule_fallback_v0,2933,4095,2514,3139,43,90,97,28.1,62.6,true,unclassified,1780307337515
3264,node_01,1780307339,data_collection,cooking_fume,exposure,,false,false,,rule_fallback_v0,2932,4095,2512,3139,43,89,97,28.1,62.6,true,unclassified,1780307338540
3265,node_01,1780307340,data_collection,cooking_fume,exposure,,false,false,,rule_fallback_v0,2932,4095,2507,3139,43,90,98,28.1,62.6,true,unclassified,1780307339562
3266,node_01,1780307341,data_collection,cooking_fume,exposure,,false,false,,rule_fallback_v0,2929,4095,2511,3139,42,90,97,28.1,62.4,true,unclassified,1780307340587
3267,node_01,1780307342,data_collection,cooking_fume,exposure,,false,false,,rule_fallback_v0,2937,4095,2507,3139,42,89,97,28.1,62.4,true,unclassified,1780307341715
3268,node_01,1780307343,data_collection,cooking_fume,exposure,,false,false,,rule_fallback_v0,2937,4095,2512,3139,42,89,96,28.1,62.4,true,unclassified,1780307342739
3269,node_01,1780307344,data_collection,cooking_fume,exposure,,false,false,,rule_fallback_v0,2937,4095,2509,3139,41,88,96,28.1,62.4,true,unclassified,1780307343764
3270,node_01,1780307345,data_collection,cooking_fume,exposure,,false,false,,rule_fallback_v0,2932,4095,2508,3139,41,88,96,28.1,62.4,true,unclassified,1780307344753
3271,node_01,1780307346,data_collection,cooking_fume,exposure,,false,false,,rule_fallback_v0,2936,4095,2509,3139,40,87,94,28.1,62.4,true,unclassified,1780307345808
3272,node_01,1780307347,data_collection,cooking_fume,exposure,,false,false,,rule_fallback_v0,2938,4095,2508,3139,40,86,94,28.1,62.8,true,unclassified,1780307346841
3273,node_01,1780307348,data_collection,cooking_fume,exposure,,false,false,,rule_fallback_v0,2937,4095,2504,3139,40,86,94,28.1,62.8,true,unclassified,1780307347960
3274,node_01,1780307349,data_collection,cooking_fume,exposure,,false,false,,rule_fallback_v0,2932,4095,2513,3139,40,86,93,28.1,62.8,true,unclassified,1780307348983
3275,node_01,1780307350,data_collection,cooking_fume,exposure,,false,false,,rule_fallback_v0,2937,4095,2513,3139,40,86,93,28.1,62.8,true,unclassified,1780307350008
3276,node_01,1780307351,data_collection,cooking_fume,exposure,,false,false,,rule_fallback_v0,2935,4095,2510,3139,39,84,91,28.1,62.8,true,unclassified,1780307351021
3277,node_01,1780307352,data_collection,cooking_fume,exposure,,false,false,,rule_fallback_v0,2935,4095,2511,3139,39,83,90,28.1,62.8,true,unclassified,1780307352156
3278,node_01,1780307353,data_collection,cooking_fume,exposure,,false,false,,rule_fallback_v0,2930,4095,2513,3139,39,83,89,28.1,62.9,true,unclassified,1780307353111
3279,node_01,1780307354,data_collection,cooking_fume,exposure,,false,false,,rule_fallback_v0,2939,4095,2510,3139,40,84,90,28.1,62.9,true,unclassified,1780307354204
3280,node_01,1780307355,data_collection,cooking_fume,exposure,,false,false,,rule_fallback_v0,2926,4095,2510,3139,40,83,89,28.1,62.9,true,unclassified,1780307355202
3281,node_01,1780307356,data_collection,cooking_fume,exposure,,false,false,,rule_fallback_v0,2934,4095,2509,3139,40,82,88,28.1,62.9,true,unclassified,1780307356252
3282,node_01,1780307357,data_collection,cooking_fume,exposure,,false,false,,rule_fallback_v0,2928,4095,2506,3139,39,81,87,28.1,62.9,true,unclassified,1780307357292
3283,node_01,1780307358,data_collection,cooking_fume,exposure,,false,false,,rule_fallback_v0,2932,4095,2511,3139,39,80,86,28.1,62.9,true,unclassified,1780307358403
3284,node_01,1780307359,data_collection,cooking_fume,exposure,,false,false,,rule_fallback_v0,2940,4095,2512,3139,39,79,85,28.1,62.9,true,unclassified,1780307359430
3285,node_01,1780307361,data_collection,cooking_fume,exposure,,false,false,,rule_fallback_v0,2931,4095,2511,3139,40,80,86,28.1,62.9,true,unclassified,1780307360451
3286,node_01,1780307362,data_collection,cooking_fume,exposure,,false,false,,rule_fallback_v0,2935,4095,2514,3139,40,79,85,28.1,62.9,true,unclassified,1780307361469
3287,node_01,1780307363,data_collection,cooking_fume,exposure,,false,false,,rule_fallback_v0,2936,4095,2511,3139,39,78,84,28.1,62.9,true,unclassified,1780307362603
3288,node_01,1780307364,data_collection,cooking_fume,exposure,,false,false,,rule_fallback_v0,2931,4095,2509,3139,39,78,84,28.1,62.9,true,unclassified,1780307363626
3289,node_01,1780307365,data_collection,cooking_fume,exposure,,false,false,,rule_fallback_v0,2937,4095,2508,3139,39,77,83,28.1,62.9,true,unclassified,1780307364604
3290,node_01,1780307366,data_collection,cooking_fume,exposure,,false,false,,rule_fallback_v0,2924,4095,2510,3139,38,76,81,28.1,62.8,true,unclassified,1780307365674
3291,node_01,1780307367,data_collection,cooking_fume,exposure,,false,false,,rule_fallback_v0,2933,4095,2508,3139,38,75,80,28.1,62.8,true,unclassified,1780307366800
3292,node_01,1780307368,data_collection,cooking_fume,exposure,,false,false,,rule_fallback_v0,2931,4095,2509,3139,37,75,79,28.1,62.8,true,unclassified,1780307367808
3293,node_01,1780307369,data_collection,cooking_fume,exposure,,false,false,,rule_fallback_v0,2933,4095,2511,3139,37,74,79,28.1,62.8,true,unclassified,1780307368786
3294,node_01,1780307370,data_collection,cooking_fume,exposure,,false,false,,rule_fallback_v0,2935,4095,2510,3139,37,73,79,28.1,62.8,true,unclassified,1780307369836
3295,node_01,1780307371,data_collection,cooking_fume,exposure,,false,false,,rule_fallback_v0,2936,4095,2508,3139,37,73,78,28.1,62.8,true,unclassified,1780307370874
3296,node_01,1780307372,data_collection,cooking_fume,exposure,,false,false,,rule_fallback_v0,2933,4095,2512,3139,37,73,78,28.1,62.8,true,unclassified,1780307372023
3297,node_01,1780307373,data_collection,cooking_fume,exposure,,false,false,,rule_fallback_v0,2931,4095,2509,3139,37,72,78,28.1,62.8,true,unclassified,1780307373047
3298,node_01,1780307374,data_collection,cooking_fume,exposure,,false,false,,rule_fallback_v0,2927,4095,2510,3139,37,71,77,28.1,62.8,true,unclassified,1780307374070
3299,node_01,1780307375,data_collection,cooking_fume,exposure,,false,false,,rule_fallback_v0,2933,4095,2511,3139,37,70,77,28.1,63,true,unclassified,1780307375094
3300,node_01,1780307376,data_collection,cooking_fume,exposure,,false,false,,rule_fallback_v0,2933,4095,2507,3139,35,69,77,28.1,63,true,unclassified,1780307376100
3301,node_01,1780307377,data_collection,cooking_fume,exposure,,false,false,,rule_fallback_v0,2931,4095,2506,3139,35,69,77,28.1,63,true,unclassified,1780307377142
3302,node_01,1780307378,data_collection,cooking_fume,exposure,,false,false,,rule_fallback_v0,2926,4095,2508,3139,36,70,77,28.1,62.8,true,unclassified,1780307378233
3303,node_01,1780307379,data_collection,cooking_fume,exposure,,false,false,,rule_fallback_v0,2934,4095,2508,3139,36,70,77,28.1,62.8,true,unclassified,1780307379293
3304,node_01,1780307380,data_collection,cooking_fume,exposure,,false,false,,rule_fallback_v0,2928,4095,2511,3139,36,69,77,28.1,62.8,true,unclassified,1780307380279
3305,node_01,1780307381,data_collection,cooking_fume,exposure,,false,false,,rule_fallback_v0,2936,4095,2513,3139,35,68,76,28.1,63,true,unclassified,1780307381340
3306,node_01,1780307382,data_collection,cooking_fume,exposure,,false,false,,rule_fallback_v0,2926,4095,2509,3139,35,68,75,28.1,63,true,unclassified,1780307382467
3307,node_01,1780307384,data_collection,cooking_fume,exposure,,false,false,,rule_fallback_v0,2937,4095,2512,3139,35,67,75,28.1,63,true,unclassified,1780307383408
3308,node_01,1780307385,data_collection,cooking_fume,exposure,,false,false,,rule_fallback_v0,2927,4095,2507,3139,36,68,76,28.1,62.9,true,unclassified,1780307384515
3309,node_01,1780307386,data_collection,cooking_fume,exposure,,false,false,,rule_fallback_v0,2936,4095,2511,3139,35,68,75,28.1,62.9,true,unclassified,1780307385544
3310,node_01,1780307387,data_collection,cooking_fume,exposure,,false,false,,rule_fallback_v0,2936,4095,2506,3139,35,67,75,28.1,62.9,true,unclassified,1780307386542
3311,node_01,1780307388,data_collection,cooking_fume,exposure,,false,false,,rule_fallback_v0,2932,4095,2511,3139,35,66,75,28.1,62.7,true,unclassified,1780307387587
3312,node_01,1780307389,data_collection,cooking_fume,exposure,,false,false,,rule_fallback_v0,2932,4095,2508,3139,35,66,74,28.1,62.7,true,unclassified,1780307388637
3313,node_01,1780307390,data_collection,cooking_fume,exposure,,false,false,,rule_fallback_v0,2935,4095,2509,3139,34,65,74,28.1,62.7,true,unclassified,1780307389678
3314,node_01,1780307391,data_collection,cooking_fume,exposure,,false,false,,rule_fallback_v0,2927,4095,2508,3139,34,64,74,28.1,62.5,true,unclassified,1780307390724
3315,node_01,1780307392,data_collection,cooking_fume,exposure,,false,false,,rule_fallback_v0,2936,4095,2508,3139,34,62,74,28.1,62.5,true,unclassified,1780307391768
3316,node_01,1780307393,data_collection,cooking_fume,exposure,,false,false,,rule_fallback_v0,2936,4095,2507,3139,33,61,71,28.1,62.5,true,unclassified,1780307392833
3317,node_01,1780307394,data_collection,cooking_fume,exposure,,false,false,,rule_fallback_v0,2934,4095,2507,3139,32,59,71,28.1,62.2,true,unclassified,1780307393936
3318,node_01,1780307395,data_collection,cooking_fume,exposure,,false,false,,rule_fallback_v0,2932,4095,2507,3139,32,59,70,28.1,62.2,true,unclassified,1780307394906
3319,node_01,1780307396,data_collection,cooking_fume,exposure,,false,false,,rule_fallback_v0,2933,4095,2507,3139,33,59,70,28.1,62.2,true,unclassified,1780307395949
3320,node_01,1780307397,data_collection,cooking_fume,exposure,,false,false,,rule_fallback_v0,2922,4095,2509,3139,33,58,70,28.1,62.3,true,unclassified,1780307397008
3321,node_01,1780307398,data_collection,cooking_fume,exposure,,false,false,,rule_fallback_v0,2943,4095,2510,3139,33,58,70,28.1,62.3,true,unclassified,1780307398141
3322,node_01,1780307399,data_collection,cooking_fume,exposure,,false,false,,rule_fallback_v0,2926,4095,2507,3139,33,57,70,28.1,62.3,true,unclassified,1780307399083
3323,node_01,1780307400,data_collection,cooking_fume,exposure,,false,false,,rule_fallback_v0,2938,4095,2511,3139,32,57,69,28.1,62.3,true,unclassified,1780307400127
3324,node_01,1780307401,data_collection,cooking_fume,exposure,,false,false,,rule_fallback_v0,2930,4095,2510,3139,32,56,69,28.1,62.3,true,unclassified,1780307401171
3325,node_01,1780307402,data_collection,cooking_fume,exposure,,false,false,,rule_fallback_v0,2935,4095,2511,3139,30,55,68,28.1,62.3,true,unclassified,1780307402214
3326,node_01,1780307403,data_collection,cooking_fume,exposure,,false,false,,rule_fallback_v0,2930,4095,2507,3139,30,55,68,28.1,62.4,true,unclassified,1780307403357
3327,node_01,1780307404,data_collection,cooking_fume,exposure,,false,false,,rule_fallback_v0,2937,4095,2505,3139,30,54,67,28.1,62.4,true,unclassified,1780307404381
3328,node_01,1780307405,data_collection,cooking_fume,exposure,,false,false,,rule_fallback_v0,2939,4095,2508,3139,30,54,67,28.1,62.4,true,unclassified,1780307405353
3329,node_01,1780307407,data_collection,cooking_fume,exposure,,false,false,,rule_fallback_v0,2936,4095,2507,3139,30,54,67,28.1,62.4,true,unclassified,1780307406430
3330,node_01,1780307408,data_collection,cooking_fume,exposure,,false,false,,rule_fallback_v0,2927,4095,2510,3139,30,54,67,28.1,62.4,true,unclassified,1780307407454
3331,node_01,1780307409,data_collection,cooking_fume,exposure,,false,false,,rule_fallback_v0,2939,4095,2508,3139,30,54,67,28.1,62.4,true,unclassified,1780307408582
3332,node_01,1780307410,data_collection,cooking_fume,exposure,,false,false,,rule_fallback_v0,2925,4095,2511,3139,30,54,67,28.1,62.4,true,unclassified,1780307409822
3333,node_01,1780307411,data_collection,cooking_fume,exposure,,false,false,,rule_fallback_v0,2931,4095,2510,3139,30,54,67,28.1,62.4,true,unclassified,1780307410629
3334,node_01,1780307412,data_collection,cooking_fume,exposure,,false,false,,rule_fallback_v0,2934,4095,2507,3139,30,55,67,28.1,62.4,true,unclassified,1780307411618
3335,node_01,1780307413,data_collection,cooking_fume,exposure,,false,false,,rule_fallback_v0,2935,4095,2508,3139,30,55,67,28.1,62.4,true,unclassified,1780307412676
3336,node_01,1780307414,data_collection,cooking_fume,exposure,,false,false,,rule_fallback_v0,2930,4095,2512,3139,31,56,68,28.1,62.4,true,unclassified,1780307413802
3337,node_01,1780307415,data_collection,cooking_fume,exposure,,false,false,,rule_fallback_v0,2935,4095,2510,3139,31,56,68,28.1,62.4,true,unclassified,1780307414833
3338,node_01,1780307416,data_collection,cooking_fume,exposure,,false,false,,rule_fallback_v0,2924,4095,2509,3139,31,57,69,28.1,62.6,true,unclassified,1780307415818
3339,node_01,1780307417,data_collection,cooking_fume,exposure,,false,false,,rule_fallback_v0,2938,4095,2507,3139,31,57,69,28.1,62.6,true,unclassified,1780307416878
3340,node_01,1780307418,data_collection,cooking_fume,exposure,,false,false,,rule_fallback_v0,2925,4095,2507,3139,31,57,69,28.1,62.6,true,unclassified,1780307417897
3341,node_01,1780307419,data_collection,cooking_fume,exposure,,false,false,,rule_fallback_v0,2935,4095,2507,3139,31,57,69,28.1,62.5,true,unclassified,1780307418930
3342,node_01,1780307420,data_collection,cooking_fume,exposure,,false,false,,rule_fallback_v0,2928,4095,2505,3139,31,58,71,28.1,62.5,true,unclassified,1780307420048
3343,node_01,1780307421,data_collection,cooking_fume,exposure,,false,false,,rule_fallback_v0,2934,4095,2512,3139,31,58,71,28.1,62.5,true,unclassified,1780307421080
3344,node_01,1780307422,data_collection,cooking_fume,exposure,,false,false,,rule_fallback_v0,2933,4095,2511,3139,31,58,71,28.1,62.8,true,unclassified,1780307422101
3345,node_01,1780307423,data_collection,cooking_fume,exposure,,false,false,,rule_fallback_v0,2936,4095,2506,3139,30,56,69,28.1,62.8,true,unclassified,1780307423115
3346,node_01,1780307424,data_collection,cooking_fume,exposure,,false,false,,rule_fallback_v0,2929,4095,2513,3139,30,56,69,28.1,62.8,true,unclassified,1780307424164
3347,node_01,1780307425,data_collection,cooking_fume,exposure,,false,false,,rule_fallback_v0,2936,4095,2508,3139,30,56,69,28.1,62.9,true,unclassified,1780307425201
3348,node_01,1780307426,data_collection,cooking_fume,exposure,,false,false,,rule_fallback_v0,2928,4095,2510,3139,31,56,70,28.1,62.9,true,unclassified,1780307426267
3349,node_01,1780307427,data_collection,cooking_fume,exposure,,false,false,,rule_fallback_v0,2936,4095,2508,3139,31,56,70,28.1,62.9,true,unclassified,1780307427318
3350,node_01,1780307428,data_collection,cooking_fume,exposure,,false,false,,rule_fallback_v0,2938,4095,2508,3139,30,55,69,28.1,62.6,true,unclassified,1780307428444
3351,node_01,1780307429,data_collection,cooking_fume,exposure,,false,false,,rule_fallback_v0,2936,4095,2509,3139,30,55,68,28.1,62.6,true,unclassified,1780307429471
3352,node_01,1780307431,data_collection,cooking_fume,exposure,,false,false,,rule_fallback_v0,2933,4095,2507,3139,30,55,68,28.1,62.6,true,unclassified,1780307430424
3353,node_01,1780307432,data_collection,cooking_fume,exposure,,false,false,,rule_fallback_v0,2940,4095,2509,3139,30,55,68,28.1,62.5,true,unclassified,1780307431518
3354,node_01,1780307433,data_collection,cooking_fume,exposure,,false,false,,rule_fallback_v0,2936,4095,2510,3139,30,55,68,28.1,62.5,true,unclassified,1780307432540
3355,node_01,1780307434,data_collection,cooking_fume,exposure,,false,false,,rule_fallback_v0,2934,4095,2512,3139,30,54,68,28.1,62.5,true,unclassified,1780307433666
3356,node_01,1780307435,data_collection,cooking_fume,exposure,,false,false,,rule_fallback_v0,2930,4095,2507,3139,31,54,68,28.1,62.3,true,unclassified,1780307434690
3357,node_01,1780307436,data_collection,cooking_fume,exposure,,false,false,,rule_fallback_v0,2934,4095,2509,3139,30,54,68,28.1,62.3,true,unclassified,1780307435647
3358,node_01,1780307437,data_collection,cooking_fume,exposure,,false,false,,rule_fallback_v0,2931,4095,2509,3139,30,53,67,28.1,62.3,true,unclassified,1780307436739
3359,node_01,1780307438,data_collection,cooking_fume,exposure,,false,false,,rule_fallback_v0,2934,4095,2508,3139,30,53,67,28.1,62.2,true,unclassified,1780307437763
3360,node_01,1780307439,data_collection,cooking_fume,exposure,,false,false,,rule_fallback_v0,2934,4095,2506,3139,30,53,67,28.1,62.2,true,unclassified,1780307438895
3361,node_01,1780307440,data_collection,cooking_fume,exposure,,false,false,,rule_fallback_v0,2936,4095,2511,3139,30,53,67,28.1,62.2,true,unclassified,1780307439830
3362,node_01,1780307441,data_collection,cooking_fume,exposure,,false,false,,rule_fallback_v0,2929,4095,2508,3139,29,51,66,28.1,62.4,true,unclassified,1780307440872
3363,node_01,1780307442,data_collection,cooking_fume,exposure,,false,false,,rule_fallback_v0,2934,4095,2507,3139,29,51,65,28.1,62.4,true,unclassified,1780307441962
3364,node_01,1780307443,data_collection,cooking_fume,exposure,,false,false,,rule_fallback_v0,2928,4095,2507,3139,28,51,65,28.1,62.4,true,unclassified,1780307442990
3365,node_01,1780307444,data_collection,cooking_fume,exposure,,false,false,,rule_fallback_v0,2938,4095,2509,3139,29,52,65,28.1,62.2,true,unclassified,1780307444112
3366,node_01,1780307445,data_collection,cooking_fume,exposure,,false,false,,rule_fallback_v0,2932,4095,2509,3139,29,52,64,28.1,62.2,true,unclassified,1780307445083
3367,node_01,1780307446,data_collection,cooking_fume,exposure,,false,false,,rule_fallback_v0,2934,4095,2509,3139,29,51,64,28.1,62.2,true,unclassified,1780307446098
3368,node_01,1780307447,data_collection,cooking_fume,exposure,,false,false,,rule_fallback_v0,2933,4095,2509,3139,28,50,62,28.1,62.2,true,unclassified,1780307447183
3369,node_01,1780307448,data_collection,cooking_fume,exposure,,false,false,,rule_fallback_v0,2933,4095,2511,3139,28,50,62,28.1,62.2,true,unclassified,1780307448213
3370,node_01,1780307449,data_collection,cooking_fume,exposure,,false,false,,rule_fallback_v0,2932,4095,2507,3139,28,50,61,28.1,62.2,true,unclassified,1780307449339
3371,node_01,1780307450,data_collection,cooking_fume,exposure,,false,false,,rule_fallback_v0,2936,4095,2511,3139,28,49,61,28.1,62.1,true,unclassified,1780307450459
3372,node_01,1780307451,data_collection,cooking_fume,exposure,,false,false,,rule_fallback_v0,2932,4095,2508,3139,28,49,61,28.1,62.1,true,unclassified,1780307451362
3373,node_01,1780307452,data_collection,cooking_fume,exposure,,false,false,,rule_fallback_v0,2934,4095,2510,3139,29,50,62,28.1,62.1,true,unclassified,1780307452407
3374,node_01,1780307454,data_collection,cooking_fume,exposure,,false,false,,rule_fallback_v0,2937,4095,2509,3139,29,50,62,28.1,62,true,unclassified,1780307453429
3375,node_01,1780307455,data_collection,cooking_fume,exposure,,false,false,,rule_fallback_v0,2940,4095,2510,3139,29,50,62,28.1,62,true,unclassified,1780307454556
3376,node_01,1780307456,data_collection,cooking_fume,exposure,,false,false,,rule_fallback_v0,2932,4095,2508,3139,29,50,62,28.1,62,true,unclassified,1780307455530
3377,node_01,1780307457,data_collection,cooking_fume,exposure,,false,false,,rule_fallback_v0,2939,4095,2506,3139,29,50,62,28.1,62,true,unclassified,1780307456603
3378,node_01,1780307458,data_collection,cooking_fume,exposure,,false,false,,rule_fallback_v0,2932,4095,2507,3139,29,50,62,28.1,62,true,unclassified,1780307457628
3379,node_01,1780307459,data_collection,cooking_fume,exposure,,false,false,,rule_fallback_v0,2937,4095,2509,3139,29,50,62,28.1,62,true,unclassified,1780307458651
3380,node_01,1780307460,data_collection,cooking_fume,exposure,,false,false,,rule_fallback_v0,2927,4095,2509,3139,29,50,62,28.1,61.9,true,unclassified,1780307459737
3381,node_01,1780307461,data_collection,cooking_fume,exposure,,false,false,,rule_fallback_v0,2934,4095,2508,3139,29,50,62,28.1,61.9,true,unclassified,1780307460803
3382,node_01,1780307462,data_collection,cooking_fume,exposure,,false,false,,rule_fallback_v0,2937,4095,2509,3139,28,49,61,28.1,61.9,true,unclassified,1780307461832
3383,node_01,1780307463,data_collection,cooking_fume,exposure,,false,false,,rule_fallback_v0,2939,4095,2507,3139,28,49,61,28.1,61.8,true,unclassified,1780307462849
3384,node_01,1780307464,data_collection,cooking_fume,exposure,,false,false,,rule_fallback_v0,2932,4095,2510,3139,28,49,61,28.1,61.8,true,unclassified,1780307463859
3385,node_01,1780307465,data_collection,cooking_fume,exposure,,false,false,,rule_fallback_v0,2937,4095,2508,3139,29,50,62,28.1,61.8,true,unclassified,1780307464902
3386,node_01,1780307466,data_collection,cooking_fume,exposure,,false,false,,rule_fallback_v0,2926,4095,2510,3139,28,50,62,28.1,61.9,true,unclassified,1780307466028
3387,node_01,1780307467,data_collection,cooking_fume,exposure,,false,false,,rule_fallback_v0,2938,4095,2511,3139,28,49,62,28.1,61.9,true,unclassified,1780307467048
3388,node_01,1780307468,data_collection,cooking_fume,exposure,,false,false,,rule_fallback_v0,2935,4095,2509,3139,28,49,62,28.1,61.9,true,unclassified,1780307468078
3389,node_01,1780307469,data_collection,cooking_fume,exposure,,false,false,,rule_fallback_v0,2938,4095,2513,3139,28,48,62,28.1,62,true,unclassified,1780307469096
3390,node_01,1780307470,data_collection,cooking_fume,exposure,,false,false,,rule_fallback_v0,2930,4095,2511,3139,27,47,61,28.1,62,true,unclassified,1780307470125
3391,node_01,1780307471,data_collection,cooking_fume,exposure,,false,false,,rule_fallback_v0,2934,4095,2508,3139,27,47,61,28.1,62,true,unclassified,1780307471246
3392,node_01,1780307472,data_collection,cooking_fume,exposure,,false,false,,rule_fallback_v0,2930,4095,2506,3139,27,47,61,28.1,61.9,true,unclassified,1780307472270
3393,node_01,1780307473,data_collection,cooking_fume,exposure,,false,false,,rule_fallback_v0,2935,4095,2507,3139,27,47,61,28.1,61.9,true,unclassified,1780307473294
3394,node_01,1780307474,data_collection,cooking_fume,exposure,,false,false,,rule_fallback_v0,2931,4095,2509,3139,27,47,61,28.1,61.9,true,unclassified,1780307474319
3395,node_01,1780307475,data_collection,cooking_fume,exposure,,false,false,,rule_fallback_v0,2935,4095,2509,3139,27,47,61,28.1,62,true,unclassified,1780307475393
3396,node_01,1780307477,data_collection,cooking_fume,exposure,,false,false,,rule_fallback_v0,2927,4095,2510,3139,28,48,62,28.1,62,true,unclassified,1780307476470
3397,node_01,1780307478,data_collection,cooking_fume,exposure,,false,false,,rule_fallback_v0,2935,4095,2505,3139,28,48,61,28.1,62,true,unclassified,1780307477493
3398,node_01,1780307479,data_collection,cooking_fume,exposure,,false,false,,rule_fallback_v0,2929,4095,2509,3139,27,47,61,28.1,62,true,unclassified,1780307478518
3399,node_01,1780307480,data_collection,cooking_fume,exposure,,false,false,,rule_fallback_v0,2933,4095,2508,3139,26,46,60,28.1,62,true,unclassified,1780307479541
3400,node_01,1780307481,data_collection,cooking_fume,exposure,,false,false,,rule_fallback_v0,2941,4095,2510,3139,26,46,60,28.1,62,true,unclassified,1780307480614
3401,node_01,1780307482,data_collection,cooking_fume,exposure,,false,false,,rule_fallback_v0,2934,4095,2508,3139,26,46,60,28.1,62.1,true,unclassified,1780307481620
3402,node_01,1780307483,data_collection,cooking_fume,exposure,,false,false,,rule_fallback_v0,2931,4095,2507,3139,25,46,59,28.1,62.1,true,unclassified,1780307482715
3403,node_01,1780307484,data_collection,cooking_fume,exposure,,false,false,,rule_fallback_v0,2938,4095,2508,3139,25,46,59,28.1,62.1,true,unclassified,1780307483712
3404,node_01,1780307485,data_collection,cooking_fume,exposure,,false,false,,rule_fallback_v0,2923,4095,2510,3139,25,46,59,28.1,62.1,true,unclassified,1780307484763
3405,node_01,1780307486,data_collection,cooking_fume,exposure,,false,false,,rule_fallback_v0,2935,4095,2509,3139,25,46,59,28.1,62.1,true,unclassified,1780307485795
3406,node_01,1780307487,data_collection,cooking_fume,exposure,,false,false,,rule_fallback_v0,2935,4095,2509,3139,25,46,59,28.1,62.1,true,unclassified,1780307486914
3407,node_01,1780307488,data_collection,cooking_fume,exposure,,false,false,,rule_fallback_v0,2935,4095,2507,3139,25,46,59,28.2,62.1,true,unclassified,1780307487901
3408,node_01,1780307489,data_collection,cooking_fume,exposure,,false,false,,rule_fallback_v0,2937,4095,2509,3139,26,47,60,28.2,62.1,true,unclassified,1780307488962
3409,node_01,1780307490,data_collection,cooking_fume,exposure,,false,false,,rule_fallback_v0,2932,4095,2509,3139,26,48,60,28.2,62.1,true,unclassified,1780307489985
3410,node_01,1780307491,data_collection,cooking_fume,exposure,,false,false,,rule_fallback_v0,2928,4095,2510,3139,26,47,59,28.1,62.3,true,unclassified,1780307491112
3411,node_01,1780307492,data_collection,cooking_fume,exposure,,false,false,,rule_fallback_v0,2936,4095,2508,3139,26,47,59,28.1,62.3,true,unclassified,1780307492137
3412,node_01,1780307493,data_collection,cooking_fume,exposure,,false,false,,rule_fallback_v0,2929,4095,2508,3139,26,47,59,28.1,62.3,true,unclassified,1780307493160
3413,node_01,1780307494,data_collection,cooking_fume,exposure,,false,false,,rule_fallback_v0,2935,4095,2511,3139,27,48,59,28.1,62.3,true,unclassified,1780307494184
3414,node_01,1780307495,data_collection,cooking_fume,exposure,,false,false,,rule_fallback_v0,2933,4095,2508,3139,27,48,59,28.1,62.3,true,unclassified,1780307495213
3415,node_01,1780307496,data_collection,cooking_fume,exposure,,false,false,,rule_fallback_v0,2936,4095,2509,3139,27,48,59,28.1,62.3,true,unclassified,1780307496335
3416,node_01,1780307497,data_collection,cooking_fume,exposure,,false,false,,rule_fallback_v0,2932,4095,2511,3139,26,47,58,28.1,62.3,true,unclassified,1780307497358
3417,node_01,1780307498,data_collection,cooking_fume,exposure,,false,false,,rule_fallback_v0,2940,4095,2508,3139,26,47,58,28.1,62.3,true,unclassified,1780307498388
3418,node_01,1780307499,data_collection,cooking_fume,exposure,,false,false,,rule_fallback_v0,2930,4095,2511,3139,26,47,58,28.1,62.3,true,unclassified,1780307499407
3419,node_01,1780307501,data_collection,cooking_fume,exposure,,false,false,,rule_fallback_v0,2937,4095,2513,3139,27,48,59,28.1,62.3,true,unclassified,1780307500426
3420,node_01,1780307502,data_collection,cooking_fume,exposure,,false,false,,rule_fallback_v0,2933,4095,2509,3139,27,48,59,28.1,62.3,true,unclassified,1780307501562
3421,node_01,1780307503,data_collection,cooking_fume,exposure,,false,false,,rule_fallback_v0,2937,4095,2510,3139,27,48,59,28.1,62.3,true,unclassified,1780307502587
3422,node_01,1780307504,data_collection,cooking_fume,exposure,,false,false,,rule_fallback_v0,2929,4095,2510,3139,26,47,58,28.1,62.4,true,unclassified,1780307503610
3423,node_01,1780307505,data_collection,cooking_fume,exposure,,false,false,,rule_fallback_v0,2936,4095,2510,3139,26,47,58,28.1,62.4,true,unclassified,1780307504628
3424,node_01,1780307506,data_collection,cooking_fume,exposure,,false,false,,rule_fallback_v0,2932,4095,2508,3139,26,47,57,28.1,62.4,true,unclassified,1780307505719
3425,node_01,1780307507,data_collection,cooking_fume,exposure,,false,false,,rule_fallback_v0,2938,4095,2513,3139,26,46,57,28.2,62.3,true,unclassified,1780307506691
3426,node_01,1780307508,data_collection,cooking_fume,exposure,,false,false,,rule_fallback_v0,2932,4095,2507,3139,26,46,57,28.2,62.3,true,unclassified,1780307507803
3427,node_01,1780307509,data_collection,cooking_fume,exposure,,false,false,,rule_fallback_v0,2934,4095,2508,3139,26,46,57,28.2,62.3,true,unclassified,1780307508827
3428,node_01,1780307510,data_collection,cooking_fume,exposure,,false,false,,rule_fallback_v0,2933,4095,2507,3139,27,47,58,28.1,62.4,true,unclassified,1780307509852
3429,node_01,1780307511,data_collection,cooking_fume,exposure,,false,false,,rule_fallback_v0,2934,4095,2507,3139,27,47,57,28.1,62.4,true,unclassified,1780307510874
3430,node_01,1780307512,data_collection,cooking_fume,exposure,,false,false,,rule_fallback_v0,2928,4095,2509,3139,26,45,56,28.1,62.4,true,unclassified,1780307511924
3431,node_01,1780307513,data_collection,cooking_fume,exposure,,false,false,,rule_fallback_v0,2931,4095,2511,3139,26,45,56,28.1,62.3,true,unclassified,1780307512969
3432,node_01,1780307514,data_collection,cooking_fume,exposure,,false,false,,rule_fallback_v0,2935,4095,2507,3139,25,45,56,28.1,62.3,true,unclassified,1780307514007
3433,node_01,1780307515,data_collection,cooking_fume,exposure,,false,false,,rule_fallback_v0,2939,4095,2509,3139,25,45,56,28.1,62.3,true,unclassified,1780307515078
3434,node_01,1780307516,data_collection,cooking_fume,exposure,,false,false,,rule_fallback_v0,2930,4095,2509,3139,25,45,55,28.2,62.2,true,unclassified,1780307516117
3435,node_01,1780307517,data_collection,cooking_fume,exposure,,false,false,,rule_fallback_v0,2944,4095,2509,3139,25,44,55,28.2,62.2,true,unclassified,1780307517140
3436,node_01,1780307518,data_collection,cooking_fume,exposure,,false,false,,rule_fallback_v0,2928,4095,2509,3139,25,44,55,28.2,62.2,true,unclassified,1780307518182
3437,node_01,1780307519,data_collection,cooking_fume,exposure,,false,false,,rule_fallback_v0,2934,4095,2509,3139,25,44,54,28.2,61.7,true,unclassified,1780307519274
3438,node_01,1780307520,data_collection,cooking_fume,exposure,,false,false,,rule_fallback_v0,2931,4095,2508,3139,25,43,54,28.2,61.7,true,unclassified,1780307520285
3439,node_01,1780307521,data_collection,cooking_fume,exposure,,false,false,,rule_fallback_v0,2936,4095,2509,3139,26,44,55,28.2,61.7,true,unclassified,1780307521324
3440,node_01,1780307522,data_collection,cooking_fume,exposure,,false,false,,rule_fallback_v0,2935,4095,2510,3139,26,44,55,28.2,61.5,true,unclassified,1780307522364
3441,node_01,1780307524,data_collection,cooking_fume,exposure,,false,false,,rule_fallback_v0,2939,4095,2507,3139,26,43,54,28.2,61.5,true,unclassified,1780307523475
3442,node_01,1780307525,data_collection,cooking_fume,exposure,,false,false,,rule_fallback_v0,2931,4095,2509,3139,26,43,54,28.2,61.5,true,unclassified,1780307524498
3443,node_01,1780307526,data_collection,cooking_fume,exposure,,false,false,,rule_fallback_v0,2937,4095,2510,3139,26,43,54,28.2,61.6,true,unclassified,1780307525519
3444,node_01,1780307527,data_collection,cooking_fume,exposure,,false,false,,rule_fallback_v0,2930,4095,2512,3139,25,43,53,28.2,61.6,true,unclassified,1780307526646
3445,node_01,1780307528,data_collection,cooking_fume,exposure,,false,false,,rule_fallback_v0,2934,4095,2510,3139,24,41,52,28.2,61.6,true,unclassified,1780307527669
3446,node_01,1780307529,data_collection,cooking_fume,exposure,,false,false,,rule_fallback_v0,2929,4095,2510,3139,24,41,52,28.2,61.4,true,unclassified,1780307528631
3447,node_01,1780307530,data_collection,cooking_fume,exposure,,false,false,,rule_fallback_v0,2938,4095,2510,3139,24,41,52,28.2,61.4,true,unclassified,1780307529718
3448,node_01,1780307531,data_collection,cooking_fume,exposure,,false,false,,rule_fallback_v0,2935,4095,2508,3139,24,41,52,28.2,61.4,true,unclassified,1780307530740
3449,node_01,1780307532,data_collection,cooking_fume,exposure,,false,false,,rule_fallback_v0,2936,4095,2511,3139,24,40,52,28.1,61.3,true,unclassified,1780307531776
3450,node_01,1780307533,data_collection,cooking_fume,exposure,,false,false,,rule_fallback_v0,2935,4095,2508,3139,25,41,52,28.1,61.3,true,unclassified,1780307532843
3451,node_01,1780307534,data_collection,cooking_fume,exposure,,false,false,,rule_fallback_v0,2934,4095,2507,3139,24,41,52,28.1,61.3,true,unclassified,1780307533916
3452,node_01,1780307535,data_collection,cooking_fume,exposure,,false,false,,rule_fallback_v0,2927,4095,2510,3139,24,41,52,28.1,61.3,true,unclassified,1780307534939
3453,node_01,1780307536,data_collection,cooking_fume,exposure,,false,false,,rule_fallback_v0,2935,4095,2512,3139,24,41,52,28.1,61.3,true,unclassified,1780307535944
3454,node_01,1780307537,data_collection,cooking_fume,exposure,,false,false,,rule_fallback_v0,2933,4095,2510,3139,24,41,51,28.1,61.3,true,unclassified,1780307537090
3455,node_01,1780307538,data_collection,cooking_fume,exposure,,false,false,,rule_fallback_v0,2936,4095,2510,3139,24,41,51,28.2,61.1,true,unclassified,1780307538045
3456,node_01,1780307539,data_collection,cooking_fume,exposure,,false,false,,rule_fallback_v0,2927,4095,2509,3139,23,40,50,28.2,61.1,true,unclassified,1780307539142
3457,node_01,1780307540,data_collection,cooking_fume,exposure,,false,false,,rule_fallback_v0,2939,4095,2511,3139,23,40,49,28.2,61.1,true,unclassified,1780307540161
3458,node_01,1780307541,data_collection,cooking_fume,exposure,,false,false,,rule_fallback_v0,2938,4095,2507,3139,23,40,49,28.2,61.2,true,unclassified,1780307541193
3459,node_01,1780307542,data_collection,cooking_fume,exposure,,false,false,,rule_fallback_v0,2932,4095,2510,3139,23,40,49,28.2,61.2,true,unclassified,1780307542215
3460,node_01,1780307543,data_collection,cooking_fume,exposure,,false,false,,rule_fallback_v0,2934,4095,2510,3139,23,40,49,28.2,61.2,true,unclassified,1780307543340
3461,node_01,1780307544,data_collection,cooking_fume,exposure,,false,false,,rule_fallback_v0,2938,4095,2509,3139,23,40,49,28.1,61.1,true,unclassified,1780307544365
3462,node_01,1780307545,data_collection,cooking_fume,exposure,,false,false,,rule_fallback_v0,2937,4095,2508,3139,23,40,49,28.1,61.1,true,unclassified,1780307545385
3463,node_01,1780307547,data_collection,cooking_fume,exposure,,false,false,,rule_fallback_v0,2936,4095,2508,3139,23,39,49,28.1,61.1,true,unclassified,1780307546408
3464,node_01,1780307548,data_collection,cooking_fume,exposure,,false,false,,rule_fallback_v0,2930,4095,2511,3139,23,39,49,28.1,61.2,true,unclassified,1780307547437
3465,node_01,1780307549,data_collection,cooking_fume,exposure,,false,false,,rule_fallback_v0,2936,4095,2509,3139,24,40,50,28.1,61.2,true,unclassified,1780307548559
3466,node_01,1780307550,data_collection,cooking_fume,exposure,,false,false,,rule_fallback_v0,2932,4095,2509,3139,24,40,50,28.1,61.2,true,unclassified,1780307549582
3467,node_01,1780307551,data_collection,cooking_fume,exposure,,false,false,,rule_fallback_v0,2936,4095,2511,3139,24,40,50,28.1,61.2,true,unclassified,1780307550572
3468,node_01,1780307552,data_collection,cooking_fume,exposure,,false,false,,rule_fallback_v0,2932,4095,2510,3139,24,40,50,28.1,61.2,true,unclassified,1780307551635
3469,node_01,1780307553,data_collection,cooking_fume,exposure,,false,false,,rule_fallback_v0,2940,4095,2508,3139,23,40,50,28.1,61.2,true,unclassified,1780307552756
3470,node_01,1780307554,data_collection,cooking_fume,exposure,,false,false,,rule_fallback_v0,2929,4095,2510,3139,22,39,49,28.2,61.5,true,unclassified,1780307553788
3471,node_01,1780307555,data_collection,cooking_fume,exposure,,false,false,,rule_fallback_v0,2937,4095,2509,3139,22,39,49,28.2,61.5,true,unclassified,1780307554809
3472,node_01,1780307556,data_collection,cooking_fume,exposure,,false,false,,rule_fallback_v0,2932,4095,2510,3139,22,39,49,28.2,61.5,true,unclassified,1780307555828
3473,node_01,1780307557,data_collection,cooking_fume,exposure,,false,false,,rule_fallback_v0,2933,4095,2508,3139,22,39,49,28.2,61.2,true,unclassified,1780307556848
3474,node_01,1780307558,data_collection,cooking_fume,exposure,,false,false,,rule_fallback_v0,2933,4095,2508,3139,22,39,49,28.2,61.2,true,unclassified,1780307557978
3475,node_01,1780307559,data_collection,cooking_fume,exposure,,false,false,,rule_fallback_v0,2943,4095,2509,3139,22,39,49,28.2,61.2,true,unclassified,1780307558929
3476,node_01,1780307560,data_collection,cooking_fume,exposure,,false,false,,rule_fallback_v0,2930,4095,2509,3139,22,39,49,28.2,61,true,unclassified,1780307560032
3477,node_01,1780307561,data_collection,cooking_fume,exposure,,false,false,,rule_fallback_v0,2934,4095,2509,3139,22,39,49,28.2,61,true,unclassified,1780307561020
3478,node_01,1780307562,data_collection,cooking_fume,exposure,,false,false,,rule_fallback_v0,2932,4095,2509,3139,22,39,49,28.2,61,true,unclassified,1780307562063
3479,node_01,1780307563,data_collection,cooking_fume,exposure,,false,false,,rule_fallback_v0,2936,4095,2509,3139,22,39,49,28.2,61.1,true,unclassified,1780307563108
3480,node_01,1780307564,data_collection,cooking_fume,exposure,,false,false,,rule_fallback_v0,2932,4095,2510,3139,22,39,49,28.2,61.1,true,unclassified,1780307564224
3481,node_01,1780307565,data_collection,cooking_fume,exposure,,false,false,,rule_fallback_v0,2938,4095,2507,3139,22,39,49,28.2,61.1,true,unclassified,1780307565250
3482,node_01,1780307566,data_collection,cooking_fume,exposure,,false,false,,rule_fallback_v0,2929,4095,2509,3139,23,40,50,28.2,60.9,true,unclassified,1780307566274
3483,node_01,1780307567,data_collection,cooking_fume,exposure,,false,false,,rule_fallback_v0,2935,4095,2508,3139,23,40,50,28.2,60.9,true,unclassified,1780307567297
3484,node_01,1780307568,data_collection,cooking_fume,exposure,,false,false,,rule_fallback_v0,2932,4095,2509,3139,23,40,49,28.2,60.9,true,unclassified,1780307568423
3485,node_01,1780307569,data_collection,cooking_fume,exposure,,false,false,,rule_fallback_v0,2933,4095,2509,3139,23,40,49,28.2,61,true,unclassified,1780307569453
3486,node_01,1780307571,data_collection,cooking_fume,exposure,,false,false,,rule_fallback_v0,2930,4095,2510,3139,23,40,49,28.2,61,true,unclassified,1780307570476
3487,node_01,1780307572,data_collection,cooking_fume,exposure,,false,false,,rule_fallback_v0,2936,4095,2509,3139,23,40,49,28.2,61,true,unclassified,1780307571497
3488,node_01,1780307573,data_collection,cooking_fume,exposure,,false,false,,rule_fallback_v0,2936,4095,2508,3139,23,40,49,28.2,60.9,true,unclassified,1780307572621
3489,node_01,1780307574,data_collection,cooking_fume,exposure,,false,false,,rule_fallback_v0,2937,4095,2507,3139,23,40,49,28.2,60.9,true,unclassified,1780307573647
3490,node_01,1780307575,data_collection,cooking_fume,exposure,,false,false,,rule_fallback_v0,2928,4095,2511,3139,23,40,49,28.2,60.9,true,unclassified,1780307574670
3491,node_01,1780307576,data_collection,cooking_fume,exposure,,false,false,,rule_fallback_v0,2935,4095,2509,3139,23,40,49,28.1,60.9,true,unclassified,1780307575694
3492,node_01,1780307577,data_collection,cooking_fume,exposure,,false,false,,rule_fallback_v0,2930,4095,2510,3139,23,40,49,28.1,60.9,true,unclassified,1780307576719
3493,node_01,1780307578,data_collection,cooking_fume,exposure,,false,false,,rule_fallback_v0,2937,4095,2508,3139,23,40,49,28.1,60.9,true,unclassified,1780307577850
3494,node_01,1780307579,data_collection,cooking_fume,exposure,,false,false,,rule_fallback_v0,2932,4095,2508,3139,24,40,49,28.2,60.9,true,unclassified,1780307578874
3495,node_01,1780307580,data_collection,cooking_fume,exposure,,false,false,,rule_fallback_v0,2931,4095,2509,3139,23,40,49,28.2,60.9,true,unclassified,1780307579892
3496,node_01,1780307581,data_collection,cooking_fume,exposure,,false,false,,rule_fallback_v0,2929,4095,2507,3139,22,39,48,28.2,60.9,true,unclassified,1780307580874
3497,node_01,1780307582,data_collection,cooking_fume,exposure,,false,false,,rule_fallback_v0,2936,4095,2509,3139,22,39,48,28.1,61,true,unclassified,1780307581945
3498,node_01,1780307583,data_collection,cooking_fume,exposure,,false,false,,rule_fallback_v0,2933,4095,2509,3139,22,39,48,28.1,61,true,unclassified,1780307583067
3499,node_01,1780307584,data_collection,cooking_fume,exposure,,false,false,,rule_fallback_v0,2935,4095,2510,3139,22,39,48,28.1,61,true,unclassified,1780307584090
3500,node_01,1780307585,data_collection,cooking_fume,exposure,,false,false,,rule_fallback_v0,2933,4095,2509,3139,22,39,48,28.1,61.1,true,unclassified,1780307585048
3501,node_01,1780307586,data_collection,cooking_fume,exposure,,false,false,,rule_fallback_v0,2933,4095,2509,3139,22,39,48,28.1,61.1,true,unclassified,1780307586094
3502,node_01,1780307587,data_collection,cooking_fume,exposure,,false,false,,rule_fallback_v0,2933,4095,2508,3139,23,40,49,28.1,61.1,true,unclassified,1780307587141
3503,node_01,1780307588,data_collection,cooking_fume,exposure,,false,false,,rule_fallback_v0,2939,4095,2510,3139,23,40,49,28.1,61.1,true,unclassified,1780307588183
3504,node_01,1780307589,data_collection,cooking_fume,exposure,,false,false,,rule_fallback_v0,2933,4095,2508,3139,23,40,48,28.1,61.1,true,unclassified,1780307589313
3505,node_01,1780307590,data_collection,cooking_fume,exposure,,false,false,,rule_fallback_v0,2938,4095,2509,3139,22,38,47,28.1,61.1,true,unclassified,1780307590273
3506,node_01,1780307591,data_collection,cooking_fume,exposure,,false,false,,rule_fallback_v0,2935,4095,2511,3139,22,38,46,28.2,61.3,true,unclassified,1780307591361
3507,node_01,1780307592,data_collection,cooking_fume,exposure,,false,false,,rule_fallback_v0,2931,4095,2508,3139,22,38,46,28.2,61.3,true,unclassified,1780307592360
3508,node_01,1780307594,data_collection,cooking_fume,exposure,,false,false,,rule_fallback_v0,2934,4095,2510,3139,22,38,46,28.2,61.3,true,unclassified,1780307593512
3509,node_01,1780307595,data_collection,cooking_fume,exposure,,false,false,,rule_fallback_v0,2935,4095,2510,3139,22,38,46,28.1,61.1,true,unclassified,1780307594535
3510,node_01,1780307596,data_collection,cooking_fume,exposure,,false,false,,rule_fallback_v0,2932,4095,2509,3139,23,39,47,28.1,61.1,true,unclassified,1780307595560
3511,node_01,1780307597,data_collection,cooking_fume,exposure,,false,false,,rule_fallback_v0,2935,4095,2508,3139,23,39,47,28.1,61.1,true,unclassified,1780307596582
3512,node_01,1780307598,data_collection,cooking_fume,exposure,,false,false,,rule_fallback_v0,2932,4095,2510,3139,23,39,47,28.1,61.2,true,unclassified,1780307597608
3513,node_01,1780307599,data_collection,cooking_fume,exposure,,false,false,,rule_fallback_v0,2938,4095,2510,3139,23,39,47,28.1,61.2,true,unclassified,1780307598734
3514,node_01,1780307600,data_collection,cooking_fume,exposure,,false,false,,rule_fallback_v0,2932,4095,2509,3139,23,39,47,28.1,61.2,true,unclassified,1780307599762
3515,node_01,1780307601,data_collection,cooking_fume,exposure,,false,false,,rule_fallback_v0,2935,4095,2510,3139,23,39,47,28.1,61.1,true,unclassified,1780307600787
3516,node_01,1780307602,data_collection,cooking_fume,exposure,,false,false,,rule_fallback_v0,2930,4095,2508,3139,23,39,47,28.1,61.1,true,unclassified,1780307601805
3517,node_01,1780307603,data_collection,cooking_fume,exposure,,false,false,,rule_fallback_v0,2934,4095,2510,3139,23,39,47,28.1,61.1,true,unclassified,1780307602829
3518,node_01,1780307604,data_collection,cooking_fume,exposure,,false,false,,rule_fallback_v0,2931,4095,2509,3139,23,39,47,28.1,60.9,true,unclassified,1780307603956
3519,node_01,1780307605,data_collection,cooking_fume,exposure,,false,false,,rule_fallback_v0,2936,4095,2508,3139,23,39,47,28.1,60.9,true,unclassified,1780307604900
3520,node_01,1780307606,data_collection,cooking_fume,exposure,,false,false,,rule_fallback_v0,2929,4095,2509,3139,23,39,47,28.1,60.9,true,unclassified,1780307606005
3521,node_01,1780307607,data_collection,cooking_fume,exposure,,false,false,,rule_fallback_v0,2940,4095,2510,3139,23,39,47,28.1,61,true,unclassified,1780307607028
3522,node_01,1780307608,data_collection,cooking_fume,exposure,,false,false,,rule_fallback_v0,2930,4095,2511,3139,22,38,46,28.1,61,true,unclassified,1780307608053
3523,node_01,1780307609,data_collection,cooking_fume,exposure,,false,false,,rule_fallback_v0,2938,4095,2509,3139,22,38,45,28.1,61,true,unclassified,1780307609179
3524,node_01,1780307610,data_collection,cooking_fume,exposure,,false,false,,rule_fallback_v0,2931,4095,2509,3139,22,38,45,28.1,61.1,true,unclassified,1780307610202
3525,node_01,1780307611,data_collection,cooking_fume,exposure,,false,false,,rule_fallback_v0,2936,4095,2508,3139,22,38,45,28.1,61.1,true,unclassified,1780307611171
3526,node_01,1780307612,data_collection,cooking_fume,exposure,,false,false,,rule_fallback_v0,2931,4095,2508,3139,22,38,45,28.1,61.1,true,unclassified,1780307612214
3527,node_01,1780307613,data_collection,cooking_fume,exposure,,false,false,,rule_fallback_v0,2934,4095,2511,3139,22,38,45,28.1,61.1,true,unclassified,1780307613259
3528,node_01,1780307614,data_collection,cooking_fume,exposure,,false,false,,rule_fallback_v0,2936,4095,2509,3139,23,39,46,28.1,61.1,true,unclassified,1780307614305
3529,node_01,1780307615,data_collection,cooking_fume,exposure,,false,false,,rule_fallback_v0,2938,4095,2509,3139,23,39,45,28.1,61.1,true,unclassified,1780307615424
3530,node_01,1780307617,data_collection,cooking_fume,exposure,,false,false,,rule_fallback_v0,2931,4095,2511,3139,22,38,44,28.1,61,true,unclassified,1780307616395
3531,node_01,1780307618,data_collection,cooking_fume,exposure,,false,false,,rule_fallback_v0,2939,4095,2509,3139,21,37,44,28.1,61,true,unclassified,1780307617473
3532,node_01,1780307619,data_collection,cooking_fume,exposure,,false,false,,rule_fallback_v0,2933,4095,2509,3139,21,37,44,28.1,61,true,unclassified,1780307618496
3533,node_01,1780307620,data_collection,cooking_fume,exposure,,false,false,,rule_fallback_v0,2941,4095,2508,3139,22,38,45,28.1,61,true,unclassified,1780307619623
3534,node_01,1780307621,data_collection,cooking_fume,exposure,,false,false,,rule_fallback_v0,2934,4095,2510,3139,22,38,45,28.1,61,true,unclassified,1780307620648
3535,node_01,1780307622,data_collection,cooking_fume,exposure,,false,false,,rule_fallback_v0,2942,4095,2508,3139,22,38,45,28.1,61,true,unclassified,1780307621671
3536,node_01,1780307623,data_collection,cooking_fume,exposure,,false,false,,rule_fallback_v0,2933,4095,2509,3139,21,37,44,28.1,60.9,true,unclassified,1780307622697
3537,node_01,1780307624,data_collection,cooking_fume,exposure,,false,false,,rule_fallback_v0,2940,4095,2507,3139,21,37,44,28.1,60.9,true,unclassified,1780307623725
3538,node_01,1780307625,data_collection,cooking_fume,exposure,,false,false,,rule_fallback_v0,2934,4095,2510,3139,21,37,44,28.1,60.9,true,unclassified,1780307624851
3539,node_01,1780307626,data_collection,cooking_fume,exposure,,false,false,,rule_fallback_v0,2938,4095,2512,3139,22,38,45,28.1,61,true,unclassified,1780307625838
3540,node_01,1780307627,data_collection,cooking_fume,exposure,,false,false,,rule_fallback_v0,2927,4095,2509,3139,22,38,45,28.1,61,true,unclassified,1780307626894
3541,node_01,1780307628,data_collection,cooking_fume,exposure,,false,false,,rule_fallback_v0,2935,4095,2509,3139,22,38,45,28.1,61,true,unclassified,1780307627918
3542,node_01,1780307629,data_collection,cooking_fume,exposure,,false,false,,rule_fallback_v0,2933,4095,2509,3139,22,39,45,28.1,61.1,true,unclassified,1780307628930
3543,node_01,1780307630,data_collection,cooking_fume,exposure,,false,false,,rule_fallback_v0,2939,4095,2510,3139,22,39,45,28.1,61.1,true,unclassified,1780307630069
3544,node_01,1780307631,data_collection,cooking_fume,exposure,,false,false,,rule_fallback_v0,2934,4095,2507,3139,22,39,45,28.1,61.1,true,unclassified,1780307631092
3545,node_01,1780307632,data_collection,cooking_fume,exposure,,false,false,,rule_fallback_v0,2937,4095,2509,3139,21,37,44,28.1,60.9,true,unclassified,1780307632117
3546,node_01,1780307633,data_collection,cooking_fume,exposure,,false,false,,rule_fallback_v0,2934,4095,2507,3139,21,37,44,28.1,60.9,true,unclassified,1780307633139
3547,node_01,1780307634,data_collection,cooking_fume,exposure,,false,false,,rule_fallback_v0,2935,4095,2510,3139,21,37,44,28.1,60.9,true,unclassified,1780307634163
3548,node_01,1780307635,data_collection,cooking_fume,exposure,,false,false,,rule_fallback_v0,2929,4095,2510,3139,21,37,42,28.1,60.9,true,unclassified,1780307635343
3549,node_01,1780307636,data_collection,cooking_fume,exposure,,false,false,,rule_fallback_v0,2937,4095,2509,3139,21,36,42,28.1,60.9,true,unclassified,1780307636245
3550,node_01,1780307637,data_collection,cooking_fume,exposure,,false,false,,rule_fallback_v0,2931,4095,2511,3139,22,37,43,28.1,60.9,true,unclassified,1780307637293
3551,node_01,1780307638,data_collection,cooking_fume,exposure,,false,false,,rule_fallback_v0,2934,4095,2510,3139,22,37,43,28.1,60.8,true,unclassified,1780307638362
3552,node_01,1780307639,data_collection,cooking_fume,exposure,,false,false,,rule_fallback_v0,2930,4095,2510,3139,22,36,42,28.1,60.8,true,unclassified,1780307639392
3553,node_01,1780307641,data_collection,cooking_fume,exposure,,false,false,,rule_fallback_v0,2938,4095,2508,3139,22,36,42,28.1,60.8,true,unclassified,1780307640478
3554,node_01,1780307642,data_collection,cooking_fume,exposure,,false,false,,rule_fallback_v0,2931,4095,2511,3139,22,36,42,28.1,60.9,true,unclassified,1780307641537
3555,node_01,1780307643,data_collection,cooking_fume,exposure,,false,false,,rule_fallback_v0,2934,4095,2508,3139,22,36,42,28.1,60.9,true,unclassified,1780307642560
3556,node_01,1780307644,data_collection,cooking_fume,exposure,,false,false,,rule_fallback_v0,2928,4095,2510,3139,22,36,42,28.1,60.9,true,unclassified,1780307643584
3557,node_01,1780307645,data_collection,cooking_fume,exposure,,false,false,,rule_fallback_v0,2936,4095,2509,3139,22,36,42,28.1,60.8,true,unclassified,1780307644601
3558,node_01,1780307646,data_collection,cooking_fume,exposure,,false,false,,rule_fallback_v0,2932,4095,2511,3139,22,36,42,28.1,60.8,true,unclassified,1780307645735
3559,node_01,1780307647,data_collection,cooking_fume,exposure,,false,false,,rule_fallback_v0,2934,4095,2508,3139,22,36,42,28.1,60.8,true,unclassified,1780307646862
3560,node_01,1780307648,data_collection,cooking_fume,exposure,,false,false,,rule_fallback_v0,2930,4095,2506,3139,22,36,42,28.1,60.8,true,unclassified,1780307647785
3561,node_01,1780307649,data_collection,cooking_fume,exposure,,false,false,,rule_fallback_v0,2939,4095,2507,3139,22,36,42,28.1,60.8,true,unclassified,1780307648807
3562,node_01,1780307650,data_collection,cooking_fume,exposure,,false,false,,rule_fallback_v0,2937,4095,2510,3139,21,35,41,28.1,60.8,true,unclassified,1780307649867
3563,node_01,1780307651,data_collection,cooking_fume,exposure,,false,false,,rule_fallback_v0,2939,4095,2512,3139,20,35,40,28.1,60.9,true,unclassified,1780307651059
3564,node_01,1780307652,data_collection,cooking_fume,exposure,,false,false,,rule_fallback_v0,2935,4095,2509,3139,20,35,40,28.1,60.9,true,unclassified,1780307651981
3565,node_01,1780307653,data_collection,cooking_fume,exposure,,false,false,,rule_fallback_v0,2932,4095,2509,3139,20,35,41,28.1,60.9,true,unclassified,1780307652960
3566,node_01,1780307654,data_collection,cooking_fume,exposure,,false,false,,rule_fallback_v0,2929,4095,2509,3139,20,35,41,28.1,60.6,true,unclassified,1780307654029
3567,node_01,1780307655,data_collection,cooking_fume,exposure,,false,false,,rule_fallback_v0,2934,4095,2509,3139,20,35,41,28.1,60.6,true,unclassified,1780307655105
3568,node_01,1780307656,data_collection,cooking_fume,exposure,,false,false,,rule_fallback_v0,2934,4095,2509,3139,21,36,42,28.1,60.6,true,unclassified,1780307656185
3569,node_01,1780307657,data_collection,cooking_fume,exposure,,false,false,,rule_fallback_v0,2934,4095,2508,3139,21,36,42,28.1,60.7,true,unclassified,1780307657143
3570,node_01,1780307658,data_collection,cooking_fume,exposure,,false,false,,rule_fallback_v0,2931,4095,2509,3139,20,34,41,28.1,60.7,true,unclassified,1780307658233
3571,node_01,1780307659,data_collection,cooking_fume,exposure,,false,false,,rule_fallback_v0,2935,4095,2509,3139,20,34,41,28.1,60.7,true,unclassified,1780307659250
3572,node_01,1780307660,data_collection,cooking_fume,exposure,,false,false,,rule_fallback_v0,2934,4095,2510,3139,20,34,41,28.1,60.8,true,unclassified,1780307660378
3573,node_01,1780307661,data_collection,cooking_fume,exposure,,false,false,,rule_fallback_v0,2940,4095,2510,3139,21,35,42,28.1,60.8,true,unclassified,1780307661326
3574,node_01,1780307662,data_collection,cooking_fume,exposure,,false,false,,rule_fallback_v0,2930,4095,2508,3139,21,35,42,28.1,60.8,true,unclassified,1780307662365
3575,node_01,1780307664,data_collection,cooking_fume,exposure,,false,false,,rule_fallback_v0,2934,4095,2512,3139,21,35,42,28.1,60.9,true,unclassified,1780307663450
3576,node_01,1780307665,data_collection,cooking_fume,exposure,,false,false,,rule_fallback_v0,2930,4095,2509,3139,21,35,42,28.1,60.9,true,unclassified,1780307664479
3577,node_01,1780307666,data_collection,cooking_fume,exposure,,false,false,,rule_fallback_v0,2935,4095,2508,3139,21,35,42,28.1,60.9,true,unclassified,1780307665599
3578,node_01,1780307667,data_collection,cooking_fume,exposure,,false,false,,rule_fallback_v0,2928,4095,2510,3139,21,35,42,28.1,60.7,true,unclassified,1780307666625
3579,node_01,1780307668,data_collection,cooking_fume,exposure,,false,false,,rule_fallback_v0,2934,4095,2507,3139,21,36,43,28.1,60.7,true,unclassified,1780307667648
3580,node_01,1780307669,data_collection,cooking_fume,exposure,,false,false,,rule_fallback_v0,2932,4095,2512,3139,21,36,43,28.1,60.7,true,unclassified,1780307668634
3581,node_01,1780307670,data_collection,cooking_fume,exposure,,false,false,,rule_fallback_v0,2934,4095,2509,3139,21,36,43,28.1,60.7,true,unclassified,1780307669704
3582,node_01,1780307671,data_collection,cooking_fume,exposure,,false,false,,rule_fallback_v0,2932,4095,2507,3139,21,36,43,28.1,60.7,true,unclassified,1780307670815
3583,node_01,1780307672,data_collection,cooking_fume,exposure,,false,false,,rule_fallback_v0,2937,4095,2508,3139,21,36,43,28.1,60.7,true,unclassified,1780307671848
3584,node_01,1780307673,data_collection,cooking_fume,exposure,,false,false,,rule_fallback_v0,2932,4095,2509,3139,21,36,43,28.1,60.8,true,unclassified,1780307672871
3585,node_01,1780307674,data_collection,cooking_fume,exposure,,false,false,,rule_fallback_v0,2935,4095,2510,3139,20,35,42,28.1,60.8,true,unclassified,1780307673872
3586,node_01,1780307675,data_collection,cooking_fume,exposure,,false,false,,rule_fallback_v0,2931,4095,2512,3139,20,35,42,28.1,60.8,true,unclassified,1780307674924
3587,node_01,1780307676,data_collection,cooking_fume,exposure,,false,false,,rule_fallback_v0,2938,4095,2508,3139,21,36,42,28.1,60.8,true,unclassified,1780307676055
3588,node_01,1780307677,data_collection,cooking_fume,exposure,,false,false,,rule_fallback_v0,2933,4095,2511,3139,21,36,42,28.1,60.8,true,unclassified,1780307676994
3589,node_01,1780307678,data_collection,cooking_fume,exposure,,false,false,,rule_fallback_v0,2938,4095,2509,3139,21,36,42,28.1,60.8,true,unclassified,1780307678200
3590,node_01,1780307679,data_collection,cooking_fume,exposure,,false,false,,rule_fallback_v0,2931,4095,2509,3139,22,37,43,28.1,60.8,true,unclassified,1780307679230
3591,node_01,1780307680,data_collection,cooking_fume,exposure,,false,false,,rule_fallback_v0,2938,4095,2511,3139,21,37,43,28.1,60.8,true,unclassified,1780307680249
3592,node_01,1780307681,data_collection,cooking_fume,exposure,,false,false,,rule_fallback_v0,2932,4095,2509,3139,21,37,43,28.1,60.8,true,unclassified,1780307681273
3593,node_01,1780307682,data_collection,cooking_fume,exposure,,false,false,,rule_fallback_v0,2938,4095,2509,3139,20,36,42,28.1,60.7,true,unclassified,1780307682292
3594,node_01,1780307683,data_collection,cooking_fume,exposure,,false,false,,rule_fallback_v0,2932,4095,2511,3139,20,36,42,28.1,60.7,true,unclassified,1780307683262
3595,node_01,1780307684,data_collection,cooking_fume,exposure,,false,false,,rule_fallback_v0,2937,4095,2509,3139,20,36,41,28.1,60.7,true,unclassified,1780307684338
3596,node_01,1780307685,data_collection,cooking_fume,exposure,,false,false,,rule_fallback_v0,2934,4095,2508,3139,21,37,42,28.1,60.6,true,unclassified,1780307685349
3597,node_01,1780307687,data_collection,cooking_fume,exposure,,false,false,,rule_fallback_v0,2935,4095,2509,3139,21,36,42,28.1,60.6,true,unclassified,1780307686397
3598,node_01,1780307688,data_collection,cooking_fume,exposure,,false,false,,rule_fallback_v0,2929,4095,2510,3139,20,36,42,28.1,60.6,true,unclassified,1780307687516
3599,node_01,1780307689,data_collection,cooking_fume,exposure,,false,false,,rule_fallback_v0,2939,4095,2509,3139,19,35,40,28.1,60.7,true,unclassified,1780307688537
3600,node_01,1780307690,data_collection,cooking_fume,exposure,,false,false,,rule_fallback_v0,2935,4095,2508,3139,19,35,40,28.1,60.7,true,unclassified,1780307689540
3601,node_01,1780307691,data_collection,cooking_fume,exposure,,false,false,,rule_fallback_v0,2934,4095,2508,3139,19,35,40,28.1,60.7,true,unclassified,1780307690586
3602,node_01,1780307692,data_collection,cooking_fume,exposure,,false,false,,rule_fallback_v0,2929,4095,2508,3139,19,35,40,28.1,60.8,true,unclassified,1780307691877
3603,node_01,1780307693,data_collection,cooking_fume,exposure,,false,false,,rule_fallback_v0,2936,4095,2509,3139,19,35,40,28.1,60.8,true,unclassified,1780307692742
3604,node_01,1780307694,data_collection,cooking_fume,exposure,,false,false,,rule_fallback_v0,2930,4095,2509,3139,19,34,39,28.1,60.8,true,unclassified,1780307693762
3605,node_01,1780307695,data_collection,cooking_fume,exposure,,false,false,,rule_fallback_v0,2935,4095,2510,3139,20,35,40,28.1,60.7,true,unclassified,1780307694754
3606,node_01,1780307696,data_collection,cooking_fume,exposure,,false,false,,rule_fallback_v0,2932,4095,2511,3139,20,35,40,28.1,60.7,true,unclassified,1780307695798
3607,node_01,1780307697,data_collection,cooking_fume,exposure,,false,false,,rule_fallback_v0,2934,4095,2509,3139,20,35,40,28.1,60.7,true,unclassified,1780307696936
3608,node_01,1780307698,data_collection,cooking_fume,recovery,,false,false,,rule_fallback_v0,2934,4095,2507,3139,20,35,40,28.1,60.8,true,unclassified,1780307697889
3609,node_01,1780307699,data_collection,cooking_fume,recovery,,false,false,,rule_fallback_v0,2933,4095,2509,3139,20,35,40,28.1,60.8,true,unclassified,1780307698940
3610,node_01,1780307700,data_collection,cooking_fume,recovery,,false,false,,rule_fallback_v0,2937,4095,2508,3139,19,34,38,28.1,60.8,true,unclassified,1780307700007
3611,node_01,1780307701,data_collection,cooking_fume,recovery,,false,false,,rule_fallback_v0,2933,4095,2509,3139,19,34,38,28.1,60.8,true,unclassified,1780307701024
3612,node_01,1780307702,data_collection,cooking_fume,recovery,,false,false,,rule_fallback_v0,2932,4095,2510,3139,19,34,38,28.1,60.8,true,unclassified,1780307702069
3613,node_01,1780307703,data_collection,cooking_fume,recovery,,false,false,,rule_fallback_v0,2938,4095,2508,3139,20,34,39,28.1,60.8,true,unclassified,1780307703181
3614,node_01,1780307704,data_collection,cooking_fume,recovery,,false,false,,rule_fallback_v0,2927,4095,2508,3139,20,34,39,28.1,61,true,unclassified,1780307704164
3615,node_01,1780307705,data_collection,cooking_fume,recovery,,false,false,,rule_fallback_v0,2931,4095,2509,3139,20,34,38,28.1,61,true,unclassified,1780307705230
3616,node_01,1780307706,data_collection,cooking_fume,recovery,,false,false,,rule_fallback_v0,2932,4095,2509,3139,19,33,37,28.1,61,true,unclassified,1780307706355
3617,node_01,1780307707,data_collection,cooking_fume,recovery,,false,false,,rule_fallback_v0,2931,4095,2508,3139,19,33,37,28.1,60.9,true,unclassified,1780307707386
3618,node_01,1780307708,data_collection,cooking_fume,recovery,,false,false,,rule_fallback_v0,2934,4095,2507,3139,19,33,37,28.1,60.9,true,unclassified,1780307708403
3619,node_01,1780307709,data_collection,cooking_fume,recovery,,false,false,,rule_fallback_v0,2939,4095,2508,3139,19,33,38,28.1,60.9,true,unclassified,1780307709430
3620,node_01,1780307711,data_collection,cooking_fume,recovery,,false,false,,rule_fallback_v0,2932,4095,2511,3139,19,33,38,28.1,60.9,true,unclassified,1780307710451
3621,node_01,1780307712,data_collection,cooking_fume,recovery,,false,false,,rule_fallback_v0,2937,4095,2507,3139,19,33,38,28.1,60.9,true,unclassified,1780307711579
3622,node_01,1780307713,data_collection,cooking_fume,recovery,,false,false,,rule_fallback_v0,2931,4095,2508,3139,19,33,38,28.1,60.9,true,unclassified,1780307712601
3623,node_01,1780307714,data_collection,cooking_fume,recovery,,false,false,,rule_fallback_v0,2937,4095,2509,3139,19,33,39,28.1,60.8,true,unclassified,1780307713627
3624,node_01,1780307715,data_collection,cooking_fume,recovery,,false,false,,rule_fallback_v0,2931,4095,2510,3139,19,34,39,28.1,60.8,true,unclassified,1780307714649
3625,node_01,1780307716,data_collection,cooking_fume,recovery,,false,false,,rule_fallback_v0,2938,4095,2509,3139,20,35,41,28.1,60.8,true,unclassified,1780307715677
3626,node_01,1780307717,data_collection,cooking_fume,recovery,,false,false,,rule_fallback_v0,2935,4095,2510,3139,20,35,41,28.1,60.9,true,unclassified,1780307716801
3627,node_01,1780307718,data_collection,cooking_fume,recovery,,false,false,,rule_fallback_v0,2936,4095,2510,3139,20,35,41,28.1,60.9,true,unclassified,1780307717824
3628,node_01,1780307719,data_collection,cooking_fume,recovery,,false,false,,rule_fallback_v0,2934,4095,2509,3139,19,34,39,28.1,60.9,true,unclassified,1780307718786
3629,node_01,1780307720,data_collection,cooking_fume,recovery,,false,false,,rule_fallback_v0,2936,4095,2509,3139,19,34,40,28.1,60.8,true,unclassified,1780307719878
3630,node_01,1780307721,data_collection,cooking_fume,recovery,,false,false,,rule_fallback_v0,2935,4095,2510,3139,19,34,40,28.1,60.8,true,unclassified,1780307720874
3631,node_01,1780307722,data_collection,cooking_fume,recovery,,false,false,,rule_fallback_v0,2934,4095,2510,3139,19,34,40,28.1,60.8,true,unclassified,1780307721920
3632,node_01,1780307723,data_collection,cooking_fume,recovery,,false,false,,rule_fallback_v0,2932,4095,2512,3139,19,34,40,28.1,60.9,true,unclassified,1780307722969
3633,node_01,1780307724,data_collection,cooking_fume,recovery,,false,false,,rule_fallback_v0,2932,4095,2508,3139,19,34,40,28.1,60.9,true,unclassified,1780307724074
3634,node_01,1780307725,data_collection,cooking_fume,recovery,,false,false,,rule_fallback_v0,2931,4095,2509,3139,19,34,40,28.1,60.9,true,unclassified,1780307725096
3635,node_01,1780307726,data_collection,cooking_fume,recovery,,false,false,,rule_fallback_v0,2936,4095,2510,3139,19,34,40,28.1,60.8,true,unclassified,1780307726118
3636,node_01,1780307727,data_collection,cooking_fume,recovery,,false,false,,rule_fallback_v0,2930,4095,2513,3139,20,35,41,28.1,60.8,true,unclassified,1780307727245
3637,node_01,1780307728,data_collection,cooking_fume,recovery,,false,false,,rule_fallback_v0,2937,4095,2511,3139,20,35,41,28.1,60.8,true,unclassified,1780307728190
3638,node_01,1780307729,data_collection,cooking_fume,recovery,,false,false,,rule_fallback_v0,2934,4095,2511,3139,20,35,42,28.1,61,true,unclassified,1780307729293
3639,node_01,1780307730,data_collection,cooking_fume,recovery,,false,false,,rule_fallback_v0,2938,4095,2508,3139,20,35,41,28.1,61,true,unclassified,1780307730280
3640,node_01,1780307731,data_collection,cooking_fume,recovery,,false,false,,rule_fallback_v0,2929,4095,2510,3139,20,34,41,28.1,61,true,unclassified,1780307731326
3641,node_01,1780307732,data_collection,cooking_fume,recovery,,false,false,,rule_fallback_v0,2937,4095,2510,3139,20,34,41,28.1,61.1,true,unclassified,1780307732467
3642,node_01,1780307734,data_collection,cooking_fume,recovery,,false,false,,rule_fallback_v0,2929,4095,2508,3139,19,33,40,28.1,61.1,true,unclassified,1780307733413
3643,node_01,1780307735,data_collection,cooking_fume,recovery,,false,false,,rule_fallback_v0,2934,4095,2508,3139,19,33,40,28.1,61.1,true,unclassified,1780307734515
3644,node_01,1780307736,data_collection,cooking_fume,recovery,,false,false,,rule_fallback_v0,2932,4095,2511,3139,19,33,40,28.1,61.2,true,unclassified,1780307735504
3645,node_01,1780307737,data_collection,cooking_fume,recovery,,false,false,,rule_fallback_v0,2939,4095,2508,3139,19,32,40,28.1,61.2,true,unclassified,1780307736562
3646,node_01,1780307738,data_collection,cooking_fume,recovery,,false,false,,rule_fallback_v0,2933,4095,2509,3139,19,32,39,28.1,61.2,true,unclassified,1780307737689
3647,node_01,1780307739,data_collection,cooking_fume,recovery,,false,false,,rule_fallback_v0,2936,4095,2508,3139,19,32,39,28.1,61.3,true,unclassified,1780307738730
3648,node_01,1780307740,data_collection,cooking_fume,recovery,,false,false,,rule_fallback_v0,2929,4095,2507,3139,19,32,39,28.1,61.3,true,unclassified,1780307739685
3649,node_01,1780307741,data_collection,cooking_fume,recovery,,false,false,,rule_fallback_v0,2939,4095,2509,3139,19,32,39,28.1,61.3,true,unclassified,1780307740761
3650,node_01,1780307742,data_collection,cooking_fume,recovery,,false,false,,rule_fallback_v0,2926,4095,2510,3139,20,33,39,28.1,61.3,true,unclassified,1780307741784
3651,node_01,1780307743,data_collection,cooking_fume,recovery,,false,false,,rule_fallback_v0,2939,4095,2508,3139,20,33,39,28.1,61.3,true,unclassified,1780307742902
3652,node_01,1780307744,data_collection,cooking_fume,recovery,,false,false,,rule_fallback_v0,2935,4095,2507,3139,20,33,39,28.1,61.3,true,unclassified,1780307743936
3653,node_01,1780307745,data_collection,cooking_fume,recovery,,false,false,,rule_fallback_v0,2936,4095,2513,3139,20,33,39,28.1,61.3,true,unclassified,1780307744961
3654,node_01,1780307746,data_collection,cooking_fume,recovery,,false,false,,rule_fallback_v0,2929,4095,2509,3139,20,33,39,28.1,61.3,true,unclassified,1780307745952
3655,node_01,1780307747,data_collection,cooking_fume,recovery,,false,false,,rule_fallback_v0,2931,4095,2510,3139,20,33,39,28.1,61.3,true,unclassified,1780307747009
3656,node_01,1780307748,data_collection,cooking_fume,recovery,,false,false,,rule_fallback_v0,2931,4095,2509,3139,20,32,37,28.1,61.4,true,unclassified,1780307748138
3657,node_01,1780307749,data_collection,cooking_fume,recovery,,false,false,,rule_fallback_v0,2934,4095,2508,3139,20,32,37,28.1,61.4,true,unclassified,1780307749163
3658,node_01,1780307750,data_collection,cooking_fume,recovery,,false,false,,rule_fallback_v0,2931,4095,2509,3139,20,32,37,28.1,61.4,true,unclassified,1780307750187
3659,node_01,1780307751,data_collection,cooking_fume,recovery,,false,false,,rule_fallback_v0,2936,4095,2510,3139,20,32,37,28.1,61.3,true,unclassified,1780307751212
3660,node_01,1780307752,data_collection,cooking_fume,recovery,,false,false,,rule_fallback_v0,2929,4095,2509,3139,20,32,37,28.1,61.3,true,unclassified,1780307752222
3661,node_01,1780307753,data_collection,cooking_fume,recovery,,false,false,,rule_fallback_v0,2934,4095,2507,3139,20,32,37,28.1,61.3,true,unclassified,1780307753356
3662,node_01,1780307754,data_collection,cooking_fume,recovery,,false,false,,rule_fallback_v0,2927,4095,2511,3139,21,33,38,28.1,61.1,true,unclassified,1780307754380
3663,node_01,1780307755,data_collection,cooking_fume,recovery,,false,false,,rule_fallback_v0,2936,4095,2508,3139,21,34,38,28.1,61.1,true,unclassified,1780307755404
3664,node_01,1780307757,data_collection,cooking_fume,recovery,,false,false,,rule_fallback_v0,2931,4095,2507,3139,21,34,38,28.1,61.1,true,unclassified,1780307756427
3665,node_01,1780307758,data_collection,cooking_fume,recovery,,false,false,,rule_fallback_v0,2937,4095,2508,3139,21,34,38,28.1,60.9,true,unclassified,1780307757447
3666,node_01,1780307759,data_collection,cooking_fume,recovery,,false,false,,rule_fallback_v0,2932,4095,2510,3139,21,34,38,28.1,60.9,true,unclassified,1780307758635
3667,node_01,1780307760,data_collection,cooking_fume,recovery,,false,false,,rule_fallback_v0,2938,4095,2508,3139,21,34,38,28.1,60.9,true,unclassified,1780307759537
3668,node_01,1780307761,data_collection,cooking_fume,recovery,,false,false,,rule_fallback_v0,2927,4095,2509,3139,21,34,38,28.1,60.8,true,unclassified,1780307760580
3669,node_01,1780307762,data_collection,cooking_fume,recovery,,false,false,,rule_fallback_v0,2931,4095,2510,3139,21,35,39,28.1,60.8,true,unclassified,1780307761650
3670,node_01,1780307763,data_collection,cooking_fume,recovery,,false,false,,rule_fallback_v0,2930,4095,2509,3139,20,34,38,28.1,60.8,true,unclassified,1780307762677
3671,node_01,1780307764,data_collection,cooking_fume,recovery,,false,false,,rule_fallback_v0,2939,4095,2511,3139,20,34,38,28.1,60.8,true,unclassified,1780307763801
3672,node_01,1780307765,data_collection,cooking_fume,recovery,,false,false,,rule_fallback_v0,2932,4095,2508,3139,20,34,38,28.1,60.8,true,unclassified,1780307764825
3673,node_01,1780307766,data_collection,cooking_fume,recovery,,false,false,,rule_fallback_v0,2941,4095,2511,3139,20,34,38,28.1,60.8,true,unclassified,1780307765849
3674,node_01,1780307767,data_collection,cooking_fume,recovery,,false,false,,rule_fallback_v0,2929,4095,2508,3139,20,34,38,28.1,60.8,true,unclassified,1780307766888
3675,node_01,1780307768,data_collection,cooking_fume,recovery,,false,false,,rule_fallback_v0,2936,4095,2510,3139,20,34,38,28.1,60.8,true,unclassified,1780307767947
3676,node_01,1780307769,data_collection,cooking_fume,recovery,,false,false,,rule_fallback_v0,2936,4095,2509,3139,21,35,39,28.1,60.8,true,unclassified,1780307769023
3677,node_01,1780307770,data_collection,cooking_fume,recovery,,false,false,,rule_fallback_v0,2935,4095,2508,3139,21,35,39,28.1,60.7,true,unclassified,1780307769987
3678,node_01,1780307771,data_collection,cooking_fume,recovery,,false,false,,rule_fallback_v0,2930,4095,2507,3139,21,35,39,28.1,60.7,true,unclassified,1780307771072
3679,node_01,1780307772,data_collection,cooking_fume,recovery,,false,false,,rule_fallback_v0,2932,4095,2506,3139,20,34,38,28.1,60.7,true,unclassified,1780307772095
3680,node_01,1780307773,data_collection,cooking_fume,recovery,,false,false,,rule_fallback_v0,2930,4095,2511,3139,20,34,38,28.1,60.6,true,unclassified,1780307773114
3681,node_01,1780307774,data_collection,cooking_fume,recovery,,false,false,,rule_fallback_v0,2935,4095,2512,3139,20,34,38,28.1,60.6,true,unclassified,1780307774163
3682,node_01,1780307775,data_collection,cooking_fume,recovery,,false,false,,rule_fallback_v0,2933,4095,2508,3139,20,34,38,28.1,60.6,true,unclassified,1780307775262
3683,node_01,1780307776,data_collection,cooking_fume,recovery,,false,false,,rule_fallback_v0,2938,4095,2512,3139,19,34,37,28.1,60.7,true,unclassified,1780307776250
3684,node_01,1780307777,data_collection,cooking_fume,recovery,,false,false,,rule_fallback_v0,2930,4095,2508,3139,19,34,37,28.1,60.7,true,unclassified,1780307777318
3685,node_01,1780307778,data_collection,cooking_fume,recovery,,false,false,,rule_fallback_v0,2938,4095,2509,3139,20,35,38,28.1,60.7,true,unclassified,1780307778444
3686,node_01,1780307779,data_collection,cooking_fume,recovery,,false,false,,rule_fallback_v0,2931,4095,2508,3139,20,35,38,28.1,60.7,true,unclassified,1780307779469
3687,node_01,1780307781,data_collection,cooking_fume,recovery,,false,false,,rule_fallback_v0,2934,4095,2508,3139,20,34,37,28.1,60.7,true,unclassified,1780307780493
3688,node_01,1780307782,data_collection,cooking_fume,recovery,,false,false,,rule_fallback_v0,2936,4095,2508,3139,19,33,36,28.1,60.7,true,unclassified,1780307781518
3689,node_01,1780307783,data_collection,cooking_fume,recovery,,false,false,,rule_fallback_v0,2936,4095,2511,3139,19,33,36,28.1,60.6,true,unclassified,1780307782545
3690,node_01,1780307784,data_collection,cooking_fume,recovery,,false,false,,rule_fallback_v0,2934,4095,2508,3139,19,32,35,28.1,60.6,true,unclassified,1780307783569
3691,node_01,1780307785,data_collection,cooking_fume,recovery,,false,false,,rule_fallback_v0,2938,4095,2509,3139,19,32,35,28.1,60.6,true,unclassified,1780307784696
3692,node_01,1780307786,data_collection,cooking_fume,recovery,,false,false,,rule_fallback_v0,2932,4095,2508,3139,19,32,35,28.1,60.7,true,unclassified,1780307785720
3693,node_01,1780307787,data_collection,cooking_fume,recovery,,false,false,,rule_fallback_v0,2938,4095,2507,3139,20,33,35,28.1,60.7,true,unclassified,1780307786739
3694,node_01,1780307788,data_collection,cooking_fume,recovery,,false,false,,rule_fallback_v0,2928,4095,2506,3139,20,33,35,28.1,60.7,true,unclassified,1780307787762
3695,node_01,1780307789,data_collection,cooking_fume,recovery,,false,false,,rule_fallback_v0,2935,4095,2507,3139,20,33,35,28.1,60.7,true,unclassified,1780307788888
3696,node_01,1780307790,data_collection,cooking_fume,recovery,,false,false,,rule_fallback_v0,2933,4095,2509,3139,19,32,34,28.1,60.7,true,unclassified,1780307789912
3697,node_01,1780307791,data_collection,cooking_fume,recovery,,false,false,,rule_fallback_v0,2937,4095,2507,3139,19,32,34,28.1,60.7,true,unclassified,1780307790894
3698,node_01,1780307792,data_collection,cooking_fume,recovery,,false,false,,rule_fallback_v0,2927,4095,2508,3139,19,32,35,28.1,60.8,true,unclassified,1780307791962
3699,node_01,1780307793,data_collection,cooking_fume,recovery,,false,false,,rule_fallback_v0,2934,4095,2506,3139,20,33,36,28.1,60.8,true,unclassified,1780307792984
3700,node_01,1780307794,data_collection,cooking_fume,recovery,,false,false,,rule_fallback_v0,2928,4095,2509,3139,20,33,36,28.1,60.8,true,unclassified,1780307794112
3701,node_01,1780307795,data_collection,cooking_fume,recovery,,false,false,,rule_fallback_v0,2938,4095,2507,3139,20,33,36,28.1,60.7,true,unclassified,1780307795140
3702,node_01,1780307796,data_collection,cooking_fume,recovery,,false,false,,rule_fallback_v0,2931,4095,2509,3139,20,33,36,28.1,60.7,true,unclassified,1780307796159
3703,node_01,1780307797,data_collection,cooking_fume,recovery,,false,false,,rule_fallback_v0,2936,4095,2509,3139,20,33,36,28.1,60.7,true,unclassified,1780307797179
3704,node_01,1780307798,data_collection,cooking_fume,recovery,,false,false,,rule_fallback_v0,2933,4095,2509,3139,21,33,37,28.1,60.6,true,unclassified,1780307798207
3705,node_01,1780307799,data_collection,cooking_fume,recovery,,false,false,,rule_fallback_v0,2933,4095,2509,3139,19,32,35,28.1,60.6,true,unclassified,1780307799336
3706,node_01,1780307800,data_collection,cooking_fume,recovery,,false,false,,rule_fallback_v0,2928,4095,2509,3139,19,32,35,28.1,60.6,true,unclassified,1780307800279
3707,node_01,1780307801,data_collection,cooking_fume,recovery,,false,false,,rule_fallback_v0,2934,4095,2511,3139,19,32,35,28.1,60.6,true,unclassified,1780307801381
3708,node_01,1780307802,data_collection,cooking_fume,recovery,,false,false,,rule_fallback_v0,2929,4095,2509,3139,20,33,36,28.1,60.6,true,unclassified,1780307802370
3709,node_01,1780307804,data_collection,cooking_fume,recovery,,false,false,,rule_fallback_v0,2932,4095,2511,3139,20,33,36,28.1,60.6,true,unclassified,1780307803414
3710,node_01,1780307805,data_collection,cooking_fume,recovery,,false,false,,rule_fallback_v0,2932,4095,2505,3139,19,32,35,28.1,60.5,true,unclassified,1780307804556
3711,node_01,1780307806,data_collection,cooking_fume,recovery,,false,false,,rule_fallback_v0,2937,4095,2509,3139,19,32,36,28.1,60.5,true,unclassified,1780307805579
3712,node_01,1780307807,data_collection,cooking_fume,recovery,,false,false,,rule_fallback_v0,2935,4095,2508,3139,19,32,36,28.1,60.5,true,unclassified,1780307806563
3713,node_01,1780307808,data_collection,cooking_fume,recovery,,false,false,,rule_fallback_v0,2935,4095,2512,3139,18,32,36,28.1,60.7,true,unclassified,1780307807626
3714,node_01,1780307809,data_collection,cooking_fume,recovery,,false,false,,rule_fallback_v0,2931,4095,2506,3139,18,32,36,28.1,60.7,true,unclassified,1780307808646
3715,node_01,1780307810,data_collection,cooking_fume,recovery,,false,false,,rule_fallback_v0,2934,4095,2507,3139,18,32,36,28.1,60.7,true,unclassified,1780307809880
3716,node_01,1780307811,data_collection,cooking_fume,recovery,,false,false,,rule_fallback_v0,2931,4095,2511,3139,18,32,35,28.1,60.6,true,unclassified,1780307810802
3717,node_01,1780307812,data_collection,cooking_fume,recovery,,false,false,,rule_fallback_v0,2933,4095,2505,3139,18,32,35,28.1,60.6,true,unclassified,1780307811826
3718,node_01,1780307813,data_collection,cooking_fume,recovery,,false,false,,rule_fallback_v0,2932,4095,2508,3139,18,32,35,28.1,60.6,true,unclassified,1780307812850
3719,node_01,1780307814,data_collection,cooking_fume,recovery,,false,false,,rule_fallback_v0,2933,4095,2510,3139,19,33,36,28.1,60.7,true,unclassified,1780307813872
3720,node_01,1780307815,data_collection,cooking_fume,recovery,,false,false,,rule_fallback_v0,2937,4095,2509,3139,20,33,36,28.1,60.7,true,unclassified,1780307814903
3721,node_01,1780307816,data_collection,cooking_fume,recovery,,false,false,,rule_fallback_v0,2931,4095,2510,3139,20,32,35,28.1,60.7,true,unclassified,1780307816024
3722,node_01,1780307817,data_collection,cooking_fume,recovery,,false,false,,rule_fallback_v0,2930,4095,2510,3139,19,31,34,28.1,60.7,true,unclassified,1780307817048
3723,node_01,1780307818,data_collection,cooking_fume,recovery,,false,false,,rule_fallback_v0,2935,4095,2508,3139,19,31,34,28.1,60.7,true,unclassified,1780307818042
3724,node_01,1780307819,data_collection,cooking_fume,recovery,,false,false,,rule_fallback_v0,2935,4095,2509,3139,19,31,34,28.1,60.7,true,unclassified,1780307819096
3725,node_01,1780307820,data_collection,cooking_fume,recovery,,false,false,,rule_fallback_v0,2930,4095,2508,3139,20,32,34,28.1,60.7,true,unclassified,1780307820127
3726,node_01,1780307821,data_collection,cooking_fume,recovery,,false,false,,rule_fallback_v0,2936,4095,2509,3139,20,32,34,28.1,60.7,true,unclassified,1780307821343
3727,node_01,1780307822,data_collection,cooking_fume,recovery,,false,false,,rule_fallback_v0,2935,4095,2509,3139,20,32,34,28.1,60.7,true,unclassified,1780307822372
3728,node_01,1780307823,data_collection,cooking_fume,recovery,,false,false,,rule_fallback_v0,2928,4095,2508,3139,20,32,34,28.1,60.6,true,unclassified,1780307823294
3729,node_01,1780307824,data_collection,cooking_fume,recovery,,false,false,,rule_fallback_v0,2936,4095,2510,3139,20,32,34,28.1,60.6,true,unclassified,1780307824318
3730,node_01,1780307825,data_collection,cooking_fume,recovery,,false,false,,rule_fallback_v0,2928,4095,2509,3139,19,31,33,28.1,60.6,true,unclassified,1780307825444
3731,node_01,1780307827,data_collection,cooking_fume,recovery,,false,false,,rule_fallback_v0,2932,4095,2508,3139,19,29,32,28.1,60.8,true,unclassified,1780307826469
3732,node_01,1780307828,data_collection,cooking_fume,recovery,,false,false,,rule_fallback_v0,2930,4095,2509,3139,19,29,32,28.1,60.8,true,unclassified,1780307827445
3733,node_01,1780307829,data_collection,cooking_fume,recovery,,false,false,,rule_fallback_v0,2935,4095,2507,3139,19,29,32,28.1,60.8,true,unclassified,1780307828531
3734,node_01,1780307830,data_collection,cooking_fume,recovery,,false,false,,rule_fallback_v0,2927,4095,2510,3139,19,29,32,28.1,60.7,true,unclassified,1780307829767
3735,node_01,1780307831,data_collection,cooking_fume,recovery,,false,false,,rule_fallback_v0,2936,4095,2509,3139,19,29,32,28.1,60.7,true,unclassified,1780307830757
3736,node_01,1780307832,data_collection,cooking_fume,recovery,,false,false,,rule_fallback_v0,2934,4095,2507,3139,20,30,33,28.1,60.7,true,unclassified,1780307831691
3737,node_01,1780307833,data_collection,cooking_fume,recovery,,false,false,,rule_fallback_v0,2931,4095,2510,3139,20,30,33,28.1,60.8,true,unclassified,1780307832668
3738,node_01,1780307834,data_collection,cooking_fume,recovery,,false,false,,rule_fallback_v0,2931,4095,2505,3139,20,30,33,28.1,60.8,true,unclassified,1780307833738
3739,node_01,1780307835,data_collection,cooking_fume,recovery,,false,false,,rule_fallback_v0,2933,4095,2510,3139,20,30,33,28.1,60.8,true,unclassified,1780307834762
3740,node_01,1780307836,data_collection,cooking_fume,recovery,,false,false,,rule_fallback_v0,2933,4095,2510,3139,20,30,34,28.1,60.7,true,unclassified,1780307835890
3741,node_01,1780307837,data_collection,cooking_fume,recovery,,false,false,,rule_fallback_v0,2935,4095,2508,3139,20,30,34,28.1,60.7,true,unclassified,1780307836852
3742,node_01,1780307838,data_collection,cooking_fume,recovery,,false,false,,rule_fallback_v0,2928,4095,2509,3139,20,32,34,28.1,60.7,true,unclassified,1780307837945
3743,node_01,1780307839,data_collection,cooking_fume,recovery,,false,false,,rule_fallback_v0,2933,4095,2510,3139,20,32,35,28.1,60.8,true,unclassified,1780307838939
3744,node_01,1780307840,data_collection,cooking_fume,recovery,,false,false,,rule_fallback_v0,2931,4095,2508,3139,20,32,35,28.1,60.8,true,unclassified,1780307840092
3745,node_01,1780307841,data_collection,cooking_fume,recovery,,false,false,,rule_fallback_v0,2932,4095,2508,3139,20,32,36,28.1,60.8,true,unclassified,1780307841024
3746,node_01,1780307842,data_collection,cooking_fume,recovery,,false,false,,rule_fallback_v0,2927,4095,2510,3139,21,32,36,28.1,60.8,true,unclassified,1780307842135
3747,node_01,1780307843,data_collection,cooking_fume,recovery,,false,false,,rule_fallback_v0,2934,4095,2507,3139,21,33,36,28.1,60.8,true,unclassified,1780307843165
3748,node_01,1780307844,data_collection,cooking_fume,recovery,,false,false,,rule_fallback_v0,2933,4095,2509,3139,20,32,36,28.1,60.8,true,unclassified,1780307844185
3749,node_01,1780307845,data_collection,cooking_fume,recovery,,false,false,,rule_fallback_v0,2933,4095,2507,3139,19,32,36,28.1,60.8,true,unclassified,1780307845211
3750,node_01,1780307846,data_collection,cooking_fume,recovery,,false,false,,rule_fallback_v0,2930,4095,2509,3139,20,33,36,28.1,60.8,true,unclassified,1780307846332
3751,node_01,1780307847,data_collection,cooking_fume,recovery,,false,false,,rule_fallback_v0,2940,4095,2507,3139,20,33,36,28.1,60.8,true,unclassified,1780307847328
3752,node_01,1780307848,data_collection,cooking_fume,recovery,,false,false,,rule_fallback_v0,2931,4095,2508,3139,20,33,36,28.1,60.7,true,unclassified,1780307848381
3753,node_01,1780307850,data_collection,cooking_fume,recovery,,false,false,,rule_fallback_v0,2939,4095,2508,3139,18,32,35,28.1,60.7,true,unclassified,1780307849523
3754,node_01,1780307851,data_collection,cooking_fume,recovery,,false,false,,rule_fallback_v0,2931,4095,2509,3139,18,31,34,28.1,60.7,true,unclassified,1780307850428
3755,node_01,1780307852,data_collection,cooking_fume,recovery,,false,false,,rule_fallback_v0,2934,4095,2509,3139,18,31,34,28.1,60.7,true,unclassified,1780307851572
3756,node_01,1780307853,data_collection,cooking_fume,recovery,,false,false,,rule_fallback_v0,2927,4095,2512,3139,19,32,34,28.1,60.7,true,unclassified,1780307852581
3757,node_01,1780307854,data_collection,cooking_fume,recovery,,false,false,,rule_fallback_v0,2939,4095,2508,3139,19,32,34,28.1,60.7,true,unclassified,1780307853708
3758,node_01,1780307855,data_collection,cooking_fume,recovery,,false,false,,rule_fallback_v0,2930,4095,2510,3139,18,32,34,28.1,60.6,true,unclassified,1780307854735
3759,node_01,1780307856,data_collection,cooking_fume,recovery,,false,false,,rule_fallback_v0,2932,4095,2507,3139,17,31,33,28.1,60.6,true,unclassified,1780307855755
3760,node_01,1780307857,data_collection,cooking_fume,recovery,,false,false,,rule_fallback_v0,2932,4095,2509,3139,17,29,33,28.1,60.6,true,unclassified,1780307856783
3761,node_01,1780307858,data_collection,cooking_fume,recovery,,false,false,,rule_fallback_v0,2936,4095,2513,3139,17,29,33,28.1,60.6,true,unclassified,1780307857742
3762,node_01,1780307859,data_collection,cooking_fume,recovery,,false,false,,rule_fallback_v0,2928,4095,2510,3139,18,30,34,28.1,60.6,true,unclassified,1780307858828
3763,node_01,1780307860,data_collection,cooking_fume,recovery,,false,false,,rule_fallback_v0,2932,4095,2509,3139,18,30,33,28.1,60.6,true,unclassified,1780307859832
3764,node_01,1780307861,data_collection,cooking_fume,recovery,,false,false,,rule_fallback_v0,2931,4095,2508,3139,18,30,33,28.1,60.6,true,unclassified,1780307860983
3765,node_01,1780307862,data_collection,cooking_fume,recovery,,false,false,,rule_fallback_v0,2935,4095,2511,3139,18,30,33,28.1,60.6,true,unclassified,1780307862000
3766,node_01,1780307863,data_collection,cooking_fume,recovery,,false,false,,rule_fallback_v0,2934,4095,2509,3139,18,30,34,28.1,60.6,true,unclassified,1780307863029
3767,node_01,1780307864,data_collection,cooking_fume,recovery,,false,false,,rule_fallback_v0,2939,4095,2510,3139,18,30,34,28.1,60.7,true,unclassified,1780307864265
3768,node_01,1780307865,data_collection,cooking_fume,recovery,,false,false,,rule_fallback_v0,2932,4095,2511,3139,17,29,33,28.1,60.7,true,unclassified,1780307867025
3769,node_01,1780307866,data_collection,cooking_fume,recovery,,false,false,,rule_fallback_v0,2934,4095,2510,3139,17,29,33,28.1,60.7,true,unclassified,1780307867116
3770,node_01,1780307867,data_collection,cooking_fume,recovery,,false,false,,rule_fallback_v0,2929,4095,2510,3139,18,30,33,28.1,60.7,true,unclassified,1780307867150
3771,node_01,1780307868,data_collection,cooking_fume,recovery,,false,false,,rule_fallback_v0,2934,4095,2509,3139,18,30,33,28.1,60.7,true,unclassified,1780307868191
3772,node_01,1780307869,data_collection,cooking_fume,recovery,,false,false,,rule_fallback_v0,2930,4095,2508,3139,18,30,33,28.1,60.7,true,unclassified,1780307869236
3773,node_01,1780307870,data_collection,cooking_fume,recovery,,false,false,,rule_fallback_v0,2935,4095,2507,3139,17,29,32,28.1,60.7,true,unclassified,1780307870282
3774,node_01,1780307871,data_collection,cooking_fume,recovery,,false,false,,rule_fallback_v0,2931,4095,2508,3139,17,29,32,28.1,60.7,true,unclassified,1780307871431
3775,node_01,1780307872,data_collection,cooking_fume,recovery,,false,false,,rule_fallback_v0,2936,4095,2508,3139,17,29,32,28.1,60.7,true,unclassified,1780307872375
3776,node_01,1780307874,data_collection,cooking_fume,recovery,,false,false,,rule_fallback_v0,2930,4095,2508,3139,18,30,33,28.1,60.7,true,unclassified,1780307873414
3777,node_01,1780307875,data_collection,cooking_fume,recovery,,false,false,,rule_fallback_v0,2940,4095,2508,3139,18,30,33,28.1,60.7,true,unclassified,1780307874460
3778,node_01,1780307876,data_collection,cooking_fume,recovery,,false,false,,rule_fallback_v0,2925,4095,2508,3139,18,30,33,28.1,60.7,true,unclassified,1780307875502
3779,node_01,1780307877,data_collection,cooking_fume,recovery,,false,false,,rule_fallback_v0,2936,4095,2508,3139,18,30,33,28.1,60.8,true,unclassified,1780307876549
3780,node_01,1780307878,data_collection,cooking_fume,recovery,,false,false,,rule_fallback_v0,2928,4095,2509,3139,18,30,33,28.1,60.8,true,unclassified,1780307877595
3781,node_01,1780307879,data_collection,cooking_fume,recovery,,false,false,,rule_fallback_v0,2930,4095,2506,3139,18,30,33,28.1,60.8,true,unclassified,1780307878670
3782,node_01,1780307880,data_collection,cooking_fume,recovery,,false,false,,rule_fallback_v0,2931,4095,2507,3139,17,29,32,28.1,60.7,true,unclassified,1780307879689
3783,node_01,1780307881,data_collection,cooking_fume,recovery,,false,false,,rule_fallback_v0,2931,4095,2510,3139,17,31,33,28.1,60.7,true,unclassified,1780307880875
3784,node_01,1780307882,data_collection,cooking_fume,recovery,,false,false,,rule_fallback_v0,2934,4095,2509,3139,16,31,33,28.1,60.7,true,unclassified,1780307881819
3785,node_01,1780307883,data_collection,cooking_fume,recovery,,false,false,,rule_fallback_v0,2933,4095,2509,3139,17,32,34,28.1,60.7,true,unclassified,1780307882841
3786,node_01,1780307884,data_collection,cooking_fume,recovery,,false,false,,rule_fallback_v0,2928,4095,2508,3139,17,32,34,28.1,60.7,true,unclassified,1780307883862
3787,node_01,1780307885,data_collection,cooking_fume,recovery,,false,false,,rule_fallback_v0,2934,4095,2507,3139,17,32,34,28.1,60.7,true,unclassified,1780307884968
3788,node_01,1780307886,data_collection,cooking_fume,recovery,,false,false,,rule_fallback_v0,2930,4095,2510,3139,17,32,34,28.1,60.7,true,unclassified,1780307885991
3789,node_01,1780307887,data_collection,cooking_fume,recovery,,false,false,,rule_fallback_v0,2937,4095,2508,3139,17,32,35,28.1,60.7,true,unclassified,1780307887018
3790,node_01,1780307888,data_collection,cooking_fume,recovery,,false,false,,rule_fallback_v0,2926,4095,2509,3139,17,32,35,28.1,60.7,true,unclassified,1780307888045
3791,node_01,1780307889,data_collection,cooking_fume,recovery,,false,false,,rule_fallback_v0,2935,4095,2508,3139,16,32,35,28.1,60.8,true,unclassified,1780307889091
3792,node_01,1780307890,data_collection,cooking_fume,recovery,,false,false,,rule_fallback_v0,2930,4095,2509,3139,16,32,35,28.1,60.8,true,unclassified,1780307890141
3793,node_01,1780307891,data_collection,cooking_fume,recovery,,false,false,,rule_fallback_v0,2932,4095,2509,3139,16,32,35,28.1,60.8,true,unclassified,1780307891177
3794,node_01,1780307892,data_collection,cooking_fume,recovery,,false,false,,rule_fallback_v0,2931,4095,2510,3139,16,32,35,28.1,60.5,true,unclassified,1780307892287
3795,node_01,1780307893,data_collection,cooking_fume,recovery,,false,false,,rule_fallback_v0,2938,4095,2508,3139,16,32,35,28.1,60.5,true,unclassified,1780307893363
3796,node_01,1780307894,data_collection,cooking_fume,recovery,,false,false,,rule_fallback_v0,2934,4095,2508,3139,15,31,34,28.1,60.5,true,unclassified,1780307894390
3797,node_01,1780307895,data_collection,cooking_fume,recovery,,false,false,,rule_fallback_v0,2932,4095,2509,3139,15,31,34,28.1,60.7,true,unclassified,1780307895410
3798,node_01,1780307897,data_collection,cooking_fume,recovery,,false,false,,rule_fallback_v0,2934,4095,2508,3139,15,31,33,28.1,60.7,true,unclassified,1780307896434
3799,node_01,1780307898,data_collection,cooking_fume,recovery,,false,false,,rule_fallback_v0,2933,4095,2507,3139,15,31,33,28.1,60.7,true,unclassified,1780307897459
3800,node_01,1780307899,data_collection,cooking_fume,recovery,,false,false,,rule_fallback_v0,2928,4095,2507,3139,15,31,33,28.1,60.6,true,unclassified,1780307898494
3801,node_01,1780307900,data_collection,cooking_fume,recovery,,false,false,,rule_fallback_v0,2938,4095,2505,3139,15,31,33,28.1,60.6,true,unclassified,1780307899609
3802,node_01,1780307901,data_collection,cooking_fume,recovery,,false,false,,rule_fallback_v0,2934,4095,2511,3139,16,30,34,28.1,60.6,true,unclassified,1780307900632
3803,node_01,1780307902,data_collection,cooking_fume,recovery,,false,false,,rule_fallback_v0,2936,4095,2509,3139,16,30,33,28.1,60.8,true,unclassified,1780307901656
3804,node_01,1780307903,data_collection,cooking_fume,recovery,,false,false,,rule_fallback_v0,2936,4095,2511,3139,17,30,33,28.1,60.8,true,unclassified,1780307902676
3805,node_01,1780307904,data_collection,cooking_fume,recovery,,false,false,,rule_fallback_v0,2934,4095,2510,3139,16,29,33,28.1,60.8,true,unclassified,1780307903807
3806,node_01,1780307905,data_collection,cooking_fume,recovery,,false,false,,rule_fallback_v0,2930,4095,2507,3139,16,31,33,28.1,60.6,true,unclassified,1780307904831
3807,node_01,1780307906,data_collection,cooking_fume,recovery,,false,false,,rule_fallback_v0,2935,4095,2507,3139,16,31,33,28.1,60.6,true,unclassified,1780307905854
3808,node_01,1780307907,data_collection,cooking_fume,recovery,,false,false,,rule_fallback_v0,2930,4095,2510,3139,17,32,34,28.1,60.6,true,unclassified,1780307906879
3809,node_01,1780307908,data_collection,cooking_fume,recovery,,false,false,,rule_fallback_v0,2934,4095,2509,3139,17,32,35,28.1,60.6,true,unclassified,1780307907925
3810,node_01,1780307909,data_collection,cooking_fume,recovery,,false,false,,rule_fallback_v0,2934,4095,2509,3139,17,32,35,28.1,60.6,true,unclassified,1780307908939
3811,node_01,1780307910,data_collection,cooking_fume,recovery,,false,false,,rule_fallback_v0,2935,4095,2507,3139,17,32,35,28.1,60.6,true,unclassified,1780307910053
3812,node_01,1780307911,data_collection,cooking_fume,recovery,,false,false,,rule_fallback_v0,2932,4095,2507,3139,17,32,36,28.1,60.6,true,unclassified,1780307911078
3813,node_01,1780307912,data_collection,cooking_fume,recovery,,false,false,,rule_fallback_v0,2935,4095,2507,3139,17,32,36,28.1,60.6,true,unclassified,1780307912080
3814,node_01,1780307913,data_collection,cooking_fume,recovery,,false,false,,rule_fallback_v0,2932,4095,2508,3139,17,32,36,28.1,60.6,true,unclassified,1780307913227
3815,node_01,1780307914,data_collection,cooking_fume,recovery,,false,false,,rule_fallback_v0,2934,4095,2509,3139,17,32,36,28.1,60.7,true,unclassified,1780307914166
3816,node_01,1780307915,data_collection,cooking_fume,recovery,,false,false,,rule_fallback_v0,2931,4095,2511,3139,16,31,35,28.1,60.7,true,unclassified,1780307915209
3817,node_01,1780307916,data_collection,cooking_fume,recovery,,false,false,,rule_fallback_v0,2937,4095,2508,3139,16,31,35,28.1,60.7,true,unclassified,1780307916255
3818,node_01,1780307917,data_collection,cooking_fume,recovery,,false,false,,rule_fallback_v0,2928,4095,2508,3139,16,31,35,28.1,60.7,true,unclassified,1780307917299
3819,node_01,1780307918,data_collection,cooking_fume,recovery,,false,false,,rule_fallback_v0,2931,4095,2508,3139,17,32,36,28.1,60.7,true,unclassified,1780307918450
3820,node_01,1780307920,data_collection,cooking_fume,recovery,,false,false,,rule_fallback_v0,2925,4095,2509,3139,17,32,35,28.1,60.7,true,unclassified,1780307919392
3821,node_01,1780307921,data_collection,cooking_fume,recovery,,false,false,,rule_fallback_v0,2936,4095,2509,3139,17,32,35,28,60.7,true,unclassified,1780307920497
3822,node_01,1780307922,data_collection,cooking_fume,recovery,,false,false,,rule_fallback_v0,2932,4095,2510,3139,17,32,35,28,60.7,true,unclassified,1780307921480
3823,node_01,1780307923,data_collection,cooking_fume,recovery,,false,false,,rule_fallback_v0,2939,4095,2508,3139,17,30,35,28,60.7,true,unclassified,1780307922556
3824,node_01,1780307924,data_collection,cooking_fume,recovery,,false,false,,rule_fallback_v0,2934,4095,2509,3139,17,30,34,28,60.7,true,unclassified,1780307923672
3825,node_01,1780307925,data_collection,cooking_fume,recovery,,false,false,,rule_fallback_v0,2934,4095,2509,3139,16,29,33,28,60.7,true,unclassified,1780307924696
3826,node_01,1780307926,data_collection,cooking_fume,recovery,,false,false,,rule_fallback_v0,2929,4095,2509,3139,16,31,33,28,60.7,true,unclassified,1780307925721
3827,node_01,1780307927,data_collection,cooking_fume,recovery,,false,false,,rule_fallback_v0,2936,4095,2507,3139,16,31,33,28.1,60.8,true,unclassified,1780307926744
3828,node_01,1780307928,data_collection,cooking_fume,recovery,,false,false,,rule_fallback_v0,2935,4095,2509,3139,17,32,34,28.1,60.8,true,unclassified,1780307927747
3829,node_01,1780307929,data_collection,cooking_fume,recovery,,false,false,,rule_fallback_v0,2935,4095,2508,3139,17,32,34,28.1,60.8,true,unclassified,1780307928848
3830,node_01,1780307930,data_collection,cooking_fume,recovery,,false,false,,rule_fallback_v0,2932,4095,2510,3139,16,31,33,28.1,60.6,true,unclassified,1780307929853
3831,node_01,1780307931,data_collection,cooking_fume,recovery,,false,false,,rule_fallback_v0,2936,4095,2509,3139,16,31,33,28.1,60.6,true,unclassified,1780307930942
3832,node_01,1780307932,data_collection,cooking_fume,recovery,,false,false,,rule_fallback_v0,2929,4095,2508,3139,16,31,34,28.1,60.6,true,unclassified,1780307931927
3833,node_01,1780307933,data_collection,cooking_fume,recovery,,false,false,,rule_fallback_v0,2934,4095,2508,3139,16,31,34,28.1,60.8,true,unclassified,1780307933034
3834,node_01,1780307934,data_collection,cooking_fume,recovery,,false,false,,rule_fallback_v0,2929,4095,2507,3139,16,32,34,28.1,60.8,true,unclassified,1780307934117
3835,node_01,1780307935,data_collection,cooking_fume,recovery,,false,false,,rule_fallback_v0,2934,4095,2507,3139,16,32,34,28.1,60.8,true,unclassified,1780307935143
3836,node_01,1780307936,data_collection,cooking_fume,recovery,,false,false,,rule_fallback_v0,2926,4095,2508,3139,17,33,35,28,60.7,true,unclassified,1780307936155
3837,node_01,1780307937,data_collection,cooking_fume,recovery,,false,false,,rule_fallback_v0,2936,4095,2509,3139,17,33,36,28,60.7,true,unclassified,1780307937191
3838,node_01,1780307938,data_collection,cooking_fume,recovery,,false,false,,rule_fallback_v0,2928,4095,2509,3139,17,33,36,28,60.7,true,unclassified,1780307938212
3839,node_01,1780307939,data_collection,cooking_fume,recovery,,false,false,,rule_fallback_v0,2934,4095,2509,3139,16,32,36,28,60.7,true,unclassified,1780307939339
3840,node_01,1780307940,data_collection,cooking_fume,recovery,,false,false,,rule_fallback_v0,2928,4095,2508,3139,16,32,36,28,60.7,true,unclassified,1780307940363
3841,node_01,1780307941,data_collection,cooking_fume,recovery,,false,false,,rule_fallback_v0,2939,4095,2507,3139,17,32,36,28,60.7,true,unclassified,1780307941387
3842,node_01,1780307942,data_collection,cooking_fume,recovery,,false,false,,rule_fallback_v0,2931,4095,2508,3139,17,32,36,28,60.8,true,unclassified,1780307942379
3843,node_01,1780307944,data_collection,cooking_fume,recovery,,false,false,,rule_fallback_v0,2933,4095,2507,3139,17,32,37,28,60.8,true,unclassified,1780307943435
3844,node_01,1780307945,data_collection,cooking_fume,recovery,,false,false,,rule_fallback_v0,2926,4095,2510,3139,17,33,37,28,60.8,true,unclassified,1780307944562
3845,node_01,1780307946,data_collection,cooking_fume,recovery,,false,false,,rule_fallback_v0,2934,4095,2511,3139,17,33,38,28.1,60.8,true,unclassified,1780307945585
3846,node_01,1780307947,data_collection,cooking_fume,recovery,,false,false,,rule_fallback_v0,2934,4095,2507,3139,17,33,38,28.1,60.8,true,unclassified,1780307946562
3847,node_01,1780307948,data_collection,cooking_fume,recovery,,false,false,,rule_fallback_v0,2938,4095,2508,3139,17,33,38,28.1,60.8,true,unclassified,1780307947633
3848,node_01,1780307949,data_collection,cooking_fume,recovery,,false,false,,rule_fallback_v0,2932,4095,2509,3139,18,34,39,28.1,60.6,true,unclassified,1780307948643
3849,node_01,1780307950,data_collection,cooking_fume,recovery,,false,false,,rule_fallback_v0,2935,4095,2510,3139,18,34,39,28.1,60.6,true,unclassified,1780307949784
3850,node_01,1780307951,data_collection,cooking_fume,recovery,,false,false,,rule_fallback_v0,2932,4095,2510,3139,18,34,39,28.1,60.6,true,unclassified,1780307950739
3851,node_01,1780307952,data_collection,cooking_fume,recovery,,false,false,,rule_fallback_v0,2941,4095,2511,3139,18,35,39,28.1,60.7,true,unclassified,1780307951832
3852,node_01,1780307953,data_collection,cooking_fume,recovery,,false,false,,rule_fallback_v0,2928,4095,2509,3139,18,35,39,28.1,60.7,true,unclassified,1780307952856
3853,node_01,1780307954,data_collection,cooking_fume,recovery,,false,false,,rule_fallback_v0,2935,4095,2508,3139,18,34,39,28.1,60.7,true,unclassified,1780307953879
3854,node_01,1780307955,data_collection,cooking_fume,recovery,,false,false,,rule_fallback_v0,2929,4095,2507,3139,18,34,38,28.1,60.7,true,unclassified,1780307955006
3855,node_01,1780307956,data_collection,cooking_fume,recovery,,false,false,,rule_fallback_v0,2937,4095,2507,3139,18,34,38,28.1,60.7,true,unclassified,1780307956030
3856,node_01,1780307957,data_collection,cooking_fume,recovery,,false,false,,rule_fallback_v0,2933,4095,2510,3139,18,34,38,28.1,60.7,true,unclassified,1780307957006
3857,node_01,1780307958,data_collection,cooking_fume,recovery,,false,false,,rule_fallback_v0,2934,4095,2508,3139,18,33,38,28.1,60.7,true,unclassified,1780307958087
3858,node_01,1780307959,data_collection,cooking_fume,recovery,,false,false,,rule_fallback_v0,2931,4095,2506,3139,18,33,38,28.1,60.7,true,unclassified,1780307959102
3859,node_01,1780307960,data_collection,cooking_fume,recovery,,false,false,,rule_fallback_v0,2936,4095,2507,3139,19,34,39,28.1,60.7,true,unclassified,1780307960192
3860,node_01,1780307961,data_collection,cooking_fume,recovery,,false,false,,rule_fallback_v0,2930,4095,2510,3139,19,34,39,28,60.7,true,unclassified,1780307961218
3861,node_01,1780307962,data_collection,cooking_fume,recovery,,false,false,,rule_fallback_v0,2939,4095,2509,3139,20,34,39,28,60.7,true,unclassified,1780307962230
3862,node_01,1780307963,data_collection,cooking_fume,recovery,,false,false,,rule_fallback_v0,2932,4095,2507,3139,19,33,38,28,60.7,true,unclassified,1780307963354
3863,node_01,1780307964,data_collection,cooking_fume,recovery,,false,false,,rule_fallback_v0,2938,4095,2511,3139,19,33,37,28,60.6,true,unclassified,1780307964428
3864,node_01,1780307965,data_collection,cooking_fume,recovery,,false,false,,rule_fallback_v0,2932,4095,2507,3139,19,32,37,28,60.6,true,unclassified,1780307965452
3865,node_01,1780307967,data_collection,cooking_fume,recovery,,false,false,,rule_fallback_v0,2934,4095,2510,3139,19,32,37,28,60.6,true,unclassified,1780307966475
3866,node_01,1780307968,data_collection,cooking_fume,recovery,,false,false,,rule_fallback_v0,2931,4095,2508,3139,19,32,37,28,60.7,true,unclassified,1780307967498
3867,node_01,1780307969,data_collection,cooking_fume,recovery,,false,false,,rule_fallback_v0,2934,4095,2509,3139,19,32,36,28,60.7,true,unclassified,1780307968523
3868,node_01,1780307970,data_collection,cooking_fume,recovery,,false,false,,rule_fallback_v0,2934,4095,2507,3139,19,32,36,28,60.7,true,unclassified,1780307969649
3869,node_01,1780307971,data_collection,cooking_fume,recovery,,false,false,,rule_fallback_v0,2935,4095,2509,3139,19,32,36,28,60.7,true,unclassified,1780307970673
3870,node_01,1780307972,data_collection,cooking_fume,recovery,,false,false,,rule_fallback_v0,2934,4095,2507,3139,20,33,37,28,60.7,true,unclassified,1780307971688
3871,node_01,1780307973,data_collection,cooking_fume,recovery,,false,false,,rule_fallback_v0,2937,4095,2508,3139,20,33,37,28,60.7,true,unclassified,1780307972675
3872,node_01,1780307974,data_collection,cooking_fume,recovery,,false,false,,rule_fallback_v0,2931,4095,2509,3139,19,33,36,28,60.6,true,unclassified,1780307973751
3873,node_01,1780307975,data_collection,cooking_fume,recovery,,false,false,,rule_fallback_v0,2936,4095,2507,3139,19,33,36,28,60.6,true,unclassified,1780307974772
3874,node_01,1780307976,data_collection,cooking_fume,recovery,,false,false,,rule_fallback_v0,2933,4095,2507,3139,19,33,36,28,60.6,true,unclassified,1780307975811
3875,node_01,1780307977,data_collection,cooking_fume,recovery,,false,false,,rule_fallback_v0,2936,4095,2507,3139,19,33,36,28,60.6,true,unclassified,1780307976854
3876,node_01,1780307978,data_collection,cooking_fume,recovery,,false,false,,rule_fallback_v0,2931,4095,2510,3139,18,32,35,28,60.6,true,unclassified,1780307977944
3877,node_01,1780307979,data_collection,cooking_fume,recovery,,false,false,,rule_fallback_v0,2935,4095,2510,3139,18,32,35,28,60.6,true,unclassified,1780307978969
3878,node_01,1780307980,data_collection,cooking_fume,recovery,,false,false,,rule_fallback_v0,2932,4095,2511,3139,18,32,35,28.1,60.6,true,unclassified,1780307980093
3879,node_01,1780307981,data_collection,cooking_fume,recovery,,false,false,,rule_fallback_v0,2934,4095,2512,3139,18,32,35,28.1,60.6,true,unclassified,1780307981034
3880,node_01,1780307982,data_collection,cooking_fume,recovery,,false,false,,rule_fallback_v0,2931,4095,2508,3139,18,32,35,28.1,60.6,true,unclassified,1780307982079
3881,node_01,1780307983,data_collection,cooking_fume,recovery,,false,false,,rule_fallback_v0,2937,4095,2508,3139,18,32,35,28.1,60.6,true,unclassified,1780307983124
3882,node_01,1780307984,data_collection,cooking_fume,recovery,,false,false,,rule_fallback_v0,2927,4095,2508,3139,18,32,35,28.1,60.6,true,unclassified,1780307984190
3883,node_01,1780307985,data_collection,cooking_fume,recovery,,false,false,,rule_fallback_v0,2936,4095,2509,3139,18,32,35,28.1,60.6,true,unclassified,1780307985316
3884,node_01,1780307986,data_collection,cooking_fume,recovery,,false,false,,rule_fallback_v0,2930,4095,2508,3139,18,32,35,28,60.7,true,unclassified,1780307986293
3885,node_01,1780307987,data_collection,cooking_fume,recovery,,false,false,,rule_fallback_v0,2941,4095,2506,3139,19,33,36,28,60.7,true,unclassified,1780307987305
3886,node_01,1780307988,data_collection,cooking_fume,recovery,,false,false,,rule_fallback_v0,2932,4095,2510,3139,19,33,36,28,60.7,true,unclassified,1780307988389
3887,node_01,1780307990,data_collection,cooking_fume,recovery,,false,false,,rule_fallback_v0,2936,4095,2511,3139,19,33,35,28,60.6,true,unclassified,1780307989412
3888,node_01,1780307991,data_collection,cooking_fume,recovery,,false,false,,rule_fallback_v0,2930,4095,2508,3139,18,32,34,28,60.6,true,unclassified,1780307990439
3889,node_01,1780307992,data_collection,cooking_fume,recovery,,false,false,,rule_fallback_v0,2935,4095,2506,3139,18,32,34,28,60.6,true,unclassified,1780307991566
3890,node_01,1780307993,data_collection,cooking_fume,recovery,,false,false,,rule_fallback_v0,2935,4095,2511,3139,18,32,34,28,60.6,true,unclassified,1780307992587
3891,node_01,1780307994,data_collection,cooking_fume,recovery,,false,false,,rule_fallback_v0,2938,4095,2511,3139,18,31,34,28,60.6,true,unclassified,1780307993610
3892,node_01,1780307995,data_collection,cooking_fume,recovery,,false,false,,rule_fallback_v0,2931,4095,2510,3139,18,31,34,28,60.6,true,unclassified,1780307994635
3893,node_01,1780307996,data_collection,cooking_fume,recovery,,false,false,,rule_fallback_v0,2940,4095,2509,3139,19,32,35,28,60.6,true,unclassified,1780307995693
3894,node_01,1780307997,data_collection,cooking_fume,recovery,,false,false,,rule_fallback_v0,2934,4095,2509,3139,18,32,34,28,60.6,true,unclassified,1780307996714
3895,node_01,1780307998,data_collection,cooking_fume,recovery,,false,false,,rule_fallback_v0,2938,4095,2508,3139,18,32,34,28,60.6,true,unclassified,1780307997811
3896,node_01,1780307999,data_collection,cooking_fume,recovery,,false,false,,rule_fallback_v0,2931,4095,2509,3139,17,31,33,28,60.7,true,unclassified,1780307998833
3897,node_01,1780308000,data_collection,cooking_fume,recovery,,false,false,,rule_fallback_v0,2938,4095,2506,3139,17,31,33,28,60.7,true,unclassified,1780307999855
3898,node_01,1780308001,data_collection,cooking_fume,recovery,,false,false,,rule_fallback_v0,2934,4095,2503,3139,17,31,33,28,60.7,true,unclassified,1780308000985
3899,node_01,1780308002,data_collection,cooking_fume,recovery,,false,false,,rule_fallback_v0,2938,4095,2511,3139,17,31,33,28,60.7,true,unclassified,1780308002007
3900,node_01,1780308003,data_collection,cooking_fume,recovery,,false,false,,rule_fallback_v0,2937,4095,2509,3139,17,31,33,28,60.7,true,unclassified,1780308003036
3901,node_01,1780308004,data_collection,cooking_fume,recovery,,false,false,,rule_fallback_v0,2936,4095,2509,3139,17,31,33,28,60.7,true,unclassified,1780308004055
3902,node_01,1780308005,data_collection,cooking_fume,recovery,,false,false,,rule_fallback_v0,2933,4095,2507,3139,18,32,34,28,60.6,true,unclassified,1780308005078
3903,node_01,1780308006,data_collection,cooking_fume,recovery,,false,false,,rule_fallback_v0,2936,4095,2507,3139,18,32,34,28,60.6,true,unclassified,1780308006113
3904,node_01,1780308007,data_collection,cooking_fume,recovery,,false,false,,rule_fallback_v0,2930,4095,2509,3139,18,32,34,28,60.6,true,unclassified,1780308007230
3905,node_01,1780308008,data_collection,cooking_fume,recovery,,false,false,,rule_fallback_v0,2932,4095,2509,3139,17,31,33,28,60.6,true,unclassified,1780308008241
3906,node_01,1780308009,data_collection,cooking_fume,recovery,,false,false,,rule_fallback_v0,2929,4095,2508,3139,17,31,33,28,60.6,true,unclassified,1780308009279
3907,node_01,1780308010,data_collection,cooking_fume,recovery,,false,false,,rule_fallback_v0,2938,4095,2508,3139,17,31,33,28,60.6,true,unclassified,1780308010296
3908,node_01,1780308011,data_collection,cooking_fume,recovery,,false,false,,rule_fallback_v0,2932,4095,2510,3139,17,31,33,28,60.5,true,unclassified,1780308011336
3909,node_01,1780308013,data_collection,cooking_fume,recovery,,false,false,,rule_fallback_v0,2936,4095,2507,3139,17,31,33,28,60.5,true,unclassified,1780308012453
3910,node_01,1780308014,data_collection,cooking_fume,recovery,,false,false,,rule_fallback_v0,2928,4095,2507,3139,18,32,35,28,60.5,true,unclassified,1780308013481
3911,node_01,1780308015,data_collection,cooking_fume,recovery,,false,false,,rule_fallback_v0,2936,4095,2508,3139,18,32,35,28,60.6,true,unclassified,1780308014500
3912,node_01,1780308016,data_collection,cooking_fume,recovery,,false,false,,rule_fallback_v0,2936,4095,2510,3139,18,32,35,28,60.6,true,unclassified,1780308015522
3913,node_01,1780308017,data_collection,cooking_fume,recovery,,false,false,,rule_fallback_v0,2936,4095,2507,3139,18,32,35,28,60.6,true,unclassified,1780308016651
3914,node_01,1780308018,data_collection,cooking_fume,recovery,,false,false,,rule_fallback_v0,2934,4095,2512,3139,18,32,35,28,60.7,true,unclassified,1780308017675
3915,node_01,1780308019,data_collection,cooking_fume,recovery,,false,false,,rule_fallback_v0,2931,4095,2508,3139,18,32,36,28,60.7,true,unclassified,1780308018698
3916,node_01,1780308020,data_collection,cooking_fume,recovery,,false,false,,rule_fallback_v0,2934,4095,2507,3139,17,31,35,28,60.7,true,unclassified,1780308019697
3917,node_01,1780308021,data_collection,cooking_fume,recovery,,false,false,,rule_fallback_v0,2931,4095,2513,3139,17,31,35,28,60.7,true,unclassified,1780308020850
3918,node_01,1780308022,data_collection,cooking_fume,recovery,,false,false,,rule_fallback_v0,2936,4095,2508,3139,17,31,35,28,60.7,true,unclassified,1780308021873
3919,node_01,1780308023,data_collection,cooking_fume,recovery,,false,false,,rule_fallback_v0,2941,4095,2507,3139,18,32,36,28,60.7,true,unclassified,1780308022897
3920,node_01,1780308024,data_collection,cooking_fume,recovery,,false,false,,rule_fallback_v0,2932,4095,2507,3139,18,32,37,28,60.8,true,unclassified,1780308023923
3921,node_01,1780308025,data_collection,cooking_fume,recovery,,false,false,,rule_fallback_v0,2936,4095,2506,3139,18,32,37,28,60.8,true,unclassified,1780308024945
3922,node_01,1780308026,data_collection,cooking_fume,recovery,,false,false,,rule_fallback_v0,2931,4095,2509,3139,18,32,37,28,60.8,true,unclassified,1780308025974
3923,node_01,1780308027,data_collection,cooking_fume,recovery,,false,false,,rule_fallback_v0,2945,4095,2507,3139,18,32,37,28,60.9,true,unclassified,1780308027098
3924,node_01,1780308028,data_collection,cooking_fume,recovery,,false,false,,rule_fallback_v0,2934,4095,2510,3139,18,32,37,28,60.9,true,unclassified,1780308028119
3925,node_01,1780308029,data_collection,cooking_fume,recovery,,false,false,,rule_fallback_v0,2931,4095,2508,3139,17,31,36,28,60.9,true,unclassified,1780308029100
3926,node_01,1780308030,data_collection,cooking_fume,recovery,,false,false,,rule_fallback_v0,2928,4095,2509,3139,17,31,36,28,60.8,true,unclassified,1780308030169
3927,node_01,1780308031,data_collection,cooking_fume,recovery,,false,false,,rule_fallback_v0,2936,4095,2506,3139,17,31,36,28,60.8,true,unclassified,1780308031294
3928,node_01,1780308032,data_collection,cooking_fume,recovery,,false,false,,rule_fallback_v0,2929,4095,2507,3139,17,31,36,28,60.8,true,unclassified,1780308032317
3929,node_01,1780308033,data_collection,cooking_fume,recovery,,false,false,,rule_fallback_v0,2931,4095,2508,3139,18,31,37,28,60.8,true,unclassified,1780308033341
3930,node_01,1780308034,data_collection,cooking_fume,recovery,,false,false,,rule_fallback_v0,2928,4095,2509,3139,19,32,38,28,60.8,true,unclassified,1780308034372
3931,node_01,1780308035,data_collection,cooking_fume,recovery,,false,false,,rule_fallback_v0,2931,4095,2507,3139,19,32,38,28,60.8,true,unclassified,1780308035392
3932,node_01,1780308037,data_collection,cooking_fume,recovery,,false,false,,rule_fallback_v0,2934,4095,2508,3139,19,33,38,28,60.7,true,unclassified,1780308036417
3933,node_01,1780308038,data_collection,cooking_fume,recovery,,false,false,,rule_fallback_v0,2933,4095,2509,3139,19,33,38,28,60.7,true,unclassified,1780308037540
3934,node_01,1780308039,data_collection,cooking_fume,recovery,,false,false,,rule_fallback_v0,2931,4095,2510,3139,19,33,38,28,60.7,true,unclassified,1780308038533
3935,node_01,1780308040,data_collection,cooking_fume,recovery,,false,false,,rule_fallback_v0,2933,4095,2508,3139,19,33,38,28,60.8,true,unclassified,1780308039589
3936,node_01,1780308041,data_collection,cooking_fume,recovery,,false,false,,rule_fallback_v0,2931,4095,2508,3139,19,32,37,28,60.8,true,unclassified,1780308040595
3937,node_01,1780308042,data_collection,cooking_fume,recovery,,false,false,,rule_fallback_v0,2934,4095,2509,3139,19,32,37,28,60.8,true,unclassified,1780308041790
3938,node_01,1780308043,data_collection,cooking_fume,recovery,,false,false,,rule_fallback_v0,2932,4095,2508,3139,19,32,36,28,60.7,true,unclassified,1780308042691
3939,node_01,1780308044,data_collection,cooking_fume,recovery,,false,false,,rule_fallback_v0,2933,4095,2510,3139,18,31,35,28,60.7,true,unclassified,1780308043736
3940,node_01,1780308045,data_collection,cooking_fume,recovery,,false,false,,rule_fallback_v0,2931,4095,2508,3139,18,31,34,28,60.7,true,unclassified,1780308044813
3941,node_01,1780308046,data_collection,cooking_fume,recovery,,false,false,,rule_fallback_v0,2933,4095,2509,3139,18,31,34,28,60.8,true,unclassified,1780308045984
3942,node_01,1780308047,data_collection,cooking_fume,recovery,,false,false,,rule_fallback_v0,2933,4095,2509,3139,19,32,34,28,60.8,true,unclassified,1780308046961
3943,node_01,1780308048,data_collection,cooking_fume,recovery,,false,false,,rule_fallback_v0,2928,4095,2506,3139,19,32,34,28,60.8,true,unclassified,1780308048089
3944,node_01,1780308049,data_collection,cooking_fume,recovery,,false,false,,rule_fallback_v0,2930,4095,2510,3139,19,32,34,28,60.8,true,unclassified,1780308049014
3945,node_01,1780308050,data_collection,cooking_fume,recovery,,false,false,,rule_fallback_v0,2942,4095,2509,3139,18,31,32,28,60.8,true,unclassified,1780308050000
3946,node_01,1780308051,data_collection,cooking_fume,recovery,,false,false,,rule_fallback_v0,2935,4095,2511,3139,18,31,32,28,60.8,true,unclassified,1780308051162
3947,node_01,1780308052,data_collection,cooking_fume,recovery,,false,false,,rule_fallback_v0,2935,4095,2509,3139,18,31,32,28,60.6,true,unclassified,1780308052091
3948,node_01,1780308053,data_collection,cooking_fume,recovery,,false,false,,rule_fallback_v0,2931,4095,2509,3139,19,32,33,28,60.6,true,unclassified,1780308053134
3949,node_01,1780308054,data_collection,cooking_fume,recovery,,false,false,,rule_fallback_v0,2935,4095,2506,3139,19,32,33,28,60.6,true,unclassified,1780308054233
3950,node_01,1780308055,data_collection,cooking_fume,recovery,,false,false,,rule_fallback_v0,2930,4095,2507,3139,18,31,32,28,60.8,true,unclassified,1780308055256
3951,node_01,1780308056,data_collection,cooking_fume,recovery,,false,false,,rule_fallback_v0,2944,4095,2508,3139,18,31,32,28,60.8,true,unclassified,1780308056382
3952,node_01,1780308057,data_collection,cooking_fume,recovery,,false,false,,rule_fallback_v0,2929,4095,2507,3139,18,31,32,28,60.8,true,unclassified,1780308057409
3953,node_01,1780308058,data_collection,cooking_fume,recovery,,false,false,,rule_fallback_v0,2939,4095,2507,3139,18,31,32,28,60.7,true,unclassified,1780308058430
3954,node_01,1780308060,data_collection,cooking_fume,recovery,,false,false,,rule_fallback_v0,2934,4095,2510,3139,18,31,32,28,60.7,true,unclassified,1780308059455
3955,node_01,1780308061,data_collection,cooking_fume,recovery,,false,false,,rule_fallback_v0,2939,4095,2510,3139,18,31,32,28,60.7,true,unclassified,1780308060478
3956,node_01,1780308062,data_collection,cooking_fume,recovery,,false,false,,rule_fallback_v0,2929,4095,2509,3139,19,32,34,28,60.6,true,unclassified,1780308061604
3957,node_01,1780308063,data_collection,cooking_fume,recovery,,false,false,,rule_fallback_v0,2936,4095,2509,3139,19,32,34,28,60.6,true,unclassified,1780308062628
3958,node_01,1780308064,data_collection,cooking_fume,recovery,,false,false,,rule_fallback_v0,2934,4095,2510,3139,19,32,34,28,60.6,true,unclassified,1780308063655
3959,node_01,1780308065,data_collection,cooking_fume,recovery,,false,false,,rule_fallback_v0,2931,4095,2510,3139,19,32,34,28,60.6,true,unclassified,1780308064678
3960,node_01,1780308066,data_collection,cooking_fume,recovery,,false,false,,rule_fallback_v0,2924,4095,2507,3139,19,32,34,28,60.6,true,unclassified,1780308065803
3961,node_01,1780308067,data_collection,cooking_fume,recovery,,false,false,,rule_fallback_v0,2938,4095,2507,3139,19,32,34,28,60.6,true,unclassified,1780308066827
3962,node_01,1780308068,data_collection,cooking_fume,recovery,,false,false,,rule_fallback_v0,2930,4095,2507,3139,19,32,34,28,60.5,true,unclassified,1780308067769
3963,node_01,1780308069,data_collection,cooking_fume,recovery,,false,false,,rule_fallback_v0,2941,4095,2507,3139,19,32,34,28,60.5,true,unclassified,1780308068875
3964,node_01,1780308070,data_collection,cooking_fume,recovery,,false,false,,rule_fallback_v0,2931,4095,2508,3139,19,32,34,28,60.5,true,unclassified,1780308069899
3965,node_01,1780308071,data_collection,cooking_fume,recovery,,false,false,,rule_fallback_v0,2939,4095,2510,3139,18,32,34,28,60.7,true,unclassified,1780308070923
3966,node_01,1780308072,data_collection,cooking_fume,recovery,,false,false,,rule_fallback_v0,2933,4095,2507,3139,18,32,34,28,60.7,true,unclassified,1780308072049
3967,node_01,1780308073,data_collection,cooking_fume,recovery,,false,false,,rule_fallback_v0,2942,4095,2509,3139,18,32,34,28,60.7,true,unclassified,1780308073075
3968,node_01,1780308074,data_collection,cooking_fume,recovery,,false,false,,rule_fallback_v0,2930,4095,2508,3139,17,31,33,28,60.6,true,unclassified,1780308074041
3969,node_01,1780308075,data_collection,cooking_fume,recovery,,false,false,,rule_fallback_v0,2936,4095,2510,3139,17,31,33,28,60.6,true,unclassified,1780308075121
3970,node_01,1780308076,data_collection,cooking_fume,recovery,,false,false,,rule_fallback_v0,2931,4095,2510,3139,18,32,34,28,60.6,true,unclassified,1780308076147
3971,node_01,1780308077,data_collection,cooking_fume,recovery,,false,false,,rule_fallback_v0,2935,4095,2509,3139,18,32,34,28,60.7,true,unclassified,1780308077174
3972,node_01,1780308078,data_collection,cooking_fume,recovery,,false,false,,rule_fallback_v0,2931,4095,2509,3139,18,30,33,28,60.7,true,unclassified,1780308078215
3973,node_01,1780308079,data_collection,cooking_fume,recovery,,false,false,,rule_fallback_v0,2934,4095,2509,3139,17,29,32,28,60.7,true,unclassified,1780308079319
3974,node_01,1780308080,data_collection,cooking_fume,recovery,,false,false,,rule_fallback_v0,2934,4095,2508,3139,17,29,32,28,60.7,true,unclassified,1780308080343
3975,node_01,1780308081,data_collection,cooking_fume,recovery,,false,false,,rule_fallback_v0,2937,4095,2509,3139,17,29,32,28,60.7,true,unclassified,1780308081472
3976,node_01,1780308083,data_collection,cooking_fume,recovery,,false,false,,rule_fallback_v0,2930,4095,2506,3139,17,29,32,28,60.7,true,unclassified,1780308082550
3977,node_01,1780308084,data_collection,cooking_fume,recovery,,false,false,,rule_fallback_v0,2936,4095,2508,3139,17,29,32,28,60.6,true,unclassified,1780308083519
3978,node_01,1780308085,data_collection,cooking_fume,recovery,,false,false,,rule_fallback_v0,2928,4095,2511,3139,17,29,32,28,60.6,true,unclassified,1780308084542
3979,node_01,1780308086,data_collection,cooking_fume,recovery,,false,false,,rule_fallback_v0,2937,4095,2509,3139,18,30,33,28,60.6,true,unclassified,1780308085566
3980,node_01,1780308087,data_collection,cooking_fume,recovery,,false,false,,rule_fallback_v0,2930,4095,2509,3139,18,30,33,28,60.7,true,unclassified,1780308086692
3981,node_01,1780308088,data_collection,cooking_fume,recovery,,false,false,,rule_fallback_v0,2933,4095,2508,3139,17,30,33,28,60.7,true,unclassified,1780308087717
3982,node_01,1780308089,data_collection,cooking_fume,recovery,,false,false,,rule_fallback_v0,2930,4095,2511,3139,17,30,33,28,60.7,true,unclassified,1780308088713
3983,node_01,1780308090,data_collection,cooking_fume,recovery,,false,false,,rule_fallback_v0,2932,4095,2509,3139,17,30,33,28,60.6,true,unclassified,1780308089765
3984,node_01,1780308091,data_collection,cooking_fume,recovery,,false,false,,rule_fallback_v0,2930,4095,2506,3139,17,30,34,28,60.6,true,unclassified,1780308090790
3985,node_01,1780308092,data_collection,cooking_fume,recovery,,false,false,,rule_fallback_v0,2937,4095,2509,3139,17,30,34,28,60.6,true,unclassified,1780308091839
3986,node_01,1780308093,data_collection,cooking_fume,recovery,,false,false,,rule_fallback_v0,2930,4095,2507,3139,17,30,34,28,60.7,true,unclassified,1780308092847
3987,node_01,1780308094,data_collection,cooking_fume,recovery,,false,false,,rule_fallback_v0,2938,4095,2510,3139,16,30,34,28,60.7,true,unclassified,1780308093965
3988,node_01,1780308095,data_collection,cooking_fume,recovery,,false,false,,rule_fallback_v0,2932,4095,2510,3139,15,29,33,28,60.7,true,unclassified,1780308094939
3989,node_01,1780308096,data_collection,cooking_fume,recovery,,false,false,,rule_fallback_v0,2933,4095,2511,3139,15,31,33,28,60.7,true,unclassified,1780308096012
3990,node_01,1780308097,data_collection,cooking_fume,recovery,,false,false,,rule_fallback_v0,2928,4095,2508,3139,16,32,34,28,60.7,true,unclassified,1780308097139
3991,node_01,1780308098,data_collection,cooking_fume,recovery,,false,false,,rule_fallback_v0,2940,4095,2507,3139,16,32,34,28,60.7,true,unclassified,1780308098069
3992,node_01,1780308099,data_collection,cooking_fume,recovery,,false,false,,rule_fallback_v0,2929,4095,2511,3139,16,32,34,28,60.7,true,unclassified,1780308099187
3993,node_01,1780308100,data_collection,cooking_fume,recovery,,false,false,,rule_fallback_v0,2937,4095,2511,3139,15,29,33,28,60.7,true,unclassified,1780308100209
3994,node_01,1780308101,data_collection,cooking_fume,recovery,,false,false,,rule_fallback_v0,2930,4095,2502,3139,15,29,32,28,60.7,true,unclassified,1780308101233
3995,node_01,1780308102,data_collection,cooking_fume,recovery,,false,false,,rule_fallback_v0,2935,4095,2511,3139,15,29,32,28,60.8,true,unclassified,1780308102318
3996,node_01,1780308103,data_collection,cooking_fume,recovery,,false,false,,rule_fallback_v0,2932,4095,2509,3139,15,29,32,28,60.8,true,unclassified,1780308103384
3997,node_01,1780308104,data_collection,cooking_fume,recovery,,false,false,,rule_fallback_v0,2938,4095,2508,3139,15,29,32,28,60.8,true,unclassified,1780308104340
3998,node_01,1780308106,data_collection,cooking_fume,recovery,,false,false,,rule_fallback_v0,2928,4095,2509,3139,15,29,32,28,60.6,true,unclassified,1780308105431
3999,node_01,1780308107,data_collection,cooking_fume,recovery,,false,false,,rule_fallback_v0,2934,4095,2509,3139,16,30,33,28,60.6,true,unclassified,1780308106456
4000,node_01,1780308108,data_collection,cooking_fume,recovery,,false,false,,rule_fallback_v0,2932,4095,2511,3139,15,30,33,28,60.6,true,unclassified,1780308107582
4001,node_01,1780308109,data_collection,cooking_fume,recovery,,false,false,,rule_fallback_v0,2931,4095,2509,3139,15,30,33,28,60.6,true,unclassified,1780308108607
4002,node_01,1780308110,data_collection,cooking_fume,recovery,,false,false,,rule_fallback_v0,2933,4095,2509,3139,15,30,33,28,60.6,true,unclassified,1780308109634
4003,node_01,1780308111,data_collection,cooking_fume,recovery,,false,false,,rule_fallback_v0,2937,4095,2508,3139,15,30,33,28,60.6,true,unclassified,1780308110637
4004,node_01,1780308112,data_collection,cooking_fume,recovery,,false,false,,rule_fallback_v0,2932,4095,2508,3139,15,30,33,27.9,60.6,true,unclassified,1780308111681
4005,node_01,1780308113,data_collection,cooking_fume,recovery,,false,false,,rule_fallback_v0,2937,4095,2507,3139,15,30,33,27.9,60.6,true,unclassified,1780308112702
4006,node_01,1780308114,data_collection,cooking_fume,recovery,,false,false,,rule_fallback_v0,2933,4095,2506,3139,15,30,33,27.9,60.6,true,unclassified,1780308113740
4007,node_01,1780308115,data_collection,cooking_fume,recovery,,false,false,,rule_fallback_v0,2931,4095,2510,3139,15,30,33,28,60.6,true,unclassified,1780308114786
4008,node_01,1780308116,data_collection,cooking_fume,recovery,,false,false,,rule_fallback_v0,2931,4095,2508,3139,14,29,33,28,60.6,true,unclassified,1780308115875
4009,node_01,1780308117,data_collection,cooking_fume,recovery,,false,false,,rule_fallback_v0,2934,4095,2510,3139,14,29,33,28,60.6,true,unclassified,1780308116899
4010,node_01,1780308118,data_collection,cooking_fume,recovery,,false,false,,rule_fallback_v0,2932,4095,2507,3139,15,30,34,28,60.7,true,unclassified,1780308117918
4011,node_01,1780308119,data_collection,cooking_fume,recovery,,false,false,,rule_fallback_v0,2930,4095,2510,3139,15,30,34,28,60.7,true,unclassified,1780308118964
4012,node_01,1780308120,data_collection,cooking_fume,recovery,,false,false,,rule_fallback_v0,2936,4095,2507,3139,15,30,34,28,60.7,true,unclassified,1780308120079
4013,node_01,1780308121,data_collection,cooking_fume,recovery,,false,false,,rule_fallback_v0,2933,4095,2509,3139,15,30,34,28,60.6,true,unclassified,1780308121098
4014,node_01,1780308122,data_collection,cooking_fume,recovery,,false,false,,rule_fallback_v0,2932,4095,2509,3139,15,30,34,28,60.6,true,unclassified,1780308122097
4015,node_01,1780308123,data_collection,cooking_fume,recovery,,false,false,,rule_fallback_v0,2932,4095,2507,3139,15,30,34,28,60.6,true,unclassified,1780308123259
4016,node_01,1780308124,data_collection,cooking_fume,recovery,,false,false,,rule_fallback_v0,2930,4095,2511,3139,15,30,35,28,60.6,true,unclassified,1780308124276
4017,node_01,1780308125,data_collection,cooking_fume,recovery,,false,false,,rule_fallback_v0,2933,4095,2509,3139,15,30,35,28,60.6,true,unclassified,1780308125298
4018,node_01,1780308126,data_collection,cooking_fume,recovery,,false,false,,rule_fallback_v0,2928,4095,2511,3139,15,30,35,28,60.6,true,unclassified,1780308126277
4019,node_01,1780308127,data_collection,cooking_fume,recovery,,false,false,,rule_fallback_v0,2931,4095,2508,3139,14,31,34,28,60.7,true,unclassified,1780308127322
4020,node_01,1780308128,data_collection,cooking_fume,recovery,,false,false,,rule_fallback_v0,2928,4095,2510,3139,14,31,34,28,60.7,true,unclassified,1780308128471
4021,node_01,1780308130,data_collection,cooking_fume,recovery,,false,false,,rule_fallback_v0,2933,4095,2506,3139,14,31,34,28,60.7,true,unclassified,1780308129495
4022,node_01,1780308131,data_collection,cooking_fume,recovery,,false,false,,rule_fallback_v0,2931,4095,2508,3139,15,32,35,28,60.7,true,unclassified,1780308130521
4023,node_01,1780308132,data_collection,cooking_fume,recovery,,false,false,,rule_fallback_v0,2936,4095,2508,3139,15,30,34,28,60.7,true,unclassified,1780308131543
4024,node_01,1780308133,data_collection,cooking_fume,recovery,,false,false,,rule_fallback_v0,2931,4095,2510,3139,15,30,34,28,60.7,true,unclassified,1780308132568
4025,node_01,1780308134,data_collection,cooking_fume,recovery,,false,false,,rule_fallback_v0,2939,4095,2509,3139,14,29,33,28,60.7,true,unclassified,1780308133594
4026,node_01,1780308135,data_collection,cooking_fume,recovery,,false,false,,rule_fallback_v0,2929,4095,2511,3139,15,29,33,28,60.7,true,unclassified,1780308134718
4027,node_01,1780308136,data_collection,cooking_fume,recovery,,false,false,,rule_fallback_v0,2939,4095,2505,3139,15,31,34,28,60.7,true,unclassified,1780308135751
4028,node_01,1780308137,data_collection,cooking_fume,recovery,,false,false,,rule_fallback_v0,2934,4095,2507,3139,15,31,34,28,60.7,true,unclassified,1780308136730
4029,node_01,1780308138,data_collection,cooking_fume,recovery,,false,false,,rule_fallback_v0,2933,4095,2509,3139,15,31,34,28,60.7,true,unclassified,1780308137792
4030,node_01,1780308139,data_collection,cooking_fume,recovery,,false,false,,rule_fallback_v0,2928,4095,2507,3139,16,32,35,28,60.7,true,unclassified,1780308138918
4031,node_01,1780308140,data_collection,cooking_fume,recovery,,false,false,,rule_fallback_v0,2934,4095,2511,3139,16,32,35,28,60.7,true,unclassified,1780308139940
4032,node_01,1780308141,data_collection,cooking_fume,recovery,,false,false,,rule_fallback_v0,2935,4095,2509,3139,16,32,35,28,60.7,true,unclassified,1780308140964
4033,node_01,1780308142,data_collection,cooking_fume,recovery,,false,false,,rule_fallback_v0,2936,4095,2509,3139,17,32,35,28,60.7,true,unclassified,1780308141987
4034,node_01,1780308143,data_collection,cooking_fume,recovery,,false,false,,rule_fallback_v0,2932,4095,2507,3139,17,32,36,28,60.7,true,unclassified,1780308143012
4035,node_01,1780308144,data_collection,cooking_fume,recovery,,false,false,,rule_fallback_v0,2938,4095,2507,3139,17,32,36,28,60.7,true,unclassified,1780308144138
4036,node_01,1780308145,data_collection,cooking_fume,recovery,,false,false,,rule_fallback_v0,2930,4095,2506,3139,16,31,35,28,60.7,true,unclassified,1780308145165
4037,node_01,1780308146,data_collection,cooking_fume,recovery,,false,false,,rule_fallback_v0,2930,4095,2511,3139,16,31,35,27.9,60.6,true,unclassified,1780308146186
4038,node_01,1780308147,data_collection,cooking_fume,recovery,,false,false,,rule_fallback_v0,2931,4095,2510,3139,16,31,35,27.9,60.6,true,unclassified,1780308147178
4039,node_01,1780308148,data_collection,cooking_fume,recovery,,false,false,,rule_fallback_v0,2935,4095,2506,3139,16,31,35,27.9,60.6,true,unclassified,1780308148235
4040,node_01,1780308149,data_collection,cooking_fume,recovery,,false,false,,rule_fallback_v0,2933,4095,2507,3139,16,31,35,28,60.6,true,unclassified,1780308149270
4041,node_01,1780308150,data_collection,cooking_fume,recovery,,false,false,,rule_fallback_v0,2936,4095,2508,3139,17,31,35,28,60.6,true,unclassified,1780308150385
4042,node_01,1780308151,data_collection,cooking_fume,recovery,,false,false,,rule_fallback_v0,2931,4095,2509,3139,18,32,36,28,60.6,true,unclassified,1780308151408
4043,node_01,1780308153,data_collection,cooking_fume,recovery,,false,false,,rule_fallback_v0,2933,4095,2507,3139,18,32,36,28,60.8,true,unclassified,1780308152435
4044,node_01,1780308154,data_collection,cooking_fume,recovery,,false,false,,rule_fallback_v0,2930,4095,2507,3139,18,33,36,28,60.8,true,unclassified,1780308153456
4045,node_01,1780308155,data_collection,cooking_fume,recovery,,false,false,,rule_fallback_v0,2940,4095,2507,3139,18,33,36,28,60.8,true,unclassified,1780308154585
4046,node_01,1780308156,data_collection,cooking_fume,recovery,,false,false,,rule_fallback_v0,2929,4095,2509,3139,18,33,36,27.9,60.7,true,unclassified,1780308155536
4047,node_01,1780308157,data_collection,cooking_fume,recovery,,false,false,,rule_fallback_v0,2937,4095,2509,3139,18,33,36,27.9,60.7,true,unclassified,1780308156631
4048,node_01,1780308158,data_collection,cooking_fume,recovery,,false,false,,rule_fallback_v0,2933,4095,2506,3139,17,32,35,27.9,60.7,true,unclassified,1780308157655
4049,node_01,1780308159,data_collection,cooking_fume,recovery,,false,false,,rule_fallback_v0,2933,4095,2510,3139,17,32,35,27.9,60.6,true,unclassified,1780308158782
4050,node_01,1780308160,data_collection,cooking_fume,recovery,,false,false,,rule_fallback_v0,2933,4095,2508,3139,17,31,34,27.9,60.6,true,unclassified,1780308159805
4051,node_01,1780308161,data_collection,cooking_fume,recovery,,false,false,,rule_fallback_v0,2936,4095,2507,3139,17,31,34,27.9,60.6,true,unclassified,1780308160760
4052,node_01,1780308162,data_collection,cooking_fume,recovery,,false,false,,rule_fallback_v0,2930,4095,2509,3139,18,31,34,28,60.7,true,unclassified,1780308161854
4053,node_01,1780308163,data_collection,cooking_fume,recovery,,false,false,,rule_fallback_v0,2931,4095,2508,3139,19,32,35,28,60.7,true,unclassified,1780308162879
4054,node_01,1780308164,data_collection,cooking_fume,recovery,,false,false,,rule_fallback_v0,2931,4095,2511,3139,19,32,34,28,60.7,true,unclassified,1780308163896
4055,node_01,1780308165,data_collection,cooking_fume,recovery,,false,false,,rule_fallback_v0,2932,4095,2510,3139,19,32,34,27.9,60.5,true,unclassified,1780308165030
4056,node_01,1780308166,data_collection,cooking_fume,recovery,,false,false,,rule_fallback_v0,2932,4095,2507,3139,18,31,33,27.9,60.5,true,unclassified,1780308166051
4057,node_01,1780308167,data_collection,cooking_fume,recovery,,false,false,,rule_fallback_v0,2939,4095,2506,3139,18,31,33,27.9,60.5,true,unclassified,1780308167030
4058,node_01,1780308168,data_collection,cooking_fume,recovery,,false,false,,rule_fallback_v0,2932,4095,2508,3139,18,31,33,27.9,60.6,true,unclassified,1780308168085
4059,node_01,1780308169,data_collection,cooking_fume,recovery,,false,false,,rule_fallback_v0,2937,4095,2508,3139,19,32,34,27.9,60.6,true,unclassified,1780308169225
4060,node_01,1780308170,data_collection,cooking_fume,recovery,,false,false,,rule_fallback_v0,2929,4095,2509,3139,18,32,34,27.9,60.6,true,unclassified,1780308170249
4061,node_01,1780308171,data_collection,cooking_fume,recovery,,false,false,,rule_fallback_v0,2935,4095,2508,3139,18,32,34,28,60.6,true,unclassified,1780308171373
4062,node_01,1780308172,data_collection,cooking_fume,recovery,,false,false,,rule_fallback_v0,2936,4095,2510,3139,17,31,33,28,60.6,true,unclassified,1780308172269
4063,node_01,1780308173,data_collection,cooking_fume,recovery,,false,false,,rule_fallback_v0,2937,4095,2511,3139,17,31,32,28,60.6,true,unclassified,1780308173300
4064,node_01,1780308174,data_collection,cooking_fume,recovery,,false,false,,rule_fallback_v0,2926,4095,2508,3139,17,31,32,28,60.6,true,unclassified,1780308174345
4065,node_01,1780308176,data_collection,cooking_fume,recovery,,false,false,,rule_fallback_v0,2936,4095,2509,3139,18,32,33,28,60.6,true,unclassified,1780308175472
4066,node_01,1780308177,data_collection,cooking_fume,recovery,,false,false,,rule_fallback_v0,2934,4095,2508,3139,18,32,33,28,60.6,true,unclassified,1780308176435
4067,node_01,1780308178,data_collection,cooking_fume,recovery,,false,false,,rule_fallback_v0,2935,4095,2508,3139,18,32,33,28,60.6,true,unclassified,1780308177519
4068,node_01,1780308179,data_collection,cooking_fume,recovery,,false,false,,rule_fallback_v0,2929,4095,2509,3139,17,31,32,28,60.6,true,unclassified,1780308178545
4069,node_01,1780308180,data_collection,cooking_fume,recovery,,false,false,,rule_fallback_v0,2934,4095,2507,3139,17,31,32,28,60.6,true,unclassified,1780308179670
4070,node_01,1780308181,data_collection,cooking_fume,recovery,,false,false,,rule_fallback_v0,2927,4095,2508,3139,17,29,32,27.9,60.7,true,unclassified,1780308180695
4071,node_01,1780308182,data_collection,cooking_fume,recovery,,false,false,,rule_fallback_v0,2933,4095,2506,3139,17,29,32,27.9,60.7,true,unclassified,1780308181720
4072,node_01,1780308183,data_collection,cooking_fume,recovery,,false,false,,rule_fallback_v0,2928,4095,2509,3139,17,29,30,27.9,60.7,true,unclassified,1780308182742
4073,node_01,1780308184,data_collection,cooking_fume,recovery,,false,false,,rule_fallback_v0,2940,4095,2511,3139,18,30,33,28,60.6,true,unclassified,1780308183750
4074,node_01,1780308185,data_collection,cooking_fume,recovery,,false,false,,rule_fallback_v0,2930,4095,2509,3139,18,30,33,28,60.6,true,unclassified,1780308184796
4075,node_01,1780308186,data_collection,cooking_fume,recovery,,false,false,,rule_fallback_v0,2934,4095,2509,3139,18,30,33,28,60.6,true,unclassified,1780308185839
4076,node_01,1780308187,data_collection,cooking_fume,recovery,,false,false,,rule_fallback_v0,2929,4095,2510,3139,18,30,33,27.9,60.6,true,unclassified,1780308186940
4077,node_01,1780308188,data_collection,cooking_fume,recovery,,false,false,,rule_fallback_v0,2934,4095,2509,3139,18,30,33,27.9,60.6,true,unclassified,1780308187970
4078,node_01,1780308189,data_collection,cooking_fume,recovery,,false,false,,rule_fallback_v0,2925,4095,2511,3139,18,30,33,27.9,60.6,true,unclassified,1780308188989
4079,node_01,1780308190,data_collection,cooking_fume,recovery,,false,false,,rule_fallback_v0,2935,4095,2509,3139,18,30,33,27.9,60.7,true,unclassified,1780308190123
4080,node_01,1780308191,data_collection,cooking_fume,recovery,,false,false,,rule_fallback_v0,2937,4095,2510,3139,18,30,33,27.9,60.7,true,unclassified,1780308191063
4081,node_01,1780308192,data_collection,cooking_fume,recovery,,false,false,,rule_fallback_v0,2938,4095,2510,3139,18,30,33,27.9,60.7,true,unclassified,1780308192163
4082,node_01,1780308193,data_collection,cooking_fume,recovery,,false,false,,rule_fallback_v0,2933,4095,2510,3139,17,29,32,28,60.7,true,unclassified,1780308193188
4083,node_01,1780308194,data_collection,cooking_fume,recovery,,false,false,,rule_fallback_v0,2934,4095,2510,3139,17,29,32,28,60.7,true,unclassified,1780308194371
4084,node_01,1780308195,data_collection,cooking_fume,recovery,,false,false,,rule_fallback_v0,2930,4095,2510,3139,17,29,32,28,60.7,true,unclassified,1780308195242
4085,node_01,1780308196,data_collection,cooking_fume,recovery,,false,false,,rule_fallback_v0,2932,4095,2511,3139,18,30,33,27.9,60.7,true,unclassified,1780308196361
4086,node_01,1780308197,data_collection,cooking_fume,recovery,,false,false,,rule_fallback_v0,2935,4095,2511,3139,18,30,33,27.9,60.7,true,unclassified,1780308197336
4087,node_01,1780308199,data_collection,cooking_fume,recovery,,false,false,,rule_fallback_v0,2939,4095,2508,3139,18,30,33,27.9,60.7,true,unclassified,1780308198408
4088,node_01,1780308200,data_collection,cooking_fume,recovery,,false,false,,rule_fallback_v0,2935,4095,2509,3139,19,30,33,27.9,60.7,true,unclassified,1780308199434
4089,node_01,1780308201,data_collection,cooking_fume,recovery,,false,false,,rule_fallback_v0,2937,4095,2509,3139,19,30,33,27.9,60.7,true,unclassified,1780308200560
4090,node_01,1780308202,data_collection,cooking_fume,recovery,,false,false,,rule_fallback_v0,2935,4095,2510,3139,18,29,30,27.9,60.7,true,unclassified,1780308201584
4091,node_01,1780308203,data_collection,cooking_fume,recovery,,false,false,,rule_fallback_v0,2936,4095,2508,3139,18,29,30,28,60.6,true,unclassified,1780308202560
4092,node_01,1780308204,data_collection,cooking_fume,recovery,,false,false,,rule_fallback_v0,2934,4095,2508,3139,18,29,30,28,60.6,true,unclassified,1780308203632
4093,node_01,1780308205,data_collection,cooking_fume,recovery,,false,false,,rule_fallback_v0,2940,4095,2508,3139,19,30,31,28,60.6,true,unclassified,1780308204808
4094,node_01,1780308206,data_collection,cooking_fume,recovery,,false,false,,rule_fallback_v0,2934,4095,2507,3139,19,30,31,27.9,60.7,true,unclassified,1780308205758
4095,node_01,1780308207,data_collection,cooking_fume,recovery,,false,false,,rule_fallback_v0,2933,4095,2510,3139,19,30,31,27.9,60.7,true,unclassified,1780308206806
4096,node_01,1780308208,data_collection,cooking_fume,recovery,,false,false,,rule_fallback_v0,2929,4095,2508,3139,19,30,31,27.9,60.7,true,unclassified,1780308207830
4097,node_01,1780308209,data_collection,cooking_fume,recovery,,false,false,,rule_fallback_v0,2935,4095,2511,3139,19,30,31,27.9,60.6,true,unclassified,1780308208826
4098,node_01,1780308210,data_collection,cooking_fume,recovery,,false,false,,rule_fallback_v0,2932,4095,2511,3139,19,30,30,27.9,60.6,true,unclassified,1780308209873
4099,node_01,1780308211,data_collection,cooking_fume,recovery,,false,false,,rule_fallback_v0,2932,4095,2510,3139,18,29,29,27.9,60.6,true,unclassified,1780308211004
4100,node_01,1780308212,data_collection,cooking_fume,recovery,,false,false,,rule_fallback_v0,2927,4095,2509,3139,18,29,29,27.9,60.7,true,unclassified,1780308212029
4101,node_01,1780308213,data_collection,cooking_fume,recovery,,false,false,,rule_fallback_v0,2929,4095,2508,3139,18,29,29,27.9,60.7,true,unclassified,1780308213053
4102,node_01,1780308214,data_collection,cooking_fume,recovery,,false,false,,rule_fallback_v0,2931,4095,2509,3139,18,29,29,27.9,60.7,true,unclassified,1780308214052
4103,node_01,1780308215,data_collection,cooking_fume,recovery,,false,false,,rule_fallback_v0,2936,4095,2510,3139,18,29,29,27.9,60.6,true,unclassified,1780308215100
4104,node_01,1780308216,data_collection,cooking_fume,recovery,,false,false,,rule_fallback_v0,2927,4095,2509,3139,18,29,29,27.9,60.6,true,unclassified,1780308216228
4105,node_01,1780308217,data_collection,cooking_fume,recovery,,false,false,,rule_fallback_v0,2937,4095,2507,3139,17,29,30,27.9,60.6,true,unclassified,1780308217252
4106,node_01,1780308218,data_collection,cooking_fume,recovery,,false,false,,rule_fallback_v0,2929,4095,2509,3139,17,29,29,27.9,60.7,true,unclassified,1780308218276
4107,node_01,1780308219,data_collection,cooking_fume,recovery,,false,false,,rule_fallback_v0,2937,4095,2512,3139,17,29,29,27.9,60.7,true,unclassified,1780308219300
4108,node_01,1780308220,data_collection,cooking_fume,recovery,,false,false,,rule_fallback_v0,2936,4095,2513,3139,18,30,30,27.9,60.7,true,unclassified,1780308220426
4109,node_01,1780308221,data_collection,cooking_fume,recovery,,false,false,,rule_fallback_v0,2937,4095,2511,3139,18,30,30,27.9,60.7,true,unclassified,1780308221363
4110,node_01,1780308223,data_collection,cooking_fume,recovery,,false,false,,rule_fallback_v0,2930,4095,2507,3139,18,30,30,27.9,60.7,true,unclassified,1780308222411
4111,node_01,1780308224,data_collection,cooking_fume,recovery,,false,false,,rule_fallback_v0,2936,4095,2508,3139,18,30,30,27.9,60.7,true,unclassified,1780308223454
4112,node_01,1780308225,data_collection,cooking_fume,recovery,,false,false,,rule_fallback_v0,2930,4095,2511,3139,18,30,30,27.9,60.6,true,unclassified,1780308224522
4113,node_01,1780308226,data_collection,cooking_fume,recovery,,false,false,,rule_fallback_v0,2935,4095,2508,3139,17,29,29,27.9,60.6,true,unclassified,1780308225648
4114,node_01,1780308227,data_collection,cooking_fume,recovery,,false,false,,rule_fallback_v0,2937,4095,2510,3139,17,29,29,27.9,60.6,true,unclassified,1780308226672
4115,node_01,1780308228,data_collection,cooking_fume,recovery,,false,false,,rule_fallback_v0,2935,4095,2509,3139,17,29,29,27.9,60.6,true,unclassified,1780308227633
4116,node_01,1780308229,data_collection,cooking_fume,recovery,,false,false,,rule_fallback_v0,2933,4095,2507,3139,17,29,29,27.9,60.6,true,unclassified,1780308228679
4117,node_01,1780308230,data_collection,cooking_fume,recovery,,false,false,,rule_fallback_v0,2936,4095,2508,3139,17,29,29,27.9,60.6,true,unclassified,1780308229740
4118,node_01,1780308231,data_collection,cooking_fume,recovery,,false,false,,rule_fallback_v0,2930,4095,2508,3139,17,29,29,27.9,60.6,true,unclassified,1780308230766
4119,node_01,1780308232,data_collection,cooking_fume,recovery,,false,false,,rule_fallback_v0,2935,4095,2507,3139,17,29,29,27.9,60.6,true,unclassified,1780308231811
4120,node_01,1780308233,data_collection,cooking_fume,recovery,,false,false,,rule_fallback_v0,2932,4095,2506,3139,17,29,30,27.9,60.6,true,unclassified,1780308232919
4121,node_01,1780308234,data_collection,cooking_fume,recovery,,false,false,,rule_fallback_v0,2936,4095,2509,3139,17,29,30,27.9,60.7,true,unclassified,1780308233942
4122,node_01,1780308235,data_collection,cooking_fume,recovery,,false,false,,rule_fallback_v0,2929,4095,2508,3139,18,30,31,27.9,60.7,true,unclassified,1780308234966
4123,node_01,1780308236,data_collection,cooking_fume,recovery,,false,false,,rule_fallback_v0,2933,4095,2507,3139,18,30,31,27.9,60.7,true,unclassified,1780308235990
4124,node_01,1780308237,data_collection,cooking_fume,recovery,,false,false,,rule_fallback_v0,2928,4095,2512,3139,18,30,31,27.9,60.7,true,unclassified,1780308237127
4125,node_01,1780308238,data_collection,cooking_fume,recovery,,false,false,,rule_fallback_v0,2935,4095,2508,3139,17,29,30,27.9,60.7,true,unclassified,1780308238142
4126,node_01,1780308239,data_collection,cooking_fume,recovery,,false,false,,rule_fallback_v0,2931,4095,2509,3139,18,29,30,27.9,60.7,true,unclassified,1780308239164
4127,node_01,1780308240,data_collection,cooking_fume,recovery,,false,false,,rule_fallback_v0,2933,4095,2510,3139,18,29,30,27.9,60.8,true,unclassified,1780308240189
4128,node_01,1780308241,data_collection,cooking_fume,recovery,,false,false,,rule_fallback_v0,2932,4095,2509,3139,19,30,31,27.9,60.8,true,unclassified,1780308241216
4129,node_01,1780308242,data_collection,cooking_fume,recovery,,false,false,,rule_fallback_v0,2935,4095,2511,3139,19,29,30,27.9,60.8,true,unclassified,1780308242339
4130,node_01,1780308243,data_collection,cooking_fume,recovery,,false,false,,rule_fallback_v0,2931,4095,2512,3139,19,29,30,27.9,60.8,true,unclassified,1780308243364
4131,node_01,1780308244,data_collection,cooking_fume,recovery,,false,false,,rule_fallback_v0,2938,4095,2511,3139,19,29,30,27.9,60.8,true,unclassified,1780308244388
4132,node_01,1780308246,data_collection,cooking_fume,recovery,,false,false,,rule_fallback_v0,2933,4095,2512,3139,19,29,29,27.9,60.8,true,unclassified,1780308245411
4133,node_01,1780308247,data_collection,cooking_fume,recovery,,false,false,,rule_fallback_v0,2934,4095,2510,3139,18,27,28,27.9,60.8,true,unclassified,1780308246537
4134,node_01,1780308248,data_collection,cooking_fume,recovery,,false,false,,rule_fallback_v0,2933,4095,2507,3139,18,27,28,27.9,60.8,true,unclassified,1780308247614
4135,node_01,1780308249,data_collection,cooking_fume,recovery,,false,false,,rule_fallback_v0,2935,4095,2506,3139,18,27,27,27.9,60.8,true,unclassified,1780308248587
4136,node_01,1780308250,data_collection,cooking_fume,recovery,,false,false,,rule_fallback_v0,2933,4095,2508,3139,18,27,27,27.9,60.8,true,unclassified,1780308249606
4137,node_01,1780308251,data_collection,cooking_fume,recovery,,false,false,,rule_fallback_v0,2936,4095,2509,3139,18,27,27,27.9,60.8,true,unclassified,1780308250633
4138,node_01,1780308252,data_collection,cooking_fume,recovery,,false,false,,rule_fallback_v0,2933,4095,2509,3139,18,27,27,27.9,60.8,true,unclassified,1780308251665
4139,node_01,1780308253,data_collection,cooking_fume,recovery,,false,false,,rule_fallback_v0,2934,4095,2509,3139,18,27,27,27.9,60.9,true,unclassified,1780308252785
4140,node_01,1780308254,data_collection,cooking_fume,recovery,,false,false,,rule_fallback_v0,2933,4095,2509,3139,18,27,27,27.9,60.9,true,unclassified,1780308253760
4141,node_01,1780308255,data_collection,cooking_fume,recovery,,false,false,,rule_fallback_v0,2933,4095,2508,3139,18,28,28,27.9,60.9,true,unclassified,1780308254831
4142,node_01,1780308256,data_collection,cooking_fume,recovery,,false,false,,rule_fallback_v0,2927,4095,2509,3139,18,29,29,27.9,60.9,true,unclassified,1780308255958
4143,node_01,1780308257,data_collection,cooking_fume,recovery,,false,false,,rule_fallback_v0,2933,4095,2508,3139,18,29,29,27.9,60.9,true,unclassified,1780308256982
4144,node_01,1780308258,data_collection,cooking_fume,recovery,,false,false,,rule_fallback_v0,2935,4095,2507,3139,18,29,29,27.9,60.9,true,unclassified,1780308258006
4145,node_01,1780308259,data_collection,cooking_fume,recovery,,false,false,,rule_fallback_v0,2937,4095,2508,3139,18,28,28,27.9,60.8,true,unclassified,1780308259031
4146,node_01,1780308260,data_collection,cooking_fume,recovery,,false,false,,rule_fallback_v0,2932,4095,2509,3139,18,28,28,27.9,60.8,true,unclassified,1780308260054
4147,node_01,1780308261,data_collection,cooking_fume,recovery,,false,false,,rule_fallback_v0,2936,4095,2508,3139,18,28,28,27.9,60.8,true,unclassified,1780308261080
4148,node_01,1780308262,data_collection,cooking_fume,recovery,,false,false,,rule_fallback_v0,2930,4095,2509,3139,17,27,27,27.9,60.9,true,unclassified,1780308262204
4149,node_01,1780308263,data_collection,cooking_fume,recovery,,false,false,,rule_fallback_v0,2939,4095,2510,3139,17,27,28,27.9,60.9,true,unclassified,1780308263229
4150,node_01,1780308264,data_collection,cooking_fume,recovery,,false,false,,rule_fallback_v0,2932,4095,2507,3139,18,28,29,27.9,60.9,true,unclassified,1780308264253
4151,node_01,1780308265,data_collection,cooking_fume,recovery,,false,false,,rule_fallback_v0,2939,4095,2508,3139,18,28,29,27.9,61,true,unclassified,1780308265277
4152,node_01,1780308266,data_collection,cooking_fume,recovery,,false,false,,rule_fallback_v0,2930,4095,2509,3139,18,28,29,27.9,61,true,unclassified,1780308266405
4153,node_01,1780308267,data_collection,cooking_fume,recovery,,false,false,,rule_fallback_v0,2938,4095,2508,3139,18,28,29,27.9,61,true,unclassified,1780308267427
4154,node_01,1780308269,data_collection,cooking_fume,recovery,,false,false,,rule_fallback_v0,2928,4095,2508,3139,17,28,29,27.9,60.9,true,unclassified,1780308268452
4155,node_01,1780308270,data_collection,cooking_fume,recovery,,false,false,,rule_fallback_v0,2931,4095,2508,3139,17,28,29,27.9,60.9,true,unclassified,1780308269475
4156,node_01,1780308271,data_collection,cooking_fume,recovery,,false,false,,rule_fallback_v0,2932,4095,2508,3139,16,27,28,27.9,60.9,true,unclassified,1780308270500
4157,node_01,1780308272,data_collection,cooking_fume,recovery,,false,false,,rule_fallback_v0,2937,4095,2509,3139,16,27,28,27.9,61.2,true,unclassified,1780308271625
4158,node_01,1780308273,data_collection,cooking_fume,recovery,,false,false,,rule_fallback_v0,2931,4095,2508,3139,16,27,28,27.9,61.2,true,unclassified,1780308272569
4159,node_01,1780308274,data_collection,cooking_fume,recovery,,false,false,,rule_fallback_v0,2937,4095,2507,3139,16,27,27,27.9,61.2,true,unclassified,1780308273676
4160,node_01,1780308275,data_collection,cooking_fume,recovery,,false,false,,rule_fallback_v0,2929,4095,2509,3139,16,26,27,27.9,61.3,true,unclassified,1780308274699
4161,node_01,1780308276,data_collection,cooking_fume,recovery,,false,false,,rule_fallback_v0,2937,4095,2509,3139,16,26,27,27.9,61.3,true,unclassified,1780308275696
4162,node_01,1780308277,data_collection,cooking_fume,recovery,,false,false,,rule_fallback_v0,2930,4095,2508,3139,16,27,27,27.9,61.3,true,unclassified,1780308276745
4163,node_01,1780308278,data_collection,cooking_fume,recovery,,false,false,,rule_fallback_v0,2936,4095,2510,3139,15,27,28,27.9,61.6,true,unclassified,1780308278087
4164,node_01,1780308279,data_collection,cooking_fume,recovery,,false,false,,rule_fallback_v0,2933,4095,2510,3139,15,27,28,27.9,61.6,true,unclassified,1780308278896
4165,node_01,1780308280,data_collection,cooking_fume,recovery,,false,false,,rule_fallback_v0,2933,4095,2510,3139,15,27,28,27.9,61.6,true,unclassified,1780308279920
4166,node_01,1780308281,data_collection,cooking_fume,recovery,,false,false,,rule_fallback_v0,2925,4095,2509,3139,15,27,28,27.9,61.8,true,unclassified,1780308280944
4167,node_01,1780308282,data_collection,cooking_fume,recovery,,false,false,,rule_fallback_v0,2937,4095,2508,3139,16,27,28,27.9,61.8,true,unclassified,1780308282069
4168,node_01,1780308283,data_collection,cooking_fume,recovery,,false,false,,rule_fallback_v0,2932,4095,2508,3139,17,28,29,27.9,61.8,true,unclassified,1780308283094
4169,node_01,1780308284,data_collection,cooking_fume,recovery,,false,false,,rule_fallback_v0,2933,4095,2509,3139,17,28,29,27.9,62,true,unclassified,1780308284055
4170,node_01,1780308285,data_collection,cooking_fume,recovery,,false,false,,rule_fallback_v0,2936,4095,2508,3139,17,28,29,27.9,62,true,unclassified,1780308285142
4171,node_01,1780308286,data_collection,cooking_fume,recovery,,false,false,,rule_fallback_v0,2934,4095,2507,3139,17,28,29,27.9,62,true,unclassified,1780308286170
4172,node_01,1780308287,data_collection,cooking_fume,recovery,,false,false,,rule_fallback_v0,2932,4095,2509,3139,16,27,28,27.9,62,true,unclassified,1780308287292
4173,node_01,1780308288,data_collection,cooking_fume,recovery,,false,false,,rule_fallback_v0,2935,4095,2509,3139,16,27,28,27.9,62,true,unclassified,1780308288234
4174,node_01,1780308289,data_collection,cooking_fume,recovery,,false,false,,rule_fallback_v0,2935,4095,2509,3139,16,27,28,27.9,62,true,unclassified,1780308289281
4175,node_01,1780308290,data_collection,cooking_fume,recovery,,false,false,,rule_fallback_v0,2937,4095,2510,3139,16,27,28,27.9,62.2,true,unclassified,1780308290364
4176,node_01,1780308291,data_collection,cooking_fume,recovery,,false,false,,rule_fallback_v0,2936,4095,2508,3139,16,27,27,27.9,62.2,true,unclassified,1780308291389
4177,node_01,1780308293,data_collection,cooking_fume,recovery,,false,false,,rule_fallback_v0,2937,4095,2507,3139,16,27,27,27.9,62.2,true,unclassified,1780308292516
4178,node_01,1780308294,data_collection,cooking_fume,recovery,,false,false,,rule_fallback_v0,2924,4095,2510,3139,16,27,27,27.9,62.1,true,unclassified,1780308293540
4179,node_01,1780308295,data_collection,cooking_fume,recovery,,false,false,,rule_fallback_v0,2936,4095,2508,3139,15,26,26,27.9,62.1,true,unclassified,1780308294562
4180,node_01,1780308296,data_collection,cooking_fume,recovery,,false,false,,rule_fallback_v0,2929,4095,2510,3139,14,26,26,27.9,62.1,true,unclassified,1780308295588
4181,node_01,1780308297,data_collection,cooking_fume,recovery,,false,false,,rule_fallback_v0,2935,4095,2508,3139,14,26,26,27.9,62.1,true,unclassified,1780308296611
4182,node_01,1780308298,data_collection,cooking_fume,recovery,,false,false,,rule_fallback_v0,2932,4095,2508,3139,14,26,26,27.9,62.1,true,unclassified,1780308297637
4183,node_01,1780308299,data_collection,cooking_fume,recovery,,false,false,,rule_fallback_v0,2934,4095,2509,3139,14,26,26,27.9,62.1,true,unclassified,1780308298754
4184,node_01,1780308300,data_collection,cooking_fume,recovery,,false,false,,rule_fallback_v0,2927,4095,2510,3139,14,26,26,27.9,62,true,unclassified,1780308299785
4185,node_01,1780308301,data_collection,cooking_fume,recovery,,false,false,,rule_fallback_v0,2936,4095,2508,3139,15,27,27,27.9,62,true,unclassified,1780308300810
4186,node_01,1780308302,data_collection,cooking_fume,recovery,,false,false,,rule_fallback_v0,2930,4095,2508,3139,14,27,27,27.9,62,true,unclassified,1780308301831
4187,node_01,1780308303,data_collection,cooking_fume,recovery,,false,false,,rule_fallback_v0,2937,4095,2510,3139,14,27,27,27.9,62,true,unclassified,1780308302960
4188,node_01,1780308304,data_collection,cooking_fume,recovery,,false,false,,rule_fallback_v0,2934,4095,2507,3139,13,27,27,27.9,62,true,unclassified,1780308303985
4189,node_01,1780308305,data_collection,cooking_fume,recovery,,false,false,,rule_fallback_v0,2936,4095,2509,3139,13,27,27,27.9,62,true,unclassified,1780308305009
4190,node_01,1780308306,data_collection,cooking_fume,recovery,,false,false,,rule_fallback_v0,2934,4095,2509,3139,13,27,27,27.9,62.1,true,unclassified,1780308306019
4191,node_01,1780308307,data_collection,cooking_fume,recovery,,false,false,,rule_fallback_v0,2931,4095,2511,3139,13,27,27,27.9,62.1,true,unclassified,1780308307056
4192,node_01,1780308308,data_collection,cooking_fume,recovery,,false,false,,rule_fallback_v0,2933,4095,2509,3139,13,27,27,27.9,62.1,true,unclassified,1780308308086
4193,node_01,1780308309,data_collection,cooking_fume,recovery,,false,false,,rule_fallback_v0,2941,4095,2506,3139,13,28,28,27.9,62.2,true,unclassified,1780308309208
4194,node_01,1780308310,data_collection,cooking_fume,recovery,,false,false,,rule_fallback_v0,2931,4095,2506,3139,13,28,28,27.9,62.2,true,unclassified,1780308310231
4195,node_01,1780308311,data_collection,cooking_fume,recovery,,false,false,,rule_fallback_v0,2936,4095,2509,3139,13,28,28,27.9,62.2,true,unclassified,1780308311256
4196,node_01,1780308312,data_collection,cooking_fume,recovery,,false,false,,rule_fallback_v0,2931,4095,2507,3139,12,27,27,27.9,62.1,true,unclassified,1780308312282
4197,node_01,1780308313,data_collection,cooking_fume,recovery,,false,false,,rule_fallback_v0,2935,4095,2507,3139,12,27,27,27.9,62.1,true,unclassified,1780308313310
4198,node_01,1780308314,data_collection,cooking_fume,recovery,,false,false,,rule_fallback_v0,2938,4095,2509,3139,12,27,27,27.9,62.1,true,unclassified,1780308314430
4199,node_01,1780308316,data_collection,cooking_fume,recovery,,false,false,,rule_fallback_v0,2933,4095,2510,3139,12,27,27,27.9,62.1,true,unclassified,1780308315452
4200,node_01,1780308317,data_collection,cooking_fume,recovery,,false,false,,rule_fallback_v0,2933,4095,2510,3139,12,27,27,27.9,62.1,true,unclassified,1780308316478
4201,node_01,1780308318,data_collection,cooking_fume,recovery,,false,false,,rule_fallback_v0,2932,4095,2509,3139,12,27,27,27.9,62.1,true,unclassified,1780308317503
4202,node_01,1780308319,data_collection,cooking_fume,recovery,,false,false,,rule_fallback_v0,2932,4095,2509,3139,12,28,28,27.9,62.1,true,unclassified,1780308318679
4203,node_01,1780308320,data_collection,cooking_fume,recovery,,false,false,,rule_fallback_v0,2938,4095,2510,3139,12,28,28,27.9,62.1,true,unclassified,1780308319650
4204,node_01,1780308321,data_collection,cooking_fume,recovery,,false,false,,rule_fallback_v0,2930,4095,2510,3139,12,28,28,27.9,62.1,true,unclassified,1780308320675
4205,node_01,1780308322,data_collection,cooking_fume,recovery,,false,false,,rule_fallback_v0,2934,4095,2512,3139,14,29,29,27.9,62.1,true,unclassified,1780308321665
4206,node_01,1780308323,data_collection,cooking_fume,recovery,,false,false,,rule_fallback_v0,2936,4095,2513,3139,14,30,30,27.9,62.1,true,unclassified,1780308322725
4207,node_01,1780308324,data_collection,cooking_fume,recovery,,false,false,,rule_fallback_v0,2940,4095,2510,3139,14,30,30,27.9,62.1,true,unclassified,1780308323850
4208,node_01,1780308325,data_collection,cooking_fume,recovery,,false,false,,rule_fallback_v0,2936,4095,2508,3139,13,29,29,27.8,62.3,true,unclassified,1780308324875
4209,node_01,1780308326,data_collection,cooking_fume,recovery,,false,false,,rule_fallback_v0,2936,4095,2509,3139,13,29,29,27.8,62.3,true,unclassified,1780308325897
4210,node_01,1780308327,data_collection,cooking_fume,recovery,,false,false,,rule_fallback_v0,2933,4095,2508,3139,15,30,30,27.8,62.3,true,unclassified,1780308326921
4211,node_01,1780308328,data_collection,cooking_fume,recovery,,false,false,,rule_fallback_v0,2937,4095,2509,3139,15,30,30,27.9,62.1,true,unclassified,1780308327946
4212,node_01,1780308329,data_collection,cooking_fume,recovery,,false,false,,rule_fallback_v0,2932,4095,2507,3139,15,30,30,27.9,62.1,true,unclassified,1780308328978
4213,node_01,1780308330,data_collection,cooking_fume,recovery,,false,false,,rule_fallback_v0,2940,4095,2510,3139,15,30,30,27.9,62.1,true,unclassified,1780308330096
4214,node_01,1780308331,data_collection,cooking_fume,recovery,,false,false,,rule_fallback_v0,2930,4095,2508,3139,15,30,30,27.9,62.2,true,unclassified,1780308331120
4215,node_01,1780308332,data_collection,cooking_fume,recovery,,false,false,,rule_fallback_v0,2938,4095,2509,3139,15,30,30,27.9,62.2,true,unclassified,1780308332113
4216,node_01,1780308333,data_collection,cooking_fume,recovery,,false,false,,rule_fallback_v0,2934,4095,2509,3139,14,29,29,27.9,62.2,true,unclassified,1780308333168
4217,node_01,1780308334,data_collection,cooking_fume,recovery,,false,false,,rule_fallback_v0,2936,4095,2509,3139,14,29,29,27.9,62.4,true,unclassified,1780308334201
4218,node_01,1780308335,data_collection,cooking_fume,recovery,,false,false,,rule_fallback_v0,2933,4095,2510,3139,14,29,29,27.9,62.4,true,unclassified,1780308335321
4219,node_01,1780308336,data_collection,cooking_fume,recovery,,false,false,,rule_fallback_v0,2937,4095,2509,3139,15,30,30,27.9,62.4,true,unclassified,1780308336296
4220,node_01,1780308337,data_collection,cooking_fume,recovery,,false,false,,rule_fallback_v0,2933,4095,2509,3139,15,30,30,27.9,62.5,true,unclassified,1780308337366
4221,node_01,1780308339,data_collection,cooking_fume,recovery,,false,false,,rule_fallback_v0,2935,4095,2509,3139,15,30,30,27.9,62.5,true,unclassified,1780308338391
4222,node_01,1780308340,data_collection,cooking_fume,recovery,,false,false,,rule_fallback_v0,2929,4095,2510,3139,15,29,29,27.9,62.5,true,unclassified,1780308339520
4223,node_01,1780308341,data_collection,cooking_fume,recovery,,false,false,,rule_fallback_v0,2938,4095,2509,3139,15,29,29,27.9,62.7,true,unclassified,1780308340540
4224,node_01,1780308342,data_collection,cooking_fume,recovery,,false,false,,rule_fallback_v0,2935,4095,2509,3139,15,29,29,27.9,62.7,true,unclassified,1780308341564
4225,node_01,1780308343,data_collection,cooking_fume,recovery,,false,false,,rule_fallback_v0,2939,4095,2508,3139,14,28,28,27.9,62.7,true,unclassified,1780308342569
4226,node_01,1780308344,data_collection,cooking_fume,recovery,,false,false,,rule_fallback_v0,2933,4095,2510,3139,14,28,28,27.8,62.8,true,unclassified,1780308343612
4227,node_01,1780308345,data_collection,cooking_fume,recovery,,false,false,,rule_fallback_v0,2936,4095,2508,3139,14,28,28,27.8,62.8,true,unclassified,1780308344647
4228,node_01,1780308346,data_collection,cooking_fume,recovery,,false,false,,rule_fallback_v0,2933,4095,2510,3139,15,29,30,27.8,62.8,true,unclassified,1780308345766
4229,node_01,1780308347,data_collection,cooking_fume,recovery,,false,false,,rule_fallback_v0,2935,4095,2510,3139,15,29,30,27.9,62.9,true,unclassified,1780308346765
4230,node_01,1780308348,data_collection,cooking_fume,recovery,,false,false,,rule_fallback_v0,2931,4095,2508,3139,15,29,30,27.9,62.9,true,unclassified,1780308347811
4231,node_01,1780308349,data_collection,cooking_fume,recovery,,false,false,,rule_fallback_v0,2939,4095,2507,3139,15,30,30,27.9,62.9,true,unclassified,1780308348824
4232,node_01,1780308350,data_collection,cooking_fume,recovery,,false,false,,rule_fallback_v0,2930,4095,2508,3139,15,30,30,27.8,62.9,true,unclassified,1780308349868
4233,node_01,1780308351,data_collection,cooking_fume,recovery,,false,false,,rule_fallback_v0,2934,4095,2509,3139,15,30,31,27.8,62.9,true,unclassified,1780308350911
4234,node_01,1780308352,data_collection,cooking_fume,recovery,,false,false,,rule_fallback_v0,2933,4095,2507,3139,15,30,31,27.8,62.9,true,unclassified,1780308352009
4235,node_01,1780308353,data_collection,cooking_fume,recovery,,false,false,,rule_fallback_v0,2937,4095,2509,3139,15,30,31,27.9,63,true,unclassified,1780308353033
4236,node_01,1780308354,data_collection,cooking_fume,recovery,,false,false,,rule_fallback_v0,2931,4095,2509,3139,15,30,31,27.9,63,true,unclassified,1780308354046
4237,node_01,1780308355,data_collection,cooking_fume,recovery,,false,false,,rule_fallback_v0,2935,4095,2507,3139,15,30,31,27.9,63,true,unclassified,1780308355157
4238,node_01,1780308356,data_collection,cooking_fume,recovery,,false,false,,rule_fallback_v0,2934,4095,2508,3139,15,30,31,27.9,62.9,true,unclassified,1780308356137
4239,node_01,1780308357,data_collection,cooking_fume,recovery,,false,false,,rule_fallback_v0,2935,4095,2509,3139,14,29,30,27.9,62.9,true,unclassified,1780308357183
4240,node_01,1780308358,data_collection,cooking_fume,recovery,,false,false,,rule_fallback_v0,2931,4095,2512,3139,14,29,30,27.9,62.9,true,unclassified,1780308358240
4241,node_01,1780308359,data_collection,cooking_fume,recovery,,false,false,,rule_fallback_v0,2940,4095,2507,3139,14,29,32,27.8,62.8,true,unclassified,1780308359274
4242,node_01,1780308360,data_collection,cooking_fume,recovery,,false,false,,rule_fallback_v0,2929,4095,2508,3139,16,32,33,27.8,62.8,true,unclassified,1780308360315
4243,node_01,1780308361,data_collection,cooking_fume,recovery,,false,false,,rule_fallback_v0,2933,4095,2507,3139,16,32,33,27.8,62.8,true,unclassified,1780308361430
4244,node_01,1780308363,data_collection,cooking_fume,recovery,,false,false,,rule_fallback_v0,2929,4095,2509,3139,16,32,34,27.8,62.8,true,unclassified,1780308362454
4245,node_01,1780308364,data_collection,cooking_fume,recovery,,false,false,,rule_fallback_v0,2937,4095,2508,3139,15,31,33,27.8,62.8,true,unclassified,1780308363482
4246,node_01,1780308365,data_collection,cooking_fume,recovery,,false,false,,rule_fallback_v0,2929,4095,2508,3139,15,31,33,27.8,62.8,true,unclassified,1780308364605
4247,node_01,1780308366,data_collection,cooking_fume,recovery,,false,false,,rule_fallback_v0,2933,4095,2509,3139,15,31,33,27.8,62.6,true,unclassified,1780308365628
4248,node_01,1780308367,data_collection,cooking_fume,recovery,,false,false,,rule_fallback_v0,2934,4095,2509,3139,15,31,33,27.8,62.6,true,unclassified,1780308366652
4249,node_01,1780308368,data_collection,cooking_fume,recovery,,false,false,,rule_fallback_v0,2938,4095,2511,3139,15,31,34,27.8,62.6,true,unclassified,1780308367678
4250,node_01,1780308369,data_collection,cooking_fume,recovery,,false,false,,rule_fallback_v0,2926,4095,2510,3139,16,32,35,27.8,62.6,true,unclassified,1780308368670
4251,node_01,1780308370,data_collection,cooking_fume,recovery,,false,false,,rule_fallback_v0,2931,4095,2506,3139,17,32,35,27.8,62.6,true,unclassified,1780308369721
4252,node_01,1780308371,data_collection,cooking_fume,recovery,,false,false,,rule_fallback_v0,2931,4095,2508,3139,17,32,35,27.8,62.6,true,unclassified,1780308370769
4253,node_01,1780308372,data_collection,cooking_fume,recovery,,false,false,,rule_fallback_v0,2937,4095,2510,3139,17,32,35,27.8,62.7,true,unclassified,1780308371874
4254,node_01,1780308373,data_collection,cooking_fume,recovery,,false,false,,rule_fallback_v0,2931,4095,2506,3139,17,32,34,27.8,62.7,true,unclassified,1780308372899
4255,node_01,1780308374,data_collection,cooking_fume,recovery,,false,false,,rule_fallback_v0,2935,4095,2506,3139,17,32,34,27.8,62.7,true,unclassified,1780308373895
4256,node_01,1780308375,data_collection,cooking_fume,recovery,,false,false,,rule_fallback_v0,2930,4095,2510,3139,16,31,33,27.9,62.8,true,unclassified,1780308375048
4257,node_01,1780308376,data_collection,cooking_fume,recovery,,false,false,,rule_fallback_v0,2936,4095,2510,3139,16,31,33,27.9,62.8,true,unclassified,1780308376074
4258,node_01,1780308377,data_collection,cooking_fume,recovery,,false,false,,rule_fallback_v0,2933,4095,2511,3139,16,31,33,27.9,62.8,true,unclassified,1780308377028
4259,node_01,1780308378,data_collection,cooking_fume,recovery,,false,false,,rule_fallback_v0,2932,4095,2506,3139,17,32,34,27.9,62.8,true,unclassified,1780308378121
4260,node_01,1780308379,data_collection,cooking_fume,recovery,,false,false,,rule_fallback_v0,2930,4095,2509,3139,17,32,34,27.9,62.8,true,unclassified,1780308379145
4261,node_01,1780308380,data_collection,cooking_fume,recovery,,false,false,,rule_fallback_v0,2937,4095,2508,3139,17,32,34,27.9,62.8,true,unclassified,1780308380169
4262,node_01,1780308381,data_collection,cooking_fume,recovery,,false,false,,rule_fallback_v0,2931,4095,2509,3139,16,31,33,27.9,63.1,true,unclassified,1780308381297
4263,node_01,1780308382,data_collection,cooking_fume,recovery,,false,false,,rule_fallback_v0,2936,4095,2506,3139,16,31,33,27.9,63.1,true,unclassified,1780308382319
4264,node_01,1780308383,data_collection,cooking_fume,recovery,,false,false,,rule_fallback_v0,2927,4095,2508,3139,16,29,33,27.9,63.1,true,unclassified,1780308383349
4265,node_01,1780308384,data_collection,cooking_fume,recovery,,false,false,,rule_fallback_v0,2936,4095,2508,3139,16,29,33,27.9,63.3,true,unclassified,1780308384367
4266,node_01,1780308386,data_collection,cooking_fume,recovery,,false,false,,rule_fallback_v0,2928,4095,2509,3139,16,29,32,27.9,63.3,true,unclassified,1780308385386
4267,node_01,1780308387,data_collection,cooking_fume,recovery,,false,false,,rule_fallback_v0,2934,4095,2508,3139,16,29,32,27.9,63.3,true,unclassified,1780308386520
4268,node_01,1780308388,data_collection,cooking_fume,recovery,,false,false,,rule_fallback_v0,2932,4095,2508,3139,16,29,32,27.9,63.4,true,unclassified,1780308387542
4269,node_01,1780308389,data_collection,cooking_fume,recovery,,false,false,,rule_fallback_v0,2937,4095,2507,3139,16,29,32,27.9,63.4,true,unclassified,1780308388572
4270,node_01,1780308390,data_collection,cooking_fume,recovery,,false,false,,rule_fallback_v0,2936,4095,2507,3139,17,29,32,27.9,63.4,true,unclassified,1780308389592
4271,node_01,1780308391,data_collection,cooking_fume,recovery,,false,false,,rule_fallback_v0,2936,4095,2512,3139,17,28,30,27.8,63.8,true,unclassified,1780308390608
4272,node_01,1780308392,data_collection,cooking_fume,recovery,,false,false,,rule_fallback_v0,2925,4095,2509,3139,17,28,30,27.8,63.8,true,unclassified,1780308391740
4273,node_01,1780308393,data_collection,cooking_fume,recovery,,false,false,,rule_fallback_v0,2935,4095,2507,3139,18,29,31,27.8,63.8,true,unclassified,1780308392764
4274,node_01,1780308394,data_collection,cooking_fume,recovery,,false,false,,rule_fallback_v0,2936,4095,2507,3139,18,29,31,27.8,64,true,unclassified,1780308393791
4275,node_01,1780308395,data_collection,cooking_fume,recovery,,false,false,,rule_fallback_v0,2934,4095,2507,3139,18,29,31,27.8,64,true,unclassified,1780308394783
4276,node_01,1780308396,data_collection,cooking_fume,recovery,,false,false,,rule_fallback_v0,2928,4095,2507,3139,18,29,31,27.8,64,true,unclassified,1780308395931
4277,node_01,1780308397,data_collection,cooking_fume,recovery,,false,false,,rule_fallback_v0,2938,4095,2512,3139,18,29,31,27.8,63.9,true,unclassified,1780308396964
4278,node_01,1780308398,data_collection,cooking_fume,recovery,,false,false,,rule_fallback_v0,2927,4095,2509,3139,18,29,31,27.8,63.9,true,unclassified,1780308397988
4279,node_01,1780308399,data_collection,cooking_fume,recovery,,false,false,,rule_fallback_v0,2938,4095,2509,3139,18,29,31,27.8,63.9,true,unclassified,1780308399010
4280,node_01,1780308400,data_collection,cooking_fume,recovery,,false,false,,rule_fallback_v0,2931,4095,2512,3139,18,29,31,27.8,63.9,true,unclassified,1780308400146
4281,node_01,1780308401,data_collection,cooking_fume,recovery,,false,false,,rule_fallback_v0,2935,4095,2510,3139,18,29,31,27.8,63.9,true,unclassified,1780308401058
4282,node_01,1780308402,data_collection,cooking_fume,recovery,,false,false,,rule_fallback_v0,2932,4095,2507,3139,18,29,31,27.8,63.9,true,unclassified,1780308402096
4283,node_01,1780308403,data_collection,cooking_fume,recovery,,false,false,,rule_fallback_v0,2935,4095,2508,3139,18,29,31,27.9,63.8,true,unclassified,1780308403209
4284,node_01,1780308404,data_collection,cooking_fume,recovery,,false,false,,rule_fallback_v0,2931,4095,2506,3139,18,29,30,27.9,63.8,true,unclassified,1780308404233
4285,node_01,1780308405,data_collection,cooking_fume,recovery,,false,false,,rule_fallback_v0,2938,4095,2509,3139,18,29,30,27.9,63.8,true,unclassified,1780308405264
4286,node_01,1780308406,data_collection,cooking_fume,recovery,,false,false,,rule_fallback_v0,2932,4095,2506,3139,18,29,30,27.8,63.8,true,unclassified,1780308406382
4287,node_01,1780308407,data_collection,cooking_fume,recovery,,false,false,,rule_fallback_v0,2935,4095,2509,3139,18,29,30,27.8,63.8,true,unclassified,1780308407406
4288,node_01,1780308408,data_collection,cooking_fume,recovery,,false,false,,rule_fallback_v0,2931,4095,2511,3139,17,28,28,27.8,63.8,true,unclassified,1780308408432
4289,node_01,1780308410,data_collection,cooking_fume,recovery,,false,false,,rule_fallback_v0,2934,4095,2507,3139,17,27,28,27.8,63.6,true,unclassified,1780308409406
4290,node_01,1780308411,data_collection,cooking_fume,recovery,,false,false,,rule_fallback_v0,2932,4095,2508,3139,17,27,28,27.8,63.6,true,unclassified,1780308410450
4291,node_01,1780308412,data_collection,cooking_fume,recovery,,false,false,,rule_fallback_v0,2935,4095,2506,3139,17,27,27,27.8,63.6,true,unclassified,1780308411708
4292,node_01,1780308413,data_collection,cooking_fume,recovery,,false,false,,rule_fallback_v0,2933,4095,2507,3139,17,27,27,27.8,63.7,true,unclassified,1780308412632
4293,node_01,1780308414,data_collection,cooking_fume,recovery,,false,false,,rule_fallback_v0,2935,4095,2508,3139,18,28,28,27.8,63.7,true,unclassified,1780308413653
4294,node_01,1780308415,data_collection,cooking_fume,recovery,,false,false,,rule_fallback_v0,2935,4095,2508,3139,18,28,28,27.8,63.7,true,unclassified,1780308414676
4295,node_01,1780308416,data_collection,cooking_fume,recovery,,false,false,,rule_fallback_v0,2935,4095,2510,3139,18,28,28,27.8,63.8,true,unclassified,1780308415677
4296,node_01,1780308417,data_collection,cooking_fume,recovery,,false,false,,rule_fallback_v0,2931,4095,2509,3139,17,27,27,27.8,63.8,true,unclassified,1780308416828
4297,node_01,1780308418,data_collection,cooking_fume,recovery,,false,false,,rule_fallback_v0,2937,4095,2507,3139,17,27,27,27.8,63.8,true,unclassified,1780308417852
4298,node_01,1780308419,data_collection,cooking_fume,recovery,,false,false,,rule_fallback_v0,2931,4095,2507,3139,17,28,28,27.9,63.8,true,unclassified,1780308418806
4299,node_01,1780308420,data_collection,cooking_fume,recovery,,false,false,,rule_fallback_v0,2937,4095,2507,3139,17,28,28,27.9,63.8,true,unclassified,1780308419899
4300,node_01,1780308421,data_collection,cooking_fume,recovery,,false,false,,rule_fallback_v0,2931,4095,2509,3139,17,28,28,27.9,63.8,true,unclassified,1780308420923
4301,node_01,1780308422,data_collection,cooking_fume,recovery,,false,false,,rule_fallback_v0,2934,4095,2511,3139,17,28,28,27.8,63.8,true,unclassified,1780308422049
4302,node_01,1780308423,data_collection,cooking_fume,recovery,,false,false,,rule_fallback_v0,2932,4095,2507,3139,18,29,29,27.8,63.8,true,unclassified,1780308423074
4303,node_01,1780308424,data_collection,cooking_fume,recovery,,false,false,,rule_fallback_v0,2937,4095,2507,3139,18,30,30,27.8,63.8,true,unclassified,1780308424097
4304,node_01,1780308425,data_collection,cooking_fume,recovery,,false,false,,rule_fallback_v0,2933,4095,2511,3139,18,29,29,27.9,63.8,true,unclassified,1780308425073
4305,node_01,1780308426,data_collection,cooking_fume,recovery,,false,false,,rule_fallback_v0,2934,4095,2507,3139,18,29,29,27.9,63.8,true,unclassified,1780308426145
4306,node_01,1780308427,data_collection,cooking_fume,recovery,,false,false,,rule_fallback_v0,2928,4095,2510,3139,18,29,29,27.9,63.8,true,unclassified,1780308427273
4307,node_01,1780308428,data_collection,cooking_fume,recovery,,false,false,,rule_fallback_v0,2937,4095,2509,3139,18,29,29,27.8,63.8,true,unclassified,1780308428296
4308,node_01,1780308429,data_collection,cooking_fume,recovery,,false,false,,rule_fallback_v0,2932,4095,2508,3139,18,29,29,27.8,63.8,true,unclassified,1780308429320
4309,node_01,1780308430,data_collection,cooking_fume,recovery,,false,false,,rule_fallback_v0,2930,4095,2508,3139,18,29,29,27.8,63.8,true,unclassified,1780308430346
4310,node_01,1780308431,data_collection,cooking_fume,recovery,,false,false,,rule_fallback_v0,2929,4095,2509,3139,17,28,28,27.9,63.8,true,unclassified,1780308431367
4311,node_01,1780308433,data_collection,cooking_fume,recovery,,false,false,,rule_fallback_v0,2938,4095,2507,3139,17,28,28,27.9,63.8,true,unclassified,1780308432495
4312,node_01,1780308434,data_collection,cooking_fume,recovery,,false,false,,rule_fallback_v0,2929,4095,2509,3139,17,28,28,27.9,63.8,true,unclassified,1780308433519
4313,node_01,1780308435,data_collection,cooking_fume,recovery,,false,false,,rule_fallback_v0,2939,4095,2506,3139,18,29,29,27.9,63.8,true,unclassified,1780308434542
4314,node_01,1780308436,data_collection,cooking_fume,recovery,,false,false,,rule_fallback_v0,2934,4095,2510,3139,18,29,29,27.9,63.8,true,unclassified,1780308435520
4315,node_01,1780308437,data_collection,cooking_fume,recovery,,false,false,,rule_fallback_v0,2935,4095,2507,3139,18,30,30,27.9,63.8,true,unclassified,1780308436590
4316,node_01,1780308438,data_collection,cooking_fume,recovery,,false,false,,rule_fallback_v0,2929,4095,2507,3139,17,29,29,27.8,63.3,true,unclassified,1780308437717
4317,node_01,1780308439,data_collection,cooking_fume,recovery,,false,false,,rule_fallback_v0,2936,4095,2509,3139,17,29,29,27.8,63.3,true,unclassified,1780308438651
4318,node_01,1780308440,data_collection,cooking_fume,recovery,,false,false,,rule_fallback_v0,2928,4095,2507,3139,17,29,29,27.8,63.3,true,unclassified,1780308439774
4319,node_01,1780308441,data_collection,cooking_fume,recovery,,false,false,,rule_fallback_v0,2935,4095,2510,3139,18,30,30,27.9,63.4,true,unclassified,1780308440900
4320,node_01,1780308442,data_collection,cooking_fume,recovery,,false,false,,rule_fallback_v0,2930,4095,2509,3139,18,30,31,27.9,63.4,true,unclassified,1780308441814
4321,node_01,1780308443,data_collection,cooking_fume,recovery,,false,false,,rule_fallback_v0,2934,4095,2509,3139,18,30,31,27.9,63.4,true,unclassified,1780308442831
4322,node_01,1780308444,data_collection,cooking_fume,recovery,,false,false,,rule_fallback_v0,2931,4095,2507,3139,18,30,31,27.9,63.2,true,unclassified,1780308443964
4323,node_01,1780308445,data_collection,cooking_fume,recovery,,false,false,,rule_fallback_v0,2934,4095,2508,3139,18,30,30,27.9,63.2,true,unclassified,1780308444988
4324,node_01,1780308446,data_collection,cooking_fume,recovery,,false,false,,rule_fallback_v0,2931,4095,2508,3139,18,30,31,27.9,63.2,true,unclassified,1780308446011
4325,node_01,1780308447,data_collection,cooking_fume,recovery,,false,false,,rule_fallback_v0,2935,4095,2511,3139,18,30,31,27.9,62.9,true,unclassified,1780308447035
4326,node_01,1780308448,data_collection,cooking_fume,recovery,,false,false,,rule_fallback_v0,2928,4095,2508,3139,19,30,30,27.9,62.9,true,unclassified,1780308448161
4327,node_01,1780308449,data_collection,cooking_fume,recovery,,false,false,,rule_fallback_v0,2938,4095,2508,3139,19,30,30,27.9,62.9,true,unclassified,1780308449097
4328,node_01,1780308450,data_collection,cooking_fume,recovery,,false,false,,rule_fallback_v0,2925,4095,2509,3139,19,30,30,27.8,63,true,unclassified,1780308450210
4329,node_01,1780308451,data_collection,cooking_fume,recovery,,false,false,,rule_fallback_v0,2939,4095,2508,3139,19,29,30,27.8,63,true,unclassified,1780308451187
4330,node_01,1780308452,data_collection,cooking_fume,recovery,,false,false,,rule_fallback_v0,2931,4095,2510,3139,18,28,29,27.8,63,true,unclassified,1780308452258
4331,node_01,1780308453,data_collection,cooking_fume,recovery,,false,false,,rule_fallback_v0,2929,4095,2511,3139,18,28,29,27.9,62.9,true,unclassified,1780308453280
4332,node_01,1780308454,data_collection,cooking_fume,recovery,,false,false,,rule_fallback_v0,2930,4095,2507,3139,18,28,29,27.9,62.9,true,unclassified,1780308454614
4333,node_01,1780308455,data_collection,cooking_fume,recovery,,false,false,,rule_fallback_v0,2934,4095,2508,3139,18,29,30,27.9,62.9,true,unclassified,1780308455431
4334,node_01,1780308457,data_collection,cooking_fume,recovery,,false,false,,rule_fallback_v0,2927,4095,2506,3139,18,29,30,27.8,62.8,true,unclassified,1780308456410
4335,node_01,1780308458,data_collection,cooking_fume,recovery,,false,false,,rule_fallback_v0,2935,4095,2507,3139,18,29,30,27.8,62.8,true,unclassified,1780308457481
4336,node_01,1780308459,data_collection,cooking_fume,recovery,,false,false,,rule_fallback_v0,2928,4095,2511,3139,17,28,29,27.8,62.8,true,unclassified,1780308458610
4337,node_01,1780308460,data_collection,cooking_fume,recovery,,false,false,,rule_fallback_v0,2935,4095,2509,3139,17,28,29,27.8,62.8,true,unclassified,1780308459630
4338,node_01,1780308461,data_collection,cooking_fume,recovery,,false,false,,rule_fallback_v0,2936,4095,2513,3139,17,28,29,27.8,62.8,true,unclassified,1780308460655
4339,node_01,1780308462,data_collection,cooking_fume,recovery,,false,false,,rule_fallback_v0,2937,4095,2509,3139,17,27,29,27.8,62.8,true,unclassified,1780308461678
4340,node_01,1780308463,data_collection,cooking_fume,recovery,,false,false,,rule_fallback_v0,2931,4095,2511,3139,17,27,28,27.8,62.6,true,unclassified,1780308462703
4341,node_01,1780308464,data_collection,cooking_fume,recovery,,false,false,,rule_fallback_v0,2935,4095,2507,3139,17,27,28,27.8,62.6,true,unclassified,1780308463797
4342,node_01,1780308465,data_collection,cooking_fume,recovery,,false,false,,rule_fallback_v0,2928,4095,2507,3139,18,28,29,27.8,62.6,true,unclassified,1780308464767
4343,node_01,1780308466,data_collection,cooking_fume,recovery,,false,false,,rule_fallback_v0,2935,4095,2510,3139,18,28,29,27.9,62.3,true,unclassified,1780308465816
4344,node_01,1780308467,data_collection,cooking_fume,recovery,,false,false,,rule_fallback_v0,2930,4095,2508,3139,18,28,29,27.9,62.3,true,unclassified,1780308466901
4345,node_01,1780308468,data_collection,cooking_fume,recovery,,false,false,,rule_fallback_v0,2932,4095,2510,3139,18,28,29,27.9,62.3,true,unclassified,1780308467925
4346,node_01,1780308469,data_collection,cooking_fume,recovery,,false,false,,rule_fallback_v0,2935,4095,2505,3139,18,28,29,27.8,62.4,true,unclassified,1780308469052
4347,node_01,1780308470,data_collection,cooking_fume,recovery,,false,false,,rule_fallback_v0,2936,4095,2508,3139,18,28,29,27.8,62.4,true,unclassified,1780308469999
4348,node_01,1780308471,data_collection,cooking_fume,recovery,,false,false,,rule_fallback_v0,2933,4095,2509,3139,17,27,28,27.8,62.4,true,unclassified,1780308471099
4349,node_01,1780308472,data_collection,cooking_fume,recovery,,false,false,,rule_fallback_v0,2939,4095,2512,3139,17,26,27,27.9,62.3,true,unclassified,1780308472105
4350,node_01,1780308473,data_collection,cooking_fume,recovery,,false,false,,rule_fallback_v0,2930,4095,2509,3139,17,26,27,27.9,62.3,true,unclassified,1780308473124
4351,node_01,1780308474,data_collection,cooking_fume,recovery,,false,false,,rule_fallback_v0,2941,4095,2510,3139,17,26,27,27.9,62.3,true,unclassified,1780308474314
4352,node_01,1780308475,data_collection,cooking_fume,recovery,,false,false,,rule_fallback_v0,2933,4095,2509,3139,17,26,27,27.9,62.3,true,unclassified,1780308475257
4353,node_01,1780308476,data_collection,cooking_fume,recovery,,false,false,,rule_fallback_v0,2933,4095,2508,3139,18,28,29,27.9,62.3,true,unclassified,1780308476265
4354,node_01,1780308477,data_collection,cooking_fume,recovery,,false,false,,rule_fallback_v0,2932,4095,2510,3139,18,28,29,27.9,62.3,true,unclassified,1780308477345
4355,node_01,1780308478,data_collection,cooking_fume,recovery,,false,false,,rule_fallback_v0,2939,4095,2511,3139,18,28,29,27.8,62.3,true,unclassified,1780308478348
4356,node_01,1780308480,data_collection,cooking_fume,recovery,,false,false,,rule_fallback_v0,2927,4095,2509,3139,18,28,29,27.8,62.3,true,unclassified,1780308479496
4357,node_01,1780308481,data_collection,cooking_fume,recovery,,false,false,,rule_fallback_v0,2934,4095,2509,3139,18,28,29,27.8,62.3,true,unclassified,1780308480520
4358,node_01,1780308482,data_collection,cooking_fume,recovery,,false,false,,rule_fallback_v0,2931,4095,2505,3139,18,28,29,27.8,62.3,true,unclassified,1780308481520
4359,node_01,1780308483,data_collection,cooking_fume,recovery,,false,false,,rule_fallback_v0,2933,4095,2508,3139,17,27,28,27.8,62.3,true,unclassified,1780308482567
4360,node_01,1780308484,data_collection,cooking_fume,recovery,,false,false,,rule_fallback_v0,2931,4095,2509,3139,17,27,28,27.8,62.3,true,unclassified,1780308483593
4361,node_01,1780308485,data_collection,cooking_fume,recovery,,false,false,,rule_fallback_v0,2938,4095,2509,3139,17,27,28,27.8,62.2,true,unclassified,1780308484734
4362,node_01,1780308486,data_collection,cooking_fume,recovery,,false,false,,rule_fallback_v0,2934,4095,2506,3139,17,28,29,27.8,62.2,true,unclassified,1780308485743
4363,node_01,1780308487,data_collection,cooking_fume,recovery,,false,false,,rule_fallback_v0,2942,4095,2509,3139,16,28,28,27.8,62.2,true,unclassified,1780308486768
4364,node_01,1780308488,data_collection,cooking_fume,recovery,,false,false,,rule_fallback_v0,2930,4095,2508,3139,16,28,28,27.9,62,true,unclassified,1780308487791
4365,node_01,1780308489,data_collection,cooking_fume,recovery,,false,false,,rule_fallback_v0,2936,4095,2507,3139,17,28,29,27.9,62,true,unclassified,1780308488813
4366,node_01,1780308490,data_collection,cooking_fume,recovery,,false,false,,rule_fallback_v0,2933,4095,2508,3139,17,28,29,27.9,62,true,unclassified,1780308489941
4367,node_01,1780308491,data_collection,cooking_fume,recovery,,false,false,,rule_fallback_v0,2933,4095,2510,3139,17,28,29,27.9,62,true,unclassified,1780308490888
4368,node_01,1780308492,data_collection,cooking_fume,recovery,,false,false,,rule_fallback_v0,2932,4095,2510,3139,17,28,29,27.9,62,true,unclassified,1780308491936
4369,node_01,1780308493,data_collection,cooking_fume,recovery,,false,false,,rule_fallback_v0,2936,4095,2507,3139,16,28,28,27.9,62,true,unclassified,1780308492975
4370,node_01,1780308494,data_collection,cooking_fume,recovery,,false,false,,rule_fallback_v0,2929,4095,2507,3139,15,27,27,27.8,62.1,true,unclassified,1780308494037
4371,node_01,1780308495,data_collection,cooking_fume,recovery,,false,false,,rule_fallback_v0,2938,4095,2510,3139,15,27,27,27.8,62.1,true,unclassified,1780308495163
4372,node_01,1780308496,data_collection,cooking_fume,recovery,,false,false,,rule_fallback_v0,2932,4095,2511,3139,15,27,27,27.8,62.1,true,unclassified,1780308496144
4373,node_01,1780308497,data_collection,cooking_fume,recovery,,false,false,,rule_fallback_v0,2935,4095,2510,3139,15,27,27,27.8,62.1,true,unclassified,1780308497153
4374,node_01,1780308498,data_collection,cooking_fume,recovery,,false,false,,rule_fallback_v0,2936,4095,2507,3139,15,27,27,27.8,62.1,true,unclassified,1780308498197
4375,node_01,1780308499,data_collection,cooking_fume,recovery,,false,false,,rule_fallback_v0,2938,4095,2513,3139,15,27,27,27.8,62.1,true,unclassified,1780308499262
4376,node_01,1780308500,data_collection,cooking_fume,recovery,,false,false,,rule_fallback_v0,2933,4095,2511,3139,16,28,28,27.8,62,true,unclassified,1780308500386
4377,node_01,1780308501,data_collection,cooking_fume,recovery,,false,false,,rule_fallback_v0,2938,4095,2509,3139,16,28,28,27.8,62,true,unclassified,1780308501409
4378,node_01,1780308503,data_collection,cooking_fume,recovery,,false,false,,rule_fallback_v0,2929,4095,2508,3139,16,28,28,27.8,62,true,unclassified,1780308502378
4379,node_01,1780308504,data_collection,cooking_fume,recovery,,false,false,,rule_fallback_v0,2937,4095,2509,3139,16,28,28,27.8,62.2,true,unclassified,1780308503458
4380,node_01,1780308505,data_collection,cooking_fume,recovery,,false,false,,rule_fallback_v0,2933,4095,2508,3139,16,28,28,27.8,62.2,true,unclassified,1780308504482
4381,node_01,1780308506,data_collection,cooking_fume,recovery,,false,false,,rule_fallback_v0,2934,4095,2508,3139,16,28,28,27.8,62.2,true,unclassified,1780308505608
4382,node_01,1780308507,data_collection,cooking_fume,recovery,,false,false,,rule_fallback_v0,2931,4095,2511,3139,16,28,28,27.9,62,true,unclassified,1780308506633
4383,node_01,1780308508,data_collection,cooking_fume,recovery,,false,false,,rule_fallback_v0,2934,4095,2509,3139,16,29,29,27.9,62,true,unclassified,1780308507656
4384,node_01,1780308509,data_collection,cooking_fume,recovery,,false,false,,rule_fallback_v0,2932,4095,2509,3139,16,29,29,27.9,62,true,unclassified,1780308508642
4385,node_01,1780308510,data_collection,cooking_fume,recovery,,false,false,,rule_fallback_v0,2938,4095,2512,3139,16,29,29,27.8,62.1,true,unclassified,1780308509705
4386,node_01,1780308511,data_collection,cooking_fume,recovery,,false,false,,rule_fallback_v0,2930,4095,2509,3139,16,29,29,27.8,62.1,true,unclassified,1780308510834
4387,node_01,1780308512,data_collection,cooking_fume,recovery,,false,false,,rule_fallback_v0,2933,4095,2512,3139,16,29,29,27.8,62.1,true,unclassified,1780308511778
4388,node_01,1780308513,data_collection,cooking_fume,recovery,,false,false,,rule_fallback_v0,2936,4095,2509,3139,15,28,28,27.8,62,true,unclassified,1780308512879
4389,node_01,1780308514,data_collection,cooking_fume,recovery,,false,false,,rule_fallback_v0,2936,4095,2507,3139,15,28,28,27.8,62,true,unclassified,1780308513906
4390,node_01,1780308515,data_collection,cooking_fume,recovery,,false,false,,rule_fallback_v0,2928,4095,2507,3139,15,28,28,27.8,62,true,unclassified,1780308515029
4391,node_01,1780308516,data_collection,cooking_fume,recovery,,false,false,,rule_fallback_v0,2937,4095,2510,3139,15,28,28,27.8,62.1,true,unclassified,1780308515954
4392,node_01,1780308517,data_collection,cooking_fume,recovery,,false,false,,rule_fallback_v0,2927,4095,2507,3139,15,28,28,27.8,62.1,true,unclassified,1780308517019
4393,node_01,1780308518,data_collection,cooking_fume,recovery,,false,false,,rule_fallback_v0,2934,4095,2508,3139,17,29,29,27.8,62.1,true,unclassified,1780308518101
4394,node_01,1780308519,data_collection,cooking_fume,recovery,,false,false,,rule_fallback_v0,2934,4095,2510,3139,17,29,29,27.8,62,true,unclassified,1780308519125
4395,node_01,1780308520,data_collection,cooking_fume,recovery,,false,false,,rule_fallback_v0,2933,4095,2508,3139,17,29,29,27.8,62,true,unclassified,1780308520252
4396,node_01,1780308521,data_collection,cooking_fume,recovery,,false,false,,rule_fallback_v0,2934,4095,2510,3139,16,28,28,27.8,62,true,unclassified,1780308521274
4397,node_01,1780308522,data_collection,cooking_fume,recovery,,false,false,,rule_fallback_v0,2934,4095,2508,3139,16,28,28,27.8,61.9,true,unclassified,1780308522411
4398,node_01,1780308523,data_collection,cooking_fume,recovery,,false,false,,rule_fallback_v0,2931,4095,2510,3139,16,28,28,27.8,61.9,true,unclassified,1780308523267
4399,node_01,1780308524,data_collection,cooking_fume,recovery,,false,false,,rule_fallback_v0,2937,4095,2510,3139,16,28,28,27.8,61.9,true,unclassified,1780308524349
4400,node_01,1780308525,data_collection,cooking_fume,recovery,,false,false,,rule_fallback_v0,2930,4095,2508,3139,16,29,29,27.8,62.1,true,unclassified,1780308525373
4401,node_01,1780308527,data_collection,cooking_fume,recovery,,false,false,,rule_fallback_v0,2933,4095,2508,3139,16,29,29,27.8,62.1,true,unclassified,1780308526498
4402,node_01,1780308528,data_collection,cooking_fume,recovery,,false,false,,rule_fallback_v0,2932,4095,2508,3139,17,30,30,27.8,62.1,true,unclassified,1780308527523
4403,node_01,1780308529,data_collection,cooking_fume,recovery,,false,false,,rule_fallback_v0,2936,4095,2507,3139,17,30,30,27.9,62.1,true,unclassified,1780308528547
4404,node_01,1780308530,data_collection,cooking_fume,recovery,,false,false,,rule_fallback_v0,2929,4095,2509,3139,17,30,31,27.9,62.1,true,unclassified,1780308529571
4405,node_01,1780308531,data_collection,cooking_fume,recovery,,false,false,,rule_fallback_v0,2935,4095,2507,3139,17,30,31,27.9,62.1,true,unclassified,1780308530697
4406,node_01,1780308532,data_collection,cooking_fume,recovery,,false,false,,rule_fallback_v0,2924,4095,2508,3139,17,30,31,27.8,62.1,true,unclassified,1780308531720
4407,node_01,1780308533,data_collection,cooking_fume,recovery,,false,false,,rule_fallback_v0,2939,4095,2507,3139,17,30,31,27.8,62.1,true,unclassified,1780308532745
4408,node_01,1780308534,data_collection,cooking_fume,recovery,,false,false,,rule_fallback_v0,2932,4095,2508,3139,17,30,31,27.8,62.1,true,unclassified,1780308533768
4409,node_01,1780308535,data_collection,cooking_fume,recovery,,false,false,,rule_fallback_v0,2932,4095,2509,3139,17,30,31,27.8,62.2,true,unclassified,1780308534792
4410,node_01,1780308536,data_collection,cooking_fume,recovery,,false,false,,rule_fallback_v0,2935,4095,2510,3139,16,29,30,27.8,62.2,true,unclassified,1780308535815
4411,node_01,1780308537,data_collection,cooking_fume,recovery,,false,false,,rule_fallback_v0,2933,4095,2510,3139,16,28,29,27.8,62.2,true,unclassified,1780308536943
4412,node_01,1780308538,data_collection,cooking_fume,recovery,,false,false,,rule_fallback_v0,2930,4095,2510,3139,16,28,29,27.9,62.4,true,unclassified,1780308537968
4413,node_01,1780308539,data_collection,cooking_fume,recovery,,false,false,,rule_fallback_v0,2936,4095,2510,3139,16,28,29,27.9,62.4,true,unclassified,1780308538990
4414,node_01,1780308540,data_collection,cooking_fume,recovery,,false,false,,rule_fallback_v0,2937,4095,2508,3139,16,28,29,27.9,62.4,true,unclassified,1780308540016
4415,node_01,1780308541,data_collection,cooking_fume,recovery,,false,false,,rule_fallback_v0,2933,4095,2508,3139,16,29,29,27.8,62.6,true,unclassified,1780308541128
4416,node_01,1780308542,data_collection,cooking_fume,recovery,,false,false,,rule_fallback_v0,2930,4095,2509,3139,16,29,29,27.8,62.6,true,unclassified,1780308542069
4417,node_01,1780308543,data_collection,cooking_fume,recovery,,false,false,,rule_fallback_v0,2937,4095,2508,3139,16,29,29,27.8,62.6,true,unclassified,1780308543189
4418,node_01,1780308544,data_collection,cooking_fume,recovery,,false,false,,rule_fallback_v0,2929,4095,2511,3139,16,29,29,27.9,62.6,true,unclassified,1780308544212
4419,node_01,1780308545,data_collection,cooking_fume,recovery,,false,false,,rule_fallback_v0,2935,4095,2508,3139,17,30,30,27.9,62.6,true,unclassified,1780308545205
4420,node_01,1780308546,data_collection,cooking_fume,recovery,,false,false,,rule_fallback_v0,2932,4095,2507,3139,17,30,30,27.9,62.6,true,unclassified,1780308546261
4421,node_01,1780308547,data_collection,cooking_fume,recovery,,false,false,,rule_fallback_v0,2934,4095,2511,3139,17,30,30,27.9,62.8,true,unclassified,1780308547388
4422,node_01,1780308548,data_collection,cooking_fume,recovery,,false,false,,rule_fallback_v0,2932,4095,2507,3139,17,30,30,27.9,62.8,true,unclassified,1780308548412
4423,node_01,1780308550,data_collection,cooking_fume,recovery,,false,false,,rule_fallback_v0,2933,4095,2509,3139,17,30,31,27.9,62.8,true,unclassified,1780308549435
4424,node_01,1780308551,data_collection,cooking_fume,recovery,,false,false,,rule_fallback_v0,2929,4095,2510,3139,17,30,31,27.9,62.9,true,unclassified,1780308550460
4425,node_01,1780308552,data_collection,cooking_fume,recovery,,false,false,,rule_fallback_v0,2933,4095,2506,3139,17,30,31,27.9,62.9,true,unclassified,1780308551484
4426,node_01,1780308553,data_collection,cooking_fume,recovery,,true,false,,rule_fallback_v0,2935,4095,2512,3139,17,30,31,27.9,62.9,true,unclassified,1780308552722
4427,node_01,1780308554,data_collection,cooking_fume,recovery,,true,false,,rule_fallback_v0,2934,4095,2508,3139,17,30,31,27.8,62.9,true,unclassified,1780308553645
4428,node_01,1780308555,data_collection,cooking_fume,recovery,,true,false,,rule_fallback_v0,2929,4095,2508,3139,16,29,30,27.8,62.9,true,unclassified,1780308554658
4429,node_01,1780308556,data_collection,cooking_fume,recovery,,true,false,,rule_fallback_v0,2937,4095,2511,3139,16,29,30,27.8,62.9,true,unclassified,1780308555685
4430,node_01,1780308557,data_collection,cooking_fume,recovery,,true,false,,rule_fallback_v0,2933,4095,2509,3139,16,29,29,27.8,62.9,true,unclassified,1780308556809
4431,node_01,1780308558,data_collection,cooking_fume,recovery,,true,false,,rule_fallback_v0,2938,4095,2509,3139,16,29,29,27.8,62.9,true,unclassified,1780308557833
4432,node_01,1780308559,data_collection,cooking_fume,recovery,,true,false,,rule_fallback_v0,2934,4095,2508,3139,16,29,29,27.8,62.9,true,unclassified,1780308558857
4433,node_01,1780308560,data_collection,cooking_fume,recovery,,true,false,,rule_fallback_v0,2936,4095,2507,3139,18,30,30,27.9,62.8,true,unclassified,1780308559835
4434,node_01,1780308561,data_collection,cooking_fume,recovery,,true,false,,rule_fallback_v0,2932,4095,2507,3139,18,30,30,27.9,62.8,true,unclassified,1780308560906
4435,node_01,1780308562,data_collection,cooking_fume,recovery,,true,false,,rule_fallback_v0,2939,4095,2507,3139,18,29,30,27.9,62.8,true,unclassified,1780308562033
4436,node_01,1780308563,data_collection,cooking_fume,recovery,,true,false,,rule_fallback_v0,2930,4095,2507,3139,18,29,29,27.8,62.8,true,unclassified,1780308563026
4437,node_01,1780308564,data_collection,cooking_fume,recovery,,true,false,,rule_fallback_v0,2934,4095,2507,3139,18,29,29,27.8,62.8,true,unclassified,1780308564078
4438,node_01,1780308565,data_collection,cooking_fume,recovery,,true,false,,rule_fallback_v0,2935,4095,2510,3139,18,29,29,27.8,62.8,true,unclassified,1780308565103
4439,node_01,1780308566,data_collection,cooking_fume,recovery,,true,false,,rule_fallback_v0,2932,4095,2506,3139,17,28,28,27.9,62.7,true,unclassified,1780308566096
4440,node_01,1780308567,data_collection,cooking_fume,recovery,,true,false,,rule_fallback_v0,2930,4095,2510,3139,17,27,28,27.9,62.7,true,unclassified,1780308567222
4441,node_01,1780308568,data_collection,cooking_fume,recovery,,true,false,,rule_fallback_v0,2938,4095,2508,3139,17,27,28,27.9,62.7,true,unclassified,1780308568277
4442,node_01,1780308569,data_collection,cooking_fume,recovery,,true,false,,rule_fallback_v0,2933,4095,2505,3139,18,28,30,27.8,62.9,true,unclassified,1780308569226
4443,node_01,1780308570,data_collection,cooking_fume,recovery,,true,false,,rule_fallback_v0,2935,4095,2509,3139,18,28,30,27.8,62.9,true,unclassified,1780308570276
4444,node_01,1780308571,data_collection,cooking_fume,recovery,,true,false,,rule_fallback_v0,2934,4095,2510,3139,18,28,30,27.8,62.9,true,unclassified,1780308571322
4445,node_01,1780308572,data_collection,cooking_fume,recovery,,true,false,,rule_fallback_v0,2938,4095,2508,3139,17,27,30,27.9,62.8,true,unclassified,1780308572372
4446,node_01,1780308574,data_collection,cooking_fume,recovery,,true,false,,rule_fallback_v0,2929,4095,2507,3139,17,27,30,27.9,62.8,true,unclassified,1780308573505
4447,node_01,1780308575,data_collection,cooking_fume,recovery,,true,false,,rule_fallback_v0,2937,4095,2509,3139,17,27,30,27.9,62.8,true,unclassified,1780308574527
4448,node_01,1780308576,data_collection,cooking_fume,recovery,,true,false,,rule_fallback_v0,2932,4095,2510,3139,16,26,29,27.8,62.7,true,unclassified,1780308575580
4449,node_01,1780308577,data_collection,cooking_fume,recovery,,true,false,,rule_fallback_v0,2935,4095,2510,3139,16,26,29,27.8,62.7,true,unclassified,1780308576540
4450,node_01,1780308578,data_collection,cooking_fume,recovery,,true,false,,rule_fallback_v0,2930,4095,2511,3139,16,26,29,27.8,62.7,true,unclassified,1780308577781
4451,node_01,1780308579,data_collection,cooking_fume,recovery,,true,false,,rule_fallback_v0,2935,4095,2511,3139,16,26,29,27.8,63.1,true,unclassified,1780308578629
4452,node_01,1780308580,data_collection,cooking_fume,recovery,,true,false,,rule_fallback_v0,2936,4095,2510,3139,16,26,29,27.8,63.1,true,unclassified,1780308579677
4453,node_01,1780308581,data_collection,cooking_fume,recovery,,true,false,,rule_fallback_v0,2938,4095,2510,3139,17,27,30,27.8,63.1,true,unclassified,1780308580770
4454,node_01,1780308582,data_collection,cooking_fume,recovery,,true,false,,rule_fallback_v0,2924,4095,2509,3139,17,27,30,27.9,62.8,true,unclassified,1780308581793
4455,node_01,1780308583,data_collection,cooking_fume,recovery,,true,false,,rule_fallback_v0,2938,4095,2510,3139,17,27,30,27.9,62.8,true,unclassified,1780308582920
4456,node_01,1780308584,data_collection,cooking_fume,recovery,,true,false,,rule_fallback_v0,2929,4095,2507,3139,16,26,29,27.9,62.8,true,unclassified,1780308583854
4457,node_01,1780308585,data_collection,cooking_fume,recovery,,true,false,,rule_fallback_v0,2939,4095,2510,3139,16,26,30,27.9,62.7,true,unclassified,1780308584967
4458,node_01,1780308586,data_collection,cooking_fume,recovery,,true,false,,rule_fallback_v0,2933,4095,2510,3139,16,27,30,27.9,62.7,true,unclassified,1780308585944
4459,node_01,1780308587,data_collection,cooking_fume,recovery,,true,false,,rule_fallback_v0,2935,4095,2510,3139,16,27,30,27.9,62.7,true,unclassified,1780308586987
4460,node_01,1780308588,data_collection,cooking_fume,recovery,,true,false,,rule_fallback_v0,2935,4095,2509,3139,16,27,30,27.9,62.9,true,unclassified,1780308588100
4461,node_01,1780308589,data_collection,cooking_fume,recovery,,true,false,,rule_fallback_v0,2936,4095,2507,3139,16,27,32,27.9,62.9,true,unclassified,1780308589140
4462,node_01,1780308590,data_collection,cooking_fume,recovery,,true,false,,rule_fallback_v0,2926,4095,2508,3139,17,28,33,27.9,62.9,true,unclassified,1780308590123
4463,node_01,1780308591,data_collection,cooking_fume,recovery,,true,false,,rule_fallback_v0,2937,4095,2510,3139,17,28,33,27.8,62.9,true,unclassified,1780308591214
4464,node_01,1780308592,data_collection,cooking_fume,recovery,,true,false,,rule_fallback_v0,2931,4095,2509,3139,17,29,33,27.8,62.9,true,unclassified,1780308592211
4465,node_01,1780308593,data_collection,cooking_fume,recovery,,true,false,,rule_fallback_v0,2934,4095,2510,3139,17,29,31,27.8,62.9,true,unclassified,1780308593475
4466,node_01,1780308594,data_collection,cooking_fume,recovery,,true,false,,rule_fallback_v0,2933,4095,2510,3139,17,29,31,27.9,62.9,true,unclassified,1780308594387
4467,node_01,1780308595,data_collection,cooking_fume,recovery,,true,false,,rule_fallback_v0,2934,4095,2504,3139,17,29,31,27.9,62.9,true,unclassified,1780308595375
4468,node_01,1780308597,data_collection,cooking_fume,recovery,,true,false,,rule_fallback_v0,2927,4095,2507,3139,16,28,30,27.9,62.9,true,unclassified,1780308596436
4469,node_01,1780308598,data_collection,cooking_fume,recovery,,true,false,,rule_fallback_v0,2934,4095,2510,3139,16,28,30,27.9,62.8,true,unclassified,1780308597435
4470,node_01,1780308599,data_collection,cooking_fume,recovery,,true,false,,rule_fallback_v0,2929,4095,2509,3139,16,28,29,27.9,62.8,true,unclassified,1780308598586
4471,node_01,1780308600,data_collection,cooking_fume,recovery,,true,false,,rule_fallback_v0,2934,4095,2508,3139,16,28,29,27.9,62.8,true,unclassified,1780308599614
4472,node_01,1780308601,data_collection,cooking_fume,recovery,,true,false,,rule_fallback_v0,2931,4095,2508,3139,15,28,29,27.8,62.9,true,unclassified,1780308600634
4473,node_01,1780308602,data_collection,cooking_fume,recovery,,true,false,,rule_fallback_v0,2935,4095,2508,3139,15,28,29,27.8,62.9,true,unclassified,1780308601658
4474,node_01,1780308603,data_collection,cooking_fume,recovery,,true,false,,rule_fallback_v0,2929,4095,2509,3139,15,28,29,27.8,62.9,true,unclassified,1780308602682
4475,node_01,1780308604,data_collection,cooking_fume,recovery,,true,false,,rule_fallback_v0,2940,4095,2510,3139,15,28,28,27.9,62.6,true,unclassified,1780308603758
4476,node_01,1780308605,data_collection,cooking_fume,recovery,,true,false,,rule_fallback_v0,2934,4095,2508,3139,16,29,29,27.9,62.6,true,unclassified,1780308604827
4477,node_01,1780308606,data_collection,cooking_fume,recovery,,true,false,,rule_fallback_v0,2934,4095,2509,3139,16,29,29,27.9,62.6,true,unclassified,1780308605856
4478,node_01,1780308607,data_collection,cooking_fume,recovery,,true,false,,rule_fallback_v0,2937,4095,2510,3139,16,29,29,27.9,62.7,true,unclassified,1780308606881
4479,node_01,1780308608,data_collection,cooking_fume,recovery,,true,false,,rule_fallback_v0,2940,4095,2506,3139,15,28,28,27.9,62.7,true,unclassified,1780308607881
4480,node_01,1780308609,data_collection,cooking_fume,recovery,,true,false,,rule_fallback_v0,2934,4095,2510,3139,15,28,28,27.9,62.7,true,unclassified,1780308608927
4481,node_01,1780308610,data_collection,cooking_fume,recovery,,true,false,,rule_fallback_v0,2934,4095,2510,3139,15,28,28,27.9,62.7,true,unclassified,1780308610055
