id,node_id,timestamp,mode,collection_label,trial_state,inference_class,event_marker,cigarette_detected,inference_score,model_version,voc_raw,co_raw,voc_mv,co_mv,pm1_0,pm2_5,pm10,temperature,humidity,pms_valid,classification,received_at
4577,node_01,1780391338,data_collection,cooking_fume,baseline,,false,false,,rule_fallback_v0,2923,4095,2501,3139,20,35,40,23.9,77.1,true,unclassified,1780391339686
4578,node_01,1780391339,data_collection,cooking_fume,baseline,,false,false,,rule_fallback_v0,2919,4095,2504,3139,20,36,41,23.9,77.1,true,unclassified,1780391340694
4579,node_01,1780391340,data_collection,cooking_fume,baseline,,false,false,,rule_fallback_v0,2915,4095,2505,3139,20,36,41,23.9,77.1,true,unclassified,1780391341700
4580,node_01,1780391341,data_collection,cooking_fume,baseline,,false,false,,rule_fallback_v0,2915,4095,2500,3139,21,37,42,24,76.8,true,unclassified,1780391342728
4581,node_01,1780391343,data_collection,cooking_fume,baseline,,false,false,,rule_fallback_v0,2919,4095,2500,3139,21,37,42,24,76.8,true,unclassified,1780391343773
4582,node_01,1780391344,data_collection,cooking_fume,baseline,,false,false,,rule_fallback_v0,2921,4095,2499,3139,21,38,44,24,76.8,true,unclassified,1780391344818
4583,node_01,1780391345,data_collection,cooking_fume,baseline,,false,false,,rule_fallback_v0,2918,4095,2499,3139,21,38,44,24,76.7,true,unclassified,1780391345879
4584,node_01,1780391346,data_collection,cooking_fume,baseline,,false,false,,rule_fallback_v0,2922,4095,2502,3139,21,38,44,24,76.7,true,unclassified,1780391346911
4585,node_01,1780391347,data_collection,cooking_fume,baseline,,false,false,,rule_fallback_v0,2915,4095,2503,3139,21,38,44,24,76.7,true,unclassified,1780391347958
4586,node_01,1780391348,data_collection,cooking_fume,baseline,,false,false,,rule_fallback_v0,2918,4095,2506,3139,21,38,44,24.1,76.5,true,unclassified,1780391349002
4587,node_01,1780391349,data_collection,cooking_fume,baseline,,false,false,,rule_fallback_v0,2916,4095,2500,3139,21,38,44,24.1,76.5,true,unclassified,1780391350049
4588,node_01,1780391350,data_collection,cooking_fume,baseline,,false,false,,rule_fallback_v0,2917,4095,2505,3139,21,38,44,24.1,76.5,true,unclassified,1780391351098
4589,node_01,1780391351,data_collection,cooking_fume,baseline,,false,false,,rule_fallback_v0,2897,4095,2492,3139,21,38,44,24.1,76.3,true,unclassified,1780391352147
4590,node_01,1780391352,data_collection,cooking_fume,baseline,,false,false,,rule_fallback_v0,2905,4095,2496,3139,21,39,45,24.1,76.3,true,unclassified,1780391353192
4591,node_01,1780391353,data_collection,cooking_fume,baseline,,false,false,,rule_fallback_v0,2903,4095,2493,3139,21,39,45,24.1,76.3,true,unclassified,1780391354240
4592,node_01,1780391354,data_collection,cooking_fume,baseline,,false,false,,rule_fallback_v0,2905,4095,2493,3139,21,39,45,24.2,76,true,unclassified,1780391355282
4593,node_01,1780391355,data_collection,cooking_fume,baseline,,false,false,,rule_fallback_v0,2905,4095,2493,3139,21,39,45,24.2,76,true,unclassified,1780391356328
4594,node_01,1780391356,data_collection,cooking_fume,baseline,,false,false,,rule_fallback_v0,2908,4095,2495,3139,21,39,46,24.2,76,true,unclassified,1780391357375
4595,node_01,1780391357,data_collection,cooking_fume,baseline,,false,false,,rule_fallback_v0,2908,4095,2495,3139,21,39,46,24.2,75.8,true,unclassified,1780391358422
4596,node_01,1780391358,data_collection,cooking_fume,baseline,,false,false,,rule_fallback_v0,2907,4095,2495,3139,21,39,46,24.2,75.8,true,unclassified,1780391359469
4597,node_01,1780391359,data_collection,cooking_fume,baseline,,false,false,,rule_fallback_v0,2902,4095,2492,3139,22,39,46,24.2,75.8,true,unclassified,1780391360512
4598,node_01,1780391360,data_collection,cooking_fume,baseline,,false,false,,rule_fallback_v0,2916,4095,2496,3139,22,39,46,24.3,75.7,true,unclassified,1780391361559
4599,node_01,1780391361,data_collection,cooking_fume,baseline,,false,false,,rule_fallback_v0,2906,4095,2496,3139,22,39,46,24.3,75.7,true,unclassified,1780391362606
4600,node_01,1780391362,data_collection,cooking_fume,baseline,,false,false,,rule_fallback_v0,2918,4095,2494,3139,22,39,46,24.3,75.7,true,unclassified,1780391363653
4601,node_01,1780391363,data_collection,cooking_fume,baseline,,false,false,,rule_fallback_v0,2904,4095,2494,3139,22,39,46,24.3,75.5,true,unclassified,1780391364698
4602,node_01,1780391364,data_collection,cooking_fume,baseline,,false,false,,rule_fallback_v0,2917,4095,2493,3139,22,39,45,24.3,75.5,true,unclassified,1780391365747
4603,node_01,1780391366,data_collection,cooking_fume,baseline,,false,false,,rule_fallback_v0,2903,4095,2493,3139,22,39,45,24.3,75.5,true,unclassified,1780391366790
4604,node_01,1780391367,data_collection,cooking_fume,baseline,,false,false,,rule_fallback_v0,2918,4095,2495,3139,22,39,45,24.4,75.6,true,unclassified,1780391367839
4605,node_01,1780391368,data_collection,cooking_fume,baseline,,false,false,,rule_fallback_v0,2908,4095,2495,3139,22,38,45,24.4,75.6,true,unclassified,1780391368885
4606,node_01,1780391369,data_collection,cooking_fume,baseline,,false,false,,rule_fallback_v0,2916,4095,2497,3139,22,38,45,24.4,75.6,true,unclassified,1780391369933
4607,node_01,1780391370,data_collection,cooking_fume,baseline,,false,false,,rule_fallback_v0,2908,4095,2493,3139,22,38,44,24.4,75.3,true,unclassified,1780391370982
4608,node_01,1780391371,data_collection,cooking_fume,baseline,,false,false,,rule_fallback_v0,2915,4095,2495,3139,22,38,44,24.4,75.3,true,unclassified,1780391372022
4609,node_01,1780391372,data_collection,cooking_fume,baseline,,false,false,,rule_fallback_v0,2903,4095,2494,3139,22,38,45,24.4,75.3,true,unclassified,1780391373070
4610,node_01,1780391373,data_collection,cooking_fume,baseline,,false,false,,rule_fallback_v0,2900,4095,2496,3139,22,38,45,24.5,75.2,true,unclassified,1780391374115
4611,node_01,1780391374,data_collection,cooking_fume,baseline,,false,false,,rule_fallback_v0,2904,4095,2493,3139,22,38,45,24.5,75.2,true,unclassified,1780391375171
4612,node_01,1780391375,data_collection,cooking_fume,baseline,,false,false,,rule_fallback_v0,2906,4095,2495,3139,22,38,45,24.5,75.2,true,unclassified,1780391376211
4613,node_01,1780391376,data_collection,cooking_fume,baseline,,false,false,,rule_fallback_v0,2908,4095,2493,3139,22,38,45,24.5,75.2,true,unclassified,1780391377256
4614,node_01,1780391377,data_collection,cooking_fume,baseline,,false,false,,rule_fallback_v0,2911,4095,2494,3139,22,38,45,24.5,75.2,true,unclassified,1780391378306
4615,node_01,1780391378,data_collection,cooking_fume,baseline,,false,false,,rule_fallback_v0,2908,4095,2494,3139,22,39,45,24.5,75.2,true,unclassified,1780391379349
4616,node_01,1780391379,data_collection,cooking_fume,baseline,,false,false,,rule_fallback_v0,2907,4095,2496,3139,22,39,46,24.5,75.1,true,unclassified,1780391380395
4617,node_01,1780391380,data_collection,cooking_fume,baseline,,false,false,,rule_fallback_v0,2908,4095,2493,3139,22,39,46,24.5,75.1,true,unclassified,1780391381445
4618,node_01,1780391381,data_collection,cooking_fume,baseline,,false,false,,rule_fallback_v0,2908,4095,2490,3139,22,39,46,24.5,75.1,true,unclassified,1780391382487
4619,node_01,1780391382,data_collection,cooking_fume,baseline,,false,false,,rule_fallback_v0,2902,4095,2493,3139,23,40,47,24.6,74.9,true,unclassified,1780391383535
4620,node_01,1780391383,data_collection,cooking_fume,baseline,,false,false,,rule_fallback_v0,2911,4095,2493,3139,23,40,47,24.6,74.9,true,unclassified,1780391384590
4621,node_01,1780391384,data_collection,cooking_fume,baseline,,false,false,,rule_fallback_v0,2906,4095,2494,3139,23,40,47,24.6,74.9,true,unclassified,1780391385636
4622,node_01,1780391385,data_collection,cooking_fume,baseline,,false,false,,rule_fallback_v0,2912,4095,2494,3139,22,39,46,24.7,74.8,true,unclassified,1780391386674
4623,node_01,1780391386,data_collection,cooking_fume,baseline,,false,false,,rule_fallback_v0,2903,4095,2494,3139,22,39,46,24.7,74.8,true,unclassified,1780391387719
4624,node_01,1780391388,data_collection,cooking_fume,baseline,,false,false,,rule_fallback_v0,2907,4095,2495,3139,22,39,46,24.7,74.8,true,unclassified,1780391388770
4625,node_01,1780391389,data_collection,cooking_fume,baseline,,false,false,,rule_fallback_v0,2906,4095,2492,3139,22,39,46,24.7,74.7,true,unclassified,1780391389820
4626,node_01,1780391390,data_collection,cooking_fume,baseline,,false,false,,rule_fallback_v0,2911,4095,2490,3139,22,39,46,24.7,74.7,true,unclassified,1780391390857
4627,node_01,1780391391,data_collection,cooking_fume,baseline,,false,false,,rule_fallback_v0,2905,4095,2493,3139,23,40,47,24.7,74.7,true,unclassified,1780391391905
4628,node_01,1780391392,data_collection,cooking_fume,baseline,,false,false,,rule_fallback_v0,2912,4095,2495,3139,22,40,47,24.7,74.7,true,unclassified,1780391392974
4629,node_01,1780391393,data_collection,cooking_fume,baseline,,false,false,,rule_fallback_v0,2909,4095,2491,3139,22,40,47,24.7,74.7,true,unclassified,1780391394034
4630,node_01,1780391394,data_collection,cooking_fume,baseline,,false,false,,rule_fallback_v0,2909,4095,2493,3139,21,39,46,24.7,74.7,true,unclassified,1780391395054
4631,node_01,1780391395,data_collection,cooking_fume,baseline,,false,false,,rule_fallback_v0,2909,4095,2491,3139,21,39,46,24.8,74.5,true,unclassified,1780391396098
4632,node_01,1780391396,data_collection,cooking_fume,baseline,,false,false,,rule_fallback_v0,2908,4095,2492,3139,21,39,46,24.8,74.5,true,unclassified,1780391397138
4633,node_01,1780391397,data_collection,cooking_fume,baseline,,false,false,,rule_fallback_v0,2899,4095,2494,3139,21,39,46,24.8,74.5,true,unclassified,1780391398182
4634,node_01,1780391398,data_collection,cooking_fume,baseline,,false,false,,rule_fallback_v0,2906,4095,2495,3139,21,39,46,24.9,74.2,true,unclassified,1780391399235
4635,node_01,1780391399,data_collection,cooking_fume,baseline,,false,false,,rule_fallback_v0,2911,4095,2493,3139,21,39,46,24.9,74.2,true,unclassified,1780391400273
4636,node_01,1780391400,data_collection,cooking_fume,baseline,,false,false,,rule_fallback_v0,2909,4095,2492,3139,21,39,46,24.9,74.2,true,unclassified,1780391401326
4637,node_01,1780391401,data_collection,cooking_fume,baseline,,false,false,,rule_fallback_v0,2899,4095,2492,3139,21,39,45,24.9,74.1,true,unclassified,1780391402366
4638,node_01,1780391402,data_collection,cooking_fume,baseline,,false,false,,rule_fallback_v0,2913,4095,2494,3139,21,38,45,24.9,74.1,true,unclassified,1780391403412
4639,node_01,1780391403,data_collection,cooking_fume,baseline,,false,false,,rule_fallback_v0,2905,4095,2491,3139,21,38,45,24.9,74.1,true,unclassified,1780391404462
4640,node_01,1780391404,data_collection,cooking_fume,baseline,,false,false,,rule_fallback_v0,2916,4095,2493,3139,21,38,45,24.9,74,true,unclassified,1780391405509
4641,node_01,1780391405,data_collection,cooking_fume,baseline,,false,false,,rule_fallback_v0,2904,4095,2489,3139,21,38,45,24.9,74,true,unclassified,1780391406551
4642,node_01,1780391406,data_collection,cooking_fume,baseline,,false,false,,rule_fallback_v0,2904,4095,2490,3139,21,38,44,24.9,74,true,unclassified,1780391407599
4643,node_01,1780391407,data_collection,cooking_fume,baseline,,false,false,,rule_fallback_v0,2905,4095,2492,3139,21,38,44,25,74,true,unclassified,1780391408653
4644,node_01,1780391408,data_collection,cooking_fume,baseline,,false,false,,rule_fallback_v0,2906,4095,2490,3139,21,38,44,25,74,true,unclassified,1780391409691
4645,node_01,1780391409,data_collection,cooking_fume,baseline,,false,false,,rule_fallback_v0,2906,4095,2493,3139,22,39,45,25,74,true,unclassified,1780391410738
4646,node_01,1780391411,data_collection,cooking_fume,baseline,,false,false,,rule_fallback_v0,2914,4095,2492,3139,22,39,46,25,74,true,unclassified,1780391411784
4647,node_01,1780391412,data_collection,cooking_fume,baseline,,false,false,,rule_fallback_v0,2907,4095,2490,3139,21,38,45,25,74,true,unclassified,1780391412835
4648,node_01,1780391413,data_collection,cooking_fume,baseline,,false,false,,rule_fallback_v0,2917,4095,2491,3139,21,38,45,25,74,true,unclassified,1780391413877
4649,node_01,1780391414,data_collection,cooking_fume,baseline,,false,false,,rule_fallback_v0,2905,4095,2493,3139,21,38,45,25,73.7,true,unclassified,1780391414921
4650,node_01,1780391415,data_collection,cooking_fume,baseline,,false,false,,rule_fallback_v0,2912,4095,2492,3139,21,38,45,25,73.7,true,unclassified,1780391415968
4651,node_01,1780391416,data_collection,cooking_fume,baseline,,false,false,,rule_fallback_v0,2902,4095,2492,3139,21,38,45,25,73.7,true,unclassified,1780391417015
4652,node_01,1780391417,data_collection,cooking_fume,baseline,,false,false,,rule_fallback_v0,2909,4095,2494,3139,21,38,45,25,73.8,true,unclassified,1780391418061
4653,node_01,1780391418,data_collection,cooking_fume,baseline,,false,false,,rule_fallback_v0,2903,4095,2494,3139,21,38,45,25,73.8,true,unclassified,1780391419109
4654,node_01,1780391419,data_collection,cooking_fume,baseline,,false,false,,rule_fallback_v0,2906,4095,2492,3139,21,38,45,25,73.8,true,unclassified,1780391420152
4655,node_01,1780391420,data_collection,cooking_fume,baseline,,false,false,,rule_fallback_v0,2904,4095,2492,3139,21,38,45,25.1,73.8,true,unclassified,1780391421199
4656,node_01,1780391421,data_collection,cooking_fume,baseline,,false,false,,rule_fallback_v0,2901,4095,2491,3139,22,39,46,25.1,73.8,true,unclassified,1780391422247
4657,node_01,1780391422,data_collection,cooking_fume,baseline,,false,false,,rule_fallback_v0,2904,4095,2492,3139,22,39,46,25.1,73.8,true,unclassified,1780391423295
4658,node_01,1780391423,data_collection,cooking_fume,baseline,,false,false,,rule_fallback_v0,2906,4095,2495,3139,22,39,46,25.1,73.8,true,unclassified,1780391424337
4659,node_01,1780391424,data_collection,cooking_fume,baseline,,false,false,,rule_fallback_v0,2901,4095,2493,3139,21,38,45,25.1,73.8,true,unclassified,1780391425383
4660,node_01,1780391425,data_collection,cooking_fume,baseline,,false,false,,rule_fallback_v0,2908,4095,2492,3139,21,38,45,25.1,73.8,true,unclassified,1780391426432
4661,node_01,1780391426,data_collection,cooking_fume,baseline,,false,false,,rule_fallback_v0,2904,4095,2492,3139,21,38,45,25.1,73.6,true,unclassified,1780391427477
4662,node_01,1780391427,data_collection,cooking_fume,baseline,,false,false,,rule_fallback_v0,2907,4095,2491,3139,21,37,44,25.1,73.6,true,unclassified,1780391428524
4663,node_01,1780391428,data_collection,cooking_fume,baseline,,false,false,,rule_fallback_v0,2902,4095,2493,3139,21,37,44,25.1,73.6,true,unclassified,1780391429571
4664,node_01,1780391429,data_collection,cooking_fume,baseline,,false,false,,rule_fallback_v0,2910,4095,2494,3139,21,37,44,25.2,73.4,true,unclassified,1780391430621
4665,node_01,1780391430,data_collection,cooking_fume,baseline,,false,false,,rule_fallback_v0,2904,4095,2493,3139,21,37,44,25.2,73.4,true,unclassified,1780391431661
4666,node_01,1780391431,data_collection,cooking_fume,baseline,,false,false,,rule_fallback_v0,2911,4095,2492,3139,21,36,44,25.2,73.4,true,unclassified,1780391432706
4667,node_01,1780391432,data_collection,cooking_fume,baseline,,false,false,,rule_fallback_v0,2903,4095,2492,3139,22,37,45,25.2,73.4,true,unclassified,1780391433754
4668,node_01,1780391434,data_collection,cooking_fume,baseline,,false,false,,rule_fallback_v0,2909,4095,2489,3139,22,37,45,25.2,73.4,true,unclassified,1780391434802
4669,node_01,1780391435,data_collection,cooking_fume,baseline,,false,false,,rule_fallback_v0,2901,4095,2492,3139,22,37,45,25.2,73.4,true,unclassified,1780391435846
4670,node_01,1780391436,data_collection,cooking_fume,baseline,,false,false,,rule_fallback_v0,2915,4095,2494,3139,21,36,44,25.2,73.3,true,unclassified,1780391436890
4671,node_01,1780391437,data_collection,cooking_fume,baseline,,false,false,,rule_fallback_v0,2908,4095,2493,3139,21,36,44,25.2,73.3,true,unclassified,1780391437938
4672,node_01,1780391438,data_collection,cooking_fume,baseline,,false,false,,rule_fallback_v0,2916,4095,2492,3139,21,36,44,25.2,73.3,true,unclassified,1780391438983
4673,node_01,1780391439,data_collection,cooking_fume,baseline,,false,false,,rule_fallback_v0,2905,4095,2493,3139,22,38,45,25.2,73,true,unclassified,1780391440033
4674,node_01,1780391440,data_collection,cooking_fume,baseline,,false,false,,rule_fallback_v0,2909,4095,2492,3139,23,38,45,25.2,73,true,unclassified,1780391441121
4675,node_01,1780391441,data_collection,cooking_fume,baseline,,false,false,,rule_fallback_v0,2906,4095,2494,3139,23,38,45,25.2,73,true,unclassified,1780391442145
4676,node_01,1780391442,data_collection,cooking_fume,baseline,,false,false,,rule_fallback_v0,2908,4095,2494,3139,22,37,44,25.2,73,true,unclassified,1780391443168
4677,node_01,1780391443,data_collection,cooking_fume,baseline,,false,false,,rule_fallback_v0,2898,4095,2492,3139,22,37,44,25.2,73,true,unclassified,1780391444298
4678,node_01,1780391444,data_collection,cooking_fume,baseline,,false,false,,rule_fallback_v0,2918,4095,2492,3139,22,37,44,25.2,73,true,unclassified,1780391445259
4679,node_01,1780391445,data_collection,cooking_fume,baseline,,false,false,,rule_fallback_v0,2905,4095,2493,3139,23,38,45,25.3,72.9,true,unclassified,1780391446349
4680,node_01,1780391446,data_collection,cooking_fume,baseline,,false,false,,rule_fallback_v0,2912,4095,2493,3139,23,37,45,25.3,72.9,true,unclassified,1780391447369
4681,node_01,1780391447,data_collection,cooking_fume,baseline,,false,false,,rule_fallback_v0,2904,4095,2493,3139,23,37,45,25.3,72.9,true,unclassified,1780391448495
4682,node_01,1780391448,data_collection,cooking_fume,baseline,,false,false,,rule_fallback_v0,2910,4095,2494,3139,22,36,44,25.3,72.9,true,unclassified,1780391449518
4683,node_01,1780391449,data_collection,cooking_fume,baseline,,false,false,,rule_fallback_v0,2907,4095,2495,3139,22,36,44,25.3,72.9,true,unclassified,1780391450545
4684,node_01,1780391450,data_collection,cooking_fume,baseline,,false,false,,rule_fallback_v0,2904,4095,2492,3139,22,36,44,25.3,72.9,true,unclassified,1780391451566
4685,node_01,1780391451,data_collection,cooking_fume,baseline,,false,false,,rule_fallback_v0,2902,4095,2494,3139,22,36,44,25.3,72.7,true,unclassified,1780391452590
4686,node_01,1780391452,data_collection,cooking_fume,baseline,,false,false,,rule_fallback_v0,2910,4095,2493,3139,22,36,44,25.3,72.7,true,unclassified,1780391453716
4687,node_01,1780391453,data_collection,cooking_fume,baseline,,false,false,,rule_fallback_v0,2903,4095,2492,3139,22,37,44,25.3,72.7,true,unclassified,1780391454745
4688,node_01,1780391454,data_collection,cooking_fume,baseline,,false,false,,rule_fallback_v0,2908,4095,2492,3139,22,37,44,25.3,72.7,true,unclassified,1780391455765
4689,node_01,1780391456,data_collection,cooking_fume,baseline,,false,false,,rule_fallback_v0,2908,4095,2495,3139,22,37,44,25.3,72.7,true,unclassified,1780391456790
4690,node_01,1780391457,data_collection,cooking_fume,baseline,,false,false,,rule_fallback_v0,2914,4095,2493,3139,23,38,45,25.3,72.7,true,unclassified,1780391457920
4691,node_01,1780391458,data_collection,cooking_fume,baseline,,false,false,,rule_fallback_v0,2906,4095,2494,3139,23,38,46,25.4,72.6,true,unclassified,1780391458940
4692,node_01,1780391459,data_collection,cooking_fume,baseline,,false,false,,rule_fallback_v0,2915,4095,2491,3139,23,38,47,25.4,72.6,true,unclassified,1780391459964
4693,node_01,1780391460,data_collection,cooking_fume,baseline,,false,false,,rule_fallback_v0,2907,4095,2492,3139,23,38,47,25.4,72.6,true,unclassified,1780391460987
4694,node_01,1780391461,data_collection,cooking_fume,baseline,,false,false,,rule_fallback_v0,2914,4095,2494,3139,23,38,47,25.4,72.6,true,unclassified,1780391462013
4695,node_01,1780391462,data_collection,cooking_fume,baseline,,false,false,,rule_fallback_v0,2905,4095,2493,3139,23,39,47,25.4,72.6,true,unclassified,1780391463047
4696,node_01,1780391463,data_collection,cooking_fume,baseline,,false,false,,rule_fallback_v0,2913,4095,2490,3139,22,38,46,25.4,72.6,true,unclassified,1780391464108
4697,node_01,1780391464,data_collection,cooking_fume,baseline,,false,false,,rule_fallback_v0,2906,4095,2494,3139,22,38,47,25.4,72.4,true,unclassified,1780391465132
4698,node_01,1780391465,data_collection,cooking_fume,baseline,,false,false,,rule_fallback_v0,2918,4095,2493,3139,22,38,47,25.4,72.4,true,unclassified,1780391466210
4699,node_01,1780391466,data_collection,cooking_fume,baseline,,false,false,,rule_fallback_v0,2905,4095,2493,3139,23,39,48,25.4,72.4,true,unclassified,1780391467228
4700,node_01,1780391467,data_collection,cooking_fume,baseline,,false,false,,rule_fallback_v0,2913,4095,2495,3139,23,39,48,25.4,72.4,true,unclassified,1780391468365
4701,node_01,1780391468,data_collection,cooking_fume,baseline,,false,false,,rule_fallback_v0,2905,4095,2494,3139,23,39,48,25.4,72.4,true,unclassified,1780391469317
4702,node_01,1780391469,data_collection,cooking_fume,baseline,,false,false,,rule_fallback_v0,2915,4095,2493,3139,23,39,48,25.4,72.4,true,unclassified,1780391470408
4703,node_01,1780391470,data_collection,cooking_fume,baseline,,false,false,,rule_fallback_v0,2904,4095,2493,3139,23,39,48,25.4,72.3,true,unclassified,1780391471411
4704,node_01,1780391471,data_collection,cooking_fume,baseline,,false,false,,rule_fallback_v0,2905,4095,2492,3139,23,39,48,25.4,72.3,true,unclassified,1780391472558
4705,node_01,1780391472,data_collection,cooking_fume,baseline,,false,false,,rule_fallback_v0,2905,4095,2493,3139,23,39,47,25.4,72.3,true,unclassified,1780391473587
4706,node_01,1780391473,data_collection,cooking_fume,baseline,,false,false,,rule_fallback_v0,2902,4095,2493,3139,23,39,47,25.5,72.3,true,unclassified,1780391474605
4707,node_01,1780391474,data_collection,cooking_fume,baseline,,false,false,,rule_fallback_v0,2904,4095,2491,3139,22,38,46,25.5,72.3,true,unclassified,1780391475625
4708,node_01,1780391475,data_collection,cooking_fume,baseline,,false,false,,rule_fallback_v0,2909,4095,2492,3139,22,38,46,25.5,72.3,true,unclassified,1780391476656
4709,node_01,1780391476,data_collection,cooking_fume,baseline,,false,false,,rule_fallback_v0,2905,4095,2493,3139,22,38,46,25.5,72.2,true,unclassified,1780391477781
4710,node_01,1780391477,data_collection,cooking_fume,baseline,,false,false,,rule_fallback_v0,2909,4095,2492,3139,22,38,46,25.5,72.2,true,unclassified,1780391478805
4711,node_01,1780391479,data_collection,cooking_fume,baseline,,false,false,,rule_fallback_v0,2904,4095,2492,3139,22,38,46,25.5,72.2,true,unclassified,1780391479828
4712,node_01,1780391480,data_collection,cooking_fume,baseline,,false,false,,rule_fallback_v0,2908,4095,2494,3139,22,38,46,25.5,72.1,true,unclassified,1780391480826
4713,node_01,1780391481,data_collection,cooking_fume,baseline,,false,false,,rule_fallback_v0,2905,4095,2491,3139,21,38,45,25.5,72.1,true,unclassified,1780391481882
4714,node_01,1780391482,data_collection,cooking_fume,baseline,,false,false,,rule_fallback_v0,2905,4095,2493,3139,21,38,45,25.5,72.1,true,unclassified,1780391483004
4715,node_01,1780391483,data_collection,cooking_fume,baseline,,false,false,,rule_fallback_v0,2905,4095,2494,3139,21,38,45,25.5,71.9,true,unclassified,1780391483974
4716,node_01,1780391484,data_collection,cooking_fume,baseline,,false,false,,rule_fallback_v0,2908,4095,2491,3139,21,38,44,25.5,71.9,true,unclassified,1780391485052
4717,node_01,1780391485,data_collection,cooking_fume,baseline,,false,false,,rule_fallback_v0,2904,4095,2491,3139,21,38,44,25.5,71.9,true,unclassified,1780391486075
4718,node_01,1780391486,data_collection,cooking_fume,baseline,,false,false,,rule_fallback_v0,2915,4095,2493,3139,21,38,44,25.5,71.9,true,unclassified,1780391487203
4719,node_01,1780391487,data_collection,cooking_fume,baseline,,false,false,,rule_fallback_v0,2903,4095,2493,3139,21,38,44,25.5,71.9,true,unclassified,1780391488225
4720,node_01,1780391488,data_collection,cooking_fume,baseline,,false,false,,rule_fallback_v0,2916,4095,2492,3139,21,38,44,25.5,71.9,true,unclassified,1780391489250
4721,node_01,1780391489,data_collection,cooking_fume,baseline,,false,false,,rule_fallback_v0,2902,4095,2491,3139,21,38,44,25.6,71.7,true,unclassified,1780391490238
4722,node_01,1780391490,data_collection,cooking_fume,baseline,,false,false,,rule_fallback_v0,2909,4095,2491,3139,22,39,46,25.6,71.7,true,unclassified,1780391491297
4723,node_01,1780391491,data_collection,cooking_fume,baseline,,false,false,,rule_fallback_v0,2905,4095,2494,3139,22,39,46,25.6,71.7,true,unclassified,1780391492423
4724,node_01,1780391492,data_collection,cooking_fume,baseline,,false,false,,rule_fallback_v0,2910,4095,2491,3139,22,39,46,25.6,71.8,true,unclassified,1780391493373
4725,node_01,1780391493,data_collection,cooking_fume,baseline,,false,false,,rule_fallback_v0,2900,4095,2494,3139,21,38,45,25.6,71.8,true,unclassified,1780391494478
4726,node_01,1780391494,data_collection,cooking_fume,baseline,,false,false,,rule_fallback_v0,2909,4095,2493,3139,21,38,45,25.6,71.8,true,unclassified,1780391495503
4727,node_01,1780391495,data_collection,cooking_fume,baseline,,false,false,,rule_fallback_v0,2905,4095,2494,3139,22,39,46,25.6,71.8,true,unclassified,1780391496525
4728,node_01,1780391496,data_collection,cooking_fume,baseline,,false,false,,rule_fallback_v0,2915,4095,2495,3139,22,39,45,25.6,71.8,true,unclassified,1780391497645
4729,node_01,1780391497,data_collection,cooking_fume,baseline,,false,false,,rule_fallback_v0,2907,4095,2491,3139,22,39,45,25.6,71.8,true,unclassified,1780391498674
4730,node_01,1780391498,data_collection,cooking_fume,baseline,,false,false,,rule_fallback_v0,2903,4095,2498,3139,22,39,45,25.6,71.8,true,unclassified,1780391499693
4731,node_01,1780391499,data_collection,cooking_fume,baseline,,false,false,,rule_fallback_v0,2903,4095,2494,3139,22,38,45,25.6,71.8,true,unclassified,1780391500717
4732,node_01,1780391500,data_collection,cooking_fume,baseline,,false,false,,rule_fallback_v0,2903,4095,2492,3139,22,38,45,25.6,71.8,true,unclassified,1780391501741
4733,node_01,1780391502,data_collection,cooking_fume,baseline,,false,false,,rule_fallback_v0,2904,4095,2494,3139,21,37,44,25.6,71.8,true,unclassified,1780391502873
4734,node_01,1780391503,data_collection,cooking_fume,baseline,,false,false,,rule_fallback_v0,2910,4095,2492,3139,21,36,44,25.6,71.8,true,unclassified,1780391503893
4735,node_01,1780391504,data_collection,cooking_fume,baseline,,false,false,,rule_fallback_v0,2908,4095,2493,3139,21,36,44,25.6,71.8,true,unclassified,1780391504915
4736,node_01,1780391505,data_collection,cooking_fume,baseline,,false,false,,rule_fallback_v0,2906,4095,2494,3139,22,37,45,25.6,71.8,true,unclassified,1780391505927
4737,node_01,1780391506,data_collection,cooking_fume,baseline,,false,false,,rule_fallback_v0,2905,4095,2495,3139,22,37,45,25.6,71.8,true,unclassified,1780391507066
4738,node_01,1780391507,data_collection,cooking_fume,baseline,,false,false,,rule_fallback_v0,2919,4095,2493,3139,22,37,45,25.6,71.8,true,unclassified,1780391508017
4739,node_01,1780391508,data_collection,cooking_fume,baseline,,false,false,,rule_fallback_v0,2904,4095,2493,3139,21,36,45,25.7,71.8,true,unclassified,1780391509115
4740,node_01,1780391509,data_collection,cooking_fume,baseline,,false,false,,rule_fallback_v0,2908,4095,2494,3139,21,36,45,25.7,71.8,true,unclassified,1780391510110
4741,node_01,1780391510,data_collection,cooking_fume,baseline,,false,false,,rule_fallback_v0,2905,4095,2492,3139,21,36,45,25.7,71.8,true,unclassified,1780391511190
4742,node_01,1780391511,data_collection,cooking_fume,baseline,,false,false,,rule_fallback_v0,2915,4095,2495,3139,22,37,46,25.7,71.9,true,unclassified,1780391512902
4743,node_01,1780391512,data_collection,cooking_fume,baseline,,false,false,,rule_fallback_v0,2902,4095,2491,3139,22,37,46,25.7,71.9,true,unclassified,1780391513318
4744,node_01,1780391513,data_collection,cooking_fume,baseline,,false,false,,rule_fallback_v0,2908,4095,2493,3139,22,38,46,25.7,71.9,true,unclassified,1780391514302
4745,node_01,1780391514,data_collection,cooking_fume,baseline,,false,false,,rule_fallback_v0,2907,4095,2492,3139,22,38,46,25.7,71.9,true,unclassified,1780391515344
4746,node_01,1780391515,data_collection,cooking_fume,baseline,,false,false,,rule_fallback_v0,2913,4095,2494,3139,22,38,47,25.7,71.9,true,unclassified,1780391516487
4747,node_01,1780391516,data_collection,cooking_fume,baseline,,false,false,,rule_fallback_v0,2896,4095,2493,3139,21,38,46,25.7,71.9,true,unclassified,1780391517430
4748,node_01,1780391517,data_collection,cooking_fume,baseline,,false,false,,rule_fallback_v0,2911,4095,2495,3139,21,38,46,25.7,71.8,true,unclassified,1780391518536
4749,node_01,1780391518,data_collection,cooking_fume,baseline,,false,false,,rule_fallback_v0,2904,4095,2493,3139,21,38,46,25.7,71.8,true,unclassified,1780391519560
4750,node_01,1780391519,data_collection,cooking_fume,baseline,,false,false,,rule_fallback_v0,2916,4095,2492,3139,21,38,45,25.7,71.8,true,unclassified,1780391520574
4751,node_01,1780391520,data_collection,cooking_fume,baseline,,false,false,,rule_fallback_v0,2906,4095,2492,3139,21,38,45,25.8,71.9,true,unclassified,1780391521710
4752,node_01,1780391521,data_collection,cooking_fume,baseline,,false,false,,rule_fallback_v0,2907,4095,2492,3139,21,38,45,25.8,71.9,true,unclassified,1780391522734
4753,node_01,1780391522,data_collection,cooking_fume,baseline,,false,false,,rule_fallback_v0,2906,4095,2492,3139,22,39,46,25.8,71.9,true,unclassified,1780391523760
4754,node_01,1780391523,data_collection,cooking_fume,baseline,,false,false,,rule_fallback_v0,2906,4095,2494,3139,22,38,46,25.8,71.9,true,unclassified,1780391524762
4755,node_01,1780391525,data_collection,cooking_fume,baseline,,false,false,,rule_fallback_v0,2903,4095,2495,3139,22,38,46,25.8,71.9,true,unclassified,1780391525918
4756,node_01,1780391526,data_collection,cooking_fume,baseline,,false,false,,rule_fallback_v0,2910,4095,2491,3139,22,38,46,25.8,71.9,true,unclassified,1780391526942
4757,node_01,1780391527,data_collection,cooking_fume,baseline,,false,false,,rule_fallback_v0,2903,4095,2493,3139,22,39,46,25.8,71.8,true,unclassified,1780391527966
4758,node_01,1780391528,data_collection,cooking_fume,baseline,,false,false,,rule_fallback_v0,2907,4095,2493,3139,22,39,46,25.8,71.8,true,unclassified,1780391528981
4759,node_01,1780391529,data_collection,cooking_fume,baseline,,false,false,,rule_fallback_v0,2930,4095,2508,3139,21,38,45,25.8,71.8,true,unclassified,1780391530004
4760,node_01,1780391530,data_collection,cooking_fume,exposure,,false,false,,rule_fallback_v0,2939,4095,2509,3139,21,38,46,25.8,71.8,true,unclassified,1780391531130
4761,node_01,1780391531,data_collection,cooking_fume,exposure,,false,false,,rule_fallback_v0,2933,4095,2506,3139,21,38,46,25.8,71.8,true,unclassified,1780391532072
4762,node_01,1780391532,data_collection,cooking_fume,exposure,,false,false,,rule_fallback_v0,2932,4095,2507,3139,22,39,47,25.8,71.8,true,unclassified,1780391533184
4763,node_01,1780391533,data_collection,cooking_fume,exposure,,false,false,,rule_fallback_v0,2928,4095,2509,3139,22,39,47,25.8,71.6,true,unclassified,1780391534207
4764,node_01,1780391534,data_collection,cooking_fume,exposure,,false,false,,rule_fallback_v0,2935,4095,2508,3139,22,39,47,25.8,71.6,true,unclassified,1780391535226
4765,node_01,1780391535,data_collection,cooking_fume,exposure,,false,false,,rule_fallback_v0,2932,4095,2509,3139,21,38,46,25.8,71.6,true,unclassified,1780391536271
4766,node_01,1780391536,data_collection,cooking_fume,exposure,,false,false,,rule_fallback_v0,2927,4095,2506,3139,21,38,46,25.8,71.5,true,unclassified,1780391537384
4767,node_01,1780391537,data_collection,cooking_fume,exposure,,false,false,,rule_fallback_v0,2930,4095,2507,3139,22,39,47,25.8,71.5,true,unclassified,1780391538405
4768,node_01,1780391538,data_collection,cooking_fume,exposure,,false,false,,rule_fallback_v0,2931,4095,2509,3139,22,39,47,25.8,71.5,true,unclassified,1780391539424
4769,node_01,1780391539,data_collection,cooking_fume,exposure,,false,false,,rule_fallback_v0,2928,4095,2507,3139,22,39,47,25.9,71.3,true,unclassified,1780391540452
4770,node_01,1780391540,data_collection,cooking_fume,exposure,,false,false,,rule_fallback_v0,2931,4095,2509,3139,22,39,47,25.9,71.3,true,unclassified,1780391541575
4771,node_01,1780391541,data_collection,cooking_fume,exposure,,false,false,,rule_fallback_v0,2932,4095,2509,3139,22,39,47,25.9,71.3,true,unclassified,1780391543798
4772,node_01,1780391542,data_collection,cooking_fume,exposure,,false,false,,rule_fallback_v0,2926,4095,2507,3139,22,39,47,25.9,71.3,true,unclassified,1780391543930
4773,node_01,1780391543,data_collection,cooking_fume,exposure,,false,false,,rule_fallback_v0,2934,4095,2507,3139,22,39,47,25.9,71.3,true,unclassified,1780391544649
4774,node_01,1780391544,data_collection,cooking_fume,exposure,,false,false,,rule_fallback_v0,2928,4095,2507,3139,22,39,46,25.9,71.3,true,unclassified,1780391545688
4775,node_01,1780391545,data_collection,cooking_fume,exposure,,false,false,,rule_fallback_v0,2925,4095,2506,3139,22,39,46,25.9,71.1,true,unclassified,1780391546728
4776,node_01,1780391547,data_collection,cooking_fume,exposure,,false,false,,rule_fallback_v0,2934,4095,2508,3139,21,38,45,25.9,71.1,true,unclassified,1780391549784
4777,node_01,1780391548,data_collection,cooking_fume,exposure,,false,false,,rule_fallback_v0,2929,4095,2508,3139,21,38,45,25.9,71.1,true,unclassified,1780391554793
4778,node_01,1780391549,data_collection,cooking_fume,exposure,,false,false,,rule_fallback_v0,2934,4095,2506,3139,21,38,45,25.9,71.1,true,unclassified,1780391554812
4779,node_01,1780391550,data_collection,cooking_fume,exposure,,false,false,,rule_fallback_v0,2932,4095,2509,3139,21,38,45,25.9,71.1,true,unclassified,1780391554850
4780,node_01,1780391551,data_collection,cooking_fume,exposure,,false,false,,rule_fallback_v0,2931,4095,2506,3139,21,38,45,25.9,71.1,true,unclassified,1780391554878
4781,node_01,1780391552,data_collection,cooking_fume,exposure,,false,false,,rule_fallback_v0,2932,4095,2507,3139,21,38,45,25.9,71,true,unclassified,1780391554905
4782,node_01,1780391553,data_collection,cooking_fume,exposure,,false,false,,rule_fallback_v0,2929,4095,2511,3139,22,39,46,25.9,71,true,unclassified,1780391554946
4783,node_01,1780391554,data_collection,cooking_fume,exposure,,false,false,,rule_fallback_v0,2931,4095,2514,3139,22,40,47,25.9,71,true,unclassified,1780391555106
4784,node_01,1780391555,data_collection,cooking_fume,exposure,,false,false,,rule_fallback_v0,2933,4095,2512,3139,22,40,47,25.9,71.5,true,unclassified,1780391556129
4785,node_01,1780391556,data_collection,cooking_fume,exposure,,false,false,,rule_fallback_v0,2933,4095,2508,3139,22,40,47,25.9,71.5,true,unclassified,1780391557267
4786,node_01,1780391557,data_collection,cooking_fume,exposure,,false,false,,rule_fallback_v0,2931,4095,2513,3139,22,40,47,25.9,71.5,true,unclassified,1780391558304
4787,node_01,1780391558,data_collection,cooking_fume,exposure,,false,false,,rule_fallback_v0,2941,4095,2507,3139,21,39,46,26,71.8,true,unclassified,1780391559268
4788,node_01,1780391559,data_collection,cooking_fume,exposure,,false,false,,rule_fallback_v0,2935,4095,2510,3139,21,39,46,26,71.8,true,unclassified,1780391560314
4789,node_01,1780391560,data_collection,cooking_fume,exposure,,false,false,,rule_fallback_v0,2930,4095,2510,3139,21,40,47,26,71.8,true,unclassified,1780391561358
4790,node_01,1780391561,data_collection,cooking_fume,exposure,,false,false,,rule_fallback_v0,2927,4095,2513,3139,21,40,47,26,72,true,unclassified,1780391562487
4791,node_01,1780391562,data_collection,cooking_fume,exposure,,false,false,,rule_fallback_v0,2926,4095,2510,3139,21,40,48,26,72,true,unclassified,1780391563511
4792,node_01,1780391563,data_collection,cooking_fume,exposure,,false,false,,rule_fallback_v0,2926,4095,2505,3139,21,40,48,26,72,true,unclassified,1780391564520
4793,node_01,1780391564,data_collection,cooking_fume,exposure,,false,false,,rule_fallback_v0,2931,4095,2508,3139,22,40,48,26,72,true,unclassified,1780391565559
4794,node_01,1780391565,data_collection,cooking_fume,exposure,,false,false,,rule_fallback_v0,2931,4095,2506,3139,22,41,49,26,72,true,unclassified,1780391566589
4795,node_01,1780391566,data_collection,cooking_fume,exposure,,false,false,,rule_fallback_v0,2928,4095,2507,3139,22,41,49,26,72,true,unclassified,1780391567633
4796,node_01,1780391567,data_collection,cooking_fume,exposure,,false,false,,rule_fallback_v0,2929,4095,2509,3139,23,42,50,26,72,true,unclassified,1780391568734
4797,node_01,1780391568,data_collection,cooking_fume,exposure,,false,false,,rule_fallback_v0,2930,4095,2508,3139,23,42,50,26,72,true,unclassified,1780391569757
4798,node_01,1780391570,data_collection,cooking_fume,exposure,,false,false,,rule_fallback_v0,2929,4095,2508,3139,23,42,50,26,72,true,unclassified,1780391570781
4799,node_01,1780391571,data_collection,cooking_fume,exposure,,false,false,,rule_fallback_v0,2932,4095,2508,3139,23,42,51,26,71.8,true,unclassified,1780391571815
4800,node_01,1780391572,data_collection,cooking_fume,exposure,,false,false,,rule_fallback_v0,2928,4095,2508,3139,23,43,51,26,71.8,true,unclassified,1780391572867
4801,node_01,1780391573,data_collection,cooking_fume,exposure,,false,false,,rule_fallback_v0,2931,4095,2506,3139,24,43,51,26,71.8,true,unclassified,1780391573909
4802,node_01,1780391574,data_collection,cooking_fume,exposure,,false,false,,rule_fallback_v0,2934,4095,2508,3139,23,42,51,26,71.7,true,unclassified,1780391574984
4803,node_01,1780391575,data_collection,cooking_fume,exposure,,false,false,,rule_fallback_v0,2931,4095,2508,3139,23,42,51,26,71.7,true,unclassified,1780391576002
4804,node_01,1780391576,data_collection,cooking_fume,exposure,,false,false,,rule_fallback_v0,2934,4095,2508,3139,23,42,52,26,71.7,true,unclassified,1780391577129
4805,node_01,1780391577,data_collection,cooking_fume,exposure,,false,false,,rule_fallback_v0,2928,4095,2508,3139,24,43,53,26.1,71.6,true,unclassified,1780391578090
4806,node_01,1780391578,data_collection,cooking_fume,exposure,,false,false,,rule_fallback_v0,2931,4095,2508,3139,24,44,53,26.1,71.6,true,unclassified,1780391579137
4807,node_01,1780391579,data_collection,cooking_fume,exposure,,false,false,,rule_fallback_v0,2926,4095,2509,3139,24,44,53,26.1,71.6,true,unclassified,1780391580180
4808,node_01,1780391580,data_collection,cooking_fume,exposure,,false,false,,rule_fallback_v0,2943,4095,2509,3139,24,44,54,26.1,71.6,true,unclassified,1780391581227
4809,node_01,1780391581,data_collection,cooking_fume,exposure,,false,false,,rule_fallback_v0,2928,4095,2507,3139,24,44,54,26.1,71.6,true,unclassified,1780391582354
4810,node_01,1780391582,data_collection,cooking_fume,exposure,,false,false,,rule_fallback_v0,2930,4095,2508,3139,24,44,55,26.1,71.6,true,unclassified,1780391583318
4811,node_01,1780391583,data_collection,cooking_fume,exposure,,false,false,,rule_fallback_v0,2930,4095,2508,3139,24,44,55,26.1,71.3,true,unclassified,1780391584366
4812,node_01,1780391584,data_collection,cooking_fume,exposure,,false,false,,rule_fallback_v0,2934,4095,2507,3139,24,44,55,26.1,71.3,true,unclassified,1780391585417
4813,node_01,1780391585,data_collection,cooking_fume,exposure,,false,false,,rule_fallback_v0,2934,4095,2509,3139,24,44,55,26.1,71.3,true,unclassified,1780391586462
4814,node_01,1780391586,data_collection,cooking_fume,exposure,,false,false,,rule_fallback_v0,2939,4095,2509,3139,24,44,55,26.1,71.1,true,unclassified,1780391587509
4815,node_01,1780391587,data_collection,cooking_fume,exposure,,false,false,,rule_fallback_v0,2929,4095,2507,3139,24,44,55,26.1,71.1,true,unclassified,1780391588553
4816,node_01,1780391588,data_collection,cooking_fume,exposure,,false,false,,rule_fallback_v0,2938,4095,2509,3139,23,43,54,26.1,71.1,true,unclassified,1780391589618
4817,node_01,1780391589,data_collection,cooking_fume,exposure,,false,false,,rule_fallback_v0,2930,4095,2509,3139,23,43,54,26.1,71,true,unclassified,1780391590750
4818,node_01,1780391590,data_collection,cooking_fume,exposure,,false,false,,rule_fallback_v0,2939,4095,2511,3139,23,43,54,26.1,71,true,unclassified,1780391591776
4819,node_01,1780391591,data_collection,cooking_fume,exposure,,false,false,,rule_fallback_v0,2933,4095,2510,3139,23,43,54,26.1,71,true,unclassified,1780391592732
4820,node_01,1780391593,data_collection,cooking_fume,exposure,,false,false,,rule_fallback_v0,2932,4095,2508,3139,23,43,54,26.1,70.8,true,unclassified,1780391593822
4821,node_01,1780391594,data_collection,cooking_fume,exposure,,false,false,,rule_fallback_v0,2931,4095,2507,3139,23,43,54,26.1,70.8,true,unclassified,1780391594848
4822,node_01,1780391595,data_collection,cooking_fume,exposure,,false,false,,rule_fallback_v0,2930,4095,2506,3139,24,43,54,26.1,70.8,true,unclassified,1780391595972
4823,node_01,1780391596,data_collection,cooking_fume,exposure,,false,false,,rule_fallback_v0,2934,4095,2509,3139,24,43,54,26.1,70.9,true,unclassified,1780391596995
4824,node_01,1780391597,data_collection,cooking_fume,exposure,,false,false,,rule_fallback_v0,2934,4095,2507,3139,24,43,54,26.1,70.9,true,unclassified,1780391597962
4825,node_01,1780391598,data_collection,cooking_fume,exposure,,false,false,,rule_fallback_v0,2935,4095,2506,3139,24,43,55,26.1,70.9,true,unclassified,1780391599004
4826,node_01,1780391599,data_collection,cooking_fume,exposure,,false,false,,rule_fallback_v0,2925,4095,2508,3139,24,43,55,26.2,70.7,true,unclassified,1780391600068
4827,node_01,1780391600,data_collection,cooking_fume,exposure,,false,false,,rule_fallback_v0,2931,4095,2507,3139,25,44,56,26.2,70.7,true,unclassified,1780391601194
4828,node_01,1780391601,data_collection,cooking_fume,exposure,,false,false,,rule_fallback_v0,2930,4095,2507,3139,26,44,56,26.2,70.7,true,unclassified,1780391602218
4829,node_01,1780391602,data_collection,cooking_fume,exposure,,false,false,,rule_fallback_v0,2932,4095,2508,3139,26,45,56,26.2,70.9,true,unclassified,1780391603241
4830,node_01,1780391603,data_collection,cooking_fume,exposure,,false,false,,rule_fallback_v0,2938,4095,2504,3139,25,44,55,26.2,70.9,true,unclassified,1780391604266
4831,node_01,1780391604,data_collection,cooking_fume,exposure,,false,false,,rule_fallback_v0,2931,4095,2506,3139,25,44,55,26.2,70.9,true,unclassified,1780391605290
4832,node_01,1780391605,data_collection,cooking_fume,exposure,,false,false,,rule_fallback_v0,2936,4095,2510,3139,25,44,55,26.2,70.8,true,unclassified,1780391606323
4833,node_01,1780391606,data_collection,cooking_fume,exposure,,false,false,,rule_fallback_v0,2929,4095,2509,3139,25,44,54,26.2,70.8,true,unclassified,1780391607373
4834,node_01,1780391607,data_collection,cooking_fume,exposure,,false,false,,rule_fallback_v0,2934,4095,2510,3139,25,43,54,26.2,70.8,true,unclassified,1780391608450
4835,node_01,1780391608,data_collection,cooking_fume,exposure,,false,false,,rule_fallback_v0,2928,4095,2508,3139,25,43,54,26.2,70.6,true,unclassified,1780391609490
4836,node_01,1780391609,data_collection,cooking_fume,exposure,,false,false,,rule_fallback_v0,2944,4095,2507,3139,26,44,54,26.2,70.6,true,unclassified,1780391610515
4837,node_01,1780391610,data_collection,cooking_fume,exposure,,false,false,,rule_fallback_v0,2929,4095,2508,3139,26,44,53,26.2,70.6,true,unclassified,1780391611556
4838,node_01,1780391611,data_collection,cooking_fume,exposure,,false,false,,rule_fallback_v0,2942,4095,2508,3139,26,43,53,26.2,70.4,true,unclassified,1780391612606
4839,node_01,1780391612,data_collection,cooking_fume,exposure,,false,false,,rule_fallback_v0,2929,4095,2509,3139,26,43,53,26.2,70.4,true,unclassified,1780391613646
4840,node_01,1780391613,data_collection,cooking_fume,exposure,,false,false,,rule_fallback_v0,2937,4095,2507,3139,26,43,53,26.2,70.4,true,unclassified,1780391614713
4841,node_01,1780391614,data_collection,cooking_fume,exposure,,false,false,,rule_fallback_v0,2928,4095,2509,3139,26,43,53,26.2,70.5,true,unclassified,1780391615742
4842,node_01,1780391616,data_collection,cooking_fume,exposure,,false,false,,rule_fallback_v0,2932,4095,2507,3139,26,43,53,26.2,70.5,true,unclassified,1780391616860
4843,node_01,1780391617,data_collection,cooking_fume,exposure,,false,false,,rule_fallback_v0,2930,4095,2507,3139,26,43,53,26.2,70.5,true,unclassified,1780391617885
4844,node_01,1780391618,data_collection,cooking_fume,exposure,,false,false,,rule_fallback_v0,2930,4095,2508,3139,26,43,53,26.3,70.5,true,unclassified,1780391618910
4845,node_01,1780391619,data_collection,cooking_fume,exposure,,false,false,,rule_fallback_v0,2932,4095,2510,3139,25,43,52,26.3,70.5,true,unclassified,1780391619917
4846,node_01,1780391620,data_collection,cooking_fume,exposure,,false,false,,rule_fallback_v0,2934,4095,2507,3139,25,43,52,26.3,70.5,true,unclassified,1780391620969
4847,node_01,1780391621,data_collection,cooking_fume,exposure,,false,false,,rule_fallback_v0,2929,4095,2507,3139,25,43,51,26.3,70.4,true,unclassified,1780391622013
4848,node_01,1780391622,data_collection,cooking_fume,exposure,,false,false,,rule_fallback_v0,2933,4095,2509,3139,25,43,52,26.3,70.4,true,unclassified,1780391623057
4849,node_01,1780391623,data_collection,cooking_fume,exposure,,false,false,,rule_fallback_v0,2930,4095,2507,3139,25,43,52,26.3,70.4,true,unclassified,1780391624100
4850,node_01,1780391624,data_collection,cooking_fume,exposure,,false,false,,rule_fallback_v0,2939,4095,2512,3139,26,44,55,26.3,70.1,true,unclassified,1780391625157
4851,node_01,1780391625,data_collection,cooking_fume,exposure,,false,false,,rule_fallback_v0,2932,4095,2507,3139,26,44,55,26.3,70.1,true,unclassified,1780391626281
4852,node_01,1780391626,data_collection,cooking_fume,exposure,,false,false,,rule_fallback_v0,2938,4095,2508,3139,26,44,55,26.3,70.1,true,unclassified,1780391627305
4853,node_01,1780391627,data_collection,cooking_fume,exposure,,false,false,,rule_fallback_v0,2929,4095,2509,3139,25,43,54,26.3,70.2,true,unclassified,1780391628329
4854,node_01,1780391628,data_collection,cooking_fume,exposure,,false,false,,rule_fallback_v0,2934,4095,2507,3139,25,43,54,26.3,70.2,true,unclassified,1780391629328
4855,node_01,1780391629,data_collection,cooking_fume,exposure,,false,false,,rule_fallback_v0,2927,4095,2510,3139,25,43,54,26.3,70.2,true,unclassified,1780391630372
4856,node_01,1780391630,data_collection,cooking_fume,exposure,,false,false,,rule_fallback_v0,2934,4095,2508,3139,26,44,55,26.3,70.1,true,unclassified,1780391631425
4857,node_01,1780391631,data_collection,cooking_fume,exposure,,false,false,,rule_fallback_v0,2928,4095,2510,3139,26,44,55,26.3,70.1,true,unclassified,1780391632466
4858,node_01,1780391632,data_collection,cooking_fume,exposure,,false,false,,rule_fallback_v0,2942,4095,2510,3139,26,44,55,26.3,70.1,true,unclassified,1780391633552
4859,node_01,1780391633,data_collection,cooking_fume,exposure,,false,false,,rule_fallback_v0,2928,4095,2509,3139,25,43,53,26.3,70,true,unclassified,1780391634575
4860,node_01,1780391634,data_collection,cooking_fume,exposure,,false,false,,rule_fallback_v0,2938,4095,2508,3139,25,43,53,26.3,70,true,unclassified,1780391635601
4861,node_01,1780391635,data_collection,cooking_fume,exposure,,false,false,,rule_fallback_v0,2933,4095,2508,3139,25,43,52,26.3,70,true,unclassified,1780391636726
4862,node_01,1780391636,data_collection,cooking_fume,exposure,,false,false,,rule_fallback_v0,2941,4095,2508,3139,26,44,53,26.3,70.1,true,unclassified,1780391637750
4863,node_01,1780391637,data_collection,cooking_fume,exposure,,false,false,,rule_fallback_v0,2933,4095,2507,3139,26,43,53,26.3,70.1,true,unclassified,1780391638775
4864,node_01,1780391639,data_collection,cooking_fume,exposure,,false,false,,rule_fallback_v0,2934,4095,2506,3139,26,43,52,26.3,70.1,true,unclassified,1780391639798
4865,node_01,1780391640,data_collection,cooking_fume,exposure,,false,false,,rule_fallback_v0,2936,4095,2508,3139,26,43,52,26.3,70.1,true,unclassified,1780391640975
4866,node_01,1780391641,data_collection,cooking_fume,exposure,,false,false,,rule_fallback_v0,2933,4095,2508,3139,26,43,52,26.3,70.1,true,unclassified,1780391641881
4867,node_01,1780391642,data_collection,cooking_fume,exposure,,false,false,,rule_fallback_v0,2932,4095,2507,3139,26,43,52,26.3,70.1,true,unclassified,1780391642923
4868,node_01,1780391643,data_collection,cooking_fume,exposure,,false,false,,rule_fallback_v0,2930,4095,2508,3139,26,43,52,26.3,70,true,unclassified,1780391643996
4869,node_01,1780391644,data_collection,cooking_fume,exposure,,false,false,,rule_fallback_v0,2930,4095,2507,3139,26,43,52,26.3,70,true,unclassified,1780391645015
4870,node_01,1780391645,data_collection,cooking_fume,exposure,,false,false,,rule_fallback_v0,2929,4095,2510,3139,25,42,51,26.3,70,true,unclassified,1780391646086
4871,node_01,1780391646,data_collection,cooking_fume,exposure,,false,false,,rule_fallback_v0,2929,4095,2508,3139,24,42,51,26.4,69.8,true,unclassified,1780391647103
4872,node_01,1780391647,data_collection,cooking_fume,exposure,,false,false,,rule_fallback_v0,2935,4095,2507,3139,24,42,52,26.4,69.8,true,unclassified,1780391648194
4873,node_01,1780391648,data_collection,cooking_fume,exposure,,false,false,,rule_fallback_v0,2929,4095,2509,3139,24,42,52,26.4,69.8,true,unclassified,1780391649224
4874,node_01,1780391649,data_collection,cooking_fume,exposure,,false,false,,rule_fallback_v0,2930,4095,2509,3139,24,43,52,26.4,69.8,true,unclassified,1780391650243
4875,node_01,1780391650,data_collection,cooking_fume,exposure,,false,false,,rule_fallback_v0,2931,4095,2509,3139,24,43,52,26.4,69.8,true,unclassified,1780391651369
4876,node_01,1780391651,data_collection,cooking_fume,exposure,,false,false,,rule_fallback_v0,2938,4095,2506,3139,24,43,52,26.4,69.8,true,unclassified,1780391652393
4877,node_01,1780391652,data_collection,cooking_fume,exposure,,false,false,,rule_fallback_v0,2930,4095,2508,3139,25,43,53,26.4,69.9,true,unclassified,1780391653377
4878,node_01,1780391653,data_collection,cooking_fume,exposure,,false,false,,rule_fallback_v0,2936,4095,2507,3139,25,44,53,26.4,69.9,true,unclassified,1780391654446
4879,node_01,1780391654,data_collection,cooking_fume,exposure,,false,false,,rule_fallback_v0,2933,4095,2504,3139,26,45,55,26.4,69.9,true,unclassified,1780391655567
4880,node_01,1780391655,data_collection,cooking_fume,exposure,,false,false,,rule_fallback_v0,2932,4095,2508,3139,26,45,55,26.4,69.9,true,unclassified,1780391656592
4881,node_01,1780391656,data_collection,cooking_fume,exposure,,false,false,,rule_fallback_v0,2930,4095,2509,3139,26,45,55,26.4,69.9,true,unclassified,1780391657616
4882,node_01,1780391657,data_collection,cooking_fume,exposure,,false,false,,rule_fallback_v0,2930,4095,2507,3139,25,44,54,26.4,69.9,true,unclassified,1780391658640
4883,node_01,1780391658,data_collection,cooking_fume,exposure,,false,false,,rule_fallback_v0,2932,4095,2508,3139,25,44,54,26.4,69.7,true,unclassified,1780391659663
4884,node_01,1780391659,data_collection,cooking_fume,exposure,,false,false,,rule_fallback_v0,2938,4095,2506,3139,25,44,54,26.4,69.7,true,unclassified,1780391660790
4885,node_01,1780391660,data_collection,cooking_fume,exposure,,false,false,,rule_fallback_v0,2930,4095,2509,3139,25,44,54,26.4,69.7,true,unclassified,1780391661814
4886,node_01,1780391662,data_collection,cooking_fume,exposure,,false,false,,rule_fallback_v0,2930,4095,2510,3139,25,44,54,26.4,69.6,true,unclassified,1780391662789
4887,node_01,1780391663,data_collection,cooking_fume,exposure,,false,false,,rule_fallback_v0,2930,4095,2508,3139,25,44,54,26.4,69.6,true,unclassified,1780391663862
4888,node_01,1780391664,data_collection,cooking_fume,exposure,,false,false,,rule_fallback_v0,2931,4095,2508,3139,25,43,54,26.4,69.6,true,unclassified,1780391664884
4889,node_01,1780391665,data_collection,cooking_fume,exposure,,false,false,,rule_fallback_v0,2929,4095,2509,3139,25,43,53,26.4,69.5,true,unclassified,1780391666012
4890,node_01,1780391666,data_collection,cooking_fume,exposure,,false,false,,rule_fallback_v0,2941,4095,2509,3139,26,44,53,26.4,69.5,true,unclassified,1780391667153
4891,node_01,1780391667,data_collection,cooking_fume,exposure,,false,false,,rule_fallback_v0,2929,4095,2507,3139,26,43,53,26.4,69.5,true,unclassified,1780391668060
4892,node_01,1780391668,data_collection,cooking_fume,exposure,,false,false,,rule_fallback_v0,2934,4095,2506,3139,26,43,53,26.5,69.3,true,unclassified,1780391669086
4893,node_01,1780391669,data_collection,cooking_fume,exposure,,false,false,,rule_fallback_v0,2923,4095,2507,3139,26,43,53,26.5,69.3,true,unclassified,1780391670211
4894,node_01,1780391670,data_collection,cooking_fume,exposure,,false,false,,rule_fallback_v0,2931,4095,2508,3139,26,42,52,26.5,69.3,true,unclassified,1780391671234
4895,node_01,1780391671,data_collection,cooking_fume,exposure,,false,false,,rule_fallback_v0,2933,4095,2510,3139,26,42,52,26.5,69.3,true,unclassified,1780391672258
4896,node_01,1780391672,data_collection,cooking_fume,exposure,,false,false,,rule_fallback_v0,2927,4095,2509,3139,26,42,52,26.5,69.3,true,unclassified,1780391673280
4897,node_01,1780391673,data_collection,cooking_fume,exposure,,false,false,,rule_fallback_v0,2933,4095,2510,3139,26,42,52,26.5,69.3,true,unclassified,1780391674306
4898,node_01,1780391674,data_collection,cooking_fume,exposure,,false,false,,rule_fallback_v0,2935,4095,2509,3139,26,42,52,26.5,69.4,true,unclassified,1780391675336
4899,node_01,1780391675,data_collection,cooking_fume,exposure,,false,false,,rule_fallback_v0,2930,4095,2509,3139,25,41,51,26.5,69.4,true,unclassified,1780391676390
4900,node_01,1780391676,data_collection,cooking_fume,exposure,,false,false,,rule_fallback_v0,2930,4095,2507,3139,25,41,52,26.5,69.4,true,unclassified,1780391677438
4901,node_01,1780391677,data_collection,cooking_fume,exposure,,false,false,,rule_fallback_v0,2927,4095,2508,3139,25,41,52,26.5,69.6,true,unclassified,1780391678473
4902,node_01,1780391678,data_collection,cooking_fume,exposure,,false,false,,rule_fallback_v0,2938,4095,2508,3139,25,41,52,26.5,69.6,true,unclassified,1780391679529
4903,node_01,1780391679,data_collection,cooking_fume,exposure,,false,false,,rule_fallback_v0,2932,4095,2508,3139,25,41,52,26.5,69.6,true,unclassified,1780391680567
4904,node_01,1780391680,data_collection,cooking_fume,exposure,,false,false,,rule_fallback_v0,2937,4095,2507,3139,25,42,52,26.5,69.6,true,unclassified,1780391681679
4905,node_01,1780391681,data_collection,cooking_fume,exposure,,false,false,,rule_fallback_v0,2935,4095,2508,3139,26,43,54,26.5,69.6,true,unclassified,1780391682703
4906,node_01,1780391682,data_collection,cooking_fume,exposure,,false,false,,rule_fallback_v0,2938,4095,2509,3139,26,43,54,26.5,69.6,true,unclassified,1780391683702
4907,node_01,1780391683,data_collection,cooking_fume,exposure,,false,false,,rule_fallback_v0,2932,4095,2510,3139,26,43,54,26.5,69.4,true,unclassified,1780391684854
4908,node_01,1780391685,data_collection,cooking_fume,exposure,,false,false,,rule_fallback_v0,2936,4095,2506,3139,26,43,54,26.5,69.4,true,unclassified,1780391685878
4909,node_01,1780391686,data_collection,cooking_fume,exposure,,false,false,,rule_fallback_v0,2931,4095,2510,3139,26,43,54,26.5,69.4,true,unclassified,1780391686902
4910,node_01,1780391687,data_collection,cooking_fume,exposure,,false,false,,rule_fallback_v0,2931,4095,2508,3139,25,43,54,26.5,69.2,true,unclassified,1780391687925
4911,node_01,1780391688,data_collection,cooking_fume,exposure,,false,false,,rule_fallback_v0,2930,4095,2508,3139,25,43,53,26.5,69.2,true,unclassified,1780391688931
4912,node_01,1780391689,data_collection,cooking_fume,exposure,,false,false,,rule_fallback_v0,2932,4095,2508,3139,25,42,53,26.5,69.2,true,unclassified,1780391690076
4913,node_01,1780391690,data_collection,cooking_fume,exposure,,false,false,,rule_fallback_v0,2930,4095,2508,3139,25,42,53,26.5,69.2,true,unclassified,1780391691100
4914,node_01,1780391691,data_collection,cooking_fume,exposure,,false,false,,rule_fallback_v0,2943,4095,2507,3139,25,42,53,26.5,69.2,true,unclassified,1780391692066
4915,node_01,1780391692,data_collection,cooking_fume,exposure,,false,false,,rule_fallback_v0,2928,4095,2510,3139,25,42,53,26.5,69.2,true,unclassified,1780391693148
4916,node_01,1780391693,data_collection,cooking_fume,exposure,,false,false,,rule_fallback_v0,2936,4095,2510,3139,26,43,54,26.6,69.3,true,unclassified,1780391694172
4917,node_01,1780391694,data_collection,cooking_fume,exposure,,false,false,,rule_fallback_v0,2930,4095,2508,3139,26,44,54,26.6,69.3,true,unclassified,1780391695401
4918,node_01,1780391695,data_collection,cooking_fume,exposure,,false,false,,rule_fallback_v0,2930,4095,2506,3139,26,44,54,26.6,69.3,true,unclassified,1780391696323
4919,node_01,1780391696,data_collection,cooking_fume,exposure,,false,false,,rule_fallback_v0,2933,4095,2507,3139,25,43,52,26.6,69.4,true,unclassified,1780391697348
4920,node_01,1780391697,data_collection,cooking_fume,exposure,,false,false,,rule_fallback_v0,2930,4095,2508,3139,25,42,52,26.6,69.4,true,unclassified,1780391698370
4921,node_01,1780391698,data_collection,cooking_fume,exposure,,false,false,,rule_fallback_v0,2934,4095,2509,3139,25,42,52,26.6,69.4,true,unclassified,1780391699394
4922,node_01,1780391699,data_collection,cooking_fume,exposure,,false,false,,rule_fallback_v0,2932,4095,2508,3139,26,43,53,26.6,69.4,true,unclassified,1780391700522
4923,node_01,1780391700,data_collection,cooking_fume,exposure,,false,false,,rule_fallback_v0,2928,4095,2511,3139,26,43,53,26.6,69.4,true,unclassified,1780391701550
4924,node_01,1780391701,data_collection,cooking_fume,exposure,,false,false,,rule_fallback_v0,2930,4095,2507,3139,26,44,53,26.6,69.4,true,unclassified,1780391702568
4925,node_01,1780391702,data_collection,cooking_fume,exposure,,false,false,,rule_fallback_v0,2928,4095,2510,3139,25,43,53,26.6,69.2,true,unclassified,1780391703593
4926,node_01,1780391703,data_collection,cooking_fume,exposure,,false,false,,rule_fallback_v0,2941,4095,2509,3139,25,43,53,26.6,69.2,true,unclassified,1780391704722
4927,node_01,1780391704,data_collection,cooking_fume,exposure,,false,false,,rule_fallback_v0,2931,4095,2508,3139,26,43,53,26.6,69.2,true,unclassified,1780391705661
4928,node_01,1780391705,data_collection,cooking_fume,exposure,,false,false,,rule_fallback_v0,2932,4095,2511,3139,26,43,53,26.6,69,true,unclassified,1780391706704
4929,node_01,1780391706,data_collection,cooking_fume,exposure,,false,false,,rule_fallback_v0,2934,4095,2510,3139,26,43,53,26.6,69,true,unclassified,1780391707902
4930,node_01,1780391708,data_collection,cooking_fume,exposure,,false,false,,rule_fallback_v0,2930,4095,2508,3139,27,44,55,26.6,69,true,unclassified,1780391708815
4931,node_01,1780391709,data_collection,cooking_fume,exposure,,false,false,,rule_fallback_v0,2932,4095,2507,3139,27,44,55,26.6,68.8,true,unclassified,1780391709841
4932,node_01,1780391710,data_collection,cooking_fume,exposure,,false,false,,rule_fallback_v0,2929,4095,2508,3139,27,44,55,26.6,68.8,true,unclassified,1780391710965
4933,node_01,1780391711,data_collection,cooking_fume,exposure,,false,false,,rule_fallback_v0,2930,4095,2508,3139,26,43,54,26.6,68.8,true,unclassified,1780391711989
4934,node_01,1780391712,data_collection,cooking_fume,exposure,,false,false,,rule_fallback_v0,2935,4095,2506,3139,26,44,54,26.6,68.7,true,unclassified,1780391713013
4935,node_01,1780391713,data_collection,cooking_fume,exposure,,false,false,,rule_fallback_v0,2928,4095,2508,3139,26,44,55,26.6,68.7,true,unclassified,1780391714038
4936,node_01,1780391714,data_collection,cooking_fume,exposure,,false,false,,rule_fallback_v0,2936,4095,2507,3139,27,45,56,26.6,68.7,true,unclassified,1780391715164
4937,node_01,1780391715,data_collection,cooking_fume,exposure,,false,false,,rule_fallback_v0,2930,4095,2510,3139,27,45,56,26.6,68.6,true,unclassified,1780391716117
4938,node_01,1780391716,data_collection,cooking_fume,exposure,,false,false,,rule_fallback_v0,2931,4095,2508,3139,27,46,57,26.6,68.6,true,unclassified,1780391717162
4939,node_01,1780391717,data_collection,cooking_fume,exposure,,false,false,,rule_fallback_v0,2929,4095,2508,3139,27,46,57,26.6,68.6,true,unclassified,1780391718238
4940,node_01,1780391718,data_collection,cooking_fume,exposure,,false,false,,rule_fallback_v0,2937,4095,2508,3139,27,46,57,26.7,68.4,true,unclassified,1780391719250
4941,node_01,1780391719,data_collection,cooking_fume,exposure,,false,false,,rule_fallback_v0,2933,4095,2508,3139,27,46,57,26.7,68.4,true,unclassified,1780391720297
4942,node_01,1780391720,data_collection,cooking_fume,exposure,,false,false,,rule_fallback_v0,2942,4095,2507,3139,27,46,57,26.7,68.4,true,unclassified,1780391721410
4943,node_01,1780391721,data_collection,cooking_fume,exposure,,false,false,,rule_fallback_v0,2933,4095,2509,3139,27,46,57,26.6,68.4,true,unclassified,1780391722394
4944,node_01,1780391722,data_collection,cooking_fume,exposure,,false,false,,rule_fallback_v0,2938,4095,2508,3139,27,46,57,26.6,68.4,true,unclassified,1780391723674
4945,node_01,1780391723,data_collection,cooking_fume,exposure,,false,false,,rule_fallback_v0,2932,4095,2510,3139,27,46,58,26.6,68.4,true,unclassified,1780391724699
4946,node_01,1780391724,data_collection,cooking_fume,exposure,,false,false,,rule_fallback_v0,2933,4095,2507,3139,27,46,58,26.7,68.5,true,unclassified,1780391725569
4947,node_01,1780391725,data_collection,cooking_fume,exposure,,false,false,,rule_fallback_v0,2930,4095,2511,3139,27,47,59,26.7,68.5,true,unclassified,1780391726571
4948,node_01,1780391726,data_collection,cooking_fume,exposure,,false,false,,rule_fallback_v0,2937,4095,2507,3139,27,47,59,26.7,68.5,true,unclassified,1780391727616
4949,node_01,1780391727,data_collection,cooking_fume,exposure,,false,false,,rule_fallback_v0,2932,4095,2507,3139,27,47,59,26.7,68.4,true,unclassified,1780391728661
4950,node_01,1780391728,data_collection,cooking_fume,exposure,,false,false,,rule_fallback_v0,2944,4095,2508,3139,28,48,60,26.7,68.4,true,unclassified,1780391729706
4951,node_01,1780391729,data_collection,cooking_fume,exposure,,false,false,,rule_fallback_v0,2931,4095,2507,3139,28,48,60,26.7,68.4,true,unclassified,1780391730831
4952,node_01,1780391731,data_collection,cooking_fume,exposure,,false,false,,rule_fallback_v0,2935,4095,2507,3139,29,48,61,26.7,68.2,true,unclassified,1780391731857
4953,node_01,1780391732,data_collection,cooking_fume,exposure,,false,false,,rule_fallback_v0,2930,4095,2509,3139,28,47,60,26.7,68.2,true,unclassified,1780391732879
4954,node_01,1780391733,data_collection,cooking_fume,exposure,,false,false,,rule_fallback_v0,2940,4095,2508,3139,28,47,60,26.7,68.2,true,unclassified,1780391733887
4955,node_01,1780391734,data_collection,cooking_fume,exposure,,false,false,,rule_fallback_v0,2933,4095,2508,3139,28,47,60,26.7,68.1,true,unclassified,1780391734934
4956,node_01,1780391735,data_collection,cooking_fume,exposure,,false,false,,rule_fallback_v0,2933,4095,2508,3139,29,49,61,26.7,68.1,true,unclassified,1780391735978
4957,node_01,1780391736,data_collection,cooking_fume,exposure,,false,false,,rule_fallback_v0,2931,4095,2508,3139,29,49,61,26.7,68.1,true,unclassified,1780391737026
4958,node_01,1780391737,data_collection,cooking_fume,exposure,,false,false,,rule_fallback_v0,2941,4095,2507,3139,29,48,61,26.7,68.1,true,unclassified,1780391738103
4959,node_01,1780391738,data_collection,cooking_fume,exposure,,false,false,,rule_fallback_v0,2933,4095,2509,3139,28,47,60,26.7,68.1,true,unclassified,1780391739125
4960,node_01,1780391739,data_collection,cooking_fume,exposure,,false,false,,rule_fallback_v0,2937,4095,2508,3139,28,47,60,26.7,68.1,true,unclassified,1780391740159
4961,node_01,1780391740,data_collection,cooking_fume,exposure,,false,false,,rule_fallback_v0,2930,4095,2509,3139,28,47,60,26.7,68,true,unclassified,1780391741209
4962,node_01,1780391741,data_collection,cooking_fume,exposure,,false,false,,rule_fallback_v0,2931,4095,2506,3139,29,48,61,26.7,68,true,unclassified,1780391742300
4963,node_01,1780391742,data_collection,cooking_fume,exposure,,false,false,,rule_fallback_v0,2927,4095,2508,3139,29,48,61,26.7,68,true,unclassified,1780391743324
4964,node_01,1780391743,data_collection,cooking_fume,exposure,,false,false,,rule_fallback_v0,2940,4095,2509,3139,29,48,61,26.7,67.9,true,unclassified,1780391744451
4965,node_01,1780391744,data_collection,cooking_fume,exposure,,false,false,,rule_fallback_v0,2928,4095,2508,3139,29,48,60,26.7,67.9,true,unclassified,1780391745388
4966,node_01,1780391745,data_collection,cooking_fume,exposure,,false,false,,rule_fallback_v0,2942,4095,2508,3139,29,48,60,26.7,67.9,true,unclassified,1780391746499
4967,node_01,1780391746,data_collection,cooking_fume,exposure,,false,false,,rule_fallback_v0,2929,4095,2509,3139,30,48,60,26.7,67.9,true,unclassified,1780391747523
4968,node_01,1780391747,data_collection,cooking_fume,exposure,,false,false,,rule_fallback_v0,2934,4095,2510,3139,30,48,60,26.7,67.9,true,unclassified,1780391748549
4969,node_01,1780391748,data_collection,cooking_fume,exposure,,false,false,,rule_fallback_v0,2933,4095,2508,3139,30,49,60,26.7,67.9,true,unclassified,1780391749570
4970,node_01,1780391749,data_collection,cooking_fume,exposure,,false,false,,rule_fallback_v0,2938,4095,2507,3139,29,48,59,26.8,67.9,true,unclassified,1780391750614
4971,node_01,1780391750,data_collection,cooking_fume,exposure,,false,false,,rule_fallback_v0,2928,4095,2506,3139,29,48,59,26.8,67.9,true,unclassified,1780391751722
4972,node_01,1780391751,data_collection,cooking_fume,exposure,,false,false,,rule_fallback_v0,2931,4095,2509,3139,30,49,59,26.8,67.9,true,unclassified,1780391752745
4973,node_01,1780391752,data_collection,cooking_fume,exposure,,false,false,,rule_fallback_v0,2929,4095,2505,3139,30,49,60,26.7,67.8,true,unclassified,1780391753769
4974,node_01,1780391754,data_collection,cooking_fume,exposure,,false,false,,rule_fallback_v0,2938,4095,2508,3139,30,49,60,26.7,67.8,true,unclassified,1780391754896
4975,node_01,1780391755,data_collection,cooking_fume,exposure,,false,false,,rule_fallback_v0,2927,4095,2507,3139,30,49,60,26.7,67.8,true,unclassified,1780391755868
4976,node_01,1780391756,data_collection,cooking_fume,exposure,,false,false,,rule_fallback_v0,2931,4095,2510,3139,31,50,61,26.8,67.7,true,unclassified,1780391756946
4977,node_01,1780391757,data_collection,cooking_fume,exposure,,false,false,,rule_fallback_v0,2931,4095,2508,3139,31,50,62,26.8,67.7,true,unclassified,1780391757967
4978,node_01,1780391758,data_collection,cooking_fume,exposure,,false,false,,rule_fallback_v0,2933,4095,2508,3139,31,50,62,26.8,67.7,true,unclassified,1780391759094
4979,node_01,1780391759,data_collection,cooking_fume,exposure,,false,false,,rule_fallback_v0,2930,4095,2509,3139,31,50,62,26.8,67.7,true,unclassified,1780391760070
4980,node_01,1780391760,data_collection,cooking_fume,exposure,,false,false,,rule_fallback_v0,2936,4095,2509,3139,31,50,62,26.8,67.7,true,unclassified,1780391761070
4981,node_01,1780391761,data_collection,cooking_fume,exposure,,false,false,,rule_fallback_v0,2933,4095,2509,3139,31,50,62,26.8,67.7,true,unclassified,1780391762114
4982,node_01,1780391762,data_collection,cooking_fume,exposure,,false,false,,rule_fallback_v0,2936,4095,2508,3139,30,49,61,26.8,67.9,true,unclassified,1780391763170
4983,node_01,1780391763,data_collection,cooking_fume,exposure,,false,false,,rule_fallback_v0,2927,4095,2507,3139,30,49,60,26.8,67.9,true,unclassified,1780391764213
4984,node_01,1780391764,data_collection,cooking_fume,exposure,,false,false,,rule_fallback_v0,2942,4095,2508,3139,30,49,60,26.8,67.9,true,unclassified,1780391765335
4985,node_01,1780391765,data_collection,cooking_fume,exposure,,false,false,,rule_fallback_v0,2927,4095,2505,3139,30,48,60,26.8,68,true,unclassified,1780391766297
4986,node_01,1780391766,data_collection,cooking_fume,exposure,,false,false,,rule_fallback_v0,2933,4095,2509,3139,30,48,60,26.8,68,true,unclassified,1780391767345
4987,node_01,1780391767,data_collection,cooking_fume,exposure,,false,false,,rule_fallback_v0,2931,4095,2507,3139,30,48,59,26.8,68,true,unclassified,1780391768412
4988,node_01,1780391768,data_collection,cooking_fume,exposure,,false,false,,rule_fallback_v0,2939,4095,2507,3139,30,47,59,26.8,67.8,true,unclassified,1780391769539
4989,node_01,1780391769,data_collection,cooking_fume,exposure,,false,false,,rule_fallback_v0,2934,4095,2508,3139,30,47,59,26.8,67.8,true,unclassified,1780391770479
4990,node_01,1780391770,data_collection,cooking_fume,exposure,,false,false,,rule_fallback_v0,2927,4095,2508,3139,31,48,60,26.8,67.8,true,unclassified,1780391771587
4991,node_01,1780391771,data_collection,cooking_fume,exposure,,false,false,,rule_fallback_v0,2933,4095,2509,3139,31,48,60,26.8,67.7,true,unclassified,1780391772611
4992,node_01,1780391772,data_collection,cooking_fume,exposure,,false,false,,rule_fallback_v0,2922,4095,2509,3139,31,48,60,26.8,67.7,true,unclassified,1780391773634
4993,node_01,1780391773,data_collection,cooking_fume,exposure,,false,false,,rule_fallback_v0,2932,4095,2509,3139,30,47,59,26.8,67.7,true,unclassified,1780391774663
4994,node_01,1780391774,data_collection,cooking_fume,exposure,,false,false,,rule_fallback_v0,2932,4095,2509,3139,30,48,60,26.8,67.8,true,unclassified,1780391775784
4995,node_01,1780391775,data_collection,cooking_fume,exposure,,false,false,,rule_fallback_v0,2931,4095,2509,3139,30,48,60,26.8,67.8,true,unclassified,1780391776809
4996,node_01,1780391777,data_collection,cooking_fume,exposure,,false,false,,rule_fallback_v0,2935,4095,2509,3139,30,48,60,26.8,67.8,true,unclassified,1780391777833
4997,node_01,1780391778,data_collection,cooking_fume,exposure,,false,false,,rule_fallback_v0,2926,4095,2508,3139,30,48,60,26.8,67.6,true,unclassified,1780391778859
4998,node_01,1780391779,data_collection,cooking_fume,exposure,,false,false,,rule_fallback_v0,2935,4095,2508,3139,30,48,59,26.8,67.6,true,unclassified,1780391779887
4999,node_01,1780391780,data_collection,cooking_fume,exposure,,false,false,,rule_fallback_v0,2932,4095,2509,3139,31,48,60,26.8,67.6,true,unclassified,1780391780940
5000,node_01,1780391781,data_collection,cooking_fume,exposure,,false,false,,rule_fallback_v0,2930,4095,2511,3139,30,48,60,26.9,67.6,true,unclassified,1780391782031
5001,node_01,1780391782,data_collection,cooking_fume,exposure,,false,false,,rule_fallback_v0,2934,4095,2508,3139,30,48,60,26.9,67.6,true,unclassified,1780391783055
5002,node_01,1780391783,data_collection,cooking_fume,exposure,,false,false,,rule_fallback_v0,2917,4095,2508,3139,30,48,60,26.9,67.6,true,unclassified,1780391784082
5003,node_01,1780391784,data_collection,cooking_fume,exposure,,false,false,,rule_fallback_v0,2933,4095,2509,3139,30,48,60,26.8,67.3,true,unclassified,1780391785114
5004,node_01,1780391785,data_collection,cooking_fume,exposure,,false,false,,rule_fallback_v0,2931,4095,2507,3139,30,48,60,26.8,67.3,true,unclassified,1780391786166
5005,node_01,1780391786,data_collection,cooking_fume,exposure,,false,false,,rule_fallback_v0,2931,4095,2507,3139,30,48,59,26.8,67.3,true,unclassified,1780391787205
5006,node_01,1780391787,data_collection,cooking_fume,exposure,,false,false,,rule_fallback_v0,2942,4095,2507,3139,30,48,59,26.8,67.4,true,unclassified,1780391788254
5007,node_01,1780391788,data_collection,cooking_fume,exposure,,false,false,,rule_fallback_v0,2928,4095,2508,3139,29,47,59,26.8,67.4,true,unclassified,1780391789404
5008,node_01,1780391789,data_collection,cooking_fume,exposure,,false,false,,rule_fallback_v0,2940,4095,2509,3139,29,47,59,26.8,67.4,true,unclassified,1780391790343
5009,node_01,1780391790,data_collection,cooking_fume,exposure,,false,false,,rule_fallback_v0,2926,4095,2511,3139,29,47,59,26.9,67.5,true,unclassified,1780391791387
5010,node_01,1780391791,data_collection,cooking_fume,exposure,,false,false,,rule_fallback_v0,2940,4095,2508,3139,29,47,59,26.9,67.5,true,unclassified,1780391792434
5011,node_01,1780391792,data_collection,cooking_fume,exposure,,false,false,,rule_fallback_v0,2936,4095,2509,3139,29,47,59,26.9,67.5,true,unclassified,1780391793500
5012,node_01,1780391793,data_collection,cooking_fume,exposure,,false,false,,rule_fallback_v0,2939,4095,2511,3139,29,48,59,26.9,67.8,true,unclassified,1780391794626
5013,node_01,1780391794,data_collection,cooking_fume,exposure,,false,false,,rule_fallback_v0,2931,4095,2509,3139,30,49,61,26.9,67.8,true,unclassified,1780391795653
5014,node_01,1780391795,data_collection,cooking_fume,exposure,,false,false,,rule_fallback_v0,2929,4095,2506,3139,30,50,61,26.9,67.8,true,unclassified,1780391796621
5015,node_01,1780391796,data_collection,cooking_fume,exposure,,false,false,,rule_fallback_v0,2934,4095,2509,3139,30,50,62,26.9,67.9,true,unclassified,1780391797698
5016,node_01,1780391797,data_collection,cooking_fume,exposure,,false,false,,rule_fallback_v0,2940,4095,2508,3139,30,49,61,26.9,67.9,true,unclassified,1780391798722
5017,node_01,1780391798,data_collection,cooking_fume,exposure,,false,false,,rule_fallback_v0,2928,4095,2509,3139,30,49,61,26.9,67.9,true,unclassified,1780391799849
5018,node_01,1780391800,data_collection,cooking_fume,exposure,,false,false,,rule_fallback_v0,2940,4095,2507,3139,30,50,62,26.9,68.1,true,unclassified,1780391800878
5019,node_01,1780391801,data_collection,cooking_fume,exposure,,false,false,,rule_fallback_v0,2932,4095,2508,3139,31,51,63,26.9,68.1,true,unclassified,1780391801897
5020,node_01,1780391802,data_collection,cooking_fume,exposure,,false,false,,rule_fallback_v0,2930,4095,2508,3139,31,51,64,26.9,68.1,true,unclassified,1780391802921
5021,node_01,1780391803,data_collection,cooking_fume,exposure,,false,false,,rule_fallback_v0,2932,4095,2509,3139,31,51,64,26.9,68.1,true,unclassified,1780391803945
5022,node_01,1780391804,data_collection,cooking_fume,exposure,,false,false,,rule_fallback_v0,2942,4095,2506,3139,31,51,65,26.9,68.1,true,unclassified,1780391804978
5023,node_01,1780391805,data_collection,cooking_fume,exposure,,false,false,,rule_fallback_v0,2937,4095,2509,3139,31,51,65,26.9,68.1,true,unclassified,1780391806029
5024,node_01,1780391806,data_collection,cooking_fume,exposure,,false,false,,rule_fallback_v0,2938,4095,2509,3139,31,52,66,26.9,68,true,unclassified,1780391807124
5025,node_01,1780391807,data_collection,cooking_fume,exposure,,false,false,,rule_fallback_v0,2931,4095,2510,3139,30,51,65,26.9,68,true,unclassified,1780391808142
5026,node_01,1780391808,data_collection,cooking_fume,exposure,,false,false,,rule_fallback_v0,2933,4095,2507,3139,30,51,65,26.9,68,true,unclassified,1780391809162
5027,node_01,1780391809,data_collection,cooking_fume,exposure,,false,false,,rule_fallback_v0,2929,4095,2509,3139,31,52,67,26.9,67.8,true,unclassified,1780391810201
5028,node_01,1780391810,data_collection,cooking_fume,exposure,,false,false,,rule_fallback_v0,2939,4095,2508,3139,31,52,67,26.9,67.8,true,unclassified,1780391811247
5029,node_01,1780391811,data_collection,cooking_fume,exposure,,false,false,,rule_fallback_v0,2930,4095,2508,3139,32,52,67,26.9,67.8,true,unclassified,1780391812300
5030,node_01,1780391812,data_collection,cooking_fume,exposure,,false,false,,rule_fallback_v0,2933,4095,2509,3139,32,53,67,26.9,67.6,true,unclassified,1780391813374
5031,node_01,1780391813,data_collection,cooking_fume,exposure,,false,false,,rule_fallback_v0,2932,4095,2507,3139,33,53,68,26.9,67.6,true,unclassified,1780391814381
5032,node_01,1780391814,data_collection,cooking_fume,exposure,,false,false,,rule_fallback_v0,2925,4095,2508,3139,33,53,68,26.9,67.6,true,unclassified,1780391815429
5033,node_01,1780391815,data_collection,cooking_fume,exposure,,false,false,,rule_fallback_v0,2932,4095,2510,3139,33,54,69,27,67.5,true,unclassified,1780391816543
5034,node_01,1780391816,data_collection,cooking_fume,exposure,,false,false,,rule_fallback_v0,2931,4095,2508,3139,33,54,69,27,67.5,true,unclassified,1780391817566
5035,node_01,1780391817,data_collection,cooking_fume,exposure,,false,false,,rule_fallback_v0,2932,4095,2511,3139,33,55,69,27,67.5,true,unclassified,1780391818589
5036,node_01,1780391818,data_collection,cooking_fume,exposure,,false,false,,rule_fallback_v0,2937,4095,2510,3139,32,55,69,27,67.3,true,unclassified,1780391819715
5037,node_01,1780391819,data_collection,cooking_fume,exposure,,false,false,,rule_fallback_v0,2929,4095,2511,3139,32,55,69,27,67.3,true,unclassified,1780391820742
5038,node_01,1780391820,data_collection,cooking_fume,exposure,,false,false,,rule_fallback_v0,2931,4095,2507,3139,32,55,69,27,67.3,true,unclassified,1780391821768
5039,node_01,1780391821,data_collection,cooking_fume,exposure,,false,false,,rule_fallback_v0,2927,4095,2510,3139,33,57,70,26.9,67.2,true,unclassified,1780391822745
5040,node_01,1780391823,data_collection,cooking_fume,exposure,,false,false,,rule_fallback_v0,2931,4095,2508,3139,33,57,70,26.9,67.2,true,unclassified,1780391823814
5041,node_01,1780391824,data_collection,cooking_fume,exposure,,false,false,,rule_fallback_v0,2930,4095,2508,3139,34,57,70,26.9,67.2,true,unclassified,1780391824890
5042,node_01,1780391825,data_collection,cooking_fume,exposure,,false,false,,rule_fallback_v0,2930,4095,2509,3139,34,57,70,27,67,true,unclassified,1780391825969
5043,node_01,1780391826,data_collection,cooking_fume,exposure,,false,false,,rule_fallback_v0,2934,4095,2508,3139,34,57,70,27,67,true,unclassified,1780391826987
5044,node_01,1780391827,data_collection,cooking_fume,exposure,,false,false,,rule_fallback_v0,2936,4095,2507,3139,34,58,70,27,67,true,unclassified,1780391828014
5045,node_01,1780391828,data_collection,cooking_fume,exposure,,false,false,,rule_fallback_v0,2932,4095,2507,3139,33,57,69,27,67.1,true,unclassified,1780391829034
5046,node_01,1780391829,data_collection,cooking_fume,exposure,,false,false,,rule_fallback_v0,2934,4095,2509,3139,33,57,69,27,67.1,true,unclassified,1780391830066
5047,node_01,1780391830,data_collection,cooking_fume,exposure,,false,false,,rule_fallback_v0,2929,4095,2507,3139,34,58,70,27,67.1,true,unclassified,1780391831182
5048,node_01,1780391831,data_collection,cooking_fume,exposure,,false,false,,rule_fallback_v0,2935,4095,2508,3139,34,58,70,27,67,true,unclassified,1780391832210
5049,node_01,1780391832,data_collection,cooking_fume,exposure,,false,false,,rule_fallback_v0,2930,4095,2507,3139,34,58,70,27,67,true,unclassified,1780391833196
5050,node_01,1780391833,data_collection,cooking_fume,exposure,,false,false,,rule_fallback_v0,2930,4095,2508,3139,33,57,69,27,67,true,unclassified,1780391834240
5051,node_01,1780391834,data_collection,cooking_fume,exposure,,false,false,,rule_fallback_v0,2926,4095,2506,3139,33,57,69,27,67.2,true,unclassified,1780391835380
5052,node_01,1780391835,data_collection,cooking_fume,exposure,,false,false,,rule_fallback_v0,2934,4095,2508,3139,33,57,69,27,67.2,true,unclassified,1780391836331
5053,node_01,1780391836,data_collection,cooking_fume,exposure,,false,false,,rule_fallback_v0,2933,4095,2507,3139,34,59,70,27,67.2,true,unclassified,1780391837373
5054,node_01,1780391837,data_collection,cooking_fume,exposure,,false,false,,rule_fallback_v0,2937,4095,2509,3139,34,60,70,27,67.5,true,unclassified,1780391838565
5055,node_01,1780391838,data_collection,cooking_fume,exposure,,false,false,,rule_fallback_v0,2931,4095,2506,3139,34,60,70,27,67.5,true,unclassified,1780391839463
5056,node_01,1780391839,data_collection,cooking_fume,exposure,,false,false,,rule_fallback_v0,2931,4095,2508,3139,34,60,70,27,67.5,true,unclassified,1780391840605
5057,node_01,1780391840,data_collection,cooking_fume,exposure,,false,false,,rule_fallback_v0,2928,4095,2507,3139,34,60,70,27,67.6,true,unclassified,1780391841627
5058,node_01,1780391841,data_collection,cooking_fume,exposure,,false,false,,rule_fallback_v0,2944,4095,2505,3139,34,60,71,27,67.6,true,unclassified,1780391842652
5059,node_01,1780391842,data_collection,cooking_fume,exposure,,false,false,,rule_fallback_v0,2928,4095,2509,3139,35,61,72,27,67.6,true,unclassified,1780391843675
5060,node_01,1780391843,data_collection,cooking_fume,exposure,,false,false,,rule_fallback_v0,2933,4095,2511,3139,35,61,72,27,67.6,true,unclassified,1780391844689
5061,node_01,1780391844,data_collection,cooking_fume,exposure,,false,false,,rule_fallback_v0,2930,4095,2509,3139,35,62,72,27,67.6,true,unclassified,1780391845830
5062,node_01,1780391846,data_collection,cooking_fume,exposure,,false,false,,rule_fallback_v0,2939,4095,2511,3139,34,61,71,27,67.6,true,unclassified,1780391846850
5063,node_01,1780391847,data_collection,cooking_fume,exposure,,false,false,,rule_fallback_v0,2931,4095,2507,3139,34,61,71,27,67.5,true,unclassified,1780391847876
5064,node_01,1780391848,data_collection,cooking_fume,exposure,,false,false,,rule_fallback_v0,2941,4095,2509,3139,34,61,72,27,67.5,true,unclassified,1780391849080
5065,node_01,1780391849,data_collection,cooking_fume,exposure,,false,false,,rule_fallback_v0,2934,4095,2506,3139,34,61,72,27,67.5,true,unclassified,1780391849916
5066,node_01,1780391850,data_collection,cooking_fume,exposure,,false,false,,rule_fallback_v0,2935,4095,2511,3139,34,61,72,27,67.3,true,unclassified,1780391851048
5067,node_01,1780391851,data_collection,cooking_fume,exposure,,false,false,,rule_fallback_v0,2929,4095,2507,3139,34,61,72,27,67.3,true,unclassified,1780391852073
5068,node_01,1780391852,data_collection,cooking_fume,exposure,,false,false,,rule_fallback_v0,2933,4095,2506,3139,34,63,72,27,67.3,true,unclassified,1780391853049
5069,node_01,1780391853,data_collection,cooking_fume,exposure,,false,false,,rule_fallback_v0,2932,4095,2506,3139,34,63,72,27,67.1,true,unclassified,1780391854095
5070,node_01,1780391854,data_collection,cooking_fume,exposure,,false,false,,rule_fallback_v0,2932,4095,2508,3139,36,64,74,27,67.1,true,unclassified,1780391855228
5071,node_01,1780391855,data_collection,cooking_fume,exposure,,false,false,,rule_fallback_v0,2932,4095,2510,3139,36,64,74,27,67.1,true,unclassified,1780391856184
5072,node_01,1780391856,data_collection,cooking_fume,exposure,,false,false,,rule_fallback_v0,2925,4095,2510,3139,36,64,74,27,67.3,true,unclassified,1780391857295
5073,node_01,1780391857,data_collection,cooking_fume,exposure,,false,false,,rule_fallback_v0,2933,4095,2508,3139,36,65,74,27,67.3,true,unclassified,1780391858319
5074,node_01,1780391858,data_collection,cooking_fume,exposure,,false,false,,rule_fallback_v0,2929,4095,2507,3139,36,65,75,27,67.3,true,unclassified,1780391859342
5075,node_01,1780391859,data_collection,cooking_fume,exposure,,false,false,,rule_fallback_v0,2933,4095,2508,3139,38,66,75,27.1,67.1,true,unclassified,1780391860367
5076,node_01,1780391860,data_collection,cooking_fume,exposure,,false,false,,rule_fallback_v0,2940,4095,2508,3139,38,66,75,27.1,67.1,true,unclassified,1780391861493
5077,node_01,1780391861,data_collection,cooking_fume,exposure,,false,false,,rule_fallback_v0,2930,4095,2508,3139,38,66,75,27.1,67.1,true,unclassified,1780391862517
5078,node_01,1780391862,data_collection,cooking_fume,exposure,,false,false,,rule_fallback_v0,2938,4095,2506,3139,38,66,75,27.1,67,true,unclassified,1780391863540
5079,node_01,1780391863,data_collection,cooking_fume,exposure,,false,false,,rule_fallback_v0,2929,4095,2510,3139,37,65,74,27.1,67,true,unclassified,1780391864548
5080,node_01,1780391864,data_collection,cooking_fume,exposure,,false,false,,rule_fallback_v0,2941,4095,2508,3139,37,65,74,27.1,67,true,unclassified,1780391865692
5081,node_01,1780391865,data_collection,cooking_fume,exposure,,false,false,,rule_fallback_v0,2931,4095,2508,3139,37,65,74,27.1,66.8,true,unclassified,1780391866636
5082,node_01,1780391866,data_collection,cooking_fume,exposure,,false,false,,rule_fallback_v0,2928,4095,2508,3139,37,66,74,27.1,66.8,true,unclassified,1780391867683
5083,node_01,1780391867,data_collection,cooking_fume,exposure,,false,false,,rule_fallback_v0,2934,4095,2508,3139,37,66,74,27.1,66.8,true,unclassified,1780391868765
5084,node_01,1780391869,data_collection,cooking_fume,exposure,,false,false,,rule_fallback_v0,2926,4095,2509,3139,37,66,74,27.1,66.6,true,unclassified,1780391869787
5085,node_01,1780391870,data_collection,cooking_fume,exposure,,false,false,,rule_fallback_v0,2928,4095,2509,3139,38,66,76,27.1,66.6,true,unclassified,1780391870822
5086,node_01,1780391871,data_collection,cooking_fume,exposure,,false,false,,rule_fallback_v0,2929,4095,2506,3139,38,66,75,27.1,66.6,true,unclassified,1780391871872
5087,node_01,1780391872,data_collection,cooking_fume,exposure,,false,false,,rule_fallback_v0,2927,4095,2510,3139,38,66,74,27.1,66.6,true,unclassified,1780391872962
5088,node_01,1780391873,data_collection,cooking_fume,exposure,,false,false,,rule_fallback_v0,2939,4095,2507,3139,36,66,74,27.1,66.6,true,unclassified,1780391874085
5089,node_01,1780391874,data_collection,cooking_fume,exposure,,false,false,,rule_fallback_v0,2926,4095,2507,3139,36,66,74,27.1,66.6,true,unclassified,1780391875004
5090,node_01,1780391875,data_collection,cooking_fume,exposure,,false,false,,rule_fallback_v0,2934,4095,2510,3139,35,65,73,27.1,66.3,true,unclassified,1780391876137
5091,node_01,1780391876,data_collection,cooking_fume,exposure,,false,false,,rule_fallback_v0,2938,4095,2508,3139,35,65,73,27.1,66.3,true,unclassified,1780391877165
5092,node_01,1780391877,data_collection,cooking_fume,exposure,,false,false,,rule_fallback_v0,2939,4095,2507,3139,35,65,73,27.1,66.3,true,unclassified,1780391878184
5093,node_01,1780391878,data_collection,cooking_fume,exposure,,false,false,,rule_fallback_v0,2934,4095,2506,3139,36,66,74,27.1,66.4,true,unclassified,1780391879208
5094,node_01,1780391879,data_collection,cooking_fume,exposure,,false,false,,rule_fallback_v0,2930,4095,2508,3139,36,66,74,27.1,66.4,true,unclassified,1780391880312
5095,node_01,1780391880,data_collection,cooking_fume,exposure,,false,false,,rule_fallback_v0,2930,4095,2509,3139,38,66,74,27.1,66.4,true,unclassified,1780391881274
5096,node_01,1780391881,data_collection,cooking_fume,exposure,,false,false,,rule_fallback_v0,2944,4095,2507,3139,37,65,73,27.1,66.3,true,unclassified,1780391882317
5097,node_01,1780391882,data_collection,cooking_fume,exposure,,false,false,,rule_fallback_v0,2929,4095,2508,3139,37,65,73,27.1,66.3,true,unclassified,1780391883406
5098,node_01,1780391883,data_collection,cooking_fume,exposure,,false,false,,rule_fallback_v0,2939,4095,2508,3139,37,65,73,27.1,66.3,true,unclassified,1780391884439
5099,node_01,1780391884,data_collection,cooking_fume,exposure,,false,false,,rule_fallback_v0,2926,4095,2507,3139,38,66,74,27.1,66.3,true,unclassified,1780391885452
5100,node_01,1780391885,data_collection,cooking_fume,exposure,,false,false,,rule_fallback_v0,2943,4095,2507,3139,38,66,74,27.1,66.3,true,unclassified,1780391886581
5101,node_01,1780391886,data_collection,cooking_fume,exposure,,false,false,,rule_fallback_v0,2928,4095,2507,3139,38,65,74,27.1,66.3,true,unclassified,1780391887545
5102,node_01,1780391887,data_collection,cooking_fume,exposure,,false,false,,rule_fallback_v0,2933,4095,2511,3139,37,64,73,27.1,66.3,true,unclassified,1780391888744
5103,node_01,1780391888,data_collection,cooking_fume,exposure,,false,false,,rule_fallback_v0,2929,4095,2507,3139,37,64,73,27.1,66.3,true,unclassified,1780391889769
5104,node_01,1780391889,data_collection,cooking_fume,exposure,,false,false,,rule_fallback_v0,2935,4095,2508,3139,38,64,73,27.1,66.3,true,unclassified,1780391890695
5105,node_01,1780391890,data_collection,cooking_fume,exposure,,false,false,,rule_fallback_v0,2931,4095,2507,3139,38,64,73,27.1,66.2,true,unclassified,1780391891810
5106,node_01,1780391892,data_collection,cooking_fume,exposure,,false,false,,rule_fallback_v0,2938,4095,2507,3139,38,64,73,27.1,66.2,true,unclassified,1780391892777
5107,node_01,1780391893,data_collection,cooking_fume,exposure,,false,false,,rule_fallback_v0,2928,4095,2507,3139,39,65,74,27.1,66.2,true,unclassified,1780391893821
5108,node_01,1780391894,data_collection,cooking_fume,exposure,,false,false,,rule_fallback_v0,2943,4095,2509,3139,39,66,74,27.1,66.3,true,unclassified,1780391894888
5109,node_01,1780391895,data_collection,cooking_fume,exposure,,false,false,,rule_fallback_v0,2932,4095,2505,3139,40,66,74,27.1,66.3,true,unclassified,1780391896002
5110,node_01,1780391896,data_collection,cooking_fume,exposure,,false,false,,rule_fallback_v0,2942,4095,2508,3139,39,65,73,27.1,66.3,true,unclassified,1780391897025
5111,node_01,1780391897,data_collection,cooking_fume,exposure,,false,false,,rule_fallback_v0,2932,4095,2508,3139,39,65,73,27.1,66.2,true,unclassified,1780391898049
5112,node_01,1780391898,data_collection,cooking_fume,exposure,,false,false,,rule_fallback_v0,2928,4095,2508,3139,39,65,73,27.1,66.2,true,unclassified,1780391899073
5113,node_01,1780391899,data_collection,cooking_fume,exposure,,false,false,,rule_fallback_v0,2929,4095,2508,3139,39,66,73,27.1,66.2,true,unclassified,1780391900097
5114,node_01,1780391900,data_collection,cooking_fume,exposure,,false,false,,rule_fallback_v0,2932,4095,2509,3139,39,66,73,27.1,66.1,true,unclassified,1780391901223
5115,node_01,1780391901,data_collection,cooking_fume,exposure,,false,false,,rule_fallback_v0,2929,4095,2509,3139,39,66,73,27.1,66.1,true,unclassified,1780391902247
5116,node_01,1780391902,data_collection,cooking_fume,exposure,,false,false,,rule_fallback_v0,2935,4095,2508,3139,40,67,74,27.1,66.1,true,unclassified,1780391903282
5117,node_01,1780391903,data_collection,cooking_fume,exposure,,false,false,,rule_fallback_v0,2926,4095,2506,3139,40,67,74,27.2,66.2,true,unclassified,1780391904296
5118,node_01,1780391904,data_collection,cooking_fume,exposure,,false,false,,rule_fallback_v0,2943,4095,2505,3139,40,67,74,27.2,66.2,true,unclassified,1780391905321
5119,node_01,1780391905,data_collection,cooking_fume,exposure,,false,false,,rule_fallback_v0,2930,4095,2508,3139,40,67,74,27.2,66.2,true,unclassified,1780391906360
5120,node_01,1780391906,data_collection,cooking_fume,exposure,,false,false,,rule_fallback_v0,2934,4095,2507,3139,40,67,74,27.2,66.1,true,unclassified,1780391907406
5121,node_01,1780391907,data_collection,cooking_fume,exposure,,false,false,,rule_fallback_v0,2931,4095,2510,3139,40,67,74,27.2,66.1,true,unclassified,1780391908495
5122,node_01,1780391908,data_collection,cooking_fume,exposure,,false,false,,rule_fallback_v0,2926,4095,2508,3139,39,65,73,27.2,66.1,true,unclassified,1780391909519
5123,node_01,1780391909,data_collection,cooking_fume,exposure,,false,false,,rule_fallback_v0,2932,4095,2509,3139,39,65,73,27.2,66.1,true,unclassified,1780391910648
5124,node_01,1780391910,data_collection,cooking_fume,exposure,,false,false,,rule_fallback_v0,2930,4095,2507,3139,39,65,73,27.2,66.1,true,unclassified,1780391911588
5125,node_01,1780391911,data_collection,cooking_fume,exposure,,false,false,,rule_fallback_v0,2930,4095,2509,3139,40,66,74,27.2,66.1,true,unclassified,1780391912633
5126,node_01,1780391912,data_collection,cooking_fume,exposure,,false,false,,rule_fallback_v0,2936,4095,2507,3139,40,66,74,27.2,66.2,true,unclassified,1780391913718
5127,node_01,1780391913,data_collection,cooking_fume,exposure,,false,false,,rule_fallback_v0,2927,4095,2507,3139,40,66,74,27.2,66.2,true,unclassified,1780391914722
5128,node_01,1780391915,data_collection,cooking_fume,exposure,,false,false,,rule_fallback_v0,2936,4095,2506,3139,40,66,74,27.2,66.2,true,unclassified,1780391915867
5129,node_01,1780391916,data_collection,cooking_fume,exposure,,false,false,,rule_fallback_v0,2930,4095,2508,3139,40,66,74,27.2,66.2,true,unclassified,1780391916894
5130,node_01,1780391917,data_collection,cooking_fume,exposure,,false,false,,rule_fallback_v0,2932,4095,2504,3139,39,65,74,27.2,66.2,true,unclassified,1780391917857
5131,node_01,1780391918,data_collection,cooking_fume,exposure,,false,false,,rule_fallback_v0,2931,4095,2509,3139,39,66,74,27.2,66.2,true,unclassified,1780391918940
5132,node_01,1780391919,data_collection,cooking_fume,exposure,,false,false,,rule_fallback_v0,2931,4095,2506,3139,39,66,74,27.2,66,true,unclassified,1780391920074
5133,node_01,1780391920,data_collection,cooking_fume,exposure,,false,false,,rule_fallback_v0,2934,4095,2508,3139,40,67,75,27.2,66,true,unclassified,1780391921091
5134,node_01,1780391921,data_collection,cooking_fume,exposure,,false,false,,rule_fallback_v0,2938,4095,2506,3139,40,67,75,27.2,66,true,unclassified,1780391922115
5135,node_01,1780391922,data_collection,cooking_fume,exposure,,false,false,,rule_fallback_v0,2931,4095,2508,3139,40,68,75,27.2,66,true,unclassified,1780391923092
5136,node_01,1780391923,data_collection,cooking_fume,exposure,,false,false,,rule_fallback_v0,2934,4095,2509,3139,39,67,74,27.2,66,true,unclassified,1780391924161
5137,node_01,1780391924,data_collection,cooking_fume,exposure,,false,false,,rule_fallback_v0,2927,4095,2508,3139,39,67,74,27.2,66,true,unclassified,1780391925185
5138,node_01,1780391925,data_collection,cooking_fume,exposure,,false,false,,rule_fallback_v0,2937,4095,2508,3139,39,67,74,27.2,65.9,true,unclassified,1780391926312
5139,node_01,1780391926,data_collection,cooking_fume,exposure,,false,false,,rule_fallback_v0,2928,4095,2510,3139,40,68,75,27.2,65.9,true,unclassified,1780391927336
5140,node_01,1780391927,data_collection,cooking_fume,exposure,,false,false,,rule_fallback_v0,2929,4095,2510,3139,40,68,75,27.2,65.9,true,unclassified,1780391928322
5141,node_01,1780391928,data_collection,cooking_fume,exposure,,false,false,,rule_fallback_v0,2932,4095,2508,3139,39,67,75,27.2,65.7,true,unclassified,1780391929363
5142,node_01,1780391929,data_collection,cooking_fume,exposure,,false,false,,rule_fallback_v0,2931,4095,2508,3139,38,66,74,27.2,65.7,true,unclassified,1780391930410
5143,node_01,1780391930,data_collection,cooking_fume,exposure,,false,false,,rule_fallback_v0,2930,4095,2507,3139,38,65,73,27.2,65.7,true,unclassified,1780391931534
5144,node_01,1780391931,data_collection,cooking_fume,exposure,,false,false,,rule_fallback_v0,2935,4095,2510,3139,37,65,73,27.2,65.7,true,unclassified,1780391932561
5145,node_01,1780391932,data_collection,cooking_fume,exposure,,false,false,,rule_fallback_v0,2928,4095,2506,3139,38,65,73,27.2,65.7,true,unclassified,1780391933582
5146,node_01,1780391933,data_collection,cooking_fume,exposure,,false,false,,rule_fallback_v0,2934,4095,2509,3139,38,64,73,27.2,65.7,true,unclassified,1780391934606
5147,node_01,1780391934,data_collection,cooking_fume,exposure,,false,false,,rule_fallback_v0,2931,4095,2506,3139,35,63,72,27.2,65.6,true,unclassified,1780391935630
5148,node_01,1780391935,data_collection,cooking_fume,exposure,,false,false,,rule_fallback_v0,2935,4095,2508,3139,35,63,71,27.2,65.6,true,unclassified,1780391936759
5149,node_01,1780391936,data_collection,cooking_fume,exposure,,false,false,,rule_fallback_v0,2934,4095,2508,3139,35,61,71,27.2,65.6,true,unclassified,1780391937780
5150,node_01,1780391938,data_collection,cooking_fume,exposure,,false,false,,rule_fallback_v0,2925,4095,2508,3139,36,62,72,27.3,65.7,true,unclassified,1780391938763
5151,node_01,1780391939,data_collection,cooking_fume,exposure,,false,false,,rule_fallback_v0,2931,4095,2508,3139,35,62,72,27.3,65.7,true,unclassified,1780391939809
5152,node_01,1780391940,data_collection,cooking_fume,exposure,,false,false,,rule_fallback_v0,2925,4095,2509,3139,35,62,71,27.3,65.7,true,unclassified,1780391940955
5153,node_01,1780391941,data_collection,cooking_fume,exposure,,false,false,,rule_fallback_v0,2931,4095,2507,3139,34,61,70,27.3,65.5,true,unclassified,1780391941980
5154,node_01,1780391942,data_collection,cooking_fume,exposure,,false,false,,rule_fallback_v0,2936,4095,2508,3139,34,60,69,27.3,65.5,true,unclassified,1780391943003
5155,node_01,1780391943,data_collection,cooking_fume,exposure,,false,false,,rule_fallback_v0,2931,4095,2508,3139,34,61,69,27.3,65.5,true,unclassified,1780391944027
5156,node_01,1780391944,data_collection,cooking_fume,exposure,,false,false,,rule_fallback_v0,2932,4095,2510,3139,34,60,69,27.2,65.5,true,unclassified,1780391945035
5157,node_01,1780391945,data_collection,cooking_fume,exposure,,false,false,,rule_fallback_v0,2929,4095,2509,3139,34,60,69,27.2,65.5,true,unclassified,1780391946177
5158,node_01,1780391946,data_collection,cooking_fume,exposure,,false,false,,rule_fallback_v0,2929,4095,2507,3139,34,60,69,27.2,65.5,true,unclassified,1780391947181
5159,node_01,1780391947,data_collection,cooking_fume,exposure,,false,false,,rule_fallback_v0,2933,4095,2509,3139,34,60,69,27.3,65.6,true,unclassified,1780391948227
5160,node_01,1780391948,data_collection,cooking_fume,exposure,,false,false,,rule_fallback_v0,2930,4095,2505,3139,34,60,69,27.3,65.6,true,unclassified,1780391949250
5161,node_01,1780391949,data_collection,cooking_fume,exposure,,false,false,,rule_fallback_v0,2932,4095,2507,3139,34,60,69,27.3,65.6,true,unclassified,1780391950274
5162,node_01,1780391950,data_collection,cooking_fume,exposure,,false,false,,rule_fallback_v0,2936,4095,2510,3139,34,60,69,27.3,65.9,true,unclassified,1780391951361
5163,node_01,1780391951,data_collection,cooking_fume,exposure,,false,false,,rule_fallback_v0,2933,4095,2508,3139,34,60,69,27.3,65.9,true,unclassified,1780391952638
5164,node_01,1780391952,data_collection,cooking_fume,exposure,,false,false,,rule_fallback_v0,2933,4095,2507,3139,34,59,69,27.3,65.9,true,unclassified,1780391953399
5165,node_01,1780391953,data_collection,cooking_fume,exposure,,false,false,,rule_fallback_v0,2929,4095,2507,3139,34,60,69,27.3,66.1,true,unclassified,1780391954472
5166,node_01,1780391954,data_collection,cooking_fume,exposure,,false,false,,rule_fallback_v0,2931,4095,2506,3139,34,59,69,27.3,66.1,true,unclassified,1780391955598
5167,node_01,1780391955,data_collection,cooking_fume,exposure,,false,false,,rule_fallback_v0,2932,4095,2507,3139,35,60,70,27.3,66.1,true,unclassified,1780391956622
5168,node_01,1780391956,data_collection,cooking_fume,exposure,,false,false,,rule_fallback_v0,2929,4095,2506,3139,35,60,70,27.3,66,true,unclassified,1780391957581
5169,node_01,1780391957,data_collection,cooking_fume,exposure,,false,false,,rule_fallback_v0,2933,4095,2508,3139,35,60,70,27.3,66,true,unclassified,1780391958670
5170,node_01,1780391958,data_collection,cooking_fume,exposure,,false,false,,rule_fallback_v0,2933,4095,2506,3139,35,60,70,27.3,66,true,unclassified,1780391959672
5171,node_01,1780391959,data_collection,cooking_fume,exposure,,false,false,,rule_fallback_v0,2926,4095,2507,3139,36,60,70,27.3,65.9,true,unclassified,1780391960820
5172,node_01,1780391961,data_collection,cooking_fume,exposure,,false,false,,rule_fallback_v0,2942,4095,2507,3139,36,61,71,27.3,65.9,true,unclassified,1780391961844
5173,node_01,1780391962,data_collection,cooking_fume,exposure,,false,false,,rule_fallback_v0,2926,4095,2508,3139,35,60,70,27.3,65.9,true,unclassified,1780391962925
5174,node_01,1780391963,data_collection,cooking_fume,exposure,,false,false,,rule_fallback_v0,2931,4095,2507,3139,35,60,71,27.3,65.7,true,unclassified,1780391963897
5175,node_01,1780391964,data_collection,cooking_fume,exposure,,false,false,,rule_fallback_v0,2930,4095,2506,3139,35,61,71,27.3,65.7,true,unclassified,1780391964917
5176,node_01,1780391965,data_collection,cooking_fume,exposure,,false,false,,rule_fallback_v0,2936,4095,2509,3139,37,61,71,27.3,65.7,true,unclassified,1780391966043
5177,node_01,1780391966,data_collection,cooking_fume,exposure,,false,false,,rule_fallback_v0,2927,4095,2507,3139,37,61,71,27.3,65.6,true,unclassified,1780391967067
5178,node_01,1780391967,data_collection,cooking_fume,exposure,,false,false,,rule_fallback_v0,2928,4095,2508,3139,37,63,72,27.3,65.6,true,unclassified,1780391968091
5179,node_01,1780391968,data_collection,cooking_fume,exposure,,false,false,,rule_fallback_v0,2929,4095,2506,3139,38,63,72,27.3,65.6,true,unclassified,1780391969114
5180,node_01,1780391969,data_collection,cooking_fume,exposure,,false,false,,rule_fallback_v0,2939,4095,2509,3139,38,64,72,27.3,65.7,true,unclassified,1780391970139
5181,node_01,1780391970,data_collection,cooking_fume,exposure,,false,false,,rule_fallback_v0,2930,4095,2508,3139,39,65,73,27.3,65.7,true,unclassified,1780391971170
5182,node_01,1780391971,data_collection,cooking_fume,exposure,,false,false,,rule_fallback_v0,2933,4095,2507,3139,40,67,75,27.3,65.7,true,unclassified,1780391972289
5183,node_01,1780391972,data_collection,cooking_fume,exposure,,false,false,,rule_fallback_v0,2927,4095,2508,3139,40,68,75,27.3,65.7,true,unclassified,1780391973259
5184,node_01,1780391973,data_collection,cooking_fume,exposure,,false,false,,rule_fallback_v0,2932,4095,2506,3139,41,70,76,27.3,65.7,true,unclassified,1780391974337
5185,node_01,1780391974,data_collection,cooking_fume,exposure,,false,false,,rule_fallback_v0,2933,4095,2509,3139,42,70,77,27.3,65.7,true,unclassified,1780391975364
5186,node_01,1780391975,data_collection,cooking_fume,exposure,,false,false,,rule_fallback_v0,2928,4095,2507,3139,42,72,78,27.3,65.6,true,unclassified,1780391976492
5187,node_01,1780391976,data_collection,cooking_fume,exposure,,false,false,,rule_fallback_v0,2930,4095,2506,3139,42,73,77,27.3,65.6,true,unclassified,1780391977441
5188,node_01,1780391977,data_collection,cooking_fume,exposure,,false,false,,rule_fallback_v0,2928,4095,2508,3139,43,74,78,27.3,65.6,true,unclassified,1780391978488
5189,node_01,1780391978,data_collection,cooking_fume,exposure,,false,false,,rule_fallback_v0,2933,4095,2510,3139,43,75,79,27.3,65.5,true,unclassified,1780391979562
5190,node_01,1780391979,data_collection,cooking_fume,exposure,,false,false,,rule_fallback_v0,2933,4095,2507,3139,45,76,81,27.3,65.5,true,unclassified,1780391980687
5191,node_01,1780391980,data_collection,cooking_fume,exposure,,false,false,,rule_fallback_v0,2925,4095,2506,3139,45,77,82,27.3,65.5,true,unclassified,1780391981710
5192,node_01,1780391981,data_collection,cooking_fume,exposure,,false,false,,rule_fallback_v0,2934,4095,2506,3139,46,77,83,27.3,65.4,true,unclassified,1780391982734
5193,node_01,1780391982,data_collection,cooking_fume,exposure,,false,false,,rule_fallback_v0,2931,4095,2508,3139,47,79,84,27.3,65.4,true,unclassified,1780391983712
5194,node_01,1780391984,data_collection,cooking_fume,exposure,,false,false,,rule_fallback_v0,2933,4095,2506,3139,48,80,85,27.3,65.4,true,unclassified,1780391984781
5195,node_01,1780391985,data_collection,cooking_fume,exposure,,false,false,,rule_fallback_v0,2931,4095,2508,3139,48,80,86,27.3,65.4,true,unclassified,1780391985908
5196,node_01,1780391986,data_collection,cooking_fume,exposure,,false,false,,rule_fallback_v0,2928,4095,2507,3139,48,80,85,27.3,65.4,true,unclassified,1780391986849
5197,node_01,1780391987,data_collection,cooking_fume,exposure,,false,false,,rule_fallback_v0,2928,4095,2509,3139,49,81,87,27.3,65.4,true,unclassified,1780391987894
5198,node_01,1780391988,data_collection,cooking_fume,exposure,,false,false,,rule_fallback_v0,2932,4095,2510,3139,49,83,87,27.3,65.3,true,unclassified,1780391988981
5199,node_01,1780391989,data_collection,cooking_fume,exposure,,false,false,,rule_fallback_v0,2931,4095,2508,3139,51,84,88,27.3,65.3,true,unclassified,1780391990004
5200,node_01,1780391990,data_collection,cooking_fume,exposure,,false,false,,rule_fallback_v0,2937,4095,2506,3139,52,84,89,27.3,65.3,true,unclassified,1780391991130
5201,node_01,1780391991,data_collection,cooking_fume,exposure,,false,false,,rule_fallback_v0,2927,4095,2505,3139,52,85,89,27.4,65.3,true,unclassified,1780391992154
5202,node_01,1780391992,data_collection,cooking_fume,exposure,,false,false,,rule_fallback_v0,2935,4095,2506,3139,52,86,90,27.4,65.3,true,unclassified,1780391993392
5203,node_01,1780391993,data_collection,cooking_fume,exposure,,false,false,,rule_fallback_v0,2929,4095,2508,3139,52,86,90,27.4,65.3,true,unclassified,1780391994202
5204,node_01,1780391994,data_collection,cooking_fume,exposure,,false,false,,rule_fallback_v0,2936,4095,2507,3139,53,86,90,27.3,65.2,true,unclassified,1780391995226
5205,node_01,1780391995,data_collection,cooking_fume,exposure,,false,false,,rule_fallback_v0,2928,4095,2509,3139,53,86,90,27.3,65.2,true,unclassified,1780391996357
5206,node_01,1780391996,data_collection,cooking_fume,exposure,,false,false,,rule_fallback_v0,2926,4095,2506,3139,53,86,90,27.3,65.2,true,unclassified,1780391997376
5207,node_01,1780391997,data_collection,cooking_fume,exposure,,false,false,,rule_fallback_v0,2931,4095,2509,3139,53,86,90,27.3,65.2,true,unclassified,1780391998344
5208,node_01,1780391998,data_collection,cooking_fume,exposure,,false,false,,rule_fallback_v0,2940,4095,2508,3139,52,85,89,27.3,65.2,true,unclassified,1780391999425
5209,node_01,1780391999,data_collection,cooking_fume,exposure,,false,false,,rule_fallback_v0,2927,4095,2507,3139,52,85,89,27.3,65.2,true,unclassified,1780392000449
5210,node_01,1780392000,data_collection,cooking_fume,exposure,,false,false,,rule_fallback_v0,2930,4095,2506,3139,51,83,87,27.4,65.2,true,unclassified,1780392001576
5211,node_01,1780392001,data_collection,cooking_fume,exposure,,false,false,,rule_fallback_v0,2927,4095,2507,3139,51,83,87,27.4,65.2,true,unclassified,1780392002599
5212,node_01,1780392002,data_collection,cooking_fume,exposure,,false,false,,rule_fallback_v0,2933,4095,2506,3139,51,83,87,27.4,65.2,true,unclassified,1780392003572
5213,node_01,1780392003,data_collection,cooking_fume,exposure,,false,false,,rule_fallback_v0,2929,4095,2507,3139,51,83,86,27.4,65.3,true,unclassified,1780392004617
5214,node_01,1780392004,data_collection,cooking_fume,exposure,,false,false,,rule_fallback_v0,2924,4095,2507,3139,51,83,86,27.4,65.3,true,unclassified,1780392005671
5215,node_01,1780392005,data_collection,cooking_fume,exposure,,false,false,,rule_fallback_v0,2931,4095,2509,3139,51,83,86,27.4,65.3,true,unclassified,1780392006797
5216,node_01,1780392007,data_collection,cooking_fume,exposure,,false,false,,rule_fallback_v0,2929,4095,2508,3139,52,84,87,27.4,65.1,true,unclassified,1780392007821
5217,node_01,1780392008,data_collection,cooking_fume,exposure,,false,false,,rule_fallback_v0,2928,4095,2508,3139,52,83,86,27.4,65.1,true,unclassified,1780392008848
5218,node_01,1780392009,data_collection,cooking_fume,exposure,,false,false,,rule_fallback_v0,2937,4095,2506,3139,52,83,86,27.4,65.1,true,unclassified,1780392009869
5219,node_01,1780392010,data_collection,cooking_fume,exposure,,false,false,,rule_fallback_v0,2931,4095,2509,3139,51,82,85,27.4,65,true,unclassified,1780392010995
5220,node_01,1780392011,data_collection,cooking_fume,exposure,,false,false,,rule_fallback_v0,2937,4095,2505,3139,50,81,85,27.4,65,true,unclassified,1780392012019
5221,node_01,1780392012,data_collection,cooking_fume,exposure,,false,false,,rule_fallback_v0,2933,4095,2507,3139,50,81,84,27.4,65,true,unclassified,1780392012977
5222,node_01,1780392013,data_collection,cooking_fume,exposure,,false,false,,rule_fallback_v0,2930,4095,2509,3139,50,80,83,27.4,65,true,unclassified,1780392014025
5223,node_01,1780392014,data_collection,cooking_fume,exposure,,false,false,,rule_fallback_v0,2930,4095,2509,3139,50,80,83,27.4,65,true,unclassified,1780392015093
5224,node_01,1780392015,data_collection,cooking_fume,exposure,,false,false,,rule_fallback_v0,2936,4095,2507,3139,49,79,83,27.4,65,true,unclassified,1780392016153
5225,node_01,1780392016,data_collection,cooking_fume,exposure,,false,false,,rule_fallback_v0,2930,4095,2509,3139,49,79,82,27.4,65,true,unclassified,1780392017242
5226,node_01,1780392017,data_collection,cooking_fume,exposure,,false,false,,rule_fallback_v0,2931,4095,2507,3139,49,79,81,27.4,65,true,unclassified,1780392018266
5227,node_01,1780392018,data_collection,cooking_fume,exposure,,false,false,,rule_fallback_v0,2927,4095,2507,3139,50,80,81,27.4,65,true,unclassified,1780392019393
5228,node_01,1780392019,data_collection,cooking_fume,exposure,,false,false,,rule_fallback_v0,2939,4095,2506,3139,50,80,81,27.4,64.9,true,unclassified,1780392020314
5229,node_01,1780392020,data_collection,cooking_fume,exposure,,false,false,,rule_fallback_v0,2928,4095,2508,3139,49,79,80,27.4,64.9,true,unclassified,1780392021441
5230,node_01,1780392021,data_collection,cooking_fume,exposure,,false,false,,rule_fallback_v0,2933,4095,2508,3139,48,79,80,27.4,64.9,true,unclassified,1780392022388
5231,node_01,1780392022,data_collection,cooking_fume,exposure,,false,false,,rule_fallback_v0,2930,4095,2506,3139,48,79,80,27.4,64.9,true,unclassified,1780392023488
5232,node_01,1780392023,data_collection,cooking_fume,exposure,,false,false,,rule_fallback_v0,2930,4095,2507,3139,48,79,80,27.4,64.9,true,unclassified,1780392024512
5233,node_01,1780392024,data_collection,cooking_fume,exposure,,false,false,,rule_fallback_v0,2927,4095,2507,3139,48,79,80,27.4,64.9,true,unclassified,1780392025538
5234,node_01,1780392025,data_collection,cooking_fume,exposure,,false,false,,rule_fallback_v0,2939,4095,2507,3139,48,79,80,27.4,64.8,true,unclassified,1780392026663
5235,node_01,1780392026,data_collection,cooking_fume,exposure,,false,false,,rule_fallback_v0,2926,4095,2506,3139,48,79,80,27.4,64.8,true,unclassified,1780392027609
5236,node_01,1780392027,data_collection,cooking_fume,exposure,,false,false,,rule_fallback_v0,2929,4095,2506,3139,48,78,80,27.4,64.8,true,unclassified,1780392028655
5237,node_01,1780392028,data_collection,cooking_fume,exposure,,false,false,,rule_fallback_v0,2927,4095,2509,3139,47,78,81,27.4,64.9,true,unclassified,1780392029737
5238,node_01,1780392029,data_collection,cooking_fume,exposure,,false,false,,rule_fallback_v0,2931,4095,2507,3139,47,78,81,27.4,64.9,true,unclassified,1780392030759
5239,node_01,1780392031,data_collection,cooking_fume,exposure,,false,false,,rule_fallback_v0,2928,4095,2506,3139,47,78,81,27.4,64.9,true,unclassified,1780392031791
5240,node_01,1780392032,data_collection,cooking_fume,exposure,,false,false,,rule_fallback_v0,2929,4095,2506,3139,47,78,81,27.4,64.7,true,unclassified,1780392032896
5241,node_01,1780392033,data_collection,cooking_fume,exposure,,false,false,,rule_fallback_v0,2931,4095,2507,3139,47,78,81,27.4,64.7,true,unclassified,1780392034147
5242,node_01,1780392034,data_collection,cooking_fume,exposure,,false,false,,rule_fallback_v0,2932,4095,2507,3139,47,77,80,27.4,64.7,true,unclassified,1780392034961
5243,node_01,1780392035,data_collection,cooking_fume,exposure,,false,false,,rule_fallback_v0,2928,4095,2508,3139,47,77,79,27.4,64.6,true,unclassified,1780392035972
5244,node_01,1780392036,data_collection,cooking_fume,exposure,,false,false,,rule_fallback_v0,2944,4095,2504,3139,47,76,79,27.4,64.6,true,unclassified,1780392037108
5245,node_01,1780392037,data_collection,cooking_fume,exposure,,false,false,,rule_fallback_v0,2929,4095,2507,3139,48,77,80,27.4,64.6,true,unclassified,1780392038131
5246,node_01,1780392038,data_collection,cooking_fume,exposure,,false,false,,rule_fallback_v0,2933,4095,2508,3139,48,77,79,27.4,64.6,true,unclassified,1780392039155
5247,node_01,1780392039,data_collection,cooking_fume,exposure,,false,false,,rule_fallback_v0,2930,4095,2506,3139,48,76,79,27.4,64.6,true,unclassified,1780392040179
5248,node_01,1780392040,data_collection,cooking_fume,exposure,,false,false,,rule_fallback_v0,2931,4095,2505,3139,48,76,79,27.4,64.6,true,unclassified,1780392041306
5249,node_01,1780392041,data_collection,cooking_fume,exposure,,false,false,,rule_fallback_v0,2925,4095,2507,3139,48,76,79,27.4,64.5,true,unclassified,1780392042243
5250,node_01,1780392042,data_collection,cooking_fume,exposure,,false,false,,rule_fallback_v0,2930,4095,2509,3139,47,75,78,27.4,64.5,true,unclassified,1780392043287
5251,node_01,1780392043,data_collection,cooking_fume,exposure,,false,false,,rule_fallback_v0,2931,4095,2508,3139,46,75,77,27.4,64.5,true,unclassified,1780392044378
5252,node_01,1780392044,data_collection,cooking_fume,exposure,,false,false,,rule_fallback_v0,2930,4095,2510,3139,46,74,77,27.4,64.6,true,unclassified,1780392045411
5253,node_01,1780392045,data_collection,cooking_fume,exposure,,false,false,,rule_fallback_v0,2926,4095,2507,3139,46,74,77,27.4,64.6,true,unclassified,1780392046424
5254,node_01,1780392046,data_collection,cooking_fume,exposure,,false,false,,rule_fallback_v0,2941,4095,2507,3139,45,73,77,27.4,64.6,true,unclassified,1780392047467
5255,node_01,1780392047,data_collection,cooking_fume,exposure,,false,false,,rule_fallback_v0,2927,4095,2509,3139,45,73,76,27.4,64.5,true,unclassified,1780392048576
5256,node_01,1780392048,data_collection,cooking_fume,exposure,,false,false,,rule_fallback_v0,2937,4095,2509,3139,45,73,76,27.4,64.5,true,unclassified,1780392049559
5257,node_01,1780392049,data_collection,cooking_fume,exposure,,false,false,,rule_fallback_v0,2927,4095,2508,3139,45,73,76,27.4,64.5,true,unclassified,1780392050628
5258,node_01,1780392050,data_collection,cooking_fume,exposure,,false,false,,rule_fallback_v0,2927,4095,2512,3139,43,72,76,27.4,64.5,true,unclassified,1780392051750
5259,node_01,1780392051,data_collection,cooking_fume,exposure,,false,false,,rule_fallback_v0,2930,4095,2508,3139,44,72,77,27.4,64.5,true,unclassified,1780392052692
5260,node_01,1780392052,data_collection,cooking_fume,exposure,,false,false,,rule_fallback_v0,2931,4095,2510,3139,44,72,76,27.4,64.5,true,unclassified,1780392053799
5261,node_01,1780392054,data_collection,cooking_fume,exposure,,false,false,,rule_fallback_v0,2925,4095,2508,3139,44,71,76,27.5,64.4,true,unclassified,1780392054823
5262,node_01,1780392055,data_collection,cooking_fume,exposure,,false,false,,rule_fallback_v0,2931,4095,2507,3139,42,70,75,27.5,64.4,true,unclassified,1780392055827
5263,node_01,1780392056,data_collection,cooking_fume,exposure,,false,false,,rule_fallback_v0,2927,4095,2509,3139,42,69,75,27.5,64.4,true,unclassified,1780392056973
5264,node_01,1780392057,data_collection,cooking_fume,exposure,,false,false,,rule_fallback_v0,2932,4095,2509,3139,41,69,74,27.5,64.3,true,unclassified,1780392057997
5265,node_01,1780392058,data_collection,cooking_fume,exposure,,false,false,,rule_fallback_v0,2930,4095,2507,3139,42,70,75,27.5,64.3,true,unclassified,1780392058970
5266,node_01,1780392059,data_collection,cooking_fume,exposure,,false,false,,rule_fallback_v0,2930,4095,2507,3139,42,69,75,27.5,64.3,true,unclassified,1780392060045
5267,node_01,1780392060,data_collection,cooking_fume,exposure,,false,false,,rule_fallback_v0,2933,4095,2508,3139,41,68,74,27.5,64.3,true,unclassified,1780392061069
5268,node_01,1780392061,data_collection,cooking_fume,exposure,,false,false,,rule_fallback_v0,2933,4095,2507,3139,41,68,74,27.5,64.3,true,unclassified,1780392062196
5269,node_01,1780392062,data_collection,cooking_fume,exposure,,false,false,,rule_fallback_v0,2930,4095,2507,3139,41,68,74,27.5,64.3,true,unclassified,1780392063219
5270,node_01,1780392063,data_collection,cooking_fume,exposure,,false,false,,rule_fallback_v0,2938,4095,2508,3139,42,70,75,27.5,64.2,true,unclassified,1780392064243
5271,node_01,1780392064,data_collection,cooking_fume,exposure,,false,false,,rule_fallback_v0,2929,4095,2509,3139,42,70,76,27.5,64.2,true,unclassified,1780392065267
5272,node_01,1780392065,data_collection,cooking_fume,exposure,,false,false,,rule_fallback_v0,2933,4095,2507,3139,42,70,76,27.5,64.2,true,unclassified,1780392066291
5273,node_01,1780392066,data_collection,cooking_fume,exposure,,false,false,,rule_fallback_v0,2932,4095,2506,3139,41,69,75,27.5,64.3,true,unclassified,1780392067385
5274,node_01,1780392067,data_collection,cooking_fume,exposure,,false,false,,rule_fallback_v0,2934,4095,2508,3139,41,69,75,27.5,64.3,true,unclassified,1780392068442
5275,node_01,1780392068,data_collection,cooking_fume,exposure,,false,false,,rule_fallback_v0,2930,4095,2506,3139,41,69,75,27.5,64.3,true,unclassified,1780392069466
5276,node_01,1780392069,data_collection,cooking_fume,exposure,,false,false,,rule_fallback_v0,2935,4095,2508,3139,41,69,75,27.5,64.3,true,unclassified,1780392070463
5277,node_01,1780392070,data_collection,cooking_fume,exposure,,false,false,,rule_fallback_v0,2934,4095,2507,3139,41,69,75,27.5,64.3,true,unclassified,1780392071523
5278,node_01,1780392071,data_collection,cooking_fume,exposure,,false,false,,rule_fallback_v0,2932,4095,2506,3139,41,69,75,27.5,64.3,true,unclassified,1780392072644
5279,node_01,1780392072,data_collection,cooking_fume,exposure,,false,false,,rule_fallback_v0,2929,4095,2508,3139,42,70,76,27.5,64.4,true,unclassified,1780392073599
5280,node_01,1780392073,data_collection,cooking_fume,exposure,,false,false,,rule_fallback_v0,2927,4095,2507,3139,42,69,75,27.5,64.4,true,unclassified,1780392074791
5281,node_01,1780392074,data_collection,cooking_fume,exposure,,false,false,,rule_fallback_v0,2930,4095,2509,3139,42,68,75,27.5,64.4,true,unclassified,1780392075926
5282,node_01,1780392075,data_collection,cooking_fume,exposure,,false,false,,rule_fallback_v0,2932,4095,2506,3139,41,67,74,27.5,64.3,true,unclassified,1780392076734
5283,node_01,1780392077,data_collection,cooking_fume,exposure,,false,false,,rule_fallback_v0,2927,4095,2507,3139,41,67,74,27.5,64.3,true,unclassified,1780392077863
5284,node_01,1780392078,data_collection,cooking_fume,exposure,,false,false,,rule_fallback_v0,2932,4095,2505,3139,41,67,74,27.5,64.3,true,unclassified,1780392078887
5285,node_01,1780392079,data_collection,cooking_fume,exposure,,false,false,,rule_fallback_v0,2928,4095,2507,3139,42,67,75,27.5,64.3,true,unclassified,1780392079911
5286,node_01,1780392080,data_collection,cooking_fume,exposure,,false,false,,rule_fallback_v0,2936,4095,2507,3139,42,67,75,27.5,64.3,true,unclassified,1780392080936
5287,node_01,1780392081,data_collection,cooking_fume,exposure,,false,false,,rule_fallback_v0,2931,4095,2505,3139,42,67,75,27.5,64.3,true,unclassified,1780392082028
5288,node_01,1780392082,data_collection,cooking_fume,exposure,,false,false,,rule_fallback_v0,2934,4095,2510,3139,42,67,74,27.5,64.3,true,unclassified,1780392083092
5289,node_01,1780392083,data_collection,cooking_fume,exposure,,false,false,,rule_fallback_v0,2929,4095,2507,3139,42,66,74,27.5,64.3,true,unclassified,1780392084109
5290,node_01,1780392084,data_collection,cooking_fume,exposure,,false,false,,rule_fallback_v0,2938,4095,2508,3139,41,65,73,27.5,64.3,true,unclassified,1780392085099
5291,node_01,1780392085,data_collection,cooking_fume,exposure,,false,false,,rule_fallback_v0,2927,4095,2508,3139,41,65,73,27.5,64.3,true,unclassified,1780392086208
5292,node_01,1780392086,data_collection,cooking_fume,exposure,,false,false,,rule_fallback_v0,2936,4095,2507,3139,40,65,73,27.5,64.3,true,unclassified,1780392087184
5293,node_01,1780392087,data_collection,cooking_fume,exposure,,false,false,,rule_fallback_v0,2931,4095,2507,3139,40,65,72,27.5,64.3,true,unclassified,1780392088284
5294,node_01,1780392088,data_collection,cooking_fume,exposure,,false,false,,rule_fallback_v0,2936,4095,2511,3139,40,65,72,27.5,64.3,true,unclassified,1780392089274
5295,node_01,1780392089,data_collection,cooking_fume,exposure,,false,false,,rule_fallback_v0,2934,4095,2507,3139,39,64,72,27.5,64.3,true,unclassified,1780392090357
5296,node_01,1780392090,data_collection,cooking_fume,exposure,,false,false,,rule_fallback_v0,2936,4095,2509,3139,39,64,72,27.5,64.3,true,unclassified,1780392091380
5297,node_01,1780392091,data_collection,cooking_fume,exposure,,false,false,,rule_fallback_v0,2930,4095,2507,3139,39,63,72,27.5,64.1,true,unclassified,1780392092506
5298,node_01,1780392092,data_collection,cooking_fume,exposure,,false,false,,rule_fallback_v0,2937,4095,2508,3139,39,63,72,27.5,64.1,true,unclassified,1780392093530
5299,node_01,1780392093,data_collection,cooking_fume,exposure,,false,false,,rule_fallback_v0,2930,4095,2509,3139,40,64,72,27.5,64.1,true,unclassified,1780392094503
5300,node_01,1780392094,data_collection,cooking_fume,exposure,,false,false,,rule_fallback_v0,2936,4095,2511,3139,40,64,72,27.5,64.1,true,unclassified,1780392095580
5301,node_01,1780392095,data_collection,cooking_fume,exposure,,false,false,,rule_fallback_v0,2931,4095,2506,3139,40,64,73,27.5,64.1,true,unclassified,1780392096709
5302,node_01,1780392096,data_collection,cooking_fume,exposure,,false,false,,rule_fallback_v0,2939,4095,2508,3139,40,64,73,27.5,64.1,true,unclassified,1780392097728
5303,node_01,1780392097,data_collection,cooking_fume,exposure,,false,false,,rule_fallback_v0,2932,4095,2508,3139,40,64,73,27.6,64.2,true,unclassified,1780392098753
5304,node_01,1780392098,data_collection,cooking_fume,exposure,,false,false,,rule_fallback_v0,2929,4095,2508,3139,40,64,73,27.6,64.2,true,unclassified,1780392099778
5305,node_01,1780392100,data_collection,cooking_fume,exposure,,false,false,,rule_fallback_v0,2924,4095,2508,3139,39,64,73,27.6,64.2,true,unclassified,1780392100800
5306,node_01,1780392101,data_collection,cooking_fume,exposure,,false,false,,rule_fallback_v0,2936,4095,2508,3139,39,64,73,27.5,64.4,true,unclassified,1780392101826
5307,node_01,1780392102,data_collection,cooking_fume,exposure,,false,false,,rule_fallback_v0,2933,4095,2508,3139,38,63,72,27.5,64.4,true,unclassified,1780392102951
5308,node_01,1780392103,data_collection,cooking_fume,exposure,,false,false,,rule_fallback_v0,2933,4095,2507,3139,38,63,72,27.5,64.4,true,unclassified,1780392103980
5309,node_01,1780392104,data_collection,cooking_fume,exposure,,false,false,,rule_fallback_v0,2931,4095,2509,3139,38,63,72,27.5,64.7,true,unclassified,1780392104998
5310,node_01,1780392105,data_collection,cooking_fume,exposure,,false,false,,rule_fallback_v0,2936,4095,2507,3139,37,63,72,27.5,64.7,true,unclassified,1780392106021
5311,node_01,1780392106,data_collection,cooking_fume,exposure,,false,false,,rule_fallback_v0,2934,4095,2508,3139,37,63,72,27.5,64.7,true,unclassified,1780392107046
5312,node_01,1780392107,data_collection,cooking_fume,exposure,,false,false,,rule_fallback_v0,2929,4095,2506,3139,37,63,71,27.6,64.7,true,unclassified,1780392108087
5313,node_01,1780392108,data_collection,cooking_fume,exposure,,false,false,,rule_fallback_v0,2930,4095,2507,3139,38,64,72,27.6,64.7,true,unclassified,1780392109196
5314,node_01,1780392109,data_collection,cooking_fume,exposure,,false,false,,rule_fallback_v0,2933,4095,2508,3139,38,62,72,27.6,64.7,true,unclassified,1780392110220
5315,node_01,1780392110,data_collection,cooking_fume,exposure,,false,false,,rule_fallback_v0,2933,4095,2510,3139,38,62,72,27.6,64.5,true,unclassified,1780392111249
5316,node_01,1780392111,data_collection,cooking_fume,exposure,,false,false,,rule_fallback_v0,2938,4095,2506,3139,37,61,71,27.6,64.5,true,unclassified,1780392112371
5317,node_01,1780392112,data_collection,cooking_fume,exposure,,false,false,,rule_fallback_v0,2929,4095,2505,3139,37,61,71,27.6,64.5,true,unclassified,1780392113393
5318,node_01,1780392113,data_collection,cooking_fume,exposure,,false,false,,rule_fallback_v0,2937,4095,2508,3139,37,61,71,27.5,64.4,true,unclassified,1780392114419
5319,node_01,1780392114,data_collection,cooking_fume,exposure,,false,false,,rule_fallback_v0,2930,4095,2507,3139,38,62,72,27.5,64.4,true,unclassified,1780392115400
5320,node_01,1780392115,data_collection,cooking_fume,exposure,,false,false,,rule_fallback_v0,2939,4095,2509,3139,38,62,72,27.5,64.4,true,unclassified,1780392116465
5321,node_01,1780392116,data_collection,cooking_fume,exposure,,false,false,,rule_fallback_v0,2931,4095,2507,3139,38,62,72,27.5,64.2,true,unclassified,1780392117593
5322,node_01,1780392117,data_collection,cooking_fume,exposure,,false,false,,rule_fallback_v0,2934,4095,2508,3139,37,61,71,27.5,64.2,true,unclassified,1780392118534
5323,node_01,1780392118,data_collection,cooking_fume,exposure,,false,false,,rule_fallback_v0,2932,4095,2509,3139,37,61,71,27.5,64.2,true,unclassified,1780392119642
5324,node_01,1780392119,data_collection,cooking_fume,exposure,,false,false,,rule_fallback_v0,2932,4095,2509,3139,37,61,71,27.6,64.2,true,unclassified,1780392120665
5325,node_01,1780392120,data_collection,cooking_fume,exposure,,false,false,,rule_fallback_v0,2929,4095,2507,3139,38,62,72,27.6,64.2,true,unclassified,1780392121672
5326,node_01,1780392121,data_collection,cooking_fume,exposure,,false,false,,rule_fallback_v0,2929,4095,2509,3139,36,62,72,27.6,64.2,true,unclassified,1780392122815
5327,node_01,1780392123,data_collection,cooking_fume,exposure,,false,false,,rule_fallback_v0,2929,4095,2507,3139,36,61,72,27.6,64.2,true,unclassified,1780392123842
5328,node_01,1780392124,data_collection,cooking_fume,exposure,,false,false,,rule_fallback_v0,2933,4095,2508,3139,36,61,71,27.6,64.2,true,unclassified,1780392124863
5329,node_01,1780392125,data_collection,cooking_fume,exposure,,false,false,,rule_fallback_v0,2930,4095,2509,3139,36,60,71,27.6,64.2,true,unclassified,1780392125850
5330,node_01,1780392126,data_collection,cooking_fume,exposure,,false,false,,rule_fallback_v0,2933,4095,2506,3139,36,60,71,27.6,64.1,true,unclassified,1780392126962
5331,node_01,1780392127,data_collection,cooking_fume,exposure,,false,false,,rule_fallback_v0,2928,4095,2508,3139,36,60,71,27.6,64.1,true,unclassified,1780392128039
5332,node_01,1780392128,data_collection,cooking_fume,exposure,,false,false,,rule_fallback_v0,2936,4095,2507,3139,35,60,70,27.6,64.1,true,unclassified,1780392129065
5333,node_01,1780392129,data_collection,cooking_fume,exposure,,false,false,,rule_fallback_v0,2928,4095,2506,3139,35,60,70,27.6,64.1,true,unclassified,1780392130086
5334,node_01,1780392130,data_collection,cooking_fume,exposure,,false,false,,rule_fallback_v0,2932,4095,2508,3139,35,60,70,27.6,64.1,true,unclassified,1780392131075
5335,node_01,1780392131,data_collection,cooking_fume,exposure,,false,false,,rule_fallback_v0,2930,4095,2510,3139,35,60,70,27.6,64.1,true,unclassified,1780392132134
5336,node_01,1780392132,data_collection,cooking_fume,exposure,,false,false,,rule_fallback_v0,2927,4095,2509,3139,34,59,69,27.6,64.2,true,unclassified,1780392133168
5337,node_01,1780392133,data_collection,cooking_fume,exposure,,false,false,,rule_fallback_v0,2929,4095,2509,3139,34,59,69,27.6,64.2,true,unclassified,1780392134284
5338,node_01,1780392134,data_collection,cooking_fume,exposure,,false,false,,rule_fallback_v0,2940,4095,2507,3139,34,59,69,27.6,64.2,true,unclassified,1780392135310
5339,node_01,1780392135,data_collection,cooking_fume,exposure,,false,false,,rule_fallback_v0,2933,4095,2511,3139,34,59,69,27.6,64,true,unclassified,1780392136335
5340,node_01,1780392136,data_collection,cooking_fume,exposure,,false,false,,rule_fallback_v0,2931,4095,2506,3139,34,59,69,27.6,64,true,unclassified,1780392137356
5341,node_01,1780392137,data_collection,cooking_fume,exposure,,false,false,,rule_fallback_v0,2932,4095,2508,3139,34,59,69,27.6,64,true,unclassified,1780392138393
5342,node_01,1780392138,data_collection,cooking_fume,exposure,,false,false,,rule_fallback_v0,2931,4095,2507,3139,35,60,71,27.6,64,true,unclassified,1780392139440
5343,node_01,1780392139,data_collection,cooking_fume,exposure,,false,false,,rule_fallback_v0,2928,4095,2508,3139,35,60,71,27.6,64,true,unclassified,1780392140530
5344,node_01,1780392140,data_collection,cooking_fume,exposure,,false,false,,rule_fallback_v0,2939,4095,2507,3139,35,60,71,27.6,64,true,unclassified,1780392141555
5345,node_01,1780392141,data_collection,cooking_fume,exposure,,false,false,,rule_fallback_v0,2930,4095,2508,3139,35,60,71,27.6,64.4,true,unclassified,1780392142576
5346,node_01,1780392142,data_collection,cooking_fume,exposure,,false,false,,rule_fallback_v0,2930,4095,2507,3139,35,60,71,27.6,64.4,true,unclassified,1780392143705
5347,node_01,1780392143,data_collection,cooking_fume,exposure,,false,false,,rule_fallback_v0,2932,4095,2508,3139,35,60,71,27.6,64.4,true,unclassified,1780392144729
5348,node_01,1780392144,data_collection,cooking_fume,exposure,,false,false,,rule_fallback_v0,2928,4095,2508,3139,35,60,70,27.6,64.1,true,unclassified,1780392145708
5349,node_01,1780392146,data_collection,cooking_fume,exposure,,false,false,,rule_fallback_v0,2933,4095,2508,3139,35,60,70,27.6,64.1,true,unclassified,1780392146776
5350,node_01,1780392147,data_collection,cooking_fume,exposure,,false,false,,rule_fallback_v0,2929,4095,2510,3139,34,59,69,27.6,64.1,true,unclassified,1780392147903
5351,node_01,1780392148,data_collection,cooking_fume,exposure,,false,false,,rule_fallback_v0,2930,4095,2507,3139,34,59,69,27.6,64.1,true,unclassified,1780392148842
5352,node_01,1780392149,data_collection,cooking_fume,exposure,,false,false,,rule_fallback_v0,2934,4095,2509,3139,34,58,69,27.6,64.1,true,unclassified,1780392149952
5353,node_01,1780392150,data_collection,cooking_fume,exposure,,false,false,,rule_fallback_v0,2927,4095,2508,3139,35,59,70,27.6,64.1,true,unclassified,1780392150974
5354,node_01,1780392151,data_collection,cooking_fume,exposure,,false,false,,rule_fallback_v0,2931,4095,2506,3139,35,58,70,27.6,64.1,true,unclassified,1780392151999
5355,node_01,1780392152,data_collection,cooking_fume,exposure,,false,false,,rule_fallback_v0,2928,4095,2506,3139,35,58,70,27.6,64.1,true,unclassified,1780392153028
5356,node_01,1780392153,data_collection,cooking_fume,exposure,,false,false,,rule_fallback_v0,2938,4095,2507,3139,35,58,70,27.6,64.1,true,unclassified,1780392154150
5357,node_01,1780392154,data_collection,cooking_fume,exposure,,false,false,,rule_fallback_v0,2930,4095,2509,3139,34,58,70,27.6,64.1,true,unclassified,1780392155113
5358,node_01,1780392155,data_collection,cooking_fume,exposure,,false,false,,rule_fallback_v0,2931,4095,2509,3139,34,58,70,27.6,64.1,true,unclassified,1780392156197
5359,node_01,1780392156,data_collection,cooking_fume,exposure,,false,false,,rule_fallback_v0,2934,4095,2506,3139,33,57,69,27.6,64.1,true,unclassified,1780392157221
5360,node_01,1780392157,data_collection,cooking_fume,exposure,,false,false,,rule_fallback_v0,2943,4095,2507,3139,33,57,69,27.6,64.3,true,unclassified,1780392158349
5361,node_01,1780392158,data_collection,cooking_fume,exposure,,false,false,,rule_fallback_v0,2927,4095,2508,3139,33,56,69,27.6,64.3,true,unclassified,1780392159373
5362,node_01,1780392159,data_collection,cooking_fume,exposure,,false,false,,rule_fallback_v0,2933,4095,2509,3139,34,57,70,27.6,64.3,true,unclassified,1780392160396
5363,node_01,1780392160,data_collection,cooking_fume,exposure,,false,false,,rule_fallback_v0,2927,4095,2507,3139,34,57,70,27.6,64.3,true,unclassified,1780392161420
5364,node_01,1780392161,data_collection,cooking_fume,exposure,,false,false,,rule_fallback_v0,2938,4095,2507,3139,34,57,70,27.6,64.3,true,unclassified,1780392162429
5365,node_01,1780392162,data_collection,cooking_fume,exposure,,false,false,,rule_fallback_v0,2932,4095,2507,3139,33,56,69,27.6,64.3,true,unclassified,1780392163474
5366,node_01,1780392163,data_collection,cooking_fume,exposure,,false,false,,rule_fallback_v0,2939,4095,2509,3139,33,56,69,27.6,64.4,true,unclassified,1780392164595
5367,node_01,1780392164,data_collection,cooking_fume,exposure,,false,false,,rule_fallback_v0,2934,4095,2508,3139,33,56,69,27.6,64.4,true,unclassified,1780392165619
5368,node_01,1780392165,data_collection,cooking_fume,exposure,,false,false,,rule_fallback_v0,2939,4095,2507,3139,33,56,69,27.6,64.4,true,unclassified,1780392166646
5369,node_01,1780392166,data_collection,cooking_fume,exposure,,false,false,,rule_fallback_v0,2932,4095,2508,3139,33,56,69,27.6,64.5,true,unclassified,1780392167718
5370,node_01,1780392167,data_collection,cooking_fume,exposure,,false,false,,rule_fallback_v0,2928,4095,2508,3139,34,56,70,27.6,64.5,true,unclassified,1780392168700
5371,node_01,1780392168,data_collection,cooking_fume,exposure,,false,false,,rule_fallback_v0,2928,4095,2507,3139,34,56,70,27.6,64.5,true,unclassified,1780392169750
5372,node_01,1780392170,data_collection,cooking_fume,exposure,,false,false,,rule_fallback_v0,2937,4095,2509,3139,34,56,69,27.6,64.4,true,unclassified,1780392170842
5373,node_01,1780392171,data_collection,cooking_fume,exposure,,false,false,,rule_fallback_v0,2933,4095,2509,3139,33,55,68,27.6,64.4,true,unclassified,1780392171835
5374,node_01,1780392172,data_collection,cooking_fume,exposure,,false,false,,rule_fallback_v0,2932,4095,2507,3139,33,55,68,27.6,64.4,true,unclassified,1780392172891
5375,node_01,1780392173,data_collection,cooking_fume,exposure,,false,false,,rule_fallback_v0,2931,4095,2509,3139,33,55,68,27.6,64.1,true,unclassified,1780392173923
5376,node_01,1780392174,data_collection,cooking_fume,exposure,,false,false,,rule_fallback_v0,2934,4095,2506,3139,33,55,68,27.6,64.1,true,unclassified,1780392174974
5377,node_01,1780392175,data_collection,cooking_fume,exposure,,false,false,,rule_fallback_v0,2931,4095,2509,3139,33,55,68,27.6,64.1,true,unclassified,1780392176017
5378,node_01,1780392176,data_collection,cooking_fume,exposure,,false,false,,rule_fallback_v0,2936,4095,2508,3139,33,55,68,27.7,64.1,true,unclassified,1780392177088
5379,node_01,1780392177,data_collection,cooking_fume,exposure,,false,false,,rule_fallback_v0,2934,4095,2508,3139,34,56,68,27.7,64.1,true,unclassified,1780392178106
5380,node_01,1780392178,data_collection,cooking_fume,exposure,,false,false,,rule_fallback_v0,2945,4095,2507,3139,34,56,68,27.7,64.1,true,unclassified,1780392179151
5381,node_01,1780392179,data_collection,cooking_fume,exposure,,false,false,,rule_fallback_v0,2928,4095,2508,3139,34,56,68,27.7,64,true,unclassified,1780392180263
5382,node_01,1780392180,data_collection,cooking_fume,exposure,,false,false,,rule_fallback_v0,2938,4095,2507,3139,33,55,67,27.7,64,true,unclassified,1780392181286
5383,node_01,1780392181,data_collection,cooking_fume,exposure,,false,false,,rule_fallback_v0,2930,4095,2508,3139,33,55,67,27.7,64,true,unclassified,1780392182310
5384,node_01,1780392182,data_collection,cooking_fume,exposure,,false,false,,rule_fallback_v0,2935,4095,2513,3139,33,55,67,27.7,63.9,true,unclassified,1780392183330
5385,node_01,1780392183,data_collection,cooking_fume,exposure,,false,false,,rule_fallback_v0,2934,4095,2507,3139,34,56,68,27.7,63.9,true,unclassified,1780392184411
5386,node_01,1780392184,data_collection,cooking_fume,exposure,,false,false,,rule_fallback_v0,2932,4095,2507,3139,34,56,68,27.7,63.9,true,unclassified,1780392185485
5387,node_01,1780392185,data_collection,cooking_fume,exposure,,false,false,,rule_fallback_v0,2931,4095,2508,3139,34,56,68,27.7,63.9,true,unclassified,1780392186508
5388,node_01,1780392186,data_collection,cooking_fume,exposure,,false,false,,rule_fallback_v0,2940,4095,2509,3139,34,56,68,27.7,63.9,true,unclassified,1780392187534
5389,node_01,1780392187,data_collection,cooking_fume,exposure,,false,false,,rule_fallback_v0,2930,4095,2507,3139,34,56,68,27.7,63.9,true,unclassified,1780392188659
5390,node_01,1780392188,data_collection,cooking_fume,exposure,,false,false,,rule_fallback_v0,2934,4095,2509,3139,33,55,67,27.6,63.8,true,unclassified,1780392189602
5391,node_01,1780392189,data_collection,cooking_fume,exposure,,false,false,,rule_fallback_v0,2929,4095,2506,3139,33,55,67,27.6,63.8,true,unclassified,1780392190646
5392,node_01,1780392190,data_collection,cooking_fume,exposure,,false,false,,rule_fallback_v0,2935,4095,2507,3139,33,55,67,27.6,63.8,true,unclassified,1780392191733
5393,node_01,1780392191,data_collection,cooking_fume,exposure,,false,false,,rule_fallback_v0,2929,4095,2507,3139,34,56,68,27.6,63.9,true,unclassified,1780392192758
5394,node_01,1780392193,data_collection,cooking_fume,exposure,,false,false,,rule_fallback_v0,2930,4095,2509,3139,34,56,68,27.6,63.9,true,unclassified,1780392193783
5395,node_01,1780392194,data_collection,cooking_fume,exposure,,false,false,,rule_fallback_v0,2931,4095,2508,3139,34,56,68,27.6,63.9,true,unclassified,1780392194905
5396,node_01,1780392195,data_collection,cooking_fume,exposure,,false,false,,rule_fallback_v0,2936,4095,2510,3139,34,56,68,27.7,63.9,true,unclassified,1780392195931
5397,node_01,1780392196,data_collection,cooking_fume,exposure,,false,false,,rule_fallback_v0,2934,4095,2507,3139,34,56,68,27.7,63.9,true,unclassified,1780392196953
5398,node_01,1780392197,data_collection,cooking_fume,exposure,,false,false,,rule_fallback_v0,2931,4095,2508,3139,34,56,68,27.7,63.9,true,unclassified,1780392197978
5399,node_01,1780392198,data_collection,cooking_fume,exposure,,false,false,,rule_fallback_v0,2928,4095,2509,3139,34,56,68,27.7,63.8,true,unclassified,1780392199103
5400,node_01,1780392199,data_collection,cooking_fume,exposure,,false,false,,rule_fallback_v0,2934,4095,2506,3139,34,56,68,27.7,63.8,true,unclassified,1780392200068
5401,node_01,1780392200,data_collection,cooking_fume,exposure,,false,false,,rule_fallback_v0,2929,4095,2510,3139,34,56,68,27.7,63.8,true,unclassified,1780392201152
5402,node_01,1780392201,data_collection,cooking_fume,exposure,,false,false,,rule_fallback_v0,2939,4095,2508,3139,33,55,67,27.7,63.8,true,unclassified,1780392202178
5403,node_01,1780392202,data_collection,cooking_fume,exposure,,false,false,,rule_fallback_v0,2930,4095,2509,3139,33,55,67,27.7,63.8,true,unclassified,1780392203190
5404,node_01,1780392203,data_collection,cooking_fume,exposure,,false,false,,rule_fallback_v0,2940,4095,2508,3139,33,55,66,27.7,63.8,true,unclassified,1780392204326
5405,node_01,1780392204,data_collection,cooking_fume,exposure,,false,false,,rule_fallback_v0,2935,4095,2506,3139,34,56,67,27.7,63.8,true,unclassified,1780392205446
5406,node_01,1780392205,data_collection,cooking_fume,exposure,,false,false,,rule_fallback_v0,2932,4095,2508,3139,34,56,67,27.7,63.8,true,unclassified,1780392206476
5407,node_01,1780392206,data_collection,cooking_fume,exposure,,false,false,,rule_fallback_v0,2925,4095,2509,3139,34,55,67,27.7,63.8,true,unclassified,1780392207429
5408,node_01,1780392207,data_collection,cooking_fume,exposure,,false,false,,rule_fallback_v0,2934,4095,2510,3139,34,55,67,27.7,63.8,true,unclassified,1780392208432
5409,node_01,1780392208,data_collection,cooking_fume,exposure,,false,false,,rule_fallback_v0,2932,4095,2509,3139,34,56,67,27.7,63.8,true,unclassified,1780392209549
5410,node_01,1780392209,data_collection,cooking_fume,exposure,,false,false,,rule_fallback_v0,2933,4095,2507,3139,34,56,68,27.7,63.8,true,unclassified,1780392210572
5411,node_01,1780392210,data_collection,cooking_fume,exposure,,false,false,,rule_fallback_v0,2928,4095,2510,3139,34,56,68,27.7,63.7,true,unclassified,1780392211547
5412,node_01,1780392211,data_collection,cooking_fume,exposure,,false,false,,rule_fallback_v0,2929,4095,2507,3139,34,56,68,27.7,63.7,true,unclassified,1780392212626
5413,node_01,1780392212,data_collection,cooking_fume,exposure,,false,false,,rule_fallback_v0,2930,4095,2508,3139,33,55,67,27.7,63.7,true,unclassified,1780392213649
5414,node_01,1780392213,data_collection,cooking_fume,exposure,,false,false,,rule_fallback_v0,2926,4095,2507,3139,33,55,67,27.7,63.7,true,unclassified,1780392214683
5415,node_01,1780392214,data_collection,cooking_fume,exposure,,false,false,,rule_fallback_v0,2931,4095,2508,3139,33,55,67,27.7,63.7,true,unclassified,1780392215795
5416,node_01,1780392216,data_collection,cooking_fume,exposure,,false,false,,rule_fallback_v0,2938,4095,2508,3139,34,56,68,27.7,63.7,true,unclassified,1780392216821
5417,node_01,1780392217,data_collection,cooking_fume,exposure,,false,false,,rule_fallback_v0,2921,4095,2507,3139,34,56,68,27.7,63.6,true,unclassified,1780392217844
5418,node_01,1780392218,data_collection,cooking_fume,exposure,,false,false,,rule_fallback_v0,2936,4095,2508,3139,34,56,68,27.7,63.6,true,unclassified,1780392218969
5419,node_01,1780392219,data_collection,cooking_fume,exposure,,false,false,,rule_fallback_v0,2929,4095,2509,3139,33,55,67,27.7,63.6,true,unclassified,1780392219996
5420,node_01,1780392220,data_collection,cooking_fume,exposure,,false,false,,rule_fallback_v0,2931,4095,2510,3139,33,55,67,27.7,63.6,true,unclassified,1780392221017
5421,node_01,1780392221,data_collection,cooking_fume,exposure,,false,false,,rule_fallback_v0,2928,4095,2507,3139,33,55,67,27.7,63.6,true,unclassified,1780392222041
5422,node_01,1780392222,data_collection,cooking_fume,exposure,,false,false,,rule_fallback_v0,2933,4095,2507,3139,33,55,67,27.7,63.6,true,unclassified,1780392223044
5423,node_01,1780392223,data_collection,cooking_fume,exposure,,false,false,,rule_fallback_v0,2932,4095,2506,3139,33,55,67,27.7,63.6,true,unclassified,1780392224193
5424,node_01,1780392224,data_collection,cooking_fume,exposure,,false,false,,rule_fallback_v0,2934,4095,2508,3139,33,55,67,27.7,63.6,true,unclassified,1780392225134
5425,node_01,1780392225,data_collection,cooking_fume,exposure,,false,false,,rule_fallback_v0,2930,4095,2508,3139,34,57,68,27.7,63.6,true,unclassified,1780392226239
5426,node_01,1780392226,data_collection,cooking_fume,exposure,,false,false,,rule_fallback_v0,2940,4095,2511,3139,34,57,68,27.7,63.5,true,unclassified,1780392227264
5427,node_01,1780392227,data_collection,cooking_fume,exposure,,false,false,,rule_fallback_v0,2931,4095,2509,3139,33,56,67,27.7,63.5,true,unclassified,1780392228269
5428,node_01,1780392228,data_collection,cooking_fume,exposure,,false,false,,rule_fallback_v0,2938,4095,2509,3139,33,56,68,27.7,63.5,true,unclassified,1780392229313
5429,node_01,1780392229,data_collection,cooking_fume,exposure,,false,false,,rule_fallback_v0,2932,4095,2509,3139,33,57,68,27.7,63.5,true,unclassified,1780392230356
5430,node_01,1780392230,data_collection,cooking_fume,exposure,,false,false,,rule_fallback_v0,2938,4095,2508,3139,33,57,68,27.7,63.5,true,unclassified,1780392231411
5431,node_01,1780392231,data_collection,cooking_fume,exposure,,false,false,,rule_fallback_v0,2931,4095,2509,3139,33,57,68,27.7,63.5,true,unclassified,1780392232446
5432,node_01,1780392232,data_collection,cooking_fume,exposure,,false,false,,rule_fallback_v0,2933,4095,2511,3139,33,57,68,27.7,63.7,true,unclassified,1780392233510
5433,node_01,1780392233,data_collection,cooking_fume,exposure,,false,false,,rule_fallback_v0,2933,4095,2508,3139,34,58,69,27.7,63.7,true,unclassified,1780392234639
5434,node_01,1780392234,data_collection,cooking_fume,exposure,,false,false,,rule_fallback_v0,2935,4095,2507,3139,34,59,69,27.7,63.7,true,unclassified,1780392235669
5435,node_01,1780392235,data_collection,cooking_fume,exposure,,false,false,,rule_fallback_v0,2931,4095,2508,3139,34,59,69,27.7,63.6,true,unclassified,1780392236684
5436,node_01,1780392236,data_collection,cooking_fume,exposure,,false,false,,rule_fallback_v0,2935,4095,2508,3139,33,59,68,27.7,63.6,true,unclassified,1780392237708
5437,node_01,1780392237,data_collection,cooking_fume,exposure,,false,false,,rule_fallback_v0,2929,4095,2509,3139,33,59,69,27.7,63.6,true,unclassified,1780392238815
5438,node_01,1780392239,data_collection,cooking_fume,exposure,,false,false,,rule_fallback_v0,2934,4095,2511,3139,34,59,69,27.7,63.7,true,unclassified,1780392239858
5439,node_01,1780392240,data_collection,cooking_fume,exposure,,false,false,,rule_fallback_v0,2930,4095,2509,3139,35,61,70,27.7,63.7,true,unclassified,1780392240882
5440,node_01,1780392241,data_collection,cooking_fume,exposure,,false,false,,rule_fallback_v0,2933,4095,2510,3139,35,62,70,27.7,63.7,true,unclassified,1780392241906
5441,node_01,1780392242,data_collection,cooking_fume,exposure,,false,false,,rule_fallback_v0,2935,4095,2509,3139,35,62,71,27.7,63.6,true,unclassified,1780392242933
5442,node_01,1780392243,data_collection,cooking_fume,exposure,,false,false,,rule_fallback_v0,2935,4095,2508,3139,35,62,72,27.7,63.6,true,unclassified,1780392243954
5443,node_01,1780392244,data_collection,cooking_fume,exposure,,false,false,,rule_fallback_v0,2932,4095,2509,3139,35,64,72,27.7,63.6,true,unclassified,1780392245134
5444,node_01,1780392245,data_collection,cooking_fume,exposure,,false,false,,rule_fallback_v0,2931,4095,2508,3139,36,64,72,27.7,63.6,true,unclassified,1780392246106
5445,node_01,1780392246,data_collection,cooking_fume,exposure,,false,false,,rule_fallback_v0,2928,4095,2508,3139,36,65,73,27.7,63.6,true,unclassified,1780392247077
5446,node_01,1780392247,data_collection,cooking_fume,exposure,,false,false,,rule_fallback_v0,2937,4095,2507,3139,36,66,73,27.7,63.6,true,unclassified,1780392248155
5447,node_01,1780392248,data_collection,cooking_fume,exposure,,false,false,,rule_fallback_v0,2927,4095,2509,3139,38,66,73,27.7,63.5,true,unclassified,1780392249167
5448,node_01,1780392249,data_collection,cooking_fume,exposure,,false,false,,rule_fallback_v0,2934,4095,2509,3139,38,67,74,27.7,63.5,true,unclassified,1780392250215
5449,node_01,1780392250,data_collection,cooking_fume,exposure,,false,false,,rule_fallback_v0,2930,4095,2508,3139,38,68,75,27.7,63.5,true,unclassified,1780392251262
5450,node_01,1780392251,data_collection,cooking_fume,exposure,,false,false,,rule_fallback_v0,2927,4095,2509,3139,38,67,74,27.7,63.4,true,unclassified,1780392252304
5451,node_01,1780392252,data_collection,cooking_fume,exposure,,false,false,,rule_fallback_v0,2931,4095,2509,3139,38,68,74,27.7,63.4,true,unclassified,1780392253376
5452,node_01,1780392253,data_collection,cooking_fume,exposure,,false,false,,rule_fallback_v0,2936,4095,2508,3139,39,69,75,27.7,63.4,true,unclassified,1780392254501
5453,node_01,1780392254,data_collection,cooking_fume,exposure,,false,false,,rule_fallback_v0,2930,4095,2509,3139,40,70,76,27.7,63.4,true,unclassified,1780392255526
5454,node_01,1780392255,data_collection,cooking_fume,exposure,,false,false,,rule_fallback_v0,2939,4095,2506,3139,40,70,77,27.7,63.4,true,unclassified,1780392256488
5455,node_01,1780392256,data_collection,cooking_fume,exposure,,false,false,,rule_fallback_v0,2929,4095,2507,3139,40,71,77,27.7,63.4,true,unclassified,1780392257573
5456,node_01,1780392257,data_collection,cooking_fume,exposure,,false,false,,rule_fallback_v0,2934,4095,2509,3139,40,71,76,27.7,63.4,true,unclassified,1780392258576
5457,node_01,1780392258,data_collection,cooking_fume,exposure,,false,false,,rule_fallback_v0,2929,4095,2506,3139,40,71,77,27.7,63.4,true,unclassified,1780392259724
5458,node_01,1780392259,data_collection,cooking_fume,exposure,,false,false,,rule_fallback_v0,2936,4095,2509,3139,40,72,77,27.7,63.4,true,unclassified,1780392260748
5459,node_01,1780392260,data_collection,cooking_fume,exposure,,false,false,,rule_fallback_v0,2933,4095,2507,3139,42,73,78,27.7,63.5,true,unclassified,1780392261772
5460,node_01,1780392262,data_collection,cooking_fume,exposure,,false,false,,rule_fallback_v0,2932,4095,2508,3139,42,74,78,27.7,63.5,true,unclassified,1780392262753
5461,node_01,1780392263,data_collection,cooking_fume,exposure,,false,false,,rule_fallback_v0,2933,4095,2510,3139,42,74,79,27.7,63.5,true,unclassified,1780392263820
5462,node_01,1780392264,data_collection,cooking_fume,exposure,,false,false,,rule_fallback_v0,2930,4095,2508,3139,42,74,79,27.7,63.7,true,unclassified,1780392264946
5463,node_01,1780392265,data_collection,cooking_fume,exposure,,false,false,,rule_fallback_v0,2931,4095,2507,3139,42,75,79,27.7,63.7,true,unclassified,1780392265969
5464,node_01,1780392266,data_collection,cooking_fume,exposure,,false,false,,rule_fallback_v0,2928,4095,2508,3139,43,75,79,27.7,63.7,true,unclassified,1780392266994
5465,node_01,1780392267,data_collection,cooking_fume,exposure,,false,false,,rule_fallback_v0,2931,4095,2509,3139,43,76,80,27.8,63.8,true,unclassified,1780392267979
5466,node_01,1780392268,data_collection,cooking_fume,exposure,,false,false,,rule_fallback_v0,2934,4095,2508,3139,43,76,80,27.8,63.8,true,unclassified,1780392269042
5467,node_01,1780392269,data_collection,cooking_fume,exposure,,false,false,,rule_fallback_v0,2930,4095,2507,3139,43,76,80,27.8,63.8,true,unclassified,1780392270169
5468,node_01,1780392270,data_collection,cooking_fume,exposure,,false,false,,rule_fallback_v0,2938,4095,2509,3139,44,76,81,27.8,63.8,true,unclassified,1780392271114
5469,node_01,1780392271,data_collection,cooking_fume,exposure,,false,false,,rule_fallback_v0,2931,4095,2511,3139,44,76,81,27.8,63.8,true,unclassified,1780392272164
5470,node_01,1780392272,data_collection,cooking_fume,exposure,,false,false,,rule_fallback_v0,2934,4095,2507,3139,43,75,80,27.8,63.8,true,unclassified,1780392273207
5471,node_01,1780392273,data_collection,cooking_fume,exposure,,false,false,,rule_fallback_v0,2930,4095,2509,3139,43,75,80,27.7,63.5,true,unclassified,1780392274250
5472,node_01,1780392274,data_collection,cooking_fume,exposure,,false,false,,rule_fallback_v0,2938,4095,2507,3139,43,75,81,27.7,63.5,true,unclassified,1780392275393
5473,node_01,1780392275,data_collection,cooking_fume,exposure,,false,false,,rule_fallback_v0,2932,4095,2510,3139,44,77,83,27.7,63.5,true,unclassified,1780392276346
5474,node_01,1780392276,data_collection,cooking_fume,exposure,,false,false,,rule_fallback_v0,2931,4095,2509,3139,44,78,83,27.8,63.5,true,unclassified,1780392277422
5475,node_01,1780392277,data_collection,cooking_fume,exposure,,false,false,,rule_fallback_v0,2928,4095,2510,3139,44,78,84,27.8,63.5,true,unclassified,1780392278464
5476,node_01,1780392278,data_collection,cooking_fume,exposure,,false,false,,rule_fallback_v0,2935,4095,2508,3139,44,78,84,27.8,63.5,true,unclassified,1780392279487
5477,node_01,1780392279,data_collection,cooking_fume,exposure,,false,false,,rule_fallback_v0,2929,4095,2507,3139,44,78,84,27.7,63.3,true,unclassified,1780392280525
5478,node_01,1780392280,data_collection,cooking_fume,exposure,,false,false,,rule_fallback_v0,2927,4095,2506,3139,44,78,84,27.7,63.3,true,unclassified,1780392281566
5479,node_01,1780392281,data_collection,cooking_fume,exposure,,false,false,,rule_fallback_v0,2933,4095,2510,3139,43,76,82,27.7,63.3,true,unclassified,1780392282661
5480,node_01,1780392282,data_collection,cooking_fume,exposure,,false,false,,rule_fallback_v0,2938,4095,2509,3139,43,76,82,27.8,63.3,true,unclassified,1780392283683
5481,node_01,1780392283,data_collection,cooking_fume,exposure,,false,false,,rule_fallback_v0,2931,4095,2508,3139,43,76,82,27.8,63.3,true,unclassified,1780392284701
5482,node_01,1780392284,data_collection,cooking_fume,exposure,,false,false,,rule_fallback_v0,2941,4095,2507,3139,42,77,83,27.8,63.3,true,unclassified,1780392285836
5483,node_01,1780392286,data_collection,cooking_fume,exposure,,false,false,,rule_fallback_v0,2930,4095,2508,3139,42,77,83,27.8,63,true,unclassified,1780392286789
5484,node_01,1780392287,data_collection,cooking_fume,exposure,,false,false,,rule_fallback_v0,2933,4095,2507,3139,42,77,83,27.8,63,true,unclassified,1780392287884
5485,node_01,1780392288,data_collection,cooking_fume,exposure,,false,false,,rule_fallback_v0,2930,4095,2508,3139,43,78,84,27.8,63,true,unclassified,1780392288890
5486,node_01,1780392289,data_collection,cooking_fume,exposure,,false,false,,rule_fallback_v0,2939,4095,2509,3139,42,78,83,27.7,63.1,true,unclassified,1780392289932
5487,node_01,1780392290,data_collection,cooking_fume,exposure,,false,false,,rule_fallback_v0,2931,4095,2507,3139,41,77,82,27.7,63.1,true,unclassified,1780392290973
5488,node_01,1780392291,data_collection,cooking_fume,exposure,,false,false,,rule_fallback_v0,2935,4095,2508,3139,41,77,82,27.7,63.1,true,unclassified,1780392292030
5489,node_01,1780392292,data_collection,cooking_fume,exposure,,false,false,,rule_fallback_v0,2927,4095,2508,3139,41,77,82,27.8,63,true,unclassified,1780392293107
5490,node_01,1780392293,data_collection,cooking_fume,exposure,,false,false,,rule_fallback_v0,2932,4095,2507,3139,42,78,83,27.8,63,true,unclassified,1780392294131
5491,node_01,1780392294,data_collection,cooking_fume,exposure,,false,false,,rule_fallback_v0,2931,4095,2508,3139,42,78,84,27.8,63,true,unclassified,1780392295230
5492,node_01,1780392295,data_collection,cooking_fume,exposure,,false,false,,rule_fallback_v0,2937,4095,2506,3139,42,79,84,27.8,63,true,unclassified,1780392296226
5493,node_01,1780392296,data_collection,cooking_fume,exposure,,false,false,,rule_fallback_v0,2929,4095,2508,3139,42,79,84,27.8,63,true,unclassified,1780392297305
5494,node_01,1780392297,data_collection,cooking_fume,exposure,,false,false,,rule_fallback_v0,2938,4095,2506,3139,43,79,84,27.8,63,true,unclassified,1780392298331
5495,node_01,1780392298,data_collection,cooking_fume,exposure,,false,false,,rule_fallback_v0,2932,4095,2509,3139,43,79,85,27.8,63,true,unclassified,1780392299353
5496,node_01,1780392299,data_collection,cooking_fume,exposure,,false,false,,rule_fallback_v0,2934,4095,2508,3139,42,79,84,27.8,63,true,unclassified,1780392300479
5497,node_01,1780392300,data_collection,cooking_fume,exposure,,false,false,,rule_fallback_v0,2933,4095,2509,3139,43,79,84,27.8,63,true,unclassified,1780392301430
5498,node_01,1780392301,data_collection,cooking_fume,exposure,,false,false,,rule_fallback_v0,2932,4095,2508,3139,43,79,84,27.8,63.1,true,unclassified,1780392302530
5499,node_01,1780392302,data_collection,cooking_fume,exposure,,false,false,,rule_fallback_v0,2930,4095,2509,3139,44,80,85,27.8,63.1,true,unclassified,1780392303551
5500,node_01,1780392303,data_collection,cooking_fume,exposure,,false,false,,rule_fallback_v0,2938,4095,2506,3139,44,79,84,27.8,63.1,true,unclassified,1780392304554
5501,node_01,1780392304,data_collection,cooking_fume,exposure,,false,false,,rule_fallback_v0,2928,4095,2511,3139,44,79,84,27.8,63,true,unclassified,1780392305701
5502,node_01,1780392305,data_collection,cooking_fume,exposure,,false,false,,rule_fallback_v0,2936,4095,2509,3139,43,78,83,27.8,63,true,unclassified,1780392306728
5503,node_01,1780392306,data_collection,cooking_fume,exposure,,false,false,,rule_fallback_v0,2932,4095,2508,3139,42,78,83,27.8,63,true,unclassified,1780392307690
5504,node_01,1780392307,data_collection,cooking_fume,exposure,,false,false,,rule_fallback_v0,2937,4095,2509,3139,42,78,83,27.8,63.1,true,unclassified,1780392308773
5505,node_01,1780392309,data_collection,cooking_fume,exposure,,false,false,,rule_fallback_v0,2933,4095,2509,3139,42,78,83,27.8,63.1,true,unclassified,1780392309797
5506,node_01,1780392310,data_collection,cooking_fume,exposure,,false,false,,rule_fallback_v0,2938,4095,2507,3139,42,77,83,27.8,63.1,true,unclassified,1780392310825
5507,node_01,1780392311,data_collection,cooking_fume,exposure,,false,false,,rule_fallback_v0,2933,4095,2510,3139,43,78,84,27.8,63.1,true,unclassified,1780392311882
5508,node_01,1780392312,data_collection,cooking_fume,exposure,,false,false,,rule_fallback_v0,2938,4095,2507,3139,42,78,84,27.8,63.1,true,unclassified,1780392312972
5509,node_01,1780392313,data_collection,cooking_fume,exposure,,false,false,,rule_fallback_v0,2931,4095,2509,3139,42,79,84,27.8,63.1,true,unclassified,1780392313997
5510,node_01,1780392314,data_collection,cooking_fume,exposure,,false,false,,rule_fallback_v0,2939,4095,2509,3139,42,79,84,27.8,62.9,true,unclassified,1780392315003
5511,node_01,1780392315,data_collection,cooking_fume,exposure,,false,false,,rule_fallback_v0,2929,4095,2509,3139,42,79,84,27.8,62.9,true,unclassified,1780392316146
5512,node_01,1780392316,data_collection,cooking_fume,exposure,,false,false,,rule_fallback_v0,2941,4095,2507,3139,42,78,84,27.8,62.9,true,unclassified,1780392317095
5513,node_01,1780392317,data_collection,cooking_fume,exposure,,false,false,,rule_fallback_v0,2930,4095,2507,3139,42,78,84,27.8,62.9,true,unclassified,1780392318194
5514,node_01,1780392318,data_collection,cooking_fume,exposure,,false,false,,rule_fallback_v0,2935,4095,2507,3139,42,78,83,27.8,62.9,true,unclassified,1780392319218
5515,node_01,1780392319,data_collection,cooking_fume,exposure,,false,false,,rule_fallback_v0,2932,4095,2508,3139,42,78,83,27.8,62.9,true,unclassified,1780392320237
5516,node_01,1780392320,data_collection,cooking_fume,exposure,,false,false,,rule_fallback_v0,2932,4095,2508,3139,41,77,82,27.8,62.9,true,unclassified,1780392321274
5517,node_01,1780392321,data_collection,cooking_fume,exposure,,false,false,,rule_fallback_v0,2932,4095,2507,3139,41,76,81,27.8,62.9,true,unclassified,1780392322325
5518,node_01,1780392322,data_collection,cooking_fume,exposure,,false,false,,rule_fallback_v0,2937,4095,2509,3139,40,76,80,27.8,62.9,true,unclassified,1780392323416
5519,node_01,1780392323,data_collection,cooking_fume,exposure,,false,false,,rule_fallback_v0,2929,4095,2509,3139,41,76,80,27.8,62.9,true,unclassified,1780392324441
5520,node_01,1780392324,data_collection,cooking_fume,exposure,,false,false,,rule_fallback_v0,2929,4095,2507,3139,41,76,80,27.8,62.9,true,unclassified,1780392325460
5521,node_01,1780392325,data_collection,cooking_fume,exposure,,false,false,,rule_fallback_v0,2926,4095,2508,3139,41,75,79,27.8,62.9,true,unclassified,1780392326499
5522,node_01,1780392326,data_collection,cooking_fume,exposure,,false,false,,rule_fallback_v0,2937,4095,2508,3139,41,75,79,27.8,62.8,true,unclassified,1780392327548
5523,node_01,1780392327,data_collection,cooking_fume,exposure,,false,false,,rule_fallback_v0,2929,4095,2507,3139,41,74,79,27.8,62.8,true,unclassified,1780392328646
5524,node_01,1780392328,data_collection,cooking_fume,exposure,,false,false,,rule_fallback_v0,2935,4095,2507,3139,41,74,79,27.8,62.8,true,unclassified,1780392329637
5525,node_01,1780392329,data_collection,cooking_fume,exposure,,false,false,,rule_fallback_v0,2930,4095,2506,3139,40,73,78,27.8,62.8,true,unclassified,1780392330683
5526,node_01,1780392330,data_collection,cooking_fume,exposure,,false,false,,rule_fallback_v0,2928,4095,2507,3139,40,73,78,27.8,62.8,true,unclassified,1780392331727
5527,node_01,1780392332,data_collection,cooking_fume,exposure,,false,false,,rule_fallback_v0,2931,4095,2507,3139,41,74,79,27.8,62.8,true,unclassified,1780392332839
5528,node_01,1780392333,data_collection,cooking_fume,exposure,,false,false,,rule_fallback_v0,2936,4095,2510,3139,41,74,79,27.8,62.9,true,unclassified,1780392333861
5529,node_01,1780392334,data_collection,cooking_fume,exposure,,false,false,,rule_fallback_v0,2929,4095,2508,3139,41,73,79,27.8,62.9,true,unclassified,1780392334891
5530,node_01,1780392335,data_collection,cooking_fume,exposure,,false,false,,rule_fallback_v0,2931,4095,2508,3139,40,72,78,27.8,62.9,true,unclassified,1780392335911
5531,node_01,1780392336,data_collection,cooking_fume,exposure,,false,false,,rule_fallback_v0,2929,4095,2507,3139,40,72,78,27.8,62.9,true,unclassified,1780392336955
5532,node_01,1780392337,data_collection,cooking_fume,exposure,,false,false,,rule_fallback_v0,2931,4095,2509,3139,41,72,78,27.8,62.9,true,unclassified,1780392338063
5533,node_01,1780392338,data_collection,cooking_fume,exposure,,false,false,,rule_fallback_v0,2929,4095,2507,3139,41,72,78,27.8,62.9,true,unclassified,1780392339084
5534,node_01,1780392339,data_collection,cooking_fume,exposure,,false,false,,rule_fallback_v0,2938,4095,2508,3139,41,72,78,27.8,62.7,true,unclassified,1780392340107
5535,node_01,1780392340,data_collection,cooking_fume,exposure,,false,false,,rule_fallback_v0,2935,4095,2506,3139,40,72,77,27.8,62.7,true,unclassified,1780392341133
5536,node_01,1780392341,data_collection,cooking_fume,exposure,,false,false,,rule_fallback_v0,2928,4095,2507,3139,41,73,78,27.8,62.7,true,unclassified,1780392342176
5537,node_01,1780392342,data_collection,cooking_fume,exposure,,false,false,,rule_fallback_v0,2931,4095,2506,3139,41,73,78,27.8,62.9,true,unclassified,1780392343283
5538,node_01,1780392343,data_collection,cooking_fume,exposure,,false,false,,rule_fallback_v0,2928,4095,2507,3139,41,72,78,27.8,62.9,true,unclassified,1780392344309
5539,node_01,1780392344,data_collection,cooking_fume,exposure,,false,false,,rule_fallback_v0,2932,4095,2509,3139,40,72,79,27.8,62.9,true,unclassified,1780392345334
5540,node_01,1780392345,data_collection,cooking_fume,exposure,,false,false,,rule_fallback_v0,2937,4095,2510,3139,40,72,79,27.8,62.8,true,unclassified,1780392346436
5541,node_01,1780392346,data_collection,cooking_fume,exposure,,false,false,,rule_fallback_v0,2926,4095,2508,3139,40,71,79,27.8,62.8,true,unclassified,1780392347399
5542,node_01,1780392347,data_collection,cooking_fume,exposure,,false,false,,rule_fallback_v0,2942,4095,2506,3139,39,70,76,27.8,62.8,true,unclassified,1780392348443
5543,node_01,1780392348,data_collection,cooking_fume,exposure,,false,false,,rule_fallback_v0,2930,4095,2508,3139,39,69,76,27.9,62.9,true,unclassified,1780392349489
5544,node_01,1780392349,data_collection,cooking_fume,exposure,,false,false,,rule_fallback_v0,2934,4095,2506,3139,39,69,76,27.9,62.9,true,unclassified,1780392350539
5545,node_01,1780392350,data_collection,cooking_fume,exposure,,false,false,,rule_fallback_v0,2931,4095,2507,3139,40,70,77,27.9,62.9,true,unclassified,1780392351684
5546,node_01,1780392351,data_collection,cooking_fume,exposure,,false,false,,rule_fallback_v0,2931,4095,2507,3139,40,70,77,27.8,62.9,true,unclassified,1780392352704
5547,node_01,1780392352,data_collection,cooking_fume,exposure,,false,false,,rule_fallback_v0,2931,4095,2508,3139,39,69,76,27.8,62.9,true,unclassified,1780392353728
5548,node_01,1780392353,data_collection,cooking_fume,exposure,,false,false,,rule_fallback_v0,2934,4095,2507,3139,39,69,76,27.8,62.9,true,unclassified,1780392354855
5549,node_01,1780392355,data_collection,cooking_fume,exposure,,false,false,,rule_fallback_v0,2926,4095,2507,3139,39,69,76,27.9,62.9,true,unclassified,1780392355759
5550,node_01,1780392356,data_collection,cooking_fume,exposure,,false,false,,rule_fallback_v0,2938,4095,2508,3139,39,69,76,27.9,62.9,true,unclassified,1780392356903
5551,node_01,1780392357,data_collection,cooking_fume,exposure,,false,false,,rule_fallback_v0,2925,4095,2507,3139,39,69,76,27.9,62.9,true,unclassified,1780392357926
5552,node_01,1780392358,data_collection,cooking_fume,exposure,,false,false,,rule_fallback_v0,2934,4095,2508,3139,39,69,76,27.8,62.9,true,unclassified,1780392358892
5553,node_01,1780392359,data_collection,cooking_fume,exposure,,false,false,,rule_fallback_v0,2933,4095,2510,3139,40,70,77,27.8,62.9,true,unclassified,1780392359975
5554,node_01,1780392360,data_collection,cooking_fume,exposure,,false,false,,rule_fallback_v0,2928,4095,2509,3139,40,70,78,27.8,62.9,true,unclassified,1780392360996
5555,node_01,1780392361,data_collection,cooking_fume,exposure,,false,false,,rule_fallback_v0,2931,4095,2507,3139,40,70,78,27.8,63,true,unclassified,1780392362027
5556,node_01,1780392362,data_collection,cooking_fume,exposure,,false,false,,rule_fallback_v0,2931,4095,2508,3139,39,69,76,27.8,63,true,unclassified,1780392363072
5557,node_01,1780392363,data_collection,cooking_fume,exposure,,false,false,,rule_fallback_v0,2929,4095,2510,3139,39,68,76,27.8,63,true,unclassified,1780392364117
5558,node_01,1780392364,data_collection,cooking_fume,exposure,,false,false,,rule_fallback_v0,2940,4095,2508,3139,39,68,76,27.9,62.9,true,unclassified,1780392365165
5559,node_01,1780392365,data_collection,cooking_fume,exposure,,false,false,,rule_fallback_v0,2926,4095,2508,3139,38,67,76,27.9,62.9,true,unclassified,1780392366209
5560,node_01,1780392366,data_collection,cooking_fume,exposure,,false,false,,rule_fallback_v0,2934,4095,2506,3139,38,67,76,27.9,62.9,true,unclassified,1780392367263
5561,node_01,1780392367,data_collection,cooking_fume,exposure,,false,false,,rule_fallback_v0,2929,4095,2508,3139,38,67,75,27.8,62.9,true,unclassified,1780392368370
5562,node_01,1780392368,data_collection,cooking_fume,exposure,,false,false,,rule_fallback_v0,2926,4095,2509,3139,37,67,75,27.8,62.9,true,unclassified,1780392369344
5563,node_01,1780392369,data_collection,cooking_fume,exposure,,false,false,,rule_fallback_v0,2932,4095,2507,3139,37,66,74,27.8,62.9,true,unclassified,1780392370418
5564,node_01,1780392370,data_collection,cooking_fume,exposure,,false,false,,rule_fallback_v0,2934,4095,2507,3139,37,66,74,27.9,62.9,true,unclassified,1780392371544
5565,node_01,1780392371,data_collection,cooking_fume,exposure,,false,false,,rule_fallback_v0,2931,4095,2508,3139,38,66,75,27.9,62.9,true,unclassified,1780392372476
5566,node_01,1780392372,data_collection,cooking_fume,exposure,,false,false,,rule_fallback_v0,2927,4095,2508,3139,38,66,75,27.9,62.9,true,unclassified,1780392373525
5567,node_01,1780392373,data_collection,cooking_fume,exposure,,false,false,,rule_fallback_v0,2927,4095,2507,3139,38,66,75,27.8,62.7,true,unclassified,1780392374566
5568,node_01,1780392374,data_collection,cooking_fume,exposure,,false,false,,rule_fallback_v0,2934,4095,2506,3139,38,66,75,27.8,62.7,true,unclassified,1780392375642
5569,node_01,1780392375,data_collection,cooking_fume,exposure,,false,false,,rule_fallback_v0,2931,4095,2509,3139,38,66,75,27.8,62.7,true,unclassified,1780392376770
5570,node_01,1780392376,data_collection,cooking_fume,exposure,,false,false,,rule_fallback_v0,2928,4095,2507,3139,38,66,75,27.9,62.9,true,unclassified,1780392377701
5571,node_01,1780392378,data_collection,cooking_fume,exposure,,false,false,,rule_fallback_v0,2933,4095,2507,3139,38,66,75,27.9,62.9,true,unclassified,1780392378820
5572,node_01,1780392379,data_collection,cooking_fume,exposure,,false,false,,rule_fallback_v0,2928,4095,2507,3139,38,66,75,27.9,62.9,true,unclassified,1780392379839
5573,node_01,1780392380,data_collection,cooking_fume,exposure,,false,false,,rule_fallback_v0,2926,4095,2508,3139,38,67,75,27.9,62.8,true,unclassified,1780392380863
5574,node_01,1780392381,data_collection,cooking_fume,exposure,,false,false,,rule_fallback_v0,2937,4095,2508,3139,38,67,75,27.9,62.8,true,unclassified,1780392381991
5575,node_01,1780392382,data_collection,cooking_fume,exposure,,false,false,,rule_fallback_v0,2928,4095,2508,3139,38,67,75,27.9,62.8,true,unclassified,1780392382926
5576,node_01,1780392383,data_collection,cooking_fume,exposure,,false,false,,rule_fallback_v0,2935,4095,2509,3139,38,67,75,27.9,62.9,true,unclassified,1780392384038
5577,node_01,1780392384,data_collection,cooking_fume,exposure,,false,false,,rule_fallback_v0,2929,4095,2508,3139,38,67,74,27.9,62.9,true,unclassified,1780392385066
5578,node_01,1780392385,data_collection,cooking_fume,exposure,,false,false,,rule_fallback_v0,2935,4095,2506,3139,38,67,75,27.9,62.9,true,unclassified,1780392386088
5579,node_01,1780392386,data_collection,cooking_fume,exposure,,false,false,,rule_fallback_v0,2932,4095,2508,3139,37,66,74,27.9,62.6,true,unclassified,1780392387212
5580,node_01,1780392387,data_collection,cooking_fume,exposure,,false,false,,rule_fallback_v0,2937,4095,2507,3139,37,66,74,27.9,62.6,true,unclassified,1780392388235
5581,node_01,1780392388,data_collection,cooking_fume,exposure,,false,false,,rule_fallback_v0,2933,4095,2506,3139,37,66,74,27.9,62.6,true,unclassified,1780392389199
5582,node_01,1780392389,data_collection,cooking_fume,exposure,,false,false,,rule_fallback_v0,2935,4095,2506,3139,38,67,74,27.8,62.8,true,unclassified,1780392390244
5583,node_01,1780392390,data_collection,cooking_fume,exposure,,false,false,,rule_fallback_v0,2931,4095,2507,3139,38,66,74,27.8,62.8,true,unclassified,1780392391297
5584,node_01,1780392391,data_collection,cooking_fume,exposure,,false,false,,rule_fallback_v0,2939,4095,2510,3139,38,66,74,27.8,62.8,true,unclassified,1780392392333
5585,node_01,1780392392,data_collection,cooking_fume,exposure,,false,false,,rule_fallback_v0,2928,4095,2507,3139,38,66,74,27.9,62.7,true,unclassified,1780392393376
5586,node_01,1780392393,data_collection,cooking_fume,exposure,,false,false,,rule_fallback_v0,2933,4095,2508,3139,38,66,75,27.9,62.7,true,unclassified,1780392394424
5587,node_01,1780392394,data_collection,cooking_fume,exposure,,false,false,,rule_fallback_v0,2931,4095,2508,3139,37,65,74,27.9,62.7,true,unclassified,1780392395506
5588,node_01,1780392395,data_collection,cooking_fume,exposure,,false,false,,rule_fallback_v0,2940,4095,2511,3139,37,65,74,27.9,62.7,true,unclassified,1780392396512
5589,node_01,1780392396,data_collection,cooking_fume,exposure,,false,false,,rule_fallback_v0,2932,4095,2509,3139,37,65,74,27.9,62.7,true,unclassified,1780392397658
5590,node_01,1780392397,data_collection,cooking_fume,exposure,,false,false,,rule_fallback_v0,2934,4095,2506,3139,38,66,75,27.9,62.7,true,unclassified,1780392398601
5591,node_01,1780392398,data_collection,cooking_fume,exposure,,false,false,,rule_fallback_v0,2927,4095,2508,3139,38,66,75,27.9,63,true,unclassified,1780392399807
5592,node_01,1780392399,data_collection,cooking_fume,exposure,,false,false,,rule_fallback_v0,2925,4095,2507,3139,38,66,75,27.9,63,true,unclassified,1780392400734
5593,node_01,1780392400,data_collection,cooking_fume,exposure,,false,false,,rule_fallback_v0,2927,4095,2506,3139,37,65,74,27.9,63,true,unclassified,1780392401736
5594,node_01,1780392402,data_collection,cooking_fume,exposure,,false,false,,rule_fallback_v0,2931,4095,2506,3139,37,65,74,27.9,63.1,true,unclassified,1780392402783
5595,node_01,1780392403,data_collection,cooking_fume,exposure,,false,false,,rule_fallback_v0,2930,4095,2507,3139,37,65,74,27.9,63.1,true,unclassified,1780392403824
5596,node_01,1780392404,data_collection,cooking_fume,exposure,,false,false,,rule_fallback_v0,2931,4095,2505,3139,38,66,75,27.9,63.1,true,unclassified,1780392404892
5597,node_01,1780392405,data_collection,cooking_fume,exposure,,false,false,,rule_fallback_v0,2926,4095,2509,3139,38,66,75,27.9,63.1,true,unclassified,1780392406013
5598,node_01,1780392406,data_collection,cooking_fume,exposure,,false,false,,rule_fallback_v0,2930,4095,2506,3139,38,66,75,27.9,63.1,true,unclassified,1780392406979
5599,node_01,1780392407,data_collection,cooking_fume,exposure,,false,false,,rule_fallback_v0,2931,4095,2507,3139,38,66,75,27.9,63.1,true,unclassified,1780392408005
5600,node_01,1780392408,data_collection,cooking_fume,exposure,,false,false,,rule_fallback_v0,2932,4095,2507,3139,38,66,75,27.9,63.2,true,unclassified,1780392409130
5601,node_01,1780392409,data_collection,cooking_fume,exposure,,false,false,,rule_fallback_v0,2931,4095,2510,3139,38,66,75,27.9,63.2,true,unclassified,1780392410152
5602,node_01,1780392410,data_collection,cooking_fume,exposure,,false,false,,rule_fallback_v0,2936,4095,2506,3139,35,65,74,27.9,63.2,true,unclassified,1780392411140
5603,node_01,1780392411,data_collection,cooking_fume,exposure,,false,false,,rule_fallback_v0,2931,4095,2506,3139,35,65,74,27.9,63.1,true,unclassified,1780392412199
5604,node_01,1780392412,data_collection,cooking_fume,exposure,,false,false,,rule_fallback_v0,2941,4095,2507,3139,35,64,74,27.9,63.1,true,unclassified,1780392413235
5605,node_01,1780392413,data_collection,cooking_fume,exposure,,false,false,,rule_fallback_v0,2930,4095,2509,3139,35,64,74,27.9,63.1,true,unclassified,1780392414347
5606,node_01,1780392414,data_collection,cooking_fume,exposure,,false,false,,rule_fallback_v0,2938,4095,2509,3139,35,64,74,27.9,63.1,true,unclassified,1780392415483
5607,node_01,1780392415,data_collection,cooking_fume,exposure,,false,false,,rule_fallback_v0,2931,4095,2508,3139,35,63,73,27.9,63.1,true,unclassified,1780392416394
5608,node_01,1780392416,data_collection,cooking_fume,exposure,,false,false,,rule_fallback_v0,2931,4095,2508,3139,35,63,73,27.9,63.1,true,unclassified,1780392417419
5609,node_01,1780392417,data_collection,cooking_fume,exposure,,false,false,,rule_fallback_v0,2932,4095,2509,3139,35,63,73,27.9,63.2,true,unclassified,1780392418455
5610,node_01,1780392418,data_collection,cooking_fume,exposure,,false,false,,rule_fallback_v0,2933,4095,2506,3139,35,64,74,27.9,63.2,true,unclassified,1780392419571
5611,node_01,1780392419,data_collection,cooking_fume,exposure,,false,false,,rule_fallback_v0,2930,4095,2507,3139,35,64,74,27.9,63.2,true,unclassified,1780392420594
5612,node_01,1780392420,data_collection,cooking_fume,exposure,,false,false,,rule_fallback_v0,2943,4095,2510,3139,35,62,74,27.9,63,true,unclassified,1780392421590
5613,node_01,1780392421,data_collection,cooking_fume,exposure,,false,false,,rule_fallback_v0,2925,4095,2507,3139,35,62,73,27.9,63,true,unclassified,1780392422744
5614,node_01,1780392422,data_collection,cooking_fume,exposure,,false,false,,rule_fallback_v0,2934,4095,2506,3139,35,62,73,27.9,63,true,unclassified,1780392423680
5615,node_01,1780392423,data_collection,cooking_fume,exposure,,false,false,,rule_fallback_v0,2929,4095,2508,3139,35,62,73,27.9,62.9,true,unclassified,1780392424794
5616,node_01,1780392425,data_collection,cooking_fume,exposure,,false,false,,rule_fallback_v0,2930,4095,2505,3139,35,62,73,27.9,62.9,true,unclassified,1780392425777
5617,node_01,1780392426,data_collection,cooking_fume,exposure,,false,false,,rule_fallback_v0,2933,4095,2508,3139,35,62,73,27.9,62.9,true,unclassified,1780392426814
5618,node_01,1780392427,data_collection,cooking_fume,exposure,,false,false,,rule_fallback_v0,2929,4095,2506,3139,35,62,73,27.9,62.8,true,unclassified,1780392427969
5619,node_01,1780392428,data_collection,cooking_fume,exposure,,false,false,,rule_fallback_v0,2933,4095,2507,3139,35,61,73,27.9,62.8,true,unclassified,1780392428990
5620,node_01,1780392429,data_collection,cooking_fume,exposure,,false,false,,rule_fallback_v0,2931,4095,2510,3139,35,61,73,27.9,62.8,true,unclassified,1780392430014
5621,node_01,1780392430,data_collection,cooking_fume,exposure,,false,false,,rule_fallback_v0,2927,4095,2509,3139,35,61,72,27.9,62.8,true,unclassified,1780392431039
5622,node_01,1780392431,data_collection,cooking_fume,exposure,,false,false,,rule_fallback_v0,2938,4095,2507,3139,35,61,72,27.9,62.8,true,unclassified,1780392432062
5623,node_01,1780392432,data_collection,cooking_fume,exposure,,false,false,,rule_fallback_v0,2925,4095,2510,3139,35,61,72,27.9,62.8,true,unclassified,1780392433189
5624,node_01,1780392433,data_collection,cooking_fume,exposure,,false,false,,rule_fallback_v0,2933,4095,2507,3139,35,60,72,27.9,62.8,true,unclassified,1780392434213
5625,node_01,1780392434,data_collection,cooking_fume,exposure,,false,false,,rule_fallback_v0,2928,4095,2507,3139,35,60,72,27.9,62.8,true,unclassified,1780392435237
5626,node_01,1780392435,data_collection,cooking_fume,exposure,,false,false,,rule_fallback_v0,2926,4095,2507,3139,35,60,72,27.9,62.8,true,unclassified,1780392436261
5627,node_01,1780392436,data_collection,cooking_fume,exposure,,false,false,,rule_fallback_v0,2930,4095,2508,3139,34,59,71,27.9,62.8,true,unclassified,1780392437280
5628,node_01,1780392437,data_collection,cooking_fume,exposure,,false,false,,rule_fallback_v0,2929,4095,2508,3139,33,59,71,27.9,62.8,true,unclassified,1780392438411
5629,node_01,1780392438,data_collection,cooking_fume,exposure,,false,false,,rule_fallback_v0,2934,4095,2507,3139,33,59,71,27.9,62.8,true,unclassified,1780392439356
5630,node_01,1780392439,data_collection,cooking_fume,exposure,,false,false,,rule_fallback_v0,2932,4095,2508,3139,33,59,71,27.9,62.9,true,unclassified,1780392440458
5631,node_01,1780392440,data_collection,cooking_fume,exposure,,false,false,,rule_fallback_v0,2933,4095,2507,3139,33,59,71,27.9,62.9,true,unclassified,1780392441445
5632,node_01,1780392441,data_collection,cooking_fume,exposure,,false,false,,rule_fallback_v0,2929,4095,2506,3139,33,58,70,27.9,62.9,true,unclassified,1780392442506
5633,node_01,1780392442,data_collection,cooking_fume,exposure,,false,false,,rule_fallback_v0,2929,4095,2509,3139,34,59,71,27.9,62.8,true,unclassified,1780392443602
5634,node_01,1780392443,data_collection,cooking_fume,exposure,,false,false,,rule_fallback_v0,2940,4095,2506,3139,34,59,70,27.9,62.8,true,unclassified,1780392444658
5635,node_01,1780392444,data_collection,cooking_fume,exposure,,false,false,,rule_fallback_v0,2930,4095,2508,3139,34,58,70,27.9,62.8,true,unclassified,1780392445681
5636,node_01,1780392445,data_collection,cooking_fume,exposure,,false,false,,rule_fallback_v0,2942,4095,2508,3139,34,58,70,27.9,62.7,true,unclassified,1780392446705
5637,node_01,1780392446,data_collection,cooking_fume,exposure,,false,false,,rule_fallback_v0,2928,4095,2507,3139,34,58,70,27.9,62.7,true,unclassified,1780392447717
5638,node_01,1780392448,data_collection,cooking_fume,exposure,,false,false,,rule_fallback_v0,2929,4095,2507,3139,34,58,70,27.9,62.7,true,unclassified,1780392448761
5639,node_01,1780392449,data_collection,cooking_fume,exposure,,false,false,,rule_fallback_v0,2930,4095,2506,3139,33,57,69,27.9,62.8,true,unclassified,1780392449808
5640,node_01,1780392450,data_collection,cooking_fume,exposure,,false,false,,rule_fallback_v0,2942,4095,2508,3139,33,57,69,27.9,62.8,true,unclassified,1780392450856
5641,node_01,1780392451,data_collection,cooking_fume,exposure,,false,false,,rule_fallback_v0,2925,4095,2507,3139,33,57,69,27.9,62.8,true,unclassified,1780392451894
5642,node_01,1780392452,data_collection,cooking_fume,exposure,,false,false,,rule_fallback_v0,2937,4095,2508,3139,34,58,70,27.9,62.7,true,unclassified,1780392452951
5643,node_01,1780392453,data_collection,cooking_fume,exposure,,false,false,,rule_fallback_v0,2926,4095,2507,3139,34,58,70,27.9,62.7,true,unclassified,1780392453985
5644,node_01,1780392454,data_collection,cooking_fume,exposure,,false,false,,rule_fallback_v0,2938,4095,2507,3139,34,58,70,27.9,62.7,true,unclassified,1780392455106
5645,node_01,1780392455,data_collection,cooking_fume,exposure,,false,false,,rule_fallback_v0,2929,4095,2508,3139,33,57,69,28,62.6,true,unclassified,1780392456077
5646,node_01,1780392456,data_collection,cooking_fume,exposure,,false,false,,rule_fallback_v0,2930,4095,2508,3139,33,57,69,28,62.6,true,unclassified,1780392457150
5647,node_01,1780392457,data_collection,cooking_fume,exposure,,false,false,,rule_fallback_v0,2931,4095,2506,3139,33,57,69,28,62.6,true,unclassified,1780392458175
5648,node_01,1780392458,data_collection,cooking_fume,exposure,,false,false,,rule_fallback_v0,2928,4095,2509,3139,33,57,69,27.9,62.5,true,unclassified,1780392459301
5649,node_01,1780392459,data_collection,cooking_fume,exposure,,false,false,,rule_fallback_v0,2928,4095,2508,3139,33,57,69,27.9,62.5,true,unclassified,1780392460258
5650,node_01,1780392460,data_collection,cooking_fume,exposure,,false,false,,rule_fallback_v0,2942,4095,2509,3139,34,58,70,27.9,62.5,true,unclassified,1780392461348
5651,node_01,1780392461,data_collection,cooking_fume,exposure,,false,false,,rule_fallback_v0,2924,4095,2507,3139,34,58,70,27.9,62.5,true,unclassified,1780392462347
5652,node_01,1780392462,data_collection,cooking_fume,exposure,,false,false,,rule_fallback_v0,2932,4095,2507,3139,34,58,70,27.9,62.5,true,unclassified,1780392463463
5653,node_01,1780392463,data_collection,cooking_fume,exposure,,false,false,,rule_fallback_v0,2929,4095,2507,3139,33,57,69,27.9,62.5,true,unclassified,1780392464523
5654,node_01,1780392464,data_collection,cooking_fume,exposure,,false,false,,rule_fallback_v0,2928,4095,2509,3139,33,57,69,27.9,62.6,true,unclassified,1780392465547
5655,node_01,1780392465,data_collection,cooking_fume,exposure,,false,false,,rule_fallback_v0,2931,4095,2507,3139,33,57,69,27.9,62.6,true,unclassified,1780392466531
5656,node_01,1780392466,data_collection,cooking_fume,exposure,,false,false,,rule_fallback_v0,2933,4095,2505,3139,34,58,69,27.9,62.6,true,unclassified,1780392467574
5657,node_01,1780392467,data_collection,cooking_fume,exposure,,false,false,,rule_fallback_v0,2932,4095,2507,3139,34,58,69,27.9,62.7,true,unclassified,1780392468722
5658,node_01,1780392468,data_collection,cooking_fume,exposure,,false,false,,rule_fallback_v0,2929,4095,2508,3139,34,58,69,27.9,62.7,true,unclassified,1780392469745
5659,node_01,1780392469,data_collection,cooking_fume,exposure,,false,false,,rule_fallback_v0,2932,4095,2509,3139,34,58,69,27.9,62.7,true,unclassified,1780392470779
5660,node_01,1780392471,data_collection,cooking_fume,exposure,,false,false,,rule_fallback_v0,2943,4095,2507,3139,34,58,69,28,62.8,true,unclassified,1780392471793
5661,node_01,1780392472,data_collection,cooking_fume,exposure,,false,false,,rule_fallback_v0,2928,4095,2507,3139,34,58,69,28,62.8,true,unclassified,1780392472800
5662,node_01,1780392473,data_collection,cooking_fume,exposure,,false,false,,rule_fallback_v0,2935,4095,2507,3139,34,59,69,28,62.8,true,unclassified,1780392474046
5663,node_01,1780392474,data_collection,cooking_fume,exposure,,false,false,,rule_fallback_v0,2928,4095,2508,3139,34,59,69,27.9,62.8,true,unclassified,1780392474970
5664,node_01,1780392475,data_collection,cooking_fume,exposure,,false,false,,rule_fallback_v0,2930,4095,2506,3139,34,59,69,27.9,62.8,true,unclassified,1780392475993
5665,node_01,1780392476,data_collection,cooking_fume,exposure,,false,false,,rule_fallback_v0,2931,4095,2508,3139,33,58,69,27.9,62.8,true,unclassified,1780392476992
5666,node_01,1780392477,data_collection,cooking_fume,exposure,,false,false,,rule_fallback_v0,2930,4095,2506,3139,33,58,69,27.9,62.8,true,unclassified,1780392478040
5667,node_01,1780392478,data_collection,cooking_fume,exposure,,false,false,,rule_fallback_v0,2929,4095,2507,3139,33,59,69,27.9,62.8,true,unclassified,1780392479166
5668,node_01,1780392479,data_collection,cooking_fume,exposure,,false,false,,rule_fallback_v0,2943,4095,2506,3139,33,59,69,27.9,62.8,true,unclassified,1780392480128
5669,node_01,1780392480,data_collection,cooking_fume,exposure,,false,false,,rule_fallback_v0,2926,4095,2507,3139,33,59,69,27.9,62.8,true,unclassified,1780392481157
5670,node_01,1780392481,data_collection,cooking_fume,exposure,,false,false,,rule_fallback_v0,2937,4095,2506,3139,33,59,69,27.9,62.8,true,unclassified,1780392482238
5671,node_01,1780392482,data_collection,cooking_fume,exposure,,false,false,,rule_fallback_v0,2927,4095,2509,3139,33,59,69,27.9,62.8,true,unclassified,1780392483249
5672,node_01,1780392483,data_collection,cooking_fume,exposure,,false,false,,rule_fallback_v0,2932,4095,2507,3139,33,59,69,28,62.6,true,unclassified,1780392484357
5673,node_01,1780392484,data_collection,cooking_fume,exposure,,false,false,,rule_fallback_v0,2931,4095,2507,3139,33,59,69,28,62.6,true,unclassified,1780392485347
5674,node_01,1780392485,data_collection,cooking_fume,exposure,,false,false,,rule_fallback_v0,2937,4095,2508,3139,32,58,69,28,62.6,true,unclassified,1780392486386
5675,node_01,1780392486,data_collection,cooking_fume,exposure,,false,false,,rule_fallback_v0,2931,4095,2506,3139,32,58,68,28,62.7,true,unclassified,1780392487460
5676,node_01,1780392487,data_collection,cooking_fume,exposure,,false,false,,rule_fallback_v0,2938,4095,2508,3139,33,58,69,28,62.7,true,unclassified,1780392488485
5677,node_01,1780392488,data_collection,cooking_fume,exposure,,false,false,,rule_fallback_v0,2933,4095,2506,3139,33,58,69,28,62.7,true,unclassified,1780392489519
5678,node_01,1780392489,data_collection,cooking_fume,exposure,,false,false,,rule_fallback_v0,2928,4095,2509,3139,33,58,69,28,62.7,true,unclassified,1780392490565
5679,node_01,1780392490,data_collection,cooking_fume,exposure,,false,false,,rule_fallback_v0,2925,4095,2507,3139,33,58,70,28,62.7,true,unclassified,1780392491613
5680,node_01,1780392491,data_collection,cooking_fume,exposure,,false,false,,rule_fallback_v0,2934,4095,2508,3139,33,57,70,28,62.7,true,unclassified,1780392492684
5681,node_01,1780392492,data_collection,cooking_fume,exposure,,false,false,,rule_fallback_v0,2925,4095,2507,3139,33,57,69,28,62.6,true,unclassified,1780392493707
5682,node_01,1780392493,data_collection,cooking_fume,exposure,,false,false,,rule_fallback_v0,2931,4095,2507,3139,32,55,67,28,62.6,true,unclassified,1780392494742
5683,node_01,1780392495,data_collection,cooking_fume,exposure,,false,false,,rule_fallback_v0,2931,4095,2507,3139,32,55,67,28,62.6,true,unclassified,1780392495857
5684,node_01,1780392496,data_collection,cooking_fume,exposure,,false,false,,rule_fallback_v0,2937,4095,2506,3139,32,55,67,28,62.5,true,unclassified,1780392496849
5685,node_01,1780392497,data_collection,cooking_fume,exposure,,false,false,,rule_fallback_v0,2927,4095,2506,3139,33,56,68,28,62.5,true,unclassified,1780392497905
5686,node_01,1780392498,data_collection,cooking_fume,exposure,,false,false,,rule_fallback_v0,2939,4095,2508,3139,33,55,67,28,62.5,true,unclassified,1780392499031
5687,node_01,1780392499,data_collection,cooking_fume,exposure,,false,false,,rule_fallback_v0,2932,4095,2508,3139,32,54,66,28,62.4,true,unclassified,1780392499969
5688,node_01,1780392500,data_collection,cooking_fume,exposure,,false,false,,rule_fallback_v0,2942,4095,2506,3139,32,53,66,28,62.4,true,unclassified,1780392501079
5689,node_01,1780392501,data_collection,cooking_fume,exposure,,false,false,,rule_fallback_v0,2929,4095,2508,3139,31,53,66,28,62.4,true,unclassified,1780392502103
5690,node_01,1780392502,data_collection,cooking_fume,exposure,,false,false,,rule_fallback_v0,2938,4095,2513,3139,31,52,66,28,62.4,true,unclassified,1780392503129
5691,node_01,1780392503,data_collection,cooking_fume,exposure,,false,false,,rule_fallback_v0,2926,4095,2509,3139,31,52,66,28,62.4,true,unclassified,1780392504256
5692,node_01,1780392504,data_collection,cooking_fume,exposure,,false,false,,rule_fallback_v0,2936,4095,2507,3139,31,52,66,28,62.4,true,unclassified,1780392505193
5693,node_01,1780392505,data_collection,cooking_fume,exposure,,false,false,,rule_fallback_v0,2932,4095,2508,3139,32,53,67,28,62.3,true,unclassified,1780392506282
5694,node_01,1780392506,data_collection,cooking_fume,exposure,,false,false,,rule_fallback_v0,2935,4095,2509,3139,32,52,66,28,62.3,true,unclassified,1780392507286
5695,node_01,1780392507,data_collection,cooking_fume,exposure,,false,false,,rule_fallback_v0,2933,4095,2508,3139,32,52,66,28,62.3,true,unclassified,1780392508350
5696,node_01,1780392508,data_collection,cooking_fume,exposure,,false,false,,rule_fallback_v0,2937,4095,2508,3139,32,52,66,28,62.3,true,unclassified,1780392509479
5697,node_01,1780392509,data_collection,cooking_fume,exposure,,false,false,,rule_fallback_v0,2933,4095,2509,3139,32,52,66,28,62.3,true,unclassified,1780392510418
5698,node_01,1780392510,data_collection,cooking_fume,exposure,,false,false,,rule_fallback_v0,2929,4095,2508,3139,32,52,66,28,62.3,true,unclassified,1780392511463
5699,node_01,1780392511,data_collection,cooking_fume,exposure,,false,false,,rule_fallback_v0,2928,4095,2506,3139,32,52,66,28,62.2,true,unclassified,1780392512548
5700,node_01,1780392512,data_collection,cooking_fume,exposure,,false,false,,rule_fallback_v0,2931,4095,2507,3139,32,52,66,28,62.2,true,unclassified,1780392513554
5701,node_01,1780392513,data_collection,cooking_fume,exposure,,false,false,,rule_fallback_v0,2931,4095,2508,3139,32,52,66,28,62.2,true,unclassified,1780392514609
5702,node_01,1780392514,data_collection,cooking_fume,exposure,,false,false,,rule_fallback_v0,2935,4095,2508,3139,31,51,65,28,62.4,true,unclassified,1780392515726
5703,node_01,1780392515,data_collection,cooking_fume,exposure,,false,false,,rule_fallback_v0,2931,4095,2508,3139,31,51,64,28,62.4,true,unclassified,1780392516688
5704,node_01,1780392516,data_collection,cooking_fume,exposure,,false,false,,rule_fallback_v0,2933,4095,2508,3139,31,51,64,28,62.4,true,unclassified,1780392517733
5705,node_01,1780392518,data_collection,cooking_fume,exposure,,false,false,,rule_fallback_v0,2932,4095,2508,3139,31,51,63,28,62.4,true,unclassified,1780392518778
5706,node_01,1780392519,data_collection,cooking_fume,exposure,,false,false,,rule_fallback_v0,2927,4095,2505,3139,31,51,63,28,62.4,true,unclassified,1780392519921
5707,node_01,1780392520,data_collection,cooking_fume,exposure,,false,false,,rule_fallback_v0,2935,4095,2509,3139,31,51,63,28,62.4,true,unclassified,1780392520868
5708,node_01,1780392521,data_collection,cooking_fume,exposure,,false,false,,rule_fallback_v0,2937,4095,2507,3139,31,51,63,28,62.4,true,unclassified,1780392521969
5709,node_01,1780392522,data_collection,cooking_fume,exposure,,false,false,,rule_fallback_v0,2928,4095,2509,3139,31,51,63,28,62.4,true,unclassified,1780392522997
5710,node_01,1780392523,data_collection,cooking_fume,exposure,,false,false,,rule_fallback_v0,2939,4095,2508,3139,31,51,63,28,62.4,true,unclassified,1780392524017
5711,node_01,1780392524,data_collection,cooking_fume,exposure,,false,false,,rule_fallback_v0,2928,4095,2508,3139,31,51,63,28,62.4,true,unclassified,1780392525135
5712,node_01,1780392525,data_collection,cooking_fume,exposure,,false,false,,rule_fallback_v0,2937,4095,2507,3139,31,51,63,28,62.4,true,unclassified,1780392526168
5713,node_01,1780392526,data_collection,cooking_fume,exposure,,false,false,,rule_fallback_v0,2929,4095,2508,3139,32,52,64,28,62.4,true,unclassified,1780392527192
5714,node_01,1780392527,data_collection,cooking_fume,exposure,,false,false,,rule_fallback_v0,2934,4095,2508,3139,32,52,64,28,62.3,true,unclassified,1780392528216
5715,node_01,1780392528,data_collection,cooking_fume,exposure,,false,false,,rule_fallback_v0,2929,4095,2507,3139,32,52,64,28,62.3,true,unclassified,1780392529241
5716,node_01,1780392529,data_collection,cooking_fume,exposure,,false,false,,rule_fallback_v0,2930,4095,2506,3139,31,52,64,28,62.3,true,unclassified,1780392530274
5717,node_01,1780392530,data_collection,cooking_fume,exposure,,false,false,,rule_fallback_v0,2930,4095,2509,3139,31,52,64,28,62.2,true,unclassified,1780392531603
5718,node_01,1780392531,data_collection,cooking_fume,exposure,,false,false,,rule_fallback_v0,2934,4095,2507,3139,31,52,64,28,62.2,true,unclassified,1780392532364
5719,node_01,1780392532,data_collection,cooking_fume,exposure,,false,false,,rule_fallback_v0,2929,4095,2508,3139,30,51,63,28,62.2,true,unclassified,1780392533438
5720,node_01,1780392533,data_collection,cooking_fume,exposure,,false,false,,rule_fallback_v0,2934,4095,2508,3139,30,51,63,28,62.1,true,unclassified,1780392534563
5721,node_01,1780392534,data_collection,cooking_fume,exposure,,false,false,,rule_fallback_v0,2931,4095,2509,3139,30,51,63,28,62.1,true,unclassified,1780392535499
5722,node_01,1780392535,data_collection,cooking_fume,exposure,,false,false,,rule_fallback_v0,2937,4095,2508,3139,30,51,63,28,62.1,true,unclassified,1780392536544
5723,node_01,1780392536,data_collection,cooking_fume,exposure,,false,false,,rule_fallback_v0,2928,4095,2508,3139,30,51,64,28,62.1,true,unclassified,1780392537614
5724,node_01,1780392537,data_collection,cooking_fume,exposure,,false,false,,rule_fallback_v0,2932,4095,2508,3139,30,51,64,28,62.1,true,unclassified,1780392538663
5725,node_01,1780392538,data_collection,cooking_fume,exposure,,false,false,,rule_fallback_v0,2934,4095,2506,3139,30,51,64,28,62.1,true,unclassified,1780392539683
5726,node_01,1780392539,data_collection,cooking_fume,exposure,,false,false,,rule_fallback_v0,2928,4095,2511,3139,30,51,64,28,62,true,unclassified,1780392540723
5727,node_01,1780392541,data_collection,cooking_fume,exposure,,false,false,,rule_fallback_v0,2931,4095,2507,3139,31,52,66,28,62,true,unclassified,1780392541846
5728,node_01,1780392542,data_collection,cooking_fume,exposure,,false,false,,rule_fallback_v0,2932,4095,2508,3139,31,52,66,28,62,true,unclassified,1780392542856
5729,node_01,1780392543,data_collection,cooking_fume,exposure,,false,false,,rule_fallback_v0,2932,4095,2507,3139,31,52,66,28,62.1,true,unclassified,1780392543881
5730,node_01,1780392544,data_collection,cooking_fume,exposure,,false,false,,rule_fallback_v0,2933,4095,2508,3139,31,52,66,28,62.1,true,unclassified,1780392545008
5731,node_01,1780392545,data_collection,cooking_fume,exposure,,false,false,,rule_fallback_v0,2926,4095,2508,3139,31,53,65,28,62.1,true,unclassified,1780392546033
5732,node_01,1780392546,data_collection,cooking_fume,exposure,,false,false,,rule_fallback_v0,2936,4095,2508,3139,31,53,65,28,62,true,unclassified,1780392546992
5733,node_01,1780392547,data_collection,cooking_fume,exposure,,false,false,,rule_fallback_v0,2926,4095,2508,3139,30,52,64,28,62,true,unclassified,1780392548080
5734,node_01,1780392548,data_collection,cooking_fume,exposure,,false,false,,rule_fallback_v0,2930,4095,2508,3139,30,52,64,28,62,true,unclassified,1780392549084
5735,node_01,1780392549,data_collection,cooking_fume,exposure,,false,false,,rule_fallback_v0,2927,4095,2506,3139,30,52,64,28,61.9,true,unclassified,1780392550220
5736,node_01,1780392550,data_collection,cooking_fume,exposure,,false,false,,rule_fallback_v0,2930,4095,2504,3139,30,51,63,28,61.9,true,unclassified,1780392551172
5737,node_01,1780392551,data_collection,cooking_fume,exposure,,false,false,,rule_fallback_v0,2931,4095,2507,3139,30,51,63,28,61.9,true,unclassified,1780392552219
5738,node_01,1780392552,data_collection,cooking_fume,exposure,,false,false,,rule_fallback_v0,2937,4095,2508,3139,30,51,63,28,61.8,true,unclassified,1780392553263
5739,node_01,1780392553,data_collection,cooking_fume,exposure,,false,false,,rule_fallback_v0,2930,4095,2507,3139,30,51,62,28,61.8,true,unclassified,1780392554326
5740,node_01,1780392554,data_collection,cooking_fume,exposure,,false,false,,rule_fallback_v0,2927,4095,2505,3139,30,51,62,28,61.8,true,unclassified,1780392555455
5741,node_01,1780392555,data_collection,cooking_fume,exposure,,false,false,,rule_fallback_v0,2926,4095,2507,3139,30,51,62,28,61.9,true,unclassified,1780392556477
5742,node_01,1780392556,data_collection,cooking_fume,exposure,,false,false,,rule_fallback_v0,2937,4095,2507,3139,30,50,61,28,61.9,true,unclassified,1780392557501
5743,node_01,1780392557,data_collection,cooking_fume,exposure,,false,false,,rule_fallback_v0,2929,4095,2510,3139,30,50,61,28,61.9,true,unclassified,1780392558525
5744,node_01,1780392558,data_collection,cooking_fume,exposure,,false,false,,rule_fallback_v0,2932,4095,2508,3139,30,50,61,28,62,true,unclassified,1780392559531
5745,node_01,1780392559,data_collection,cooking_fume,exposure,,false,false,,rule_fallback_v0,2931,4095,2509,3139,30,50,61,28,62,true,unclassified,1780392560675
5746,node_01,1780392560,data_collection,cooking_fume,exposure,,false,false,,rule_fallback_v0,2936,4095,2507,3139,30,50,61,28,62,true,unclassified,1780392561699
5747,node_01,1780392561,data_collection,cooking_fume,exposure,,false,false,,rule_fallback_v0,2933,4095,2508,3139,31,50,62,28,62.1,true,unclassified,1780392562726
5748,node_01,1780392562,data_collection,cooking_fume,exposure,,false,false,,rule_fallback_v0,2938,4095,2508,3139,31,50,62,28,62.1,true,unclassified,1780392563750
5749,node_01,1780392564,data_collection,cooking_fume,exposure,,false,false,,rule_fallback_v0,2930,4095,2507,3139,31,50,62,28,62.1,true,unclassified,1780392564772
5750,node_01,1780392565,data_collection,cooking_fume,exposure,,false,false,,rule_fallback_v0,2941,4095,2509,3139,30,49,61,28.1,62.4,true,unclassified,1780392565801
5751,node_01,1780392566,data_collection,cooking_fume,exposure,,false,false,,rule_fallback_v0,2930,4095,2509,3139,29,49,61,28.1,62.4,true,unclassified,1780392566922
5752,node_01,1780392567,data_collection,cooking_fume,exposure,,false,false,,rule_fallback_v0,2938,4095,2505,3139,29,49,61,28.1,62.4,true,unclassified,1780392567945
5753,node_01,1780392568,data_collection,cooking_fume,exposure,,false,false,,rule_fallback_v0,2930,4095,2508,3139,29,49,61,28,62.3,true,unclassified,1780392568970
5754,node_01,1780392569,data_collection,cooking_fume,exposure,,false,false,,rule_fallback_v0,2935,4095,2506,3139,29,49,61,28,62.3,true,unclassified,1780392569994
5755,node_01,1780392570,data_collection,cooking_fume,exposure,,false,false,,rule_fallback_v0,2931,4095,2508,3139,29,49,61,28,62.3,true,unclassified,1780392571027
5756,node_01,1780392571,data_collection,cooking_fume,exposure,,false,false,,rule_fallback_v0,2929,4095,2509,3139,30,50,62,28,62.2,true,unclassified,1780392572145
5757,node_01,1780392572,data_collection,cooking_fume,exposure,,false,false,,rule_fallback_v0,2934,4095,2509,3139,30,51,62,28,62.2,true,unclassified,1780392573168
5758,node_01,1780392573,data_collection,cooking_fume,exposure,,false,false,,rule_fallback_v0,2931,4095,2505,3139,30,51,62,28,62.2,true,unclassified,1780392574294
5759,node_01,1780392574,data_collection,cooking_fume,exposure,,false,false,,rule_fallback_v0,2927,4095,2507,3139,30,51,63,28,62.2,true,unclassified,1780392575215
5760,node_01,1780392575,data_collection,cooking_fume,exposure,,false,false,,rule_fallback_v0,2941,4095,2508,3139,31,51,63,28,62.2,true,unclassified,1780392576250
5761,node_01,1780392576,data_collection,cooking_fume,exposure,,false,false,,rule_fallback_v0,2923,4095,2510,3139,31,51,63,28,62.2,true,unclassified,1780392577295
5762,node_01,1780392577,data_collection,cooking_fume,exposure,,false,false,,rule_fallback_v0,2931,4095,2507,3139,31,51,63,28,62.1,true,unclassified,1780392578349
5763,node_01,1780392578,data_collection,cooking_fume,exposure,,false,false,,rule_fallback_v0,2929,4095,2507,3139,31,51,63,28,62.1,true,unclassified,1780392579387
5764,node_01,1780392579,data_collection,cooking_fume,exposure,,false,false,,rule_fallback_v0,2934,4095,2507,3139,31,51,63,28,62.1,true,unclassified,1780392580433
5765,node_01,1780392580,data_collection,cooking_fume,exposure,,false,false,,rule_fallback_v0,2928,4095,2507,3139,31,51,63,28,62.1,true,unclassified,1780392581565
5766,node_01,1780392581,data_collection,cooking_fume,exposure,,false,false,,rule_fallback_v0,2936,4095,2508,3139,31,51,63,28,62.1,true,unclassified,1780392582589
5767,node_01,1780392582,data_collection,cooking_fume,exposure,,false,false,,rule_fallback_v0,2931,4095,2508,3139,31,51,63,28,62.1,true,unclassified,1780392583566
5768,node_01,1780392583,data_collection,cooking_fume,exposure,,false,false,,rule_fallback_v0,2934,4095,2511,3139,31,51,63,28,62.3,true,unclassified,1780392584688
5769,node_01,1780392584,data_collection,cooking_fume,exposure,,false,false,,rule_fallback_v0,2931,4095,2507,3139,31,51,63,28,62.3,true,unclassified,1780392585765
5770,node_01,1780392585,data_collection,cooking_fume,exposure,,false,false,,rule_fallback_v0,2929,4095,2509,3139,30,49,62,28,62.3,true,unclassified,1780392586699
5771,node_01,1780392587,data_collection,cooking_fume,exposure,,false,false,,rule_fallback_v0,2930,4095,2508,3139,30,50,62,28,62.3,true,unclassified,1780392587813
5772,node_01,1780392588,data_collection,cooking_fume,exposure,,false,false,,rule_fallback_v0,2936,4095,2508,3139,30,50,62,28,62.3,true,unclassified,1780392588836
5773,node_01,1780392589,data_collection,cooking_fume,exposure,,false,false,,rule_fallback_v0,2933,4095,2509,3139,30,50,62,28,62.3,true,unclassified,1780392589833
5774,node_01,1780392590,data_collection,cooking_fume,exposure,,false,false,,rule_fallback_v0,2925,4095,2508,3139,30,50,62,28,62.4,true,unclassified,1780392590987
5775,node_01,1780392591,data_collection,cooking_fume,exposure,,false,false,,rule_fallback_v0,2930,4095,2509,3139,30,50,63,28,62.4,true,unclassified,1780392592009
5776,node_01,1780392592,data_collection,cooking_fume,exposure,,false,false,,rule_fallback_v0,2931,4095,2506,3139,31,51,64,28,62.4,true,unclassified,1780392593033
5777,node_01,1780392593,data_collection,cooking_fume,exposure,,false,false,,rule_fallback_v0,2930,4095,2507,3139,31,51,64,28,62.4,true,unclassified,1780392594057
5778,node_01,1780392594,data_collection,cooking_fume,exposure,,false,false,,rule_fallback_v0,2932,4095,2508,3139,31,51,64,28,62.4,true,unclassified,1780392595081
5779,node_01,1780392595,data_collection,cooking_fume,exposure,,false,false,,rule_fallback_v0,2928,4095,2507,3139,30,50,64,28,62.4,true,unclassified,1780392596314
5780,node_01,1780392596,data_collection,cooking_fume,exposure,,false,false,,rule_fallback_v0,2929,4095,2509,3139,30,50,64,28.1,62.5,true,unclassified,1780392597167
5781,node_01,1780392597,data_collection,cooking_fume,exposure,,false,false,,rule_fallback_v0,2922,4095,2508,3139,30,50,63,28.1,62.5,true,unclassified,1780392598236
5782,node_01,1780392598,data_collection,cooking_fume,exposure,,false,false,,rule_fallback_v0,2928,4095,2505,3139,31,51,64,28.1,62.5,true,unclassified,1780392599240
5783,node_01,1780392599,data_collection,cooking_fume,exposure,,false,false,,rule_fallback_v0,2934,4095,2508,3139,31,51,64,28,62.5,true,unclassified,1780392600283
5784,node_01,1780392600,data_collection,cooking_fume,exposure,,false,false,,rule_fallback_v0,2930,4095,2508,3139,31,51,64,28,62.5,true,unclassified,1780392601430
5785,node_01,1780392601,data_collection,cooking_fume,exposure,,false,false,,rule_fallback_v0,2928,4095,2509,3139,30,50,63,28,62.5,true,unclassified,1780392602455
5786,node_01,1780392602,data_collection,cooking_fume,exposure,,false,false,,rule_fallback_v0,2944,4095,2511,3139,30,50,63,28,62.4,true,unclassified,1780392603478
5787,node_01,1780392603,data_collection,cooking_fume,exposure,,false,false,,rule_fallback_v0,2927,4095,2509,3139,30,50,63,28,62.4,true,unclassified,1780392604485
5788,node_01,1780392604,data_collection,cooking_fume,exposure,,false,false,,rule_fallback_v0,2941,4095,2507,3139,30,50,63,28,62.4,true,unclassified,1780392605510
5789,node_01,1780392605,data_collection,cooking_fume,exposure,,false,false,,rule_fallback_v0,2929,4095,2509,3139,30,50,63,28.1,62.4,true,unclassified,1780392606559
5790,node_01,1780392606,data_collection,cooking_fume,exposure,,false,false,,rule_fallback_v0,2933,4095,2506,3139,31,51,64,28.1,62.4,true,unclassified,1780392607599
5791,node_01,1780392607,data_collection,cooking_fume,exposure,,false,false,,rule_fallback_v0,2931,4095,2509,3139,31,51,64,28.1,62.4,true,unclassified,1780392608701
5792,node_01,1780392608,data_collection,cooking_fume,exposure,,false,false,,rule_fallback_v0,2934,4095,2511,3139,31,51,64,28.1,62.3,true,unclassified,1780392609687
5793,node_01,1780392609,data_collection,cooking_fume,exposure,,false,false,,rule_fallback_v0,2929,4095,2507,3139,31,51,64,28.1,62.3,true,unclassified,1780392610733
5794,node_01,1780392611,data_collection,cooking_fume,exposure,,false,false,,rule_fallback_v0,2931,4095,2509,3139,31,51,64,28.1,62.3,true,unclassified,1780392611779
5795,node_01,1780392612,data_collection,cooking_fume,exposure,,false,false,,rule_fallback_v0,2931,4095,2507,3139,31,51,64,28,62.5,true,unclassified,1780392612825
5796,node_01,1780392613,data_collection,cooking_fume,exposure,,false,false,,rule_fallback_v0,2933,4095,2508,3139,31,51,64,28,62.5,true,unclassified,1780392613925
5797,node_01,1780392614,data_collection,cooking_fume,exposure,,false,false,,rule_fallback_v0,2927,4095,2509,3139,31,51,64,28,62.5,true,unclassified,1780392615163
5798,node_01,1780392615,data_collection,cooking_fume,exposure,,false,false,,rule_fallback_v0,2932,4095,2512,3139,30,51,64,28,62.4,true,unclassified,1780392615972
5799,node_01,1780392616,data_collection,cooking_fume,exposure,,false,false,,rule_fallback_v0,2929,4095,2509,3139,30,51,64,28,62.4,true,unclassified,1780392617097
5800,node_01,1780392617,data_collection,cooking_fume,exposure,,false,false,,rule_fallback_v0,2935,4095,2509,3139,30,51,64,28,62.4,true,unclassified,1780392618122
5801,node_01,1780392618,data_collection,cooking_fume,exposure,,false,false,,rule_fallback_v0,2924,4095,2507,3139,30,51,64,28.1,62.4,true,unclassified,1780392619247
5802,node_01,1780392619,data_collection,cooking_fume,exposure,,false,false,,rule_fallback_v0,2941,4095,2509,3139,29,50,63,28.1,62.4,true,unclassified,1780392620169
5803,node_01,1780392620,data_collection,cooking_fume,exposure,,false,false,,rule_fallback_v0,2931,4095,2509,3139,29,50,63,28.1,62.4,true,unclassified,1780392621195
5804,node_01,1780392621,data_collection,cooking_fume,exposure,,false,false,,rule_fallback_v0,2930,4095,2511,3139,29,50,63,28.1,62.4,true,unclassified,1780392622320
5805,node_01,1780392622,data_collection,cooking_fume,exposure,,false,false,,rule_fallback_v0,2929,4095,2508,3139,30,51,64,28.1,62.4,true,unclassified,1780392623345
5806,node_01,1780392623,data_collection,cooking_fume,exposure,,false,false,,rule_fallback_v0,2939,4095,2508,3139,30,51,64,28.1,62.4,true,unclassified,1780392624472
5807,node_01,1780392624,data_collection,cooking_fume,exposure,,false,false,,rule_fallback_v0,2926,4095,2507,3139,29,50,62,28.1,62.8,true,unclassified,1780392625444
5808,node_01,1780392625,data_collection,cooking_fume,exposure,,false,false,,rule_fallback_v0,2935,4095,2507,3139,29,49,62,28.1,62.8,true,unclassified,1780392626416
5809,node_01,1780392626,data_collection,cooking_fume,exposure,,false,false,,rule_fallback_v0,2929,4095,2509,3139,29,49,62,28.1,62.8,true,unclassified,1780392627542
5810,node_01,1780392627,data_collection,cooking_fume,exposure,,false,false,,rule_fallback_v0,2935,4095,2510,3139,29,49,62,28,62.9,true,unclassified,1780392628495
5811,node_01,1780392628,data_collection,cooking_fume,exposure,,false,false,,rule_fallback_v0,2934,4095,2510,3139,29,49,62,28,62.9,true,unclassified,1780392629595
5812,node_01,1780392629,data_collection,cooking_fume,exposure,,false,false,,rule_fallback_v0,2939,4095,2507,3139,29,49,62,28,62.9,true,unclassified,1780392630585
5813,node_01,1780392630,data_collection,cooking_fume,exposure,,false,false,,rule_fallback_v0,2932,4095,2508,3139,30,50,63,28.1,62.9,true,unclassified,1780392631632
5814,node_01,1780392631,data_collection,cooking_fume,exposure,,false,false,,rule_fallback_v0,2933,4095,2508,3139,30,50,63,28.1,62.9,true,unclassified,1780392632764
5815,node_01,1780392632,data_collection,cooking_fume,exposure,,false,false,,rule_fallback_v0,2931,4095,2508,3139,30,50,63,28.1,62.9,true,unclassified,1780392633789
5816,node_01,1780392634,data_collection,cooking_fume,exposure,,false,false,,rule_fallback_v0,2935,4095,2510,3139,30,50,63,28,62.9,true,unclassified,1780392634813
5817,node_01,1780392635,data_collection,cooking_fume,exposure,,false,false,,rule_fallback_v0,2930,4095,2507,3139,30,51,63,28,62.9,true,unclassified,1780392635836
5818,node_01,1780392636,data_collection,cooking_fume,exposure,,false,false,,rule_fallback_v0,2932,4095,2505,3139,30,51,63,28,62.9,true,unclassified,1780392636973
5819,node_01,1780392637,data_collection,cooking_fume,exposure,,false,false,,rule_fallback_v0,2931,4095,2510,3139,30,51,64,28.1,62.7,true,unclassified,1780392637899
5820,node_01,1780392638,data_collection,cooking_fume,exposure,,false,false,,rule_fallback_v0,2938,4095,2507,3139,30,51,64,28.1,62.7,true,unclassified,1780392639013
5821,node_01,1780392639,data_collection,cooking_fume,exposure,,false,false,,rule_fallback_v0,2931,4095,2509,3139,30,51,64,28.1,62.7,true,unclassified,1780392640035
5822,node_01,1780392640,data_collection,cooking_fume,exposure,,false,false,,rule_fallback_v0,2933,4095,2509,3139,29,50,63,28.1,62.5,true,unclassified,1780392641061
5823,node_01,1780392641,data_collection,cooking_fume,exposure,,false,false,,rule_fallback_v0,2932,4095,2509,3139,29,50,63,28.1,62.5,true,unclassified,1780392642082
5824,node_01,1780392642,data_collection,cooking_fume,exposure,,false,false,,rule_fallback_v0,2935,4095,2508,3139,29,50,62,28.1,62.5,true,unclassified,1780392643129
5825,node_01,1780392643,data_collection,cooking_fume,exposure,,false,false,,rule_fallback_v0,2930,4095,2509,3139,30,51,63,28,62.3,true,unclassified,1780392644233
5826,node_01,1780392644,data_collection,cooking_fume,exposure,,false,false,,rule_fallback_v0,2932,4095,2510,3139,30,51,63,28,62.3,true,unclassified,1780392645255
5827,node_01,1780392645,data_collection,cooking_fume,exposure,,false,false,,rule_fallback_v0,2929,4095,2508,3139,30,51,63,28,62.3,true,unclassified,1780392646282
5828,node_01,1780392646,data_collection,cooking_fume,exposure,,false,false,,rule_fallback_v0,2937,4095,2508,3139,30,51,63,28.1,62.4,true,unclassified,1780392647308
5829,node_01,1780392647,data_collection,cooking_fume,exposure,,false,false,,rule_fallback_v0,2931,4095,2510,3139,30,51,63,28.1,62.4,true,unclassified,1780392648432
5830,node_01,1780392648,data_collection,cooking_fume,exposure,,false,false,,rule_fallback_v0,2941,4095,2507,3139,29,50,62,28.1,62.4,true,unclassified,1780392649457
5831,node_01,1780392649,data_collection,cooking_fume,exposure,,false,false,,rule_fallback_v0,2931,4095,2506,3139,29,50,62,28.1,62.5,true,unclassified,1780392650445
5832,node_01,1780392650,data_collection,cooking_fume,exposure,,false,false,,rule_fallback_v0,2930,4095,2509,3139,29,50,62,28.1,62.5,true,unclassified,1780392651489
5833,node_01,1780392651,data_collection,cooking_fume,exposure,,false,false,,rule_fallback_v0,2931,4095,2508,3139,31,51,62,28.1,62.5,true,unclassified,1780392652530
5834,node_01,1780392652,data_collection,cooking_fume,exposure,,false,false,,rule_fallback_v0,2940,4095,2507,3139,30,51,62,28,62.5,true,unclassified,1780392653656
5835,node_01,1780392653,data_collection,cooking_fume,exposure,,false,false,,rule_fallback_v0,2931,4095,2509,3139,30,51,62,28,62.5,true,unclassified,1780392654781
5836,node_01,1780392654,data_collection,cooking_fume,exposure,,false,false,,rule_fallback_v0,2936,4095,2507,3139,29,50,61,28,62.5,true,unclassified,1780392655711
5837,node_01,1780392655,data_collection,cooking_fume,exposure,,false,false,,rule_fallback_v0,2930,4095,2509,3139,29,49,61,28.1,62.5,true,unclassified,1780392656728
5838,node_01,1780392657,data_collection,cooking_fume,exposure,,false,false,,rule_fallback_v0,2936,4095,2506,3139,29,49,61,28.1,62.5,true,unclassified,1780392657853
5839,node_01,1780392658,data_collection,cooking_fume,exposure,,false,false,,rule_fallback_v0,2933,4095,2508,3139,29,49,61,28.1,62.5,true,unclassified,1780392658798
5840,node_01,1780392659,data_collection,cooking_fume,exposure,,false,false,,rule_fallback_v0,2939,4095,2508,3139,29,49,61,28.1,62.5,true,unclassified,1780392659902
5841,node_01,1780392660,data_collection,cooking_fume,exposure,,false,false,,rule_fallback_v0,2933,4095,2508,3139,29,49,61,28.1,62.5,true,unclassified,1780392660924
5842,node_01,1780392661,data_collection,cooking_fume,exposure,,false,false,,rule_fallback_v0,2931,4095,2508,3139,29,49,61,28.1,62.5,true,unclassified,1780392661949
5843,node_01,1780392662,data_collection,cooking_fume,exposure,,false,false,,rule_fallback_v0,2928,4095,2509,3139,29,49,61,28.1,62.5,true,unclassified,1780392663075
5844,node_01,1780392663,data_collection,cooking_fume,exposure,,false,false,,rule_fallback_v0,2932,4095,2508,3139,29,49,61,28.1,62.5,true,unclassified,1780392664099
5845,node_01,1780392664,data_collection,cooking_fume,exposure,,false,false,,rule_fallback_v0,2930,4095,2510,3139,30,50,61,28.1,62.5,true,unclassified,1780392665203
5846,node_01,1780392665,data_collection,cooking_fume,exposure,,false,false,,rule_fallback_v0,2939,4095,2507,3139,30,50,61,28.1,62.5,true,unclassified,1780392666147
5847,node_01,1780392666,data_collection,cooking_fume,exposure,,false,false,,rule_fallback_v0,2934,4095,2510,3139,30,50,61,28.1,62.5,true,unclassified,1780392667181
5848,node_01,1780392667,data_collection,cooking_fume,exposure,,false,false,,rule_fallback_v0,2933,4095,2507,3139,30,50,61,28.1,62.5,true,unclassified,1780392668206
5849,node_01,1780392668,data_collection,cooking_fume,exposure,,false,false,,rule_fallback_v0,2930,4095,2508,3139,30,50,61,28.1,62.4,true,unclassified,1780392669251
5850,node_01,1780392669,data_collection,cooking_fume,exposure,,false,false,,rule_fallback_v0,2930,4095,2508,3139,30,50,61,28.1,62.4,true,unclassified,1780392670346
5851,node_01,1780392670,data_collection,cooking_fume,exposure,,false,false,,rule_fallback_v0,2934,4095,2508,3139,30,50,61,28.1,62.4,true,unclassified,1780392671371
5852,node_01,1780392671,data_collection,cooking_fume,exposure,,false,false,,rule_fallback_v0,2938,4095,2506,3139,29,50,61,28.1,62.4,true,unclassified,1780392672393
5853,node_01,1780392672,data_collection,cooking_fume,exposure,,false,false,,rule_fallback_v0,2925,4095,2508,3139,28,49,60,28.1,62.4,true,unclassified,1780392673501
5854,node_01,1780392673,data_collection,cooking_fume,exposure,,false,false,,rule_fallback_v0,2930,4095,2503,3139,28,49,60,28.1,62.4,true,unclassified,1780392674545
5855,node_01,1780392674,data_collection,cooking_fume,exposure,,false,false,,rule_fallback_v0,2928,4095,2507,3139,28,49,60,28.1,62.3,true,unclassified,1780392675568
5856,node_01,1780392675,data_collection,cooking_fume,exposure,,false,false,,rule_fallback_v0,2936,4095,2507,3139,29,50,62,28.1,62.3,true,unclassified,1780392676565
5857,node_01,1780392676,data_collection,cooking_fume,exposure,,false,false,,rule_fallback_v0,2931,4095,2507,3139,29,50,62,28.1,62.3,true,unclassified,1780392677718
5858,node_01,1780392677,data_collection,cooking_fume,exposure,,false,false,,rule_fallback_v0,2933,4095,2508,3139,29,50,62,28.1,62.3,true,unclassified,1780392678744
5859,node_01,1780392678,data_collection,cooking_fume,exposure,,false,false,,rule_fallback_v0,2930,4095,2509,3139,29,50,62,28.1,62.3,true,unclassified,1780392679767
5860,node_01,1780392680,data_collection,cooking_fume,exposure,,false,false,,rule_fallback_v0,2932,4095,2509,3139,29,50,62,28.1,62.3,true,unclassified,1780392680790
5861,node_01,1780392681,data_collection,cooking_fume,exposure,,false,false,,rule_fallback_v0,2927,4095,2507,3139,30,50,62,28.1,62.3,true,unclassified,1780392681814
5862,node_01,1780392682,data_collection,cooking_fume,exposure,,false,false,,rule_fallback_v0,2934,4095,2507,3139,30,50,62,28.1,62.3,true,unclassified,1780392682921
5863,node_01,1780392683,data_collection,cooking_fume,exposure,,false,false,,rule_fallback_v0,2931,4095,2508,3139,30,50,62,28.1,62.3,true,unclassified,1780392683965
5864,node_01,1780392684,data_collection,cooking_fume,exposure,,false,false,,rule_fallback_v0,2937,4095,2507,3139,30,50,63,28.1,62.3,true,unclassified,1780392684989
5865,node_01,1780392685,data_collection,cooking_fume,exposure,,false,false,,rule_fallback_v0,2930,4095,2508,3139,29,49,62,28.1,62.3,true,unclassified,1780392685973
5866,node_01,1780392686,data_collection,cooking_fume,exposure,,false,false,,rule_fallback_v0,2930,4095,2508,3139,29,49,62,28.1,62.3,true,unclassified,1780392687036
5867,node_01,1780392687,data_collection,cooking_fume,exposure,,false,false,,rule_fallback_v0,2932,4095,2509,3139,29,49,62,28.1,62.1,true,unclassified,1780392688066
5868,node_01,1780392688,data_collection,cooking_fume,exposure,,false,false,,rule_fallback_v0,2928,4095,2509,3139,29,49,61,28.1,62.1,true,unclassified,1780392689194
5869,node_01,1780392689,data_collection,cooking_fume,exposure,,false,false,,rule_fallback_v0,2928,4095,2508,3139,29,49,61,28.1,62.1,true,unclassified,1780392690217
5870,node_01,1780392690,data_collection,cooking_fume,exposure,,false,false,,rule_fallback_v0,2929,4095,2506,3139,30,50,62,28.1,62.2,true,unclassified,1780392691235
5871,node_01,1780392691,data_collection,cooking_fume,exposure,,false,false,,rule_fallback_v0,2933,4095,2509,3139,30,50,62,28.1,62.2,true,unclassified,1780392692259
5872,node_01,1780392692,data_collection,cooking_fume,exposure,,false,false,,rule_fallback_v0,2933,4095,2506,3139,30,50,62,28.1,62.2,true,unclassified,1780392693282
5873,node_01,1780392693,data_collection,cooking_fume,exposure,,false,false,,rule_fallback_v0,2927,4095,2508,3139,30,50,62,28.1,62,true,unclassified,1780392694411
5874,node_01,1780392694,data_collection,cooking_fume,exposure,,false,false,,rule_fallback_v0,2927,4095,2507,3139,30,50,62,28.1,62,true,unclassified,1780392695433
5875,node_01,1780392695,data_collection,cooking_fume,exposure,,false,false,,rule_fallback_v0,2929,4095,2509,3139,30,50,62,28.1,62,true,unclassified,1780392696535
5876,node_01,1780392696,data_collection,cooking_fume,exposure,,false,false,,rule_fallback_v0,2931,4095,2510,3139,29,49,61,28.1,62.1,true,unclassified,1780392697505
5877,node_01,1780392697,data_collection,cooking_fume,exposure,,false,false,,rule_fallback_v0,2928,4095,2507,3139,29,49,61,28.1,62.1,true,unclassified,1780392698510
5878,node_01,1780392698,data_collection,cooking_fume,exposure,,false,false,,rule_fallback_v0,2940,4095,2504,3139,29,49,61,28.1,62.1,true,unclassified,1780392699633
5879,node_01,1780392699,data_collection,cooking_fume,exposure,,false,false,,rule_fallback_v0,2931,4095,2510,3139,29,49,61,28.1,61.9,true,unclassified,1780392700600
5880,node_01,1780392700,data_collection,cooking_fume,exposure,,false,false,,rule_fallback_v0,2930,4095,2506,3139,29,49,61,28.1,61.9,true,unclassified,1780392701641
5881,node_01,1780392701,data_collection,cooking_fume,exposure,,false,false,,rule_fallback_v0,2930,4095,2509,3139,29,49,61,28.1,61.9,true,unclassified,1780392702704
5882,node_01,1780392702,data_collection,cooking_fume,exposure,,false,false,,rule_fallback_v0,2931,4095,2509,3139,29,49,60,28.1,61.9,true,unclassified,1780392703735
5883,node_01,1780392704,data_collection,cooking_fume,exposure,,false,false,,rule_fallback_v0,2930,4095,2508,3139,28,49,60,28.1,61.9,true,unclassified,1780392704857
5884,node_01,1780392705,data_collection,cooking_fume,exposure,,false,false,,rule_fallback_v0,2928,4095,2508,3139,28,48,60,28.1,61.9,true,unclassified,1780392705882
5885,node_01,1780392706,data_collection,cooking_fume,exposure,,false,false,,rule_fallback_v0,2929,4095,2508,3139,29,49,61,28.1,61.9,true,unclassified,1780392706903
5886,node_01,1780392707,data_collection,cooking_fume,exposure,,false,false,,rule_fallback_v0,2936,4095,2508,3139,29,48,61,28.1,61.9,true,unclassified,1780392707931
5887,node_01,1780392708,data_collection,cooking_fume,exposure,,false,false,,rule_fallback_v0,2933,4095,2508,3139,29,48,61,28.1,61.9,true,unclassified,1780392708963
5888,node_01,1780392709,data_collection,cooking_fume,exposure,,false,false,,rule_fallback_v0,2931,4095,2511,3139,30,48,60,28.1,61.8,true,unclassified,1780392710179
5889,node_01,1780392710,data_collection,cooking_fume,exposure,,false,false,,rule_fallback_v0,2931,4095,2508,3139,30,48,60,28.1,61.8,true,unclassified,1780392711101
5890,node_01,1780392711,data_collection,cooking_fume,exposure,,false,false,,rule_fallback_v0,2943,4095,2509,3139,30,48,60,28.1,61.8,true,unclassified,1780392712125
5891,node_01,1780392712,data_collection,cooking_fume,exposure,,false,false,,rule_fallback_v0,2925,4095,2506,3139,30,48,60,28.1,61.8,true,unclassified,1780392713134
5892,node_01,1780392713,data_collection,cooking_fume,exposure,,false,false,,rule_fallback_v0,2940,4095,2508,3139,30,48,60,28.1,61.8,true,unclassified,1780392714275
5893,node_01,1780392714,data_collection,cooking_fume,exposure,,false,false,,rule_fallback_v0,2928,4095,2508,3139,29,47,59,28.1,61.8,true,unclassified,1780392715298
5894,node_01,1780392715,data_collection,cooking_fume,exposure,,false,false,,rule_fallback_v0,2936,4095,2510,3139,29,46,58,28.1,61.9,true,unclassified,1780392716302
5895,node_01,1780392716,data_collection,cooking_fume,exposure,,false,false,,rule_fallback_v0,2930,4095,2508,3139,29,46,58,28.1,61.9,true,unclassified,1780392717450
5896,node_01,1780392717,data_collection,cooking_fume,exposure,,false,false,,rule_fallback_v0,2929,4095,2508,3139,29,46,58,28.1,61.9,true,unclassified,1780392718475
5897,node_01,1780392718,data_collection,cooking_fume,exposure,,false,false,,rule_fallback_v0,2929,4095,2509,3139,29,46,58,28.1,61.8,true,unclassified,1780392719499
5898,node_01,1780392719,data_collection,cooking_fume,exposure,,false,false,,rule_fallback_v0,2935,4095,2508,3139,29,46,59,28.1,61.8,true,unclassified,1780392720458
5899,node_01,1780392720,data_collection,cooking_fume,exposure,,false,false,,rule_fallback_v0,2929,4095,2508,3139,30,47,60,28.1,61.8,true,unclassified,1780392721497
5900,node_01,1780392721,data_collection,cooking_fume,exposure,,false,false,,rule_fallback_v0,2943,4095,2510,3139,30,47,60,28.1,61.8,true,unclassified,1780392722568
5901,node_01,1780392722,data_collection,cooking_fume,exposure,,false,false,,rule_fallback_v0,2927,4095,2510,3139,30,48,60,28.1,61.8,true,unclassified,1780392723593
5902,node_01,1780392723,data_collection,cooking_fume,exposure,,false,false,,rule_fallback_v0,2940,4095,2508,3139,30,48,60,28.1,61.8,true,unclassified,1780392724662
5903,node_01,1780392724,data_collection,cooking_fume,exposure,,false,false,,rule_fallback_v0,2927,4095,2509,3139,30,48,60,28.1,61.9,true,unclassified,1780392725744
5904,node_01,1780392725,data_collection,cooking_fume,exposure,,false,false,,rule_fallback_v0,2934,4095,2508,3139,30,48,60,28.1,61.9,true,unclassified,1780392726721
5905,node_01,1780392727,data_collection,cooking_fume,exposure,,false,false,,rule_fallback_v0,2933,4095,2509,3139,29,48,60,28.1,61.9,true,unclassified,1780392727766
5906,node_01,1780392728,data_collection,cooking_fume,exposure,,false,false,,rule_fallback_v0,2932,4095,2510,3139,29,48,60,28.1,61.9,true,unclassified,1780392728813
5907,node_01,1780392729,data_collection,cooking_fume,exposure,,false,false,,rule_fallback_v0,2933,4095,2507,3139,28,47,59,28.1,61.9,true,unclassified,1780392729944
5908,node_01,1780392730,data_collection,cooking_fume,exposure,,false,false,,rule_fallback_v0,2929,4095,2508,3139,28,47,59,28.1,61.9,true,unclassified,1780392730899
5909,node_01,1780392731,data_collection,cooking_fume,exposure,,false,false,,rule_fallback_v0,2929,4095,2508,3139,28,46,59,28.1,62,true,unclassified,1780392731996
5910,node_01,1780392732,data_collection,cooking_fume,exposure,,false,false,,rule_fallback_v0,2937,4095,2507,3139,28,46,59,28.1,62,true,unclassified,1780392733014
5911,node_01,1780392733,data_collection,cooking_fume,exposure,,false,false,,rule_fallback_v0,2931,4095,2508,3139,28,46,58,28.1,62,true,unclassified,1780392734048
5912,node_01,1780392734,data_collection,cooking_fume,exposure,,false,false,,rule_fallback_v0,2928,4095,2507,3139,28,46,58,28.1,61.8,true,unclassified,1780392735173
5913,node_01,1780392735,data_collection,cooking_fume,exposure,,false,false,,rule_fallback_v0,2931,4095,2509,3139,29,47,59,28.1,61.8,true,unclassified,1780392736194
5914,node_01,1780392736,data_collection,cooking_fume,exposure,,false,false,,rule_fallback_v0,2926,4095,2508,3139,29,47,58,28.1,61.8,true,unclassified,1780392737214
5915,node_01,1780392737,data_collection,cooking_fume,exposure,,false,false,,rule_fallback_v0,2936,4095,2509,3139,29,47,58,28.1,61.7,true,unclassified,1780392738241
5916,node_01,1780392738,data_collection,cooking_fume,exposure,,false,false,,rule_fallback_v0,2931,4095,2507,3139,28,46,57,28.1,61.7,true,unclassified,1780392739365
5917,node_01,1780392739,data_collection,cooking_fume,exposure,,false,false,,rule_fallback_v0,2933,4095,2509,3139,28,46,58,28.1,61.7,true,unclassified,1780392740303
5918,node_01,1780392740,data_collection,cooking_fume,exposure,,false,false,,rule_fallback_v0,2930,4095,2506,3139,28,46,58,28.1,61.8,true,unclassified,1780392741411
5919,node_01,1780392741,data_collection,cooking_fume,exposure,,false,false,,rule_fallback_v0,2932,4095,2509,3139,29,47,59,28.1,61.8,true,unclassified,1780392742439
5920,node_01,1780392742,data_collection,cooking_fume,exposure,,false,false,,rule_fallback_v0,2933,4095,2508,3139,29,47,60,28.1,61.8,true,unclassified,1780392743459
5921,node_01,1780392743,data_collection,cooking_fume,exposure,,false,false,,rule_fallback_v0,2929,4095,2507,3139,29,47,60,28.1,61.9,true,unclassified,1780392744587
5922,node_01,1780392744,data_collection,cooking_fume,exposure,,false,false,,rule_fallback_v0,2932,4095,2506,3139,28,47,59,28.1,61.9,true,unclassified,1780392745529
5923,node_01,1780392745,data_collection,cooking_fume,exposure,,false,false,,rule_fallback_v0,2931,4095,2508,3139,28,47,59,28.1,61.9,true,unclassified,1780392746635
5924,node_01,1780392746,data_collection,cooking_fume,exposure,,false,false,,rule_fallback_v0,2929,4095,2508,3139,27,47,59,28.2,61.9,true,unclassified,1780392747624
5925,node_01,1780392747,data_collection,cooking_fume,exposure,,false,false,,rule_fallback_v0,2934,4095,2508,3139,28,48,60,28.2,61.9,true,unclassified,1780392748687
5926,node_01,1780392748,data_collection,cooking_fume,exposure,,false,false,,rule_fallback_v0,2933,4095,2508,3139,28,48,60,28.2,61.9,true,unclassified,1780392749808
5927,node_01,1780392750,data_collection,cooking_fume,exposure,,false,false,,rule_fallback_v0,2932,4095,2508,3139,27,47,58,28.1,61.8,true,unclassified,1780392750959
5928,node_01,1780392751,data_collection,cooking_fume,exposure,,false,false,,rule_fallback_v0,2929,4095,2508,3139,27,46,58,28.1,61.8,true,unclassified,1780392751795
5929,node_01,1780392752,data_collection,cooking_fume,exposure,,false,false,,rule_fallback_v0,2933,4095,2509,3139,27,46,57,28.1,61.8,true,unclassified,1780392752882
5930,node_01,1780392753,data_collection,cooking_fume,exposure,,false,false,,rule_fallback_v0,2939,4095,2511,3139,28,47,58,28.1,61.8,true,unclassified,1780392753906
5931,node_01,1780392754,data_collection,cooking_fume,exposure,,false,false,,rule_fallback_v0,2931,4095,2508,3139,28,47,57,28.1,61.8,true,unclassified,1780392754930
5932,node_01,1780392755,data_collection,cooking_fume,exposure,,false,false,,rule_fallback_v0,2933,4095,2506,3139,28,47,57,28.1,61.8,true,unclassified,1780392755975
5933,node_01,1780392756,data_collection,cooking_fume,exposure,,false,false,,rule_fallback_v0,2931,4095,2508,3139,27,46,56,28.1,61.7,true,unclassified,1780392757077
5934,node_01,1780392757,data_collection,cooking_fume,exposure,,false,false,,rule_fallback_v0,2927,4095,2508,3139,27,46,56,28.1,61.7,true,unclassified,1780392758101
5935,node_01,1780392758,data_collection,cooking_fume,exposure,,false,false,,rule_fallback_v0,2929,4095,2508,3139,27,46,56,28.1,61.7,true,unclassified,1780392759109
5936,node_01,1780392759,data_collection,cooking_fume,exposure,,false,false,,rule_fallback_v0,2938,4095,2506,3139,27,46,56,28.1,61.8,true,unclassified,1780392760253
5937,node_01,1780392760,data_collection,cooking_fume,exposure,,false,false,,rule_fallback_v0,2928,4095,2506,3139,27,46,56,28.1,61.8,true,unclassified,1780392761270
5938,node_01,1780392761,data_collection,cooking_fume,exposure,,false,false,,rule_fallback_v0,2929,4095,2506,3139,27,45,55,28.1,61.8,true,unclassified,1780392762304
5939,node_01,1780392762,data_collection,cooking_fume,exposure,,false,false,,rule_fallback_v0,2933,4095,2508,3139,28,46,56,28.1,61.6,true,unclassified,1780392763329
5940,node_01,1780392763,data_collection,cooking_fume,exposure,,false,false,,rule_fallback_v0,2938,4095,2506,3139,28,46,56,28.1,61.6,true,unclassified,1780392764350
5941,node_01,1780392764,data_collection,cooking_fume,exposure,,false,false,,rule_fallback_v0,2933,4095,2508,3139,28,46,56,28.1,61.6,true,unclassified,1780392765475
5942,node_01,1780392765,data_collection,cooking_fume,exposure,,false,false,,rule_fallback_v0,2929,4095,2507,3139,28,46,56,28.1,61.8,true,unclassified,1780392766428
5943,node_01,1780392766,data_collection,cooking_fume,exposure,,false,false,,rule_fallback_v0,2928,4095,2508,3139,28,46,56,28.1,61.8,true,unclassified,1780392767472
5944,node_01,1780392767,data_collection,cooking_fume,exposure,,false,false,,rule_fallback_v0,2932,4095,2507,3139,28,46,56,28.1,61.8,true,unclassified,1780392768546
5945,node_01,1780392768,data_collection,cooking_fume,exposure,,false,false,,rule_fallback_v0,2930,4095,2507,3139,28,46,56,28.1,61.8,true,unclassified,1780392769564
5946,node_01,1780392769,data_collection,cooking_fume,exposure,,false,false,,rule_fallback_v0,2936,4095,2507,3139,28,46,56,28.1,61.8,true,unclassified,1780392770604
5947,node_01,1780392770,data_collection,cooking_fume,exposure,,false,false,,rule_fallback_v0,2932,4095,2508,3139,27,45,55,28.1,61.8,true,unclassified,1780392771649
5948,node_01,1780392771,data_collection,cooking_fume,exposure,,false,false,,rule_fallback_v0,2931,4095,2507,3139,27,45,55,28.1,61.7,true,unclassified,1780392772744
5949,node_01,1780392773,data_collection,cooking_fume,exposure,,false,false,,rule_fallback_v0,2927,4095,2505,3139,27,45,56,28.1,61.7,true,unclassified,1780392773770
5950,node_01,1780392774,data_collection,cooking_fume,exposure,,false,false,,rule_fallback_v0,2934,4095,2507,3139,28,46,57,28.1,61.7,true,unclassified,1780392774796
5951,node_01,1780392775,data_collection,cooking_fume,exposure,,false,false,,rule_fallback_v0,2930,4095,2507,3139,28,46,57,28.1,61.8,true,unclassified,1780392775828
5952,node_01,1780392776,data_collection,cooking_fume,exposure,,false,false,,rule_fallback_v0,2929,4095,2509,3139,28,46,57,28.1,61.8,true,unclassified,1780392776876
5953,node_01,1780392777,data_collection,cooking_fume,exposure,,false,false,,rule_fallback_v0,2932,4095,2508,3139,28,46,57,28.1,61.8,true,unclassified,1780392777970
5954,node_01,1780392778,data_collection,cooking_fume,exposure,,false,false,,rule_fallback_v0,2934,4095,2509,3139,28,46,57,28.1,61.8,true,unclassified,1780392778990
5955,node_01,1780392779,data_collection,cooking_fume,exposure,,false,false,,rule_fallback_v0,2932,4095,2507,3139,28,46,57,28.1,61.8,true,unclassified,1780392780022
5956,node_01,1780392780,data_collection,cooking_fume,exposure,,false,false,,rule_fallback_v0,2934,4095,2508,3139,27,46,56,28.1,61.8,true,unclassified,1780392781073
5957,node_01,1780392781,data_collection,cooking_fume,exposure,,false,false,,rule_fallback_v0,2927,4095,2507,3139,27,46,56,28.1,61.9,true,unclassified,1780392782166
5958,node_01,1780392782,data_collection,cooking_fume,exposure,,false,false,,rule_fallback_v0,2928,4095,2508,3139,27,46,56,28.1,61.9,true,unclassified,1780392783189
5959,node_01,1780392783,data_collection,cooking_fume,exposure,,false,false,,rule_fallback_v0,2929,4095,2509,3139,27,46,56,28.1,61.9,true,unclassified,1780392784213
5960,node_01,1780392784,data_collection,cooking_fume,exposure,,false,false,,rule_fallback_v0,2935,4095,2507,3139,27,46,56,28.1,61.9,true,unclassified,1780392785340
5961,node_01,1780392785,data_collection,cooking_fume,exposure,,false,false,,rule_fallback_v0,2925,4095,2507,3139,27,46,56,28.1,61.9,true,unclassified,1780392786367
5962,node_01,1780392786,data_collection,cooking_fume,exposure,,false,false,,rule_fallback_v0,2937,4095,2506,3139,28,47,57,28.1,61.9,true,unclassified,1780392787331
5963,node_01,1780392787,data_collection,cooking_fume,exposure,,false,false,,rule_fallback_v0,2932,4095,2507,3139,28,47,57,28.1,61.7,true,unclassified,1780392788413
5964,node_01,1780392788,data_collection,cooking_fume,exposure,,false,false,,rule_fallback_v0,2936,4095,2508,3139,28,47,57,28.1,61.7,true,unclassified,1780392789437
5965,node_01,1780392789,data_collection,cooking_fume,exposure,,false,false,,rule_fallback_v0,2932,4095,2509,3139,27,46,56,28.1,61.7,true,unclassified,1780392790524
5966,node_01,1780392790,data_collection,cooking_fume,exposure,,false,false,,rule_fallback_v0,2931,4095,2507,3139,27,46,56,28.1,61.9,true,unclassified,1780392791586
5967,node_01,1780392791,data_collection,cooking_fume,exposure,,false,false,,rule_fallback_v0,2928,4095,2507,3139,28,47,57,28.1,61.9,true,unclassified,1780392792722
5968,node_01,1780392792,data_collection,cooking_fume,exposure,,false,false,,rule_fallback_v0,2935,4095,2506,3139,28,47,57,28.1,61.9,true,unclassified,1780392793594
5969,node_01,1780392793,data_collection,cooking_fume,exposure,,false,false,,rule_fallback_v0,2929,4095,2507,3139,28,47,57,28.1,62,true,unclassified,1780392794635
5970,node_01,1780392794,data_collection,cooking_fume,exposure,,false,false,,rule_fallback_v0,2938,4095,2505,3139,28,47,57,28.1,62,true,unclassified,1780392795785
5971,node_01,1780392795,data_collection,cooking_fume,exposure,,false,false,,rule_fallback_v0,2926,4095,2507,3139,28,47,57,28.1,62,true,unclassified,1780392796809
5972,node_01,1780392797,data_collection,cooking_fume,exposure,,false,false,,rule_fallback_v0,2926,4095,2509,3139,28,47,57,28.1,62.1,true,unclassified,1780392797771
5973,node_01,1780392798,data_collection,cooking_fume,exposure,,false,false,,rule_fallback_v0,2930,4095,2506,3139,27,46,56,28.1,62.1,true,unclassified,1780392798870
5974,node_01,1780392799,data_collection,cooking_fume,exposure,,false,false,,rule_fallback_v0,2927,4095,2508,3139,27,45,56,28.1,62.1,true,unclassified,1780392799882
5975,node_01,1780392800,data_collection,cooking_fume,exposure,,false,false,,rule_fallback_v0,2931,4095,2507,3139,27,45,57,28.1,62.1,true,unclassified,1780392800990
5976,node_01,1780392801,data_collection,cooking_fume,exposure,,false,false,,rule_fallback_v0,2934,4095,2508,3139,28,46,58,28.1,62.1,true,unclassified,1780392801950
5977,node_01,1780392802,data_collection,cooking_fume,exposure,,false,false,,rule_fallback_v0,2930,4095,2509,3139,28,46,58,28.1,62.1,true,unclassified,1780392803023
5978,node_01,1780392803,data_collection,cooking_fume,exposure,,false,false,,rule_fallback_v0,2943,4095,2508,3139,28,46,58,28.1,61.9,true,unclassified,1780392804080
5979,node_01,1780392804,data_collection,cooking_fume,exposure,,false,false,,rule_fallback_v0,2927,4095,2508,3139,28,46,58,28.1,61.9,true,unclassified,1780392805103
5980,node_01,1780392805,data_collection,cooking_fume,exposure,,false,false,,rule_fallback_v0,2932,4095,2507,3139,28,46,58,28.1,61.9,true,unclassified,1780392806232
5981,node_01,1780392806,data_collection,cooking_fume,exposure,,false,false,,rule_fallback_v0,2927,4095,2507,3139,28,46,58,28.1,61.9,true,unclassified,1780392807255
5982,node_01,1780392807,data_collection,cooking_fume,exposure,,false,false,,rule_fallback_v0,2942,4095,2507,3139,28,46,58,28.1,61.9,true,unclassified,1780392808219
5983,node_01,1780392808,data_collection,cooking_fume,exposure,,false,false,,rule_fallback_v0,2928,4095,2506,3139,28,46,57,28.1,61.9,true,unclassified,1780392809405
5984,node_01,1780392809,data_collection,cooking_fume,exposure,,false,false,,rule_fallback_v0,2934,4095,2509,3139,28,46,57,28.1,61.9,true,unclassified,1780392810433
5985,node_01,1780392810,data_collection,cooking_fume,exposure,,false,false,,rule_fallback_v0,2931,4095,2509,3139,28,46,57,28.1,61.9,true,unclassified,1780392811380
5986,node_01,1780392811,data_collection,cooking_fume,exposure,,false,false,,rule_fallback_v0,2932,4095,2508,3139,28,46,57,28.1,61.9,true,unclassified,1780392812476
5987,node_01,1780392812,data_collection,cooking_fume,exposure,,false,false,,rule_fallback_v0,2926,4095,2506,3139,27,45,56,28.1,61.9,true,unclassified,1780392813444
5988,node_01,1780392813,data_collection,cooking_fume,exposure,,false,false,,rule_fallback_v0,2941,4095,2509,3139,27,45,56,28.1,61.9,true,unclassified,1780392814525
5989,node_01,1780392814,data_collection,cooking_fume,exposure,,false,false,,rule_fallback_v0,2923,4095,2507,3139,27,45,56,28.1,61.9,true,unclassified,1780392815547
5990,node_01,1780392815,data_collection,cooking_fume,exposure,,false,false,,rule_fallback_v0,2939,4095,2509,3139,27,45,56,28.1,61.9,true,unclassified,1780392816677
5991,node_01,1780392816,data_collection,cooking_fume,exposure,,false,false,,rule_fallback_v0,2923,4095,2507,3139,27,45,56,28.1,61.9,true,unclassified,1780392817802
5992,node_01,1780392817,data_collection,cooking_fume,exposure,,false,false,,rule_fallback_v0,2931,4095,2507,3139,27,45,56,28.1,61.9,true,unclassified,1780392818724
5993,node_01,1780392818,data_collection,cooking_fume,exposure,,false,false,,rule_fallback_v0,2932,4095,2508,3139,28,46,57,28.2,61.7,true,unclassified,1780392819746
5994,node_01,1780392820,data_collection,cooking_fume,exposure,,false,false,,rule_fallback_v0,2932,4095,2507,3139,28,45,56,28.2,61.7,true,unclassified,1780392820758
5995,node_01,1780392821,data_collection,cooking_fume,exposure,,false,false,,rule_fallback_v0,2930,4095,2508,3139,28,45,56,28.2,61.7,true,unclassified,1780392821896
5996,node_01,1780392822,data_collection,cooking_fume,exposure,,false,false,,rule_fallback_v0,2931,4095,2506,3139,27,44,55,28.1,61.6,true,unclassified,1780392822920
5997,node_01,1780392823,data_collection,cooking_fume,exposure,,false,false,,rule_fallback_v0,2929,4095,2509,3139,27,44,55,28.1,61.6,true,unclassified,1780392823894
5998,node_01,1780392824,data_collection,cooking_fume,exposure,,false,false,,rule_fallback_v0,2936,4095,2507,3139,27,44,55,28.1,61.6,true,unclassified,1780392824969
5999,node_01,1780392825,data_collection,cooking_fume,exposure,,false,false,,rule_fallback_v0,2925,4095,2508,3139,28,45,56,28.1,61.9,true,unclassified,1780392825992
6000,node_01,1780392826,data_collection,cooking_fume,exposure,,false,false,,rule_fallback_v0,2927,4095,2506,3139,28,45,56,28.1,61.9,true,unclassified,1780392827026
6001,node_01,1780392827,data_collection,cooking_fume,exposure,,false,false,,rule_fallback_v0,2932,4095,2508,3139,28,45,56,28.1,61.9,true,unclassified,1780392828144
6002,node_01,1780392828,data_collection,cooking_fume,exposure,,false,false,,rule_fallback_v0,2932,4095,2510,3139,28,45,56,28.1,61.9,true,unclassified,1780392829169
6003,node_01,1780392829,data_collection,cooking_fume,exposure,,false,false,,rule_fallback_v0,2928,4095,2509,3139,28,45,55,28.1,61.9,true,unclassified,1780392830191
6004,node_01,1780392830,data_collection,cooking_fume,exposure,,false,false,,rule_fallback_v0,2927,4095,2507,3139,28,45,55,28.1,61.9,true,unclassified,1780392831214
6005,node_01,1780392831,data_collection,cooking_fume,exposure,,false,false,,rule_fallback_v0,2930,4095,2508,3139,27,44,54,28.1,61.9,true,unclassified,1780392832341
6006,node_01,1780392832,data_collection,cooking_fume,exposure,,false,false,,rule_fallback_v0,2935,4095,2509,3139,27,44,54,28.1,61.9,true,unclassified,1780392833477
6007,node_01,1780392833,data_collection,cooking_fume,exposure,,false,false,,rule_fallback_v0,2929,4095,2509,3139,27,44,54,28.1,61.9,true,unclassified,1780392834388
6008,node_01,1780392834,data_collection,cooking_fume,exposure,,false,false,,rule_fallback_v0,2940,4095,2507,3139,27,44,54,28.1,61.8,true,unclassified,1780392835412
6009,node_01,1780392835,data_collection,cooking_fume,exposure,,false,false,,rule_fallback_v0,2933,4095,2508,3139,27,44,54,28.1,61.8,true,unclassified,1780392836539
6010,node_01,1780392836,data_collection,cooking_fume,exposure,,false,false,,rule_fallback_v0,2929,4095,2509,3139,28,45,55,28.1,61.8,true,unclassified,1780392837569
6011,node_01,1780392837,data_collection,cooking_fume,exposure,,false,false,,rule_fallback_v0,2926,4095,2506,3139,28,45,55,28.1,61.7,true,unclassified,1780392838520
6012,node_01,1780392838,data_collection,cooking_fume,exposure,,false,false,,rule_fallback_v0,2937,4095,2506,3139,28,46,55,28.1,61.7,true,unclassified,1780392839611
6013,node_01,1780392839,data_collection,cooking_fume,exposure,,false,false,,rule_fallback_v0,2927,4095,2507,3139,28,46,55,28.1,61.7,true,unclassified,1780392840635
6014,node_01,1780392840,data_collection,cooking_fume,exposure,,false,false,,rule_fallback_v0,2939,4095,2508,3139,28,46,55,28.2,61.8,true,unclassified,1780392841657
6015,node_01,1780392841,data_collection,cooking_fume,exposure,,false,false,,rule_fallback_v0,2927,4095,2507,3139,28,46,55,28.2,61.8,true,unclassified,1780392842789
6016,node_01,1780392843,data_collection,cooking_fume,exposure,,false,false,,rule_fallback_v0,2942,4095,2510,3139,28,46,56,28.2,61.8,true,unclassified,1780392843759
6017,node_01,1780392844,data_collection,cooking_fume,exposure,,false,false,,rule_fallback_v0,2926,4095,2507,3139,28,46,56,28.1,61.8,true,unclassified,1780392844810
6018,node_01,1780392845,data_collection,cooking_fume,exposure,,false,false,,rule_fallback_v0,2939,4095,2507,3139,28,46,56,28.1,61.8,true,unclassified,1780392845873
6019,node_01,1780392846,data_collection,cooking_fume,exposure,,false,false,,rule_fallback_v0,2932,4095,2508,3139,27,45,55,28.1,61.8,true,unclassified,1780392846984
6020,node_01,1780392847,data_collection,cooking_fume,exposure,,false,false,,rule_fallback_v0,2935,4095,2510,3139,27,45,55,28.1,61.8,true,unclassified,1780392848008
6021,node_01,1780392848,data_collection,cooking_fume,exposure,,false,false,,rule_fallback_v0,2935,4095,2507,3139,27,45,55,28.1,61.8,true,unclassified,1780392849034
6022,node_01,1780392849,data_collection,cooking_fume,exposure,,false,false,,rule_fallback_v0,2939,4095,2507,3139,28,46,56,28.1,61.8,true,unclassified,1780392850056
6023,node_01,1780392850,data_collection,cooking_fume,exposure,,false,false,,rule_fallback_v0,2925,4095,2507,3139,28,46,56,28.2,61.7,true,unclassified,1780392851058
6024,node_01,1780392851,data_collection,cooking_fume,exposure,,false,false,,rule_fallback_v0,2931,4095,2508,3139,28,46,56,28.2,61.7,true,unclassified,1780392852103
6025,node_01,1780392852,data_collection,cooking_fume,exposure,,false,false,,rule_fallback_v0,2925,4095,2507,3139,27,45,55,28.2,61.7,true,unclassified,1780392853233
6026,node_01,1780392853,data_collection,cooking_fume,exposure,,false,false,,rule_fallback_v0,2936,4095,2510,3139,27,45,55,28.1,61.8,true,unclassified,1780392854195
6027,node_01,1780392854,data_collection,cooking_fume,exposure,,false,false,,rule_fallback_v0,2928,4095,2509,3139,28,46,57,28.1,61.8,true,unclassified,1780392855278
6028,node_01,1780392855,data_collection,cooking_fume,exposure,,false,false,,rule_fallback_v0,2935,4095,2508,3139,28,46,58,28.1,61.8,true,unclassified,1780392856283
6029,node_01,1780392856,data_collection,cooking_fume,exposure,,false,false,,rule_fallback_v0,2934,4095,2508,3139,28,46,58,28.2,61.7,true,unclassified,1780392857430
6030,node_01,1780392857,data_collection,cooking_fume,exposure,,false,false,,rule_fallback_v0,2934,4095,2508,3139,27,45,56,28.2,61.7,true,unclassified,1780392858453
6031,node_01,1780392858,data_collection,cooking_fume,exposure,,false,false,,rule_fallback_v0,2929,4095,2507,3139,27,45,56,28.2,61.7,true,unclassified,1780392859478
6032,node_01,1780392859,data_collection,cooking_fume,exposure,,false,false,,rule_fallback_v0,2926,4095,2508,3139,27,45,56,28.1,61.7,true,unclassified,1780392860502
6033,node_01,1780392860,data_collection,cooking_fume,exposure,,false,false,,rule_fallback_v0,2931,4095,2508,3139,27,45,56,28.1,61.7,true,unclassified,1780392861524
6034,node_01,1780392861,data_collection,cooking_fume,exposure,,false,false,,rule_fallback_v0,2931,4095,2507,3139,27,46,56,28.1,61.7,true,unclassified,1780392862655
6035,node_01,1780392862,data_collection,cooking_fume,exposure,,false,false,,rule_fallback_v0,2928,4095,2509,3139,27,46,56,28.2,61.8,true,unclassified,1780392863675
6036,node_01,1780392863,data_collection,cooking_fume,exposure,,false,false,,rule_fallback_v0,2932,4095,2506,3139,28,47,58,28.2,61.8,true,unclassified,1780392864699
6037,node_01,1780392864,data_collection,cooking_fume,exposure,,false,false,,rule_fallback_v0,2929,4095,2508,3139,28,47,58,28.2,61.8,true,unclassified,1780392865722
6038,node_01,1780392865,data_collection,cooking_fume,exposure,,false,false,,rule_fallback_v0,2931,4095,2509,3139,28,47,57,28.1,61.8,true,unclassified,1780392866734
6039,node_01,1780392867,data_collection,cooking_fume,exposure,,false,false,,rule_fallback_v0,2929,4095,2508,3139,27,46,56,28.1,61.8,true,unclassified,1780392867875
6040,node_01,1780392868,data_collection,cooking_fume,exposure,,false,false,,rule_fallback_v0,2929,4095,2506,3139,27,45,56,28.1,61.8,true,unclassified,1780392868822
6041,node_01,1780392869,data_collection,cooking_fume,exposure,,false,false,,rule_fallback_v0,2933,4095,2509,3139,27,45,56,28.1,61.9,true,unclassified,1780392869922
6042,node_01,1780392870,data_collection,cooking_fume,exposure,,false,false,,rule_fallback_v0,2938,4095,2507,3139,27,45,56,28.1,61.9,true,unclassified,1780392870949
6043,node_01,1780392871,data_collection,cooking_fume,exposure,,false,false,,rule_fallback_v0,2930,4095,2508,3139,27,45,55,28.1,61.9,true,unclassified,1780392871970
6044,node_01,1780392872,data_collection,cooking_fume,exposure,,false,false,,rule_fallback_v0,2937,4095,2507,3139,27,45,55,28.2,62,true,unclassified,1780392873096
6045,node_01,1780392873,data_collection,cooking_fume,exposure,,false,false,,rule_fallback_v0,2928,4095,2509,3139,28,46,56,28.2,62,true,unclassified,1780392874112
6046,node_01,1780392874,data_collection,cooking_fume,exposure,,false,false,,rule_fallback_v0,2931,4095,2505,3139,28,46,56,28.2,62,true,unclassified,1780392875149
6047,node_01,1780392875,data_collection,cooking_fume,exposure,,false,false,,rule_fallback_v0,2929,4095,2507,3139,27,45,55,28.2,62.1,true,unclassified,1780392876171
6048,node_01,1780392876,data_collection,cooking_fume,exposure,,false,false,,rule_fallback_v0,2928,4095,2507,3139,27,45,55,28.2,62.1,true,unclassified,1780392877179
6049,node_01,1780392877,data_collection,cooking_fume,exposure,,false,false,,rule_fallback_v0,2929,4095,2507,3139,27,45,54,28.2,62.1,true,unclassified,1780392878318
6050,node_01,1780392878,data_collection,cooking_fume,exposure,,false,false,,rule_fallback_v0,2940,4095,2511,3139,28,46,55,28.2,62,true,unclassified,1780392879270
6051,node_01,1780392879,data_collection,cooking_fume,exposure,,false,false,,rule_fallback_v0,2930,4095,2507,3139,28,46,55,28.2,62,true,unclassified,1780392880371
6052,node_01,1780392880,data_collection,cooking_fume,exposure,,false,false,,rule_fallback_v0,2937,4095,2509,3139,28,46,55,28.2,62,true,unclassified,1780392881393
6053,node_01,1780392881,data_collection,cooking_fume,exposure,,false,false,,rule_fallback_v0,2926,4095,2507,3139,28,45,55,28.2,62.1,true,unclassified,1780392882403
6054,node_01,1780392882,data_collection,cooking_fume,exposure,,false,false,,rule_fallback_v0,2941,4095,2508,3139,28,45,55,28.2,62.1,true,unclassified,1780392883448
6055,node_01,1780392883,data_collection,cooking_fume,exposure,,false,false,,rule_fallback_v0,2923,4095,2508,3139,28,45,55,28.2,62.1,true,unclassified,1780392884514
6056,node_01,1780392884,data_collection,cooking_fume,exposure,,false,false,,rule_fallback_v0,2930,4095,2511,3139,27,44,54,28.2,62,true,unclassified,1780392885589
6057,node_01,1780392885,data_collection,cooking_fume,exposure,,false,false,,rule_fallback_v0,2933,4095,2508,3139,27,44,54,28.2,62,true,unclassified,1780392886582
6058,node_01,1780392886,data_collection,cooking_fume,exposure,,false,false,,rule_fallback_v0,2931,4095,2505,3139,27,44,53,28.2,62,true,unclassified,1780392887628
6059,node_01,1780392887,data_collection,cooking_fume,exposure,,false,false,,rule_fallback_v0,2932,4095,2508,3139,28,45,54,28.1,61.9,true,unclassified,1780392888764
6060,node_01,1780392888,data_collection,cooking_fume,exposure,,false,false,,rule_fallback_v0,2934,4095,2507,3139,28,44,54,28.1,61.9,true,unclassified,1780392889787
6061,node_01,1780392890,data_collection,cooking_fume,exposure,,false,false,,rule_fallback_v0,2926,4095,2507,3139,28,44,54,28.1,61.9,true,unclassified,1780392890811
6062,node_01,1780392891,data_collection,cooking_fume,exposure,,false,false,,rule_fallback_v0,2932,4095,2509,3139,27,43,53,28.1,61.8,true,unclassified,1780392891838
6063,node_01,1780392892,data_collection,cooking_fume,exposure,,false,false,,rule_fallback_v0,2927,4095,2508,3139,26,43,53,28.1,61.8,true,unclassified,1780392892851
6064,node_01,1780392893,data_collection,cooking_fume,exposure,,false,false,,rule_fallback_v0,2936,4095,2506,3139,26,43,52,28.1,61.8,true,unclassified,1780392893988
6065,node_01,1780392894,data_collection,cooking_fume,exposure,,false,false,,rule_fallback_v0,2930,4095,2506,3139,26,43,52,28.2,61.6,true,unclassified,1780392895009
6066,node_01,1780392895,data_collection,cooking_fume,exposure,,false,false,,rule_fallback_v0,2927,4095,2506,3139,26,43,52,28.2,61.6,true,unclassified,1780392895983
6067,node_01,1780392896,data_collection,cooking_fume,exposure,,false,false,,rule_fallback_v0,2929,4095,2508,3139,27,44,53,28.2,61.6,true,unclassified,1780392897057
6068,node_01,1780392897,data_collection,cooking_fume,exposure,,false,false,,rule_fallback_v0,2939,4095,2511,3139,27,44,53,28.2,61.6,true,unclassified,1780392898083
6069,node_01,1780392898,data_collection,cooking_fume,exposure,,false,false,,rule_fallback_v0,2928,4095,2508,3139,27,44,53,28.2,61.6,true,unclassified,1780392899209
6070,node_01,1780392899,data_collection,cooking_fume,exposure,,false,false,,rule_fallback_v0,2932,4095,2507,3139,27,44,54,28.2,61.6,true,unclassified,1780392900232
6071,node_01,1780392900,data_collection,cooking_fume,exposure,,false,false,,rule_fallback_v0,2930,4095,2508,3139,27,44,54,28.2,61.6,true,unclassified,1780392901258
6072,node_01,1780392901,data_collection,cooking_fume,exposure,,false,false,,rule_fallback_v0,2929,4095,2507,3139,27,44,54,28.2,61.6,true,unclassified,1780392902253
6073,node_01,1780392902,data_collection,cooking_fume,exposure,,false,false,,rule_fallback_v0,2927,4095,2507,3139,27,44,54,28.2,61.6,true,unclassified,1780392903305
6074,node_01,1780392903,data_collection,cooking_fume,exposure,,false,false,,rule_fallback_v0,2933,4095,2507,3139,27,44,55,28.2,61.6,true,unclassified,1780392904432
6075,node_01,1780392904,data_collection,cooking_fume,exposure,,false,false,,rule_fallback_v0,2930,4095,2507,3139,27,44,55,28.2,61.6,true,unclassified,1780392905455
6076,node_01,1780392905,data_collection,cooking_fume,exposure,,false,false,,rule_fallback_v0,2929,4095,2507,3139,27,44,55,28.2,61.6,true,unclassified,1780392906481
6077,node_01,1780392906,data_collection,cooking_fume,exposure,,false,false,,rule_fallback_v0,2926,4095,2506,3139,28,44,55,28.2,61.7,true,unclassified,1780392907476
6078,node_01,1780392907,data_collection,cooking_fume,exposure,,false,false,,rule_fallback_v0,2935,4095,2508,3139,28,44,55,28.2,61.7,true,unclassified,1780392908732
6079,node_01,1780392908,data_collection,cooking_fume,exposure,,false,false,,rule_fallback_v0,2925,4095,2506,3139,27,43,54,28.2,61.7,true,unclassified,1780392909566
6080,node_01,1780392909,data_collection,cooking_fume,exposure,,false,false,,rule_fallback_v0,2932,4095,2507,3139,27,43,54,28.2,61.5,true,unclassified,1780392910610
6081,node_01,1780392910,data_collection,cooking_fume,exposure,,false,false,,rule_fallback_v0,2927,4095,2508,3139,27,43,54,28.2,61.5,true,unclassified,1780392911701
6082,node_01,1780392911,data_collection,cooking_fume,exposure,,false,false,,rule_fallback_v0,2930,4095,2509,3139,27,44,54,28.2,61.5,true,unclassified,1780392912698
6083,node_01,1780392913,data_collection,cooking_fume,exposure,,false,false,,rule_fallback_v0,2929,4095,2508,3139,27,44,54,28.2,61.8,true,unclassified,1780392913854
6084,node_01,1780392914,data_collection,cooking_fume,exposure,,false,false,,rule_fallback_v0,2928,4095,2508,3139,27,44,54,28.2,61.8,true,unclassified,1780392914788
6085,node_01,1780392915,data_collection,cooking_fume,exposure,,false,false,,rule_fallback_v0,2930,4095,2508,3139,27,44,54,28.2,61.8,true,unclassified,1780392915901
6086,node_01,1780392916,data_collection,cooking_fume,exposure,,false,false,,rule_fallback_v0,2936,4095,2506,3139,27,44,54,28.2,61.6,true,unclassified,1780392916881
6087,node_01,1780392917,data_collection,cooking_fume,exposure,,false,false,,rule_fallback_v0,2928,4095,2509,3139,27,44,54,28.2,61.6,true,unclassified,1780392917948
6088,node_01,1780392918,data_collection,cooking_fume,exposure,,false,false,,rule_fallback_v0,2936,4095,2506,3139,27,44,55,28.2,61.6,true,unclassified,1780392919077
6089,node_01,1780392919,data_collection,cooking_fume,exposure,,false,false,,rule_fallback_v0,2928,4095,2507,3139,27,45,55,28.2,61.8,true,unclassified,1780392920103
6090,node_01,1780392920,data_collection,cooking_fume,exposure,,false,false,,rule_fallback_v0,2929,4095,2507,3139,27,45,55,28.2,61.8,true,unclassified,1780392921122
6091,node_01,1780392921,data_collection,cooking_fume,exposure,,false,false,,rule_fallback_v0,2928,4095,2508,3139,27,45,55,28.2,61.8,true,unclassified,1780392922104
6092,node_01,1780392922,data_collection,cooking_fume,exposure,,false,false,,rule_fallback_v0,2926,4095,2509,3139,27,45,55,28.2,61.9,true,unclassified,1780392923170
6093,node_01,1780392923,data_collection,cooking_fume,exposure,,false,false,,rule_fallback_v0,2931,4095,2508,3139,28,46,56,28.2,61.9,true,unclassified,1780392924195
6094,node_01,1780392924,data_collection,cooking_fume,exposure,,false,false,,rule_fallback_v0,2928,4095,2508,3139,28,46,56,28.2,61.9,true,unclassified,1780392925239
6095,node_01,1780392925,data_collection,cooking_fume,exposure,,false,false,,rule_fallback_v0,2931,4095,2508,3139,28,45,56,28.2,61.8,true,unclassified,1780392926344
6096,node_01,1780392926,data_collection,cooking_fume,exposure,,false,false,,rule_fallback_v0,2927,4095,2506,3139,27,44,55,28.2,61.8,true,unclassified,1780392927326
6097,node_01,1780392927,data_collection,cooking_fume,exposure,,false,false,,rule_fallback_v0,2927,4095,2508,3139,27,44,55,28.2,61.8,true,unclassified,1780392928377
6098,node_01,1780392928,data_collection,cooking_fume,exposure,,false,false,,rule_fallback_v0,2938,4095,2506,3139,27,44,55,28.2,61.5,true,unclassified,1780392929416
6099,node_01,1780392929,data_collection,cooking_fume,exposure,,false,false,,rule_fallback_v0,2928,4095,2507,3139,28,45,55,28.2,61.5,true,unclassified,1780392930461
6100,node_01,1780392930,data_collection,cooking_fume,exposure,,false,false,,rule_fallback_v0,2937,4095,2506,3139,28,45,55,28.2,61.5,true,unclassified,1780392931554
6101,node_01,1780392931,data_collection,cooking_fume,exposure,,false,false,,rule_fallback_v0,2926,4095,2509,3139,28,45,55,28.2,61.6,true,unclassified,1780392932591
6102,node_01,1780392932,data_collection,cooking_fume,exposure,,false,false,,rule_fallback_v0,2934,4095,2509,3139,27,44,54,28.2,61.6,true,unclassified,1780392933618
6103,node_01,1780392933,data_collection,cooking_fume,exposure,,false,false,,rule_fallback_v0,2928,4095,2508,3139,27,44,54,28.2,61.6,true,unclassified,1780392934648
6104,node_01,1780392934,data_collection,cooking_fume,exposure,,false,false,,rule_fallback_v0,2931,4095,2511,3139,27,43,54,28.2,61.5,true,unclassified,1780392935681
6105,node_01,1780392935,data_collection,cooking_fume,exposure,,false,false,,rule_fallback_v0,2926,4095,2508,3139,28,44,55,28.2,61.5,true,unclassified,1780392936789
6106,node_01,1780392937,data_collection,cooking_fume,exposure,,false,false,,rule_fallback_v0,2941,4095,2508,3139,28,44,55,28.2,61.5,true,unclassified,1780392937818
6107,node_01,1780392938,data_collection,cooking_fume,exposure,,false,false,,rule_fallback_v0,2929,4095,2507,3139,28,44,55,28.2,61.5,true,unclassified,1780392938837
6108,node_01,1780392939,data_collection,cooking_fume,exposure,,false,false,,rule_fallback_v0,2934,4095,2507,3139,28,44,55,28.2,61.5,true,unclassified,1780392939963
6109,node_01,1780392940,data_collection,cooking_fume,exposure,,false,false,,rule_fallback_v0,2931,4095,2509,3139,28,44,55,28.2,61.5,true,unclassified,1780392940904
6110,node_01,1780392941,data_collection,cooking_fume,exposure,,false,false,,rule_fallback_v0,2928,4095,2507,3139,28,44,55,28.2,61.5,true,unclassified,1780392942016
6111,node_01,1780392942,data_collection,cooking_fume,exposure,,false,false,,rule_fallback_v0,2931,4095,2508,3139,28,44,55,28.2,61.5,true,unclassified,1780392943029
6112,node_01,1780392943,data_collection,cooking_fume,exposure,,false,false,,rule_fallback_v0,2926,4095,2507,3139,28,44,55,28.2,61.5,true,unclassified,1780392944059
6113,node_01,1780392944,data_collection,cooking_fume,exposure,,false,false,,rule_fallback_v0,2929,4095,2508,3139,27,43,54,28.2,61.6,true,unclassified,1780392945184
6114,node_01,1780392945,data_collection,cooking_fume,exposure,,false,false,,rule_fallback_v0,2944,4095,2506,3139,27,43,54,28.2,61.6,true,unclassified,1780392946217
6115,node_01,1780392946,data_collection,cooking_fume,exposure,,false,false,,rule_fallback_v0,2930,4095,2509,3139,27,43,54,28.2,61.6,true,unclassified,1780392947233
6116,node_01,1780392947,data_collection,cooking_fume,exposure,,false,false,,rule_fallback_v0,2932,4095,2505,3139,28,44,55,28.2,61.6,true,unclassified,1780392948222
6117,node_01,1780392948,data_collection,cooking_fume,exposure,,false,false,,rule_fallback_v0,2932,4095,2508,3139,28,44,54,28.2,61.6,true,unclassified,1780392949281
6118,node_01,1780392949,data_collection,cooking_fume,exposure,,false,false,,rule_fallback_v0,2936,4095,2506,3139,28,44,54,28.2,61.6,true,unclassified,1780392950407
6119,node_01,1780392950,data_collection,cooking_fume,exposure,,false,false,,rule_fallback_v0,2930,4095,2505,3139,28,44,55,28.2,61.2,true,unclassified,1780392951352
6120,node_01,1780392951,data_collection,cooking_fume,exposure,,false,false,,rule_fallback_v0,2933,4095,2509,3139,28,44,55,28.2,61.2,true,unclassified,1780392952396
6121,node_01,1780392952,data_collection,cooking_fume,exposure,,false,false,,rule_fallback_v0,2927,4095,2507,3139,28,45,55,28.2,61.2,true,unclassified,1780392953478
6122,node_01,1780392953,data_collection,cooking_fume,exposure,,false,false,,rule_fallback_v0,2937,4095,2509,3139,28,45,55,28.2,61.3,true,unclassified,1780392954503
6123,node_01,1780392954,data_collection,cooking_fume,exposure,,false,false,,rule_fallback_v0,2929,4095,2508,3139,28,45,55,28.2,61.3,true,unclassified,1780392955532
6124,node_01,1780392955,data_collection,cooking_fume,exposure,,false,false,,rule_fallback_v0,2933,4095,2509,3139,28,45,55,28.2,61.3,true,unclassified,1780392956659
6125,node_01,1780392956,data_collection,cooking_fume,exposure,,false,false,,rule_fallback_v0,2928,4095,2507,3139,28,45,55,28.2,61.3,true,unclassified,1780392957681
6126,node_01,1780392957,data_collection,cooking_fume,exposure,,false,false,,rule_fallback_v0,2939,4095,2507,3139,28,44,55,28.2,61.3,true,unclassified,1780392958672
6127,node_01,1780392958,data_collection,cooking_fume,exposure,,false,false,,rule_fallback_v0,2930,4095,2507,3139,27,43,54,28.2,61.3,true,unclassified,1780392959728
6128,node_01,1780392960,data_collection,cooking_fume,exposure,,false,false,,rule_fallback_v0,2932,4095,2511,3139,27,43,54,28.2,61.3,true,unclassified,1780392960754
6129,node_01,1780392961,data_collection,cooking_fume,exposure,,false,false,,rule_fallback_v0,2931,4095,2505,3139,27,43,54,28.2,61.3,true,unclassified,1780392961800
6130,node_01,1780392962,data_collection,cooking_fume,exposure,,false,false,,rule_fallback_v0,2931,4095,2509,3139,27,43,54,28.2,61.3,true,unclassified,1780392962900
6131,node_01,1780392963,data_collection,cooking_fume,exposure,,false,false,,rule_fallback_v0,2932,4095,2507,3139,27,43,53,28.2,61.3,true,unclassified,1780392963924
6132,node_01,1780392964,data_collection,cooking_fume,exposure,,false,false,,rule_fallback_v0,2941,4095,2508,3139,26,43,53,28.2,61.3,true,unclassified,1780392964933
6133,node_01,1780392965,data_collection,cooking_fume,exposure,,false,false,,rule_fallback_v0,2927,4095,2509,3139,27,43,54,28.2,61.3,true,unclassified,1780392965981
6134,node_01,1780392966,data_collection,cooking_fume,exposure,,false,false,,rule_fallback_v0,2935,4095,2509,3139,27,43,53,28.2,61.3,true,unclassified,1780392967098
6135,node_01,1780392967,data_collection,cooking_fume,exposure,,false,false,,rule_fallback_v0,2930,4095,2509,3139,27,43,53,28.2,61.3,true,unclassified,1780392968123
6136,node_01,1780392968,data_collection,cooking_fume,exposure,,false,false,,rule_fallback_v0,2933,4095,2509,3139,27,43,53,28.2,61.3,true,unclassified,1780392969147
6137,node_01,1780392969,data_collection,cooking_fume,exposure,,false,false,,rule_fallback_v0,2936,4095,2508,3139,27,43,53,28.2,61.6,true,unclassified,1780392970171
6138,node_01,1780392970,data_collection,cooking_fume,exposure,,false,false,,rule_fallback_v0,2929,4095,2508,3139,27,43,53,28.2,61.6,true,unclassified,1780392971202
6139,node_01,1780392971,data_collection,cooking_fume,exposure,,false,false,,rule_fallback_v0,2932,4095,2507,3139,26,41,51,28.2,61.6,true,unclassified,1780392972323
6140,node_01,1780392972,data_collection,cooking_fume,exposure,,false,false,,rule_fallback_v0,2935,4095,2509,3139,25,41,51,28.2,61.2,true,unclassified,1780392973345
6141,node_01,1780392973,data_collection,cooking_fume,exposure,,false,false,,rule_fallback_v0,2932,4095,2509,3139,25,41,50,28.2,61.2,true,unclassified,1780392974369
6142,node_01,1780392974,data_collection,cooking_fume,exposure,,false,false,,rule_fallback_v0,2945,4095,2508,3139,26,42,51,28.2,61.2,true,unclassified,1780392975393
6143,node_01,1780392975,data_collection,cooking_fume,exposure,,false,false,,rule_fallback_v0,2929,4095,2509,3139,26,42,51,28.1,61.2,true,unclassified,1780392976427
6144,node_01,1780392976,data_collection,cooking_fume,exposure,,false,false,,rule_fallback_v0,2927,4095,2507,3139,26,42,51,28.1,61.2,true,unclassified,1780392977480
6145,node_01,1780392977,data_collection,cooking_fume,exposure,,false,false,,rule_fallback_v0,2932,4095,2509,3139,26,41,50,28.1,61.2,true,unclassified,1780392978567
6146,node_01,1780392978,data_collection,cooking_fume,exposure,,false,false,,rule_fallback_v0,2935,4095,2507,3139,26,41,50,28.2,61.3,true,unclassified,1780392979565
6147,node_01,1780392979,data_collection,cooking_fume,exposure,,false,false,,rule_fallback_v0,2931,4095,2507,3139,27,42,52,28.2,61.3,true,unclassified,1780392980717
6148,node_01,1780392980,data_collection,cooking_fume,exposure,,false,false,,rule_fallback_v0,2942,4095,2508,3139,27,42,52,28.2,61.3,true,unclassified,1780392981650
6149,node_01,1780392981,data_collection,cooking_fume,exposure,,false,false,,rule_fallback_v0,2932,4095,2508,3139,27,42,52,28.2,61,true,unclassified,1780392982765
6150,node_01,1780392983,data_collection,cooking_fume,exposure,,false,false,,rule_fallback_v0,2939,4095,2508,3139,27,43,53,28.2,61,true,unclassified,1780392983783
6151,node_01,1780392984,data_collection,cooking_fume,exposure,,false,false,,rule_fallback_v0,2930,4095,2508,3139,27,43,53,28.2,61,true,unclassified,1780392984815
6152,node_01,1780392985,data_collection,cooking_fume,exposure,,false,false,,rule_fallback_v0,2944,4095,2510,3139,28,43,53,28.2,61,true,unclassified,1780392985835
6153,node_01,1780392986,data_collection,cooking_fume,exposure,,false,false,,rule_fallback_v0,2929,4095,2508,3139,28,43,53,28.2,61,true,unclassified,1780392986964
6154,node_01,1780392987,data_collection,cooking_fume,exposure,,false,false,,rule_fallback_v0,2935,4095,2509,3139,28,43,53,28.2,61,true,unclassified,1780392987992
6155,node_01,1780392988,data_collection,cooking_fume,exposure,,false,false,,rule_fallback_v0,2929,4095,2508,3139,28,43,54,28.2,61,true,unclassified,1780392988970
6156,node_01,1780392989,data_collection,cooking_fume,exposure,,false,false,,rule_fallback_v0,2943,4095,2509,3139,28,44,54,28.2,61,true,unclassified,1780392990036
6157,node_01,1780392990,data_collection,cooking_fume,exposure,,false,false,,rule_fallback_v0,2933,4095,2507,3139,28,44,54,28.2,61,true,unclassified,1780392991163
6158,node_01,1780392991,data_collection,cooking_fume,exposure,,false,false,,rule_fallback_v0,2939,4095,2509,3139,28,44,54,28.2,61.1,true,unclassified,1780392992102
6159,node_01,1780392992,data_collection,cooking_fume,exposure,,false,false,,rule_fallback_v0,2932,4095,2507,3139,27,43,53,28.2,61.1,true,unclassified,1780392993211
6160,node_01,1780392993,data_collection,cooking_fume,exposure,,false,false,,rule_fallback_v0,2939,4095,2507,3139,27,43,53,28.2,61.1,true,unclassified,1780392994193
6161,node_01,1780392994,data_collection,cooking_fume,exposure,,false,false,,rule_fallback_v0,2932,4095,2509,3139,27,43,53,28.2,61.3,true,unclassified,1780392995259
6162,node_01,1780392995,data_collection,cooking_fume,exposure,,false,false,,rule_fallback_v0,2938,4095,2507,3139,27,44,53,28.2,61.3,true,unclassified,1780392996383
6163,node_01,1780392996,data_collection,cooking_fume,exposure,,false,false,,rule_fallback_v0,2932,4095,2507,3139,27,44,53,28.2,61.3,true,unclassified,1780392997325
6164,node_01,1780392997,data_collection,cooking_fume,exposure,,false,false,,rule_fallback_v0,2934,4095,2507,3139,27,44,53,28.2,61,true,unclassified,1780392998435
6165,node_01,1780392998,data_collection,cooking_fume,exposure,,false,false,,rule_fallback_v0,2933,4095,2509,3139,26,43,52,28.2,61,true,unclassified,1780392999458
6166,node_01,1780392999,data_collection,cooking_fume,exposure,,false,false,,rule_fallback_v0,2934,4095,2508,3139,26,43,52,28.2,61,true,unclassified,1780393000480
6167,node_01,1780393000,data_collection,cooking_fume,exposure,,false,false,,rule_fallback_v0,2927,4095,2509,3139,26,44,53,28.2,60.8,true,unclassified,1780393001503
6168,node_01,1780393001,data_collection,cooking_fume,exposure,,false,false,,rule_fallback_v0,2938,4095,2507,3139,26,44,53,28.2,60.8,true,unclassified,1780393002550
6169,node_01,1780393002,data_collection,cooking_fume,exposure,,false,false,,rule_fallback_v0,2928,4095,2508,3139,26,44,53,28.2,60.8,true,unclassified,1780393003596
6170,node_01,1780393003,data_collection,cooking_fume,exposure,,false,false,,rule_fallback_v0,2932,4095,2508,3139,25,43,51,28.2,61,true,unclassified,1780393004679
6171,node_01,1780393004,data_collection,cooking_fume,exposure,,false,false,,rule_fallback_v0,2932,4095,2508,3139,25,43,51,28.2,61,true,unclassified,1780393005704
6172,node_01,1780393005,data_collection,cooking_fume,exposure,,false,false,,rule_fallback_v0,2942,4095,2508,3139,25,43,51,28.2,61,true,unclassified,1780393006809
6173,node_01,1780393007,data_collection,cooking_fume,exposure,,false,false,,rule_fallback_v0,2928,4095,2508,3139,26,44,52,28.2,61.1,true,unclassified,1780393007855
6174,node_01,1780393008,data_collection,cooking_fume,exposure,,false,false,,rule_fallback_v0,2942,4095,2509,3139,26,44,52,28.2,61.1,true,unclassified,1780393008876
6175,node_01,1780393009,data_collection,cooking_fume,exposure,,false,false,,rule_fallback_v0,2929,4095,2508,3139,26,44,52,28.2,61.1,true,unclassified,1780393009902
6176,node_01,1780393010,data_collection,cooking_fume,exposure,,false,false,,rule_fallback_v0,2927,4095,2512,3139,25,43,51,28.2,60.7,true,unclassified,1780393010925
6177,node_01,1780393011,data_collection,cooking_fume,exposure,,false,false,,rule_fallback_v0,2933,4095,2508,3139,25,43,51,28.2,60.7,true,unclassified,1780393011960
6178,node_01,1780393012,data_collection,cooking_fume,exposure,,false,false,,rule_fallback_v0,2930,4095,2507,3139,25,43,51,28.2,60.7,true,unclassified,1780393013077
6179,node_01,1780393013,data_collection,cooking_fume,exposure,,false,false,,rule_fallback_v0,2931,4095,2508,3139,25,43,51,28.2,60.9,true,unclassified,1780393014100
6180,node_01,1780393014,data_collection,cooking_fume,exposure,,false,false,,rule_fallback_v0,2929,4095,2509,3139,25,43,51,28.2,60.9,true,unclassified,1780393015125
6181,node_01,1780393015,data_collection,cooking_fume,exposure,,false,false,,rule_fallback_v0,2930,4095,2507,3139,25,43,51,28.2,60.9,true,unclassified,1780393016148
6182,node_01,1780393016,data_collection,cooking_fume,exposure,,false,false,,rule_fallback_v0,2934,4095,2512,3139,26,44,52,28.2,60.6,true,unclassified,1780393017182
6183,node_01,1780393017,data_collection,cooking_fume,exposure,,false,false,,rule_fallback_v0,2928,4095,2510,3139,26,44,52,28.2,60.6,true,unclassified,1780393018299
6184,node_01,1780393018,data_collection,cooking_fume,exposure,,false,false,,rule_fallback_v0,2940,4095,2506,3139,26,44,52,28.2,60.6,true,unclassified,1780393019293
6185,node_01,1780393019,data_collection,cooking_fume,exposure,,false,false,,rule_fallback_v0,2931,4095,2509,3139,25,43,52,28.2,60.7,true,unclassified,1780393020346
6186,node_01,1780393020,data_collection,cooking_fume,exposure,,false,false,,rule_fallback_v0,2933,4095,2509,3139,25,43,52,28.2,60.7,true,unclassified,1780393021354
6187,node_01,1780393021,data_collection,cooking_fume,exposure,,false,false,,rule_fallback_v0,2933,4095,2509,3139,26,43,53,28.2,60.7,true,unclassified,1780393022497
6188,node_01,1780393022,data_collection,cooking_fume,exposure,,false,false,,rule_fallback_v0,2939,4095,2507,3139,26,43,53,28.2,60.8,true,unclassified,1780393023527
6189,node_01,1780393023,data_collection,cooking_fume,exposure,,false,false,,rule_fallback_v0,2934,4095,2507,3139,26,43,53,28.2,60.8,true,unclassified,1780393024493
6190,node_01,1780393024,data_collection,cooking_fume,exposure,,false,false,,rule_fallback_v0,2937,4095,2508,3139,26,43,53,28.2,60.8,true,unclassified,1780393025569
6191,node_01,1780393025,data_collection,cooking_fume,exposure,,false,false,,rule_fallback_v0,2928,4095,2509,3139,25,43,53,28.2,60.8,true,unclassified,1780393026594
6192,node_01,1780393026,data_collection,cooking_fume,exposure,,false,false,,rule_fallback_v0,2936,4095,2507,3139,25,43,53,28.2,60.8,true,unclassified,1780393027626
6193,node_01,1780393027,data_collection,cooking_fume,exposure,,false,false,,rule_fallback_v0,2930,4095,2509,3139,25,43,53,28.2,60.8,true,unclassified,1780393028745
6194,node_01,1780393028,data_collection,cooking_fume,exposure,,false,false,,rule_fallback_v0,2943,4095,2508,3139,25,43,53,28.2,61.1,true,unclassified,1780393029767
6195,node_01,1780393030,data_collection,cooking_fume,exposure,,false,false,,rule_fallback_v0,2930,4095,2507,3139,25,43,52,28.2,61.1,true,unclassified,1780393030894
6196,node_01,1780393031,data_collection,cooking_fume,exposure,,false,false,,rule_fallback_v0,2936,4095,2508,3139,24,42,51,28.2,61.1,true,unclassified,1780393031815
6197,node_01,1780393032,data_collection,cooking_fume,exposure,,false,false,,rule_fallback_v0,2931,4095,2507,3139,24,42,51,28.2,61.1,true,unclassified,1780393032943
6198,node_01,1780393033,data_collection,cooking_fume,exposure,,false,false,,rule_fallback_v0,2934,4095,2508,3139,24,41,51,28.2,61.1,true,unclassified,1780393033893
6199,node_01,1780393034,data_collection,cooking_fume,exposure,,false,false,,rule_fallback_v0,2930,4095,2509,3139,24,41,50,28.2,61.1,true,unclassified,1780393034991
6200,node_01,1780393035,data_collection,cooking_fume,exposure,,false,false,,rule_fallback_v0,2939,4095,2507,3139,24,41,50,28.2,61.2,true,unclassified,1780393036014
6201,node_01,1780393036,data_collection,cooking_fume,exposure,,false,false,,rule_fallback_v0,2930,4095,2507,3139,24,41,49,28.2,61.2,true,unclassified,1780393037037
6202,node_01,1780393037,data_collection,cooking_fume,exposure,,false,false,,rule_fallback_v0,2934,4095,2508,3139,24,41,49,28.2,61.2,true,unclassified,1780393038073
6203,node_01,1780393038,data_collection,cooking_fume,exposure,,false,false,,rule_fallback_v0,2928,4095,2506,3139,24,41,49,28.2,61.4,true,unclassified,1780393039188
6204,node_01,1780393039,data_collection,cooking_fume,exposure,,false,false,,rule_fallback_v0,2929,4095,2508,3139,24,41,49,28.2,61.4,true,unclassified,1780393040212
6205,node_01,1780393040,data_collection,cooking_fume,exposure,,false,false,,rule_fallback_v0,2934,4095,2509,3139,25,42,50,28.2,61.4,true,unclassified,1780393041236
6206,node_01,1780393041,data_collection,cooking_fume,exposure,,false,false,,rule_fallback_v0,2931,4095,2509,3139,25,42,50,28.2,61.3,true,unclassified,1780393042259
6207,node_01,1780393042,data_collection,cooking_fume,exposure,,false,false,,rule_fallback_v0,2931,4095,2511,3139,25,42,50,28.2,61.3,true,unclassified,1780393043387
6208,node_01,1780393043,data_collection,cooking_fume,exposure,,false,false,,rule_fallback_v0,2933,4095,2506,3139,25,42,50,28.2,61.3,true,unclassified,1780393044411
6209,node_01,1780393044,data_collection,cooking_fume,exposure,,false,false,,rule_fallback_v0,2928,4095,2510,3139,25,42,50,28.2,60.9,true,unclassified,1780393045393
6210,node_01,1780393045,data_collection,cooking_fume,exposure,,false,false,,rule_fallback_v0,2938,4095,2507,3139,25,42,50,28.2,60.9,true,unclassified,1780393046458
6211,node_01,1780393046,data_collection,cooking_fume,exposure,,false,false,,rule_fallback_v0,2929,4095,2509,3139,25,42,50,28.2,60.9,true,unclassified,1780393047498
6212,node_01,1780393047,data_collection,cooking_fume,exposure,,false,false,,rule_fallback_v0,2935,4095,2508,3139,26,42,50,28.2,61.1,true,unclassified,1780393048571
6213,node_01,1780393048,data_collection,cooking_fume,exposure,,false,false,,rule_fallback_v0,2929,4095,2508,3139,26,42,50,28.2,61.1,true,unclassified,1780393049633
6214,node_01,1780393049,data_collection,cooking_fume,exposure,,false,false,,rule_fallback_v0,2938,4095,2507,3139,26,42,51,28.2,61.1,true,unclassified,1780393050656
6215,node_01,1780393050,data_collection,cooking_fume,exposure,,false,false,,rule_fallback_v0,2931,4095,2508,3139,26,42,51,28.2,60.8,true,unclassified,1780393051656
6216,node_01,1780393051,data_collection,cooking_fume,exposure,,false,false,,rule_fallback_v0,2932,4095,2507,3139,26,42,51,28.2,60.8,true,unclassified,1780393052705
6217,node_01,1780393053,data_collection,cooking_fume,exposure,,false,false,,rule_fallback_v0,2928,4095,2508,3139,26,42,51,28.2,60.8,true,unclassified,1780393053745
6218,node_01,1780393054,data_collection,cooking_fume,exposure,,false,false,,rule_fallback_v0,2937,4095,2509,3139,26,42,51,28.2,61.2,true,unclassified,1780393054792
6219,node_01,1780393055,data_collection,cooking_fume,exposure,,false,false,,rule_fallback_v0,2928,4095,2509,3139,26,42,52,28.2,61.2,true,unclassified,1780393055882
6220,node_01,1780393056,data_collection,cooking_fume,exposure,,false,false,,rule_fallback_v0,2933,4095,2507,3139,26,42,52,28.2,61.2,true,unclassified,1780393056907
6221,node_01,1780393057,data_collection,cooking_fume,exposure,,false,false,,rule_fallback_v0,2932,4095,2508,3139,26,42,52,28.2,61.1,true,unclassified,1780393057935
6222,node_01,1780393058,data_collection,cooking_fume,exposure,,false,false,,rule_fallback_v0,2934,4095,2509,3139,25,41,51,28.2,61.1,true,unclassified,1780393059056
6223,node_01,1780393059,data_collection,cooking_fume,exposure,,false,false,,rule_fallback_v0,2931,4095,2508,3139,25,42,51,28.2,61.1,true,unclassified,1780393060014
6224,node_01,1780393060,data_collection,cooking_fume,exposure,,false,false,,rule_fallback_v0,2932,4095,2509,3139,25,42,51,28.2,61,true,unclassified,1780393061101
6225,node_01,1780393061,data_collection,cooking_fume,exposure,,false,false,,rule_fallback_v0,2933,4095,2509,3139,25,42,52,28.2,61,true,unclassified,1780393062106
6226,node_01,1780393062,data_collection,cooking_fume,exposure,,false,false,,rule_fallback_v0,2930,4095,2510,3139,25,42,52,28.2,61,true,unclassified,1780393063252
6227,node_01,1780393063,data_collection,cooking_fume,exposure,,false,false,,rule_fallback_v0,2929,4095,2507,3139,26,43,53,28.2,61.2,true,unclassified,1780393064278
6228,node_01,1780393064,data_collection,cooking_fume,exposure,,false,false,,rule_fallback_v0,2945,4095,2506,3139,26,43,53,28.2,61.2,true,unclassified,1780393065300
6229,node_01,1780393065,data_collection,cooking_fume,exposure,,false,false,,rule_fallback_v0,2928,4095,2508,3139,26,43,53,28.2,61.2,true,unclassified,1780393066324
6230,node_01,1780393066,data_collection,cooking_fume,exposure,,false,false,,rule_fallback_v0,2937,4095,2510,3139,25,42,52,28.2,61.2,true,unclassified,1780393067348
6231,node_01,1780393067,data_collection,cooking_fume,exposure,,false,false,,rule_fallback_v0,2928,4095,2508,3139,25,41,51,28.2,61.2,true,unclassified,1780393068476
6232,node_01,1780393068,data_collection,cooking_fume,exposure,,false,false,,rule_fallback_v0,2931,4095,2509,3139,25,41,51,28.2,61.2,true,unclassified,1780393069498
6233,node_01,1780393069,data_collection,cooking_fume,exposure,,false,false,,rule_fallback_v0,2929,4095,2508,3139,25,41,51,28.2,61.3,true,unclassified,1780393070523
6234,node_01,1780393070,data_collection,cooking_fume,exposure,,false,false,,rule_fallback_v0,2933,4095,2509,3139,25,41,51,28.2,61.3,true,unclassified,1780393071547
6235,node_01,1780393071,data_collection,cooking_fume,exposure,,false,false,,rule_fallback_v0,2933,4095,2508,3139,25,41,50,28.2,61.3,true,unclassified,1780393072573
6236,node_01,1780393072,data_collection,cooking_fume,exposure,,false,false,,rule_fallback_v0,2942,4095,2508,3139,24,41,50,28.2,61.3,true,unclassified,1780393073701
6237,node_01,1780393073,data_collection,cooking_fume,exposure,,false,false,,rule_fallback_v0,2930,4095,2509,3139,24,41,49,28.2,61.3,true,unclassified,1780393074722
6238,node_01,1780393074,data_collection,cooking_fume,exposure,,false,false,,rule_fallback_v0,2941,4095,2510,3139,24,41,49,28.2,61.3,true,unclassified,1780393075748
6239,node_01,1780393075,data_collection,cooking_fume,exposure,,false,false,,rule_fallback_v0,2927,4095,2508,3139,25,42,50,28.2,60.9,true,unclassified,1780393076770
6240,node_01,1780393077,data_collection,cooking_fume,exposure,,false,false,,rule_fallback_v0,2942,4095,2507,3139,25,42,50,28.2,60.9,true,unclassified,1780393077795
6241,node_01,1780393078,data_collection,cooking_fume,exposure,,false,false,,rule_fallback_v0,2928,4095,2507,3139,25,42,49,28.2,60.9,true,unclassified,1780393078823
6242,node_01,1780393079,data_collection,cooking_fume,exposure,,false,false,,rule_fallback_v0,2943,4095,2510,3139,24,41,48,28.2,61.3,true,unclassified,1780393079943
6243,node_01,1780393080,data_collection,cooking_fume,exposure,,false,false,,rule_fallback_v0,2928,4095,2510,3139,24,41,48,28.2,61.3,true,unclassified,1780393080968
6244,node_01,1780393081,data_collection,cooking_fume,exposure,,false,false,,rule_fallback_v0,2931,4095,2507,3139,24,41,48,28.2,61.3,true,unclassified,1780393081955
6245,node_01,1780393082,data_collection,cooking_fume,exposure,,false,false,,rule_fallback_v0,2931,4095,2507,3139,24,41,49,28.2,60.9,true,unclassified,1780393083016
6246,node_01,1780393083,data_collection,cooking_fume,exposure,,false,false,,rule_fallback_v0,2928,4095,2508,3139,25,41,49,28.2,60.9,true,unclassified,1780393084143
6247,node_01,1780393084,data_collection,cooking_fume,exposure,,false,false,,rule_fallback_v0,2930,4095,2508,3139,25,41,49,28.2,60.9,true,unclassified,1780393085165
6248,node_01,1780393085,data_collection,cooking_fume,exposure,,false,false,,rule_fallback_v0,2923,4095,2508,3139,25,41,49,28.2,61.2,true,unclassified,1780393086189
6249,node_01,1780393086,data_collection,cooking_fume,exposure,,false,false,,rule_fallback_v0,2931,4095,2509,3139,25,41,49,28.2,61.2,true,unclassified,1780393087214
6250,node_01,1780393087,data_collection,cooking_fume,exposure,,false,false,,rule_fallback_v0,2937,4095,2507,3139,25,41,49,28.2,61.2,true,unclassified,1780393088224
6251,node_01,1780393088,data_collection,cooking_fume,exposure,,false,false,,rule_fallback_v0,2931,4095,2510,3139,25,41,49,28.2,61.3,true,unclassified,1780393089271
6252,node_01,1780393089,data_collection,cooking_fume,exposure,,false,false,,rule_fallback_v0,2929,4095,2507,3139,25,41,49,28.2,61.3,true,unclassified,1780393090388
6253,node_01,1780393090,data_collection,cooking_fume,exposure,,false,false,,rule_fallback_v0,2933,4095,2508,3139,25,41,49,28.2,61.3,true,unclassified,1780393091412
6254,node_01,1780393091,data_collection,cooking_fume,exposure,,false,false,,rule_fallback_v0,2931,4095,2505,3139,25,41,48,28.2,61.2,true,unclassified,1780393092436
6255,node_01,1780393092,data_collection,cooking_fume,exposure,,false,false,,rule_fallback_v0,2936,4095,2507,3139,25,41,48,28.2,61.2,true,unclassified,1780393093447
6256,node_01,1780393093,data_collection,cooking_fume,exposure,,false,false,,rule_fallback_v0,2929,4095,2509,3139,26,42,49,28.2,61.2,true,unclassified,1780393094588
6257,node_01,1780393094,data_collection,cooking_fume,exposure,,false,false,,rule_fallback_v0,2932,4095,2509,3139,26,41,49,28.2,61,true,unclassified,1780393095543
6258,node_01,1780393095,data_collection,cooking_fume,exposure,,false,false,,rule_fallback_v0,2930,4095,2508,3139,26,41,49,28.2,61,true,unclassified,1780393096634
6259,node_01,1780393096,data_collection,cooking_fume,exposure,,false,false,,rule_fallback_v0,2930,4095,2508,3139,26,41,49,28.2,61,true,unclassified,1780393097646
6260,node_01,1780393097,data_collection,cooking_fume,exposure,,false,false,,rule_fallback_v0,2933,4095,2508,3139,26,41,49,28.2,61.2,true,unclassified,1780393098693
6261,node_01,1780393098,data_collection,cooking_fume,exposure,,false,false,,rule_fallback_v0,2927,4095,2507,3139,26,41,49,28.2,61.2,true,unclassified,1780393099808
6262,node_01,1780393100,data_collection,cooking_fume,exposure,,false,false,,rule_fallback_v0,2942,4095,2507,3139,25,40,48,28.2,61.2,true,unclassified,1780393100761
6263,node_01,1780393101,data_collection,cooking_fume,exposure,,false,false,,rule_fallback_v0,2930,4095,2505,3139,25,40,48,28.2,61.2,true,unclassified,1780393101862
6264,node_01,1780393102,data_collection,cooking_fume,exposure,,false,false,,rule_fallback_v0,2939,4095,2508,3139,25,40,48,28.2,61.2,true,unclassified,1780393102853
6265,node_01,1780393103,data_collection,cooking_fume,exposure,,false,false,,rule_fallback_v0,2931,4095,2508,3139,25,41,48,28.2,61.2,true,unclassified,1780393103907
6266,node_01,1780393104,data_collection,cooking_fume,exposure,,false,false,,rule_fallback_v0,2932,4095,2511,3139,25,41,48,28.2,61.2,true,unclassified,1780393105034
6267,node_01,1780393105,data_collection,cooking_fume,exposure,,false,false,,rule_fallback_v0,2931,4095,2510,3139,26,42,49,28.2,61.2,true,unclassified,1780393106055
6268,node_01,1780393106,data_collection,cooking_fume,exposure,,false,false,,rule_fallback_v0,2935,4095,2507,3139,26,42,50,28.2,61.2,true,unclassified,1780393107079
6269,node_01,1780393107,data_collection,cooking_fume,exposure,,false,false,,rule_fallback_v0,2924,4095,2508,3139,26,42,50,28.2,61.1,true,unclassified,1780393108104
6270,node_01,1780393108,data_collection,cooking_fume,exposure,,false,false,,rule_fallback_v0,2940,4095,2507,3139,26,42,50,28.2,61.1,true,unclassified,1780393109225
6271,node_01,1780393109,data_collection,cooking_fume,exposure,,false,false,,rule_fallback_v0,2927,4095,2508,3139,26,42,50,28.2,61.1,true,unclassified,1780393110254
6272,node_01,1780393110,data_collection,cooking_fume,exposure,,false,false,,rule_fallback_v0,2941,4095,2508,3139,26,42,50,28.2,61.1,true,unclassified,1780393111277
6273,node_01,1780393111,data_collection,cooking_fume,exposure,,false,false,,rule_fallback_v0,2929,4095,2506,3139,26,42,50,28.2,61.1,true,unclassified,1780393112301
6274,node_01,1780393112,data_collection,cooking_fume,exposure,,false,false,,rule_fallback_v0,2934,4095,2508,3139,26,42,50,28.2,61.1,true,unclassified,1780393113325
6275,node_01,1780393113,data_collection,cooking_fume,exposure,,false,false,,rule_fallback_v0,2927,4095,2506,3139,26,42,50,28.2,61.2,true,unclassified,1780393114344
6276,node_01,1780393114,data_collection,cooking_fume,exposure,,false,false,,rule_fallback_v0,2938,4095,2508,3139,25,41,49,28.2,61.2,true,unclassified,1780393115476
6277,node_01,1780393115,data_collection,cooking_fume,exposure,,false,false,,rule_fallback_v0,2929,4095,2507,3139,25,41,49,28.2,61.2,true,unclassified,1780393116434
6278,node_01,1780393116,data_collection,cooking_fume,exposure,,false,false,,rule_fallback_v0,2934,4095,2508,3139,25,41,49,28.2,61,true,unclassified,1780393117485
6279,node_01,1780393117,data_collection,cooking_fume,exposure,,false,false,,rule_fallback_v0,2930,4095,2506,3139,25,41,49,28.2,61,true,unclassified,1780393118548
6280,node_01,1780393118,data_collection,cooking_fume,exposure,,false,false,,rule_fallback_v0,2933,4095,2507,3139,25,41,49,28.2,61,true,unclassified,1780393119674
6281,node_01,1780393119,data_collection,cooking_fume,exposure,,false,false,,rule_fallback_v0,2929,4095,2507,3139,25,41,49,28.2,61,true,unclassified,1780393120613
6282,node_01,1780393120,data_collection,cooking_fume,exposure,,false,false,,rule_fallback_v0,2933,4095,2508,3139,25,41,49,28.2,61,true,unclassified,1780393121722
6283,node_01,1780393121,data_collection,cooking_fume,exposure,,false,false,,rule_fallback_v0,2922,4095,2508,3139,25,41,49,28.2,61,true,unclassified,1780393122724
6284,node_01,1780393123,data_collection,cooking_fume,exposure,,false,false,,rule_fallback_v0,2935,4095,2509,3139,25,41,49,28.2,61.1,true,unclassified,1780393123770
6285,node_01,1780393124,data_collection,cooking_fume,exposure,,false,false,,rule_fallback_v0,2933,4095,2507,3139,26,42,50,28.2,61.1,true,unclassified,1780393124896
6286,node_01,1780393125,data_collection,cooking_fume,exposure,,false,false,,rule_fallback_v0,2945,4095,2507,3139,26,42,50,28.2,61.1,true,unclassified,1780393125836
6287,node_01,1780393126,data_collection,cooking_fume,exposure,,false,false,,rule_fallback_v0,2927,4095,2507,3139,25,41,49,28.2,61.1,true,unclassified,1780393126944
6288,node_01,1780393127,data_collection,cooking_fume,exposure,,false,false,,rule_fallback_v0,2934,4095,2508,3139,25,41,49,28.2,61.1,true,unclassified,1780393127969
6289,node_01,1780393128,data_collection,cooking_fume,exposure,,false,false,,rule_fallback_v0,2929,4095,2507,3139,25,41,49,28.2,61.1,true,unclassified,1780393128973
6290,node_01,1780393129,data_collection,cooking_fume,exposure,,false,false,,rule_fallback_v0,2931,4095,2508,3139,25,41,49,28.2,61.1,true,unclassified,1780393130018
6291,node_01,1780393130,data_collection,cooking_fume,exposure,,false,false,,rule_fallback_v0,2929,4095,2506,3139,25,41,49,28.2,61.1,true,unclassified,1780393131124
6292,node_01,1780393131,data_collection,cooking_fume,exposure,,false,false,,rule_fallback_v0,2938,4095,2509,3139,25,41,49,28.2,61.1,true,unclassified,1780393132167
6293,node_01,1780393132,data_collection,cooking_fume,exposure,,false,false,,rule_fallback_v0,2924,4095,2508,3139,25,41,49,28.2,61.1,true,unclassified,1780393133190
6294,node_01,1780393133,data_collection,cooking_fume,exposure,,false,false,,rule_fallback_v0,2929,4095,2506,3139,25,41,49,28.2,61.1,true,unclassified,1780393134195
6295,node_01,1780393134,data_collection,cooking_fume,exposure,,false,false,,rule_fallback_v0,2926,4095,2509,3139,24,41,49,28.2,61.1,true,unclassified,1780393135243
6296,node_01,1780393135,data_collection,cooking_fume,exposure,,false,false,,rule_fallback_v0,2939,4095,2508,3139,25,42,50,28.2,60.8,true,unclassified,1780393136285
6297,node_01,1780393136,data_collection,cooking_fume,exposure,,false,false,,rule_fallback_v0,2928,4095,2508,3139,25,42,50,28.2,60.8,true,unclassified,1780393137389
6298,node_01,1780393137,data_collection,cooking_fume,exposure,,false,false,,rule_fallback_v0,2932,4095,2507,3139,25,42,50,28.2,60.8,true,unclassified,1780393138413
6299,node_01,1780393138,data_collection,cooking_fume,exposure,,false,false,,rule_fallback_v0,2931,4095,2509,3139,24,41,49,28.2,60.8,true,unclassified,1780393139420
6300,node_01,1780393139,data_collection,cooking_fume,exposure,,false,false,,rule_fallback_v0,2933,4095,2507,3139,23,41,49,28.2,60.8,true,unclassified,1780393140470
6301,node_01,1780393140,data_collection,cooking_fume,exposure,,false,false,,rule_fallback_v0,2932,4095,2508,3139,23,41,48,28.2,60.8,true,unclassified,1780393141591
6302,node_01,1780393141,data_collection,cooking_fume,exposure,,false,false,,rule_fallback_v0,2933,4095,2507,3139,24,42,49,28.2,60.8,true,unclassified,1780393142554
6303,node_01,1780393142,data_collection,cooking_fume,exposure,,false,false,,rule_fallback_v0,2930,4095,2507,3139,24,42,49,28.2,60.8,true,unclassified,1780393143636
6304,node_01,1780393143,data_collection,cooking_fume,exposure,,false,false,,rule_fallback_v0,2931,4095,2509,3139,24,41,49,28.2,60.8,true,unclassified,1780393144644
6305,node_01,1780393144,data_collection,cooking_fume,exposure,,false,false,,rule_fallback_v0,2924,4095,2507,3139,24,41,49,28.2,60.8,true,unclassified,1780393145785
6306,node_01,1780393146,data_collection,cooking_fume,exposure,,false,false,,rule_fallback_v0,2935,4095,2507,3139,24,41,49,28.2,60.8,true,unclassified,1780393146811
6307,node_01,1780393147,data_collection,cooking_fume,exposure,,false,false,,rule_fallback_v0,2927,4095,2507,3139,23,40,48,28.2,60.8,true,unclassified,1780393147780
6308,node_01,1780393148,data_collection,cooking_fume,exposure,,false,false,,rule_fallback_v0,2936,4095,2509,3139,23,40,48,28.2,60.7,true,unclassified,1780393148858
6309,node_01,1780393149,data_collection,cooking_fume,exposure,,false,false,,rule_fallback_v0,2927,4095,2508,3139,23,40,48,28.2,60.7,true,unclassified,1780393149882
6310,node_01,1780393150,data_collection,cooking_fume,exposure,,false,false,,rule_fallback_v0,2936,4095,2509,3139,24,41,49,28.2,60.7,true,unclassified,1780393150959
6311,node_01,1780393151,data_collection,cooking_fume,exposure,,false,false,,rule_fallback_v0,2928,4095,2508,3139,24,41,49,28.2,60.8,true,unclassified,1780393152031
6312,node_01,1780393152,data_collection,cooking_fume,exposure,,false,false,,rule_fallback_v0,2929,4095,2507,3139,24,41,49,28.2,60.8,true,unclassified,1780393153056
6313,node_01,1780393153,data_collection,cooking_fume,exposure,,false,false,,rule_fallback_v0,2931,4095,2507,3139,23,40,48,28.2,60.8,true,unclassified,1780393154079
6314,node_01,1780393154,data_collection,cooking_fume,exposure,,false,false,,rule_fallback_v0,2934,4095,2511,3139,23,40,48,28.2,61,true,unclassified,1780393155104
6315,node_01,1780393155,data_collection,cooking_fume,exposure,,false,false,,rule_fallback_v0,2933,4095,2508,3139,22,40,48,28.2,61,true,unclassified,1780393156232
6316,node_01,1780393156,data_collection,cooking_fume,exposure,,false,false,,rule_fallback_v0,2929,4095,2510,3139,23,41,49,28.2,61,true,unclassified,1780393157214
6317,node_01,1780393157,data_collection,cooking_fume,exposure,,false,false,,rule_fallback_v0,2931,4095,2507,3139,23,41,49,28.2,61.2,true,unclassified,1780393158494
6318,node_01,1780393158,data_collection,cooking_fume,exposure,,false,false,,rule_fallback_v0,2939,4095,2508,3139,23,41,49,28.2,61.2,true,unclassified,1780393159314
6319,node_01,1780393159,data_collection,cooking_fume,exposure,,false,false,,rule_fallback_v0,2932,4095,2509,3139,23,41,49,28.2,61.2,true,unclassified,1780393160528
6320,node_01,1780393160,data_collection,cooking_fume,exposure,,false,false,,rule_fallback_v0,2938,4095,2508,3139,23,41,49,28.2,61.5,true,unclassified,1780393161452
6321,node_01,1780393161,data_collection,cooking_fume,exposure,,false,false,,rule_fallback_v0,2930,4095,2507,3139,23,41,49,28.2,61.5,true,unclassified,1780393162413
6322,node_01,1780393162,data_collection,cooking_fume,exposure,,false,false,,rule_fallback_v0,2937,4095,2507,3139,22,40,48,28.2,61.5,true,unclassified,1780393163456
6323,node_01,1780393163,data_collection,cooking_fume,exposure,,false,false,,rule_fallback_v0,2929,4095,2510,3139,22,40,48,28.2,61.4,true,unclassified,1780393164500
6324,node_01,1780393164,data_collection,cooking_fume,exposure,,false,false,,rule_fallback_v0,2938,4095,2506,3139,22,40,48,28.2,61.4,true,unclassified,1780393165596
6325,node_01,1780393165,data_collection,cooking_fume,exposure,,false,false,,rule_fallback_v0,2933,4095,2509,3139,22,40,48,28.2,61.4,true,unclassified,1780393166675
6326,node_01,1780393166,data_collection,cooking_fume,exposure,,false,false,,rule_fallback_v0,2933,4095,2508,3139,22,40,48,28.2,61.4,true,unclassified,1780393167701
6327,node_01,1780393167,data_collection,cooking_fume,exposure,,false,false,,rule_fallback_v0,2933,4095,2509,3139,23,41,49,28.2,61.4,true,unclassified,1780393168684
6328,node_01,1780393168,data_collection,cooking_fume,exposure,,false,false,,rule_fallback_v0,2933,4095,2507,3139,23,41,49,28.2,61.4,true,unclassified,1780393169739
6329,node_01,1780393170,data_collection,cooking_fume,exposure,,false,false,,rule_fallback_v0,2927,4095,2507,3139,24,41,49,28.2,61.4,true,unclassified,1780393170874
6330,node_01,1780393171,data_collection,cooking_fume,exposure,,false,false,,rule_fallback_v0,2936,4095,2508,3139,24,41,49,28.2,61.4,true,unclassified,1780393171812
6331,node_01,1780393172,data_collection,cooking_fume,exposure,,false,false,,rule_fallback_v0,2929,4095,2508,3139,24,41,49,28.2,61.4,true,unclassified,1780393172883
6332,node_01,1780393173,data_collection,cooking_fume,exposure,,false,false,,rule_fallback_v0,2940,4095,2509,3139,24,41,49,28.2,61.3,true,unclassified,1780393173945
6333,node_01,1780393174,data_collection,cooking_fume,exposure,,false,false,,rule_fallback_v0,2919,4095,2508,3139,23,40,48,28.2,61.3,true,unclassified,1780393174948
6334,node_01,1780393175,data_collection,cooking_fume,exposure,,false,false,,rule_fallback_v0,2941,4095,2508,3139,23,40,48,28.2,61.3,true,unclassified,1780393176100
6335,node_01,1780393176,data_collection,cooking_fume,exposure,,false,false,,rule_fallback_v0,2930,4095,2507,3139,23,40,48,28.2,61.3,true,unclassified,1780393177376
6336,node_01,1780393177,data_collection,cooking_fume,exposure,,false,false,,rule_fallback_v0,2932,4095,2507,3139,24,41,49,28.2,61.3,true,unclassified,1780393178083
6337,node_01,1780393178,data_collection,cooking_fume,exposure,,false,false,,rule_fallback_v0,2935,4095,2509,3139,24,41,49,28.2,61.3,true,unclassified,1780393179167
6338,node_01,1780393179,data_collection,cooking_fume,exposure,,false,false,,rule_fallback_v0,2936,4095,2511,3139,24,41,49,28.2,61.1,true,unclassified,1780393180200
6339,node_01,1780393180,data_collection,cooking_fume,exposure,,false,false,,rule_fallback_v0,2931,4095,2508,3139,23,40,48,28.2,61.1,true,unclassified,1780393181323
6340,node_01,1780393181,data_collection,cooking_fume,exposure,,false,false,,rule_fallback_v0,2933,4095,2509,3139,23,40,48,28.2,61.1,true,unclassified,1780393182342
6341,node_01,1780393182,data_collection,cooking_fume,exposure,,false,false,,rule_fallback_v0,2931,4095,2506,3139,23,40,48,28.2,61,true,unclassified,1780393183307
6342,node_01,1780393183,data_collection,cooking_fume,exposure,,false,false,,rule_fallback_v0,2942,4095,2508,3139,23,40,48,28.2,61,true,unclassified,1780393184390
6343,node_01,1780393184,data_collection,cooking_fume,exposure,,false,false,,rule_fallback_v0,2927,4095,2508,3139,23,40,48,28.2,61,true,unclassified,1780393185416
6344,node_01,1780393185,data_collection,cooking_fume,exposure,,false,false,,rule_fallback_v0,2936,4095,2510,3139,23,40,48,28.2,61,true,unclassified,1780393186444
6345,node_01,1780393186,data_collection,cooking_fume,exposure,,false,false,,rule_fallback_v0,2929,4095,2508,3139,24,41,49,28.2,61,true,unclassified,1780393187619
6346,node_01,1780393187,data_collection,cooking_fume,exposure,,false,false,,rule_fallback_v0,2939,4095,2509,3139,24,41,49,28.2,61,true,unclassified,1780393188587
6347,node_01,1780393188,data_collection,cooking_fume,exposure,,false,false,,rule_fallback_v0,2932,4095,2509,3139,24,41,49,28.2,60.9,true,unclassified,1780393189575
6348,node_01,1780393189,data_collection,cooking_fume,exposure,,false,false,,rule_fallback_v0,2931,4095,2507,3139,24,41,49,28.2,60.9,true,unclassified,1780393190636
6349,node_01,1780393190,data_collection,cooking_fume,exposure,,false,false,,rule_fallback_v0,2932,4095,2507,3139,24,41,49,28.2,60.9,true,unclassified,1780393191702
6350,node_01,1780393191,data_collection,cooking_fume,exposure,,false,false,,rule_fallback_v0,2942,4095,2511,3139,23,40,48,28.2,61,true,unclassified,1780393192787
6351,node_01,1780393193,data_collection,cooking_fume,exposure,,false,false,,rule_fallback_v0,2930,4095,2508,3139,23,40,48,28.2,61,true,unclassified,1780393193812
6352,node_01,1780393194,data_collection,cooking_fume,exposure,,false,false,,rule_fallback_v0,2931,4095,2507,3139,23,40,48,28.2,61,true,unclassified,1780393194838
6353,node_01,1780393195,data_collection,cooking_fume,exposure,,false,false,,rule_fallback_v0,2927,4095,2506,3139,23,40,48,28.2,61,true,unclassified,1780393195860
6354,node_01,1780393196,data_collection,cooking_fume,exposure,,false,false,,rule_fallback_v0,2937,4095,2508,3139,23,40,48,28.2,61,true,unclassified,1780393196991
6355,node_01,1780393197,data_collection,cooking_fume,exposure,,false,false,,rule_fallback_v0,2934,4095,2507,3139,23,40,48,28.2,61,true,unclassified,1780393197943
6356,node_01,1780393198,data_collection,cooking_fume,exposure,,false,false,,rule_fallback_v0,2942,4095,2508,3139,24,41,49,28.2,60.9,true,unclassified,1780393198984
6357,node_01,1780393199,data_collection,cooking_fume,exposure,,false,false,,rule_fallback_v0,2934,4095,2509,3139,24,42,49,28.2,60.9,true,unclassified,1780393200049
6358,node_01,1780393200,data_collection,cooking_fume,exposure,,false,false,,rule_fallback_v0,2935,4095,2506,3139,24,42,49,28.2,60.9,true,unclassified,1780393201083
6359,node_01,1780393201,data_collection,cooking_fume,exposure,,false,false,,rule_fallback_v0,2934,4095,2508,3139,24,42,49,28.2,61,true,unclassified,1780393202188
6360,node_01,1780393202,data_collection,cooking_fume,exposure,,false,false,,rule_fallback_v0,2938,4095,2507,3139,24,42,49,28.2,61,true,unclassified,1780393203185
6361,node_01,1780393203,data_collection,cooking_fume,exposure,,false,false,,rule_fallback_v0,2935,4095,2508,3139,24,42,49,28.2,61,true,unclassified,1780393204256
6362,node_01,1780393204,data_collection,cooking_fume,exposure,,false,false,,rule_fallback_v0,2938,4095,2508,3139,23,41,48,28.2,61,true,unclassified,1780393205255
6363,node_01,1780393205,data_collection,cooking_fume,exposure,,false,false,,rule_fallback_v0,2927,4095,2508,3139,23,40,48,28.2,61,true,unclassified,1780393206295
6364,node_01,1780393206,data_collection,cooking_fume,exposure,,false,false,,rule_fallback_v0,2943,4095,2507,3139,23,40,47,28.2,61,true,unclassified,1780393207340
6365,node_01,1780393207,data_collection,cooking_fume,exposure,,false,false,,rule_fallback_v0,2929,4095,2510,3139,23,40,47,28.2,60.8,true,unclassified,1780393208454
6366,node_01,1780393208,data_collection,cooking_fume,exposure,,false,false,,rule_fallback_v0,2933,4095,2507,3139,23,40,47,28.2,60.8,true,unclassified,1780393209478
6367,node_01,1780393209,data_collection,cooking_fume,exposure,,false,false,,rule_fallback_v0,2932,4095,2507,3139,23,40,47,28.2,60.8,true,unclassified,1780393210474
6368,node_01,1780393210,data_collection,cooking_fume,exposure,,false,false,,rule_fallback_v0,2929,4095,2507,3139,23,40,47,28.2,60.9,true,unclassified,1780393211629
6369,node_01,1780393211,data_collection,cooking_fume,exposure,,false,false,,rule_fallback_v0,2934,4095,2509,3139,23,40,47,28.2,60.9,true,unclassified,1780393212564
6370,node_01,1780393212,data_collection,cooking_fume,exposure,,false,false,,rule_fallback_v0,2934,4095,2508,3139,23,40,47,28.2,60.9,true,unclassified,1780393213613
6371,node_01,1780393213,data_collection,cooking_fume,exposure,,false,false,,rule_fallback_v0,2933,4095,2509,3139,23,40,47,28.2,60.7,true,unclassified,1780393214700
6372,node_01,1780393214,data_collection,cooking_fume,exposure,,false,false,,rule_fallback_v0,2932,4095,2509,3139,23,40,47,28.2,60.7,true,unclassified,1780393215724
6373,node_01,1780393216,data_collection,cooking_fume,exposure,,false,false,,rule_fallback_v0,2930,4095,2509,3139,23,40,47,28.2,60.7,true,unclassified,1780393216850
6374,node_01,1780393217,data_collection,cooking_fume,exposure,,false,false,,rule_fallback_v0,2940,4095,2510,3139,23,40,47,28.2,60.8,true,unclassified,1780393218086
6375,node_01,1780393218,data_collection,cooking_fume,exposure,,false,false,,rule_fallback_v0,2933,4095,2509,3139,23,39,47,28.2,60.8,true,unclassified,1780393218899
6376,node_01,1780393219,data_collection,cooking_fume,exposure,,false,false,,rule_fallback_v0,2929,4095,2504,3139,24,40,48,28.2,60.8,true,unclassified,1780393219923
6377,node_01,1780393220,data_collection,cooking_fume,exposure,,false,false,,rule_fallback_v0,2929,4095,2509,3139,23,40,47,28.2,60.8,true,unclassified,1780393220948
6378,node_01,1780393221,data_collection,cooking_fume,exposure,,false,false,,rule_fallback_v0,2930,4095,2507,3139,23,40,47,28.2,60.8,true,unclassified,1780393222073
6379,node_01,1780393222,data_collection,cooking_fume,exposure,,false,false,,rule_fallback_v0,2929,4095,2508,3139,23,40,47,28.2,60.8,true,unclassified,1780393223010
6380,node_01,1780393223,data_collection,cooking_fume,exposure,,false,false,,rule_fallback_v0,2932,4095,2510,3139,23,40,47,28.2,60.9,true,unclassified,1780393224057
6381,node_01,1780393224,data_collection,cooking_fume,exposure,,false,false,,rule_fallback_v0,2932,4095,2507,3139,23,40,47,28.2,60.9,true,unclassified,1780393225148
6382,node_01,1780393225,data_collection,cooking_fume,exposure,,false,false,,rule_fallback_v0,2933,4095,2507,3139,22,39,46,28.2,60.9,true,unclassified,1780393226169
6383,node_01,1780393226,data_collection,cooking_fume,exposure,,false,false,,rule_fallback_v0,2927,4095,2510,3139,22,39,46,28.2,60.8,true,unclassified,1780393227296
6384,node_01,1780393227,data_collection,cooking_fume,exposure,,false,false,,rule_fallback_v0,2946,4095,2509,3139,22,39,46,28.2,60.8,true,unclassified,1780393228237
6385,node_01,1780393228,data_collection,cooking_fume,exposure,,false,false,,rule_fallback_v0,2930,4095,2509,3139,23,40,47,28.2,60.8,true,unclassified,1780393229353
6386,node_01,1780393229,data_collection,cooking_fume,exposure,,false,false,,rule_fallback_v0,2941,4095,2509,3139,23,40,47,28.2,60.9,true,unclassified,1780393230325
6387,node_01,1780393230,data_collection,cooking_fume,exposure,,false,false,,rule_fallback_v0,2928,4095,2509,3139,23,39,46,28.2,60.9,true,unclassified,1780393231392
6388,node_01,1780393231,data_collection,cooking_fume,exposure,,false,false,,rule_fallback_v0,2932,4095,2510,3139,23,39,46,28.2,60.9,true,unclassified,1780393232518
6389,node_01,1780393232,data_collection,cooking_fume,exposure,,false,false,,rule_fallback_v0,2929,4095,2508,3139,23,39,46,28.2,60.8,true,unclassified,1780393233463
6390,node_01,1780393233,data_collection,cooking_fume,exposure,,false,false,,rule_fallback_v0,2937,4095,2509,3139,23,39,46,28.2,60.8,true,unclassified,1780393234566
6391,node_01,1780393234,data_collection,cooking_fume,exposure,,false,false,,rule_fallback_v0,2932,4095,2508,3139,23,39,46,28.2,60.8,true,unclassified,1780393235551
6392,node_01,1780393235,data_collection,cooking_fume,exposure,,false,false,,rule_fallback_v0,2931,4095,2510,3139,23,39,46,28.2,60.7,true,unclassified,1780393236614
6393,node_01,1780393236,data_collection,cooking_fume,exposure,,false,false,,rule_fallback_v0,2930,4095,2508,3139,24,40,47,28.2,60.7,true,unclassified,1780393237641
6394,node_01,1780393237,data_collection,cooking_fume,exposure,,false,false,,rule_fallback_v0,2941,4095,2508,3139,24,40,47,28.2,60.7,true,unclassified,1780393238766
6395,node_01,1780393239,data_collection,cooking_fume,exposure,,false,false,,rule_fallback_v0,2929,4095,2508,3139,24,40,47,28.2,60.7,true,unclassified,1780393239789
6396,node_01,1780393240,data_collection,cooking_fume,exposure,,false,false,,rule_fallback_v0,2943,4095,2507,3139,23,39,46,28.2,60.7,true,unclassified,1780393240812
6397,node_01,1780393241,data_collection,cooking_fume,exposure,,false,false,,rule_fallback_v0,2925,4095,2507,3139,23,39,46,28.2,60.7,true,unclassified,1780393241836
6398,node_01,1780393242,data_collection,cooking_fume,exposure,,false,false,,rule_fallback_v0,2938,4095,2510,3139,23,39,46,28.2,60.5,true,unclassified,1780393242963
6399,node_01,1780393243,data_collection,cooking_fume,exposure,,false,false,,rule_fallback_v0,2930,4095,2508,3139,25,41,47,28.2,60.5,true,unclassified,1780393243909
6400,node_01,1780393244,data_collection,cooking_fume,exposure,,false,false,,rule_fallback_v0,2938,4095,2510,3139,25,41,48,28.2,60.5,true,unclassified,1780393244956
6401,node_01,1780393245,data_collection,cooking_fume,exposure,,false,false,,rule_fallback_v0,2936,4095,2507,3139,25,41,48,28.2,60.6,true,unclassified,1780393246033
6402,node_01,1780393246,data_collection,cooking_fume,exposure,,false,false,,rule_fallback_v0,2941,4095,2510,3139,24,40,47,28.2,60.6,true,unclassified,1780393247059
6403,node_01,1780393247,data_collection,cooking_fume,exposure,,false,false,,rule_fallback_v0,2929,4095,2506,3139,24,40,48,28.2,60.6,true,unclassified,1780393248185
6404,node_01,1780393248,data_collection,cooking_fume,exposure,,false,false,,rule_fallback_v0,2931,4095,2511,3139,24,40,48,28.2,60.5,true,unclassified,1780393249176
6405,node_01,1780393249,data_collection,cooking_fume,exposure,,false,false,,rule_fallback_v0,2928,4095,2507,3139,24,40,48,28.2,60.5,true,unclassified,1780393250232
6406,node_01,1780393250,data_collection,cooking_fume,exposure,,false,false,,rule_fallback_v0,2931,4095,2504,3139,23,40,48,28.2,60.5,true,unclassified,1780393251224
6407,node_01,1780393251,data_collection,cooking_fume,exposure,,false,false,,rule_fallback_v0,2931,4095,2507,3139,24,41,49,28.2,60.6,true,unclassified,1780393252281
6408,node_01,1780393252,data_collection,cooking_fume,exposure,,false,false,,rule_fallback_v0,2940,4095,2508,3139,24,41,49,28.2,60.6,true,unclassified,1780393253317
6409,node_01,1780393253,data_collection,cooking_fume,exposure,,false,false,,rule_fallback_v0,2929,4095,2508,3139,24,41,49,28.2,60.6,true,unclassified,1780393254433
6410,node_01,1780393254,data_collection,cooking_fume,exposure,,false,false,,rule_fallback_v0,2933,4095,2508,3139,24,41,49,28.3,60.6,true,unclassified,1780393255411
6411,node_01,1780393255,data_collection,cooking_fume,exposure,,false,false,,rule_fallback_v0,2932,4095,2508,3139,24,41,49,28.3,60.6,true,unclassified,1780393256480
6412,node_01,1780393256,data_collection,cooking_fume,exposure,,false,false,,rule_fallback_v0,2928,4095,2509,3139,24,41,49,28.3,60.6,true,unclassified,1780393257495
6413,node_01,1780393257,data_collection,cooking_fume,exposure,,false,false,,rule_fallback_v0,2932,4095,2506,3139,24,41,49,28.2,60.6,true,unclassified,1780393258613
6414,node_01,1780393258,data_collection,cooking_fume,exposure,,false,false,,rule_fallback_v0,2933,4095,2509,3139,24,41,49,28.2,60.6,true,unclassified,1780393259629
6415,node_01,1780393259,data_collection,cooking_fume,exposure,,false,false,,rule_fallback_v0,2933,4095,2507,3139,24,41,49,28.2,60.6,true,unclassified,1780393260677
6416,node_01,1780393260,data_collection,cooking_fume,exposure,,false,false,,rule_fallback_v0,2937,4095,2511,3139,24,41,49,28.2,60.6,true,unclassified,1780393261673
6417,node_01,1780393261,data_collection,cooking_fume,exposure,,false,false,,rule_fallback_v0,2931,4095,2509,3139,24,42,49,28.2,60.6,true,unclassified,1780393262828
6418,node_01,1780393263,data_collection,cooking_fume,exposure,,false,false,,rule_fallback_v0,2942,4095,2508,3139,24,42,49,28.2,60.6,true,unclassified,1780393263852
6419,node_01,1780393264,data_collection,cooking_fume,exposure,,false,false,,rule_fallback_v0,2931,4095,2509,3139,24,42,49,28.2,60.7,true,unclassified,1780393264878
6420,node_01,1780393265,data_collection,cooking_fume,exposure,,false,false,,rule_fallback_v0,2938,4095,2507,3139,24,42,50,28.2,60.7,true,unclassified,1780393265907
6421,node_01,1780393266,data_collection,cooking_fume,exposure,,false,false,,rule_fallback_v0,2936,4095,2508,3139,24,42,50,28.2,60.7,true,unclassified,1780393266900
6422,node_01,1780393267,data_collection,cooking_fume,exposure,,false,false,,rule_fallback_v0,2937,4095,2508,3139,23,41,49,28.2,60.8,true,unclassified,1780393267948
6423,node_01,1780393268,data_collection,cooking_fume,exposure,,false,false,,rule_fallback_v0,2933,4095,2510,3139,23,41,49,28.2,60.8,true,unclassified,1780393269074
6424,node_01,1780393269,data_collection,cooking_fume,exposure,,false,false,,rule_fallback_v0,2931,4095,2506,3139,23,41,49,28.2,60.8,true,unclassified,1780393270098
6425,node_01,1780393270,data_collection,cooking_fume,exposure,,false,false,,rule_fallback_v0,2932,4095,2506,3139,23,41,49,28.2,60.7,true,unclassified,1780393271123
6426,node_01,1780393271,data_collection,cooking_fume,exposure,,false,false,,rule_fallback_v0,2935,4095,2508,3139,23,41,49,28.2,60.7,true,unclassified,1780393272248
6427,node_01,1780393272,data_collection,cooking_fume,exposure,,false,false,,rule_fallback_v0,2927,4095,2509,3139,23,41,49,28.2,60.7,true,unclassified,1780393273168
6428,node_01,1780393273,data_collection,cooking_fume,exposure,,false,false,,rule_fallback_v0,2940,4095,2511,3139,23,40,49,28.2,60.7,true,unclassified,1780393274298
6429,node_01,1780393274,data_collection,cooking_fume,exposure,,false,false,,rule_fallback_v0,2929,4095,2506,3139,23,40,48,28.2,60.7,true,unclassified,1780393275321
6430,node_01,1780393275,data_collection,cooking_fume,exposure,,false,false,,rule_fallback_v0,2931,4095,2507,3139,24,41,49,28.2,60.7,true,unclassified,1780393276345
6431,node_01,1780393276,data_collection,cooking_fume,exposure,,false,false,,rule_fallback_v0,2930,4095,2508,3139,24,41,49,28.2,60.6,true,unclassified,1780393277370
6432,node_01,1780393277,data_collection,cooking_fume,exposure,,false,false,,rule_fallback_v0,2936,4095,2509,3139,24,41,49,28.2,60.6,true,unclassified,1780393278397
6433,node_01,1780393278,data_collection,cooking_fume,exposure,,false,false,,rule_fallback_v0,2930,4095,2507,3139,24,41,49,28.2,60.6,true,unclassified,1780393279526
6434,node_01,1780393279,data_collection,cooking_fume,exposure,,false,false,,rule_fallback_v0,2938,4095,2511,3139,24,41,49,28.2,60.6,true,unclassified,1780393280480
6435,node_01,1780393280,data_collection,cooking_fume,exposure,,false,false,,rule_fallback_v0,2930,4095,2506,3139,24,41,49,28.2,60.6,true,unclassified,1780393281568
6436,node_01,1780393281,data_collection,cooking_fume,exposure,,false,false,,rule_fallback_v0,2932,4095,2509,3139,24,41,49,28.2,60.6,true,unclassified,1780393282573
6437,node_01,1780393282,data_collection,cooking_fume,exposure,,false,false,,rule_fallback_v0,2928,4095,2507,3139,24,41,49,28.2,60.5,true,unclassified,1780393283717
6438,node_01,1780393283,data_collection,cooking_fume,exposure,,false,false,,rule_fallback_v0,2936,4095,2508,3139,24,41,49,28.2,60.5,true,unclassified,1780393284744
6439,node_01,1780393284,data_collection,cooking_fume,exposure,,false,false,,rule_fallback_v0,2932,4095,2508,3139,24,41,48,28.2,60.5,true,unclassified,1780393285703
6440,node_01,1780393286,data_collection,cooking_fume,exposure,,false,false,,rule_fallback_v0,2926,4095,2511,3139,24,41,49,28.2,60.8,true,unclassified,1780393286790
6441,node_01,1780393287,data_collection,cooking_fume,exposure,,false,false,,rule_fallback_v0,2932,4095,2508,3139,24,41,49,28.2,60.8,true,unclassified,1780393287813
6442,node_01,1780393288,data_collection,cooking_fume,exposure,,false,false,,rule_fallback_v0,2923,4095,2509,3139,23,40,47,28.2,60.8,true,unclassified,1780393288942
6443,node_01,1780393289,data_collection,cooking_fume,exposure,,false,false,,rule_fallback_v0,2929,4095,2509,3139,23,40,47,28.2,60.8,true,unclassified,1780393289967
6444,node_01,1780393290,data_collection,cooking_fume,exposure,,false,false,,rule_fallback_v0,2940,4095,2507,3139,23,40,47,28.2,60.8,true,unclassified,1780393290988
6445,node_01,1780393291,data_collection,cooking_fume,exposure,,false,false,,rule_fallback_v0,2929,4095,2506,3139,23,40,47,28.2,60.8,true,unclassified,1780393291975
6446,node_01,1780393292,data_collection,cooking_fume,exposure,,false,false,,rule_fallback_v0,2940,4095,2508,3139,23,40,47,28.2,60.7,true,unclassified,1780393293035
6447,node_01,1780393293,data_collection,cooking_fume,exposure,,false,false,,rule_fallback_v0,2931,4095,2509,3139,23,40,47,28.2,60.7,true,unclassified,1780393294104
6448,node_01,1780393294,data_collection,cooking_fume,exposure,,false,false,,rule_fallback_v0,2926,4095,2507,3139,23,40,47,28.2,60.7,true,unclassified,1780393295186
6449,node_01,1780393295,data_collection,cooking_fume,exposure,,false,false,,rule_fallback_v0,2929,4095,2509,3139,23,40,47,28.2,60.7,true,unclassified,1780393296211
6450,node_01,1780393296,data_collection,cooking_fume,exposure,,false,false,,rule_fallback_v0,2930,4095,2509,3139,24,41,48,28.2,60.7,true,unclassified,1780393297234
6451,node_01,1780393297,data_collection,cooking_fume,exposure,,false,false,,rule_fallback_v0,2929,4095,2507,3139,24,41,48,28.2,60.7,true,unclassified,1780393298245
6452,node_01,1780393298,data_collection,cooking_fume,exposure,,false,false,,rule_fallback_v0,2931,4095,2508,3139,24,41,48,28.2,60.8,true,unclassified,1780393299386
6453,node_01,1780393299,data_collection,cooking_fume,exposure,,false,false,,rule_fallback_v0,2931,4095,2510,3139,24,41,48,28.2,60.8,true,unclassified,1780393300408
6454,node_01,1780393300,data_collection,cooking_fume,exposure,,false,false,,rule_fallback_v0,2934,4095,2506,3139,24,41,47,28.2,60.8,true,unclassified,1780393301435
6455,node_01,1780393301,data_collection,cooking_fume,exposure,,false,false,,rule_fallback_v0,2930,4095,2506,3139,24,41,47,28.2,60.6,true,unclassified,1780393302460
6456,node_01,1780393302,data_collection,cooking_fume,exposure,,false,false,,rule_fallback_v0,2933,4095,2509,3139,23,40,46,28.2,60.6,true,unclassified,1780393303479
6457,node_01,1780393303,data_collection,cooking_fume,exposure,,false,false,,rule_fallback_v0,2933,4095,2508,3139,23,39,46,28.2,60.6,true,unclassified,1780393304607
6458,node_01,1780393304,data_collection,cooking_fume,exposure,,false,false,,rule_fallback_v0,2940,4095,2510,3139,23,39,46,28.2,60.8,true,unclassified,1780393305628
6459,node_01,1780393305,data_collection,cooking_fume,exposure,,false,false,,rule_fallback_v0,2929,4095,2506,3139,23,39,46,28.2,60.8,true,unclassified,1780393306623
6460,node_01,1780393306,data_collection,cooking_fume,exposure,,false,false,,rule_fallback_v0,2934,4095,2509,3139,23,39,45,28.2,60.8,true,unclassified,1780393307650
6461,node_01,1780393307,data_collection,cooking_fume,exposure,,false,false,,rule_fallback_v0,2928,4095,2510,3139,23,39,45,28.2,60.7,true,unclassified,1780393308694
6462,node_01,1780393309,data_collection,cooking_fume,exposure,,false,false,,rule_fallback_v0,2936,4095,2507,3139,24,40,46,28.2,60.7,true,unclassified,1780393309832
6463,node_01,1780393310,data_collection,cooking_fume,exposure,,false,false,,rule_fallback_v0,2933,4095,2509,3139,24,40,46,28.2,60.7,true,unclassified,1780393310854
6464,node_01,1780393311,data_collection,cooking_fume,exposure,,false,false,,rule_fallback_v0,2940,4095,2508,3139,24,40,47,28.3,60.6,true,unclassified,1780393311878
6465,node_01,1780393312,data_collection,cooking_fume,exposure,,false,false,,rule_fallback_v0,2933,4095,2508,3139,24,40,47,28.3,60.6,true,unclassified,1780393312901
6466,node_01,1780393313,data_collection,cooking_fume,exposure,,false,false,,rule_fallback_v0,2939,4095,2507,3139,24,40,47,28.3,60.6,true,unclassified,1780393314028
6467,node_01,1780393314,data_collection,cooking_fume,exposure,,false,false,,rule_fallback_v0,2932,4095,2509,3139,23,39,46,28.2,60.6,true,unclassified,1780393315053
6468,node_01,1780393315,data_collection,cooking_fume,exposure,,false,false,,rule_fallback_v0,2941,4095,2509,3139,23,39,46,28.2,60.6,true,unclassified,1780393316010
6469,node_01,1780393316,data_collection,cooking_fume,exposure,,false,false,,rule_fallback_v0,2931,4095,2508,3139,23,39,46,28.2,60.6,true,unclassified,1780393317101
6470,node_01,1780393317,data_collection,cooking_fume,exposure,,false,false,,rule_fallback_v0,2932,4095,2510,3139,24,40,48,28.2,60.6,true,unclassified,1780393318124
6471,node_01,1780393318,data_collection,cooking_fume,exposure,,false,false,,rule_fallback_v0,2926,4095,2508,3139,24,40,48,28.2,60.6,true,unclassified,1780393319145
6472,node_01,1780393319,data_collection,cooking_fume,exposure,,false,false,,rule_fallback_v0,2933,4095,2507,3139,24,40,48,28.2,60.6,true,unclassified,1780393320188
6473,node_01,1780393320,data_collection,cooking_fume,exposure,,false,false,,rule_fallback_v0,2931,4095,2508,3139,24,40,48,28.2,60.6,true,unclassified,1780393321233
6474,node_01,1780393321,data_collection,cooking_fume,exposure,,false,false,,rule_fallback_v0,2930,4095,2510,3139,24,40,48,28.2,60.6,true,unclassified,1780393322324
6475,node_01,1780393322,data_collection,cooking_fume,exposure,,false,false,,rule_fallback_v0,2929,4095,2507,3139,24,41,48,28.2,60.6,true,unclassified,1780393323351
6476,node_01,1780393323,data_collection,cooking_fume,exposure,,false,false,,rule_fallback_v0,2936,4095,2510,3139,23,40,47,28.2,60.3,true,unclassified,1780393324483
6477,node_01,1780393324,data_collection,cooking_fume,exposure,,false,false,,rule_fallback_v0,2928,4095,2508,3139,23,40,47,28.2,60.3,true,unclassified,1780393325497
6478,node_01,1780393325,data_collection,cooking_fume,exposure,,false,false,,rule_fallback_v0,2929,4095,2510,3139,23,40,47,28.2,60.3,true,unclassified,1780393326521
6479,node_01,1780393326,data_collection,cooking_fume,exposure,,false,false,,rule_fallback_v0,2930,4095,2507,3139,24,41,48,28.2,60.5,true,unclassified,1780393327546
6480,node_01,1780393327,data_collection,cooking_fume,exposure,,false,false,,rule_fallback_v0,2944,4095,2509,3139,24,40,48,28.2,60.5,true,unclassified,1780393328547
6481,node_01,1780393328,data_collection,cooking_fume,exposure,,false,false,,rule_fallback_v0,2928,4095,2507,3139,24,40,49,28.2,60.5,true,unclassified,1780393329695
6482,node_01,1780393329,data_collection,cooking_fume,exposure,,false,false,,rule_fallback_v0,2941,4095,2508,3139,23,40,48,28.2,60.6,true,unclassified,1780393330637
6483,node_01,1780393330,data_collection,cooking_fume,exposure,,false,false,,rule_fallback_v0,2933,4095,2509,3139,24,40,48,28.2,60.6,true,unclassified,1780393331743
6484,node_01,1780393331,data_collection,cooking_fume,exposure,,false,false,,rule_fallback_v0,2939,4095,2509,3139,24,40,48,28.2,60.6,true,unclassified,1780393332768
6485,node_01,1780393333,data_collection,cooking_fume,exposure,,false,false,,rule_fallback_v0,2929,4095,2509,3139,24,40,48,28.2,60.8,true,unclassified,1780393333792
6486,node_01,1780393334,data_collection,cooking_fume,exposure,,false,false,,rule_fallback_v0,2931,4095,2509,3139,24,40,48,28.2,60.8,true,unclassified,1780393334917
6487,node_01,1780393335,data_collection,cooking_fume,exposure,,false,false,,rule_fallback_v0,2931,4095,2506,3139,25,41,49,28.2,60.8,true,unclassified,1780393335943
6488,node_01,1780393336,data_collection,cooking_fume,exposure,,false,false,,rule_fallback_v0,2929,4095,2510,3139,25,41,48,28.3,60.7,true,unclassified,1780393336907
6489,node_01,1780393337,data_collection,cooking_fume,exposure,,false,false,,rule_fallback_v0,2929,4095,2508,3139,25,41,49,28.3,60.7,true,unclassified,1780393337990
6490,node_01,1780393338,data_collection,cooking_fume,exposure,,false,false,,rule_fallback_v0,2943,4095,2510,3139,24,40,48,28.3,60.7,true,unclassified,1780393339014
6491,node_01,1780393339,data_collection,cooking_fume,exposure,,false,false,,rule_fallback_v0,2924,4095,2508,3139,24,40,48,28.2,61.1,true,unclassified,1780393340040
6492,node_01,1780393340,data_collection,cooking_fume,exposure,,false,false,,rule_fallback_v0,2930,4095,2510,3139,24,40,48,28.2,61.1,true,unclassified,1780393341164
6493,node_01,1780393341,data_collection,cooking_fume,exposure,,false,false,,rule_fallback_v0,2931,4095,2507,3139,25,41,49,28.2,61.1,true,unclassified,1780393342188
6494,node_01,1780393342,data_collection,cooking_fume,exposure,,false,false,,rule_fallback_v0,2932,4095,2509,3139,25,41,49,28.3,61,true,unclassified,1780393343213
6495,node_01,1780393343,data_collection,cooking_fume,exposure,,false,false,,rule_fallback_v0,2932,4095,2507,3139,25,41,49,28.3,61,true,unclassified,1780393344239
6496,node_01,1780393344,data_collection,cooking_fume,exposure,,false,false,,rule_fallback_v0,2935,4095,2509,3139,23,40,48,28.3,61,true,unclassified,1780393345365
6497,node_01,1780393345,data_collection,cooking_fume,exposure,,false,false,,rule_fallback_v0,2930,4095,2508,3139,23,40,48,28.3,61,true,unclassified,1780393346309
6498,node_01,1780393346,data_collection,cooking_fume,exposure,,false,false,,rule_fallback_v0,2937,4095,2507,3139,23,40,48,28.3,61,true,unclassified,1780393347367
6499,node_01,1780393347,data_collection,cooking_fume,exposure,,false,false,,rule_fallback_v0,2932,4095,2508,3139,23,39,48,28.3,61,true,unclassified,1780393348434
6500,node_01,1780393348,data_collection,cooking_fume,exposure,,false,false,,rule_fallback_v0,2931,4095,2508,3139,23,39,48,28.2,60.8,true,unclassified,1780393349443
6501,node_01,1780393349,data_collection,cooking_fume,exposure,,false,false,,rule_fallback_v0,2928,4095,2507,3139,23,39,48,28.2,60.8,true,unclassified,1780393350584
6502,node_01,1780393350,data_collection,cooking_fume,exposure,,false,false,,rule_fallback_v0,2931,4095,2508,3139,24,40,49,28.2,60.8,true,unclassified,1780393351550
6503,node_01,1780393351,data_collection,cooking_fume,exposure,,false,false,,rule_fallback_v0,2929,4095,2508,3139,24,40,49,28.2,60.9,true,unclassified,1780393352633
6504,node_01,1780393352,data_collection,cooking_fume,exposure,,false,false,,rule_fallback_v0,2938,4095,2509,3139,24,40,49,28.2,60.9,true,unclassified,1780393353659
6505,node_01,1780393353,data_collection,cooking_fume,exposure,,false,false,,rule_fallback_v0,2930,4095,2509,3139,24,40,49,28.2,60.9,true,unclassified,1780393354670
6506,node_01,1780393354,data_collection,cooking_fume,exposure,,false,false,,rule_fallback_v0,2927,4095,2508,3139,24,40,49,28.2,60.9,true,unclassified,1780393355714
6507,node_01,1780393356,data_collection,cooking_fume,exposure,,false,false,,rule_fallback_v0,2931,4095,2508,3139,24,40,49,28.2,60.9,true,unclassified,1780393356833
6508,node_01,1780393357,data_collection,cooking_fume,exposure,,false,false,,rule_fallback_v0,2929,4095,2507,3139,24,40,49,28.2,60.9,true,unclassified,1780393357857
6509,node_01,1780393358,data_collection,cooking_fume,exposure,,false,false,,rule_fallback_v0,2931,4095,2509,3139,24,40,49,28.2,61.2,true,unclassified,1780393358858
6510,node_01,1780393359,data_collection,cooking_fume,exposure,,false,false,,rule_fallback_v0,2929,4095,2509,3139,24,41,49,28.2,61.2,true,unclassified,1780393359904
6511,node_01,1780393360,data_collection,cooking_fume,exposure,,false,false,,rule_fallback_v0,2931,4095,2509,3139,24,41,49,28.2,61.2,true,unclassified,1780393361029
6512,node_01,1780393361,data_collection,cooking_fume,exposure,,false,false,,rule_fallback_v0,2936,4095,2508,3139,24,41,49,28.2,61.2,true,unclassified,1780393362134
6513,node_01,1780393362,data_collection,cooking_fume,exposure,,false,false,,rule_fallback_v0,2930,4095,2508,3139,23,40,48,28.2,61.2,true,unclassified,1780393363097
6514,node_01,1780393363,data_collection,cooking_fume,exposure,,false,false,,rule_fallback_v0,2934,4095,2509,3139,23,40,48,28.2,61.2,true,unclassified,1780393364213
6515,node_01,1780393364,data_collection,cooking_fume,exposure,,false,false,,rule_fallback_v0,2933,4095,2508,3139,23,40,47,28.3,61.2,true,unclassified,1780393365138
6516,node_01,1780393365,data_collection,cooking_fume,exposure,,false,false,,rule_fallback_v0,2938,4095,2509,3139,23,39,47,28.3,61.2,true,unclassified,1780393366252
6517,node_01,1780393366,data_collection,cooking_fume,exposure,,false,false,,rule_fallback_v0,2931,4095,2509,3139,23,39,47,28.3,61.2,true,unclassified,1780393367275
6518,node_01,1780393367,data_collection,cooking_fume,exposure,,false,false,,rule_fallback_v0,2928,4095,2509,3139,23,39,47,28.3,61.2,true,unclassified,1780393368300
6519,node_01,1780393368,data_collection,cooking_fume,exposure,,false,false,,rule_fallback_v0,2931,4095,2509,3139,23,39,46,28.3,61.2,true,unclassified,1780393369324
6520,node_01,1780393369,data_collection,cooking_fume,exposure,,false,false,,rule_fallback_v0,2934,4095,2507,3139,23,39,46,28.3,61.2,true,unclassified,1780393370451
6521,node_01,1780393370,data_collection,cooking_fume,exposure,,false,false,,rule_fallback_v0,2926,4095,2510,3139,23,39,46,28.2,61.2,true,unclassified,1780393371386
6522,node_01,1780393371,data_collection,cooking_fume,exposure,,false,false,,rule_fallback_v0,2934,4095,2507,3139,24,40,47,28.2,61.2,true,unclassified,1780393372498
6523,node_01,1780393372,data_collection,cooking_fume,exposure,,false,false,,rule_fallback_v0,2929,4095,2510,3139,24,40,48,28.2,61.2,true,unclassified,1780393373479
6524,node_01,1780393373,data_collection,cooking_fume,exposure,,false,false,,rule_fallback_v0,2928,4095,2511,3139,24,40,48,28.2,61.3,true,unclassified,1780393374546
6525,node_01,1780393374,data_collection,cooking_fume,exposure,,false,false,,rule_fallback_v0,2933,4095,2509,3139,24,40,48,28.2,61.3,true,unclassified,1780393375638
6526,node_01,1780393375,data_collection,cooking_fume,exposure,,false,false,,rule_fallback_v0,2940,4095,2508,3139,24,41,48,28.2,61.3,true,unclassified,1780393376697
6527,node_01,1780393376,data_collection,cooking_fume,exposure,,false,false,,rule_fallback_v0,2932,4095,2507,3139,23,40,48,28.3,61.2,true,unclassified,1780393377721
6528,node_01,1780393377,data_collection,cooking_fume,exposure,,false,false,,rule_fallback_v0,2937,4095,2508,3139,23,40,48,28.3,61.2,true,unclassified,1780393378707
6529,node_01,1780393379,data_collection,cooking_fume,exposure,,false,false,,rule_fallback_v0,2929,4095,2505,3139,23,40,48,28.3,61.2,true,unclassified,1780393379769
6530,node_01,1780393380,data_collection,cooking_fume,exposure,,false,false,,rule_fallback_v0,2941,4095,2508,3139,24,41,49,28.3,61,true,unclassified,1780393380900
6531,node_01,1780393381,data_collection,cooking_fume,exposure,,false,false,,rule_fallback_v0,2929,4095,2509,3139,24,41,49,28.3,61,true,unclassified,1780393381919
6532,node_01,1780393382,data_collection,cooking_fume,exposure,,false,false,,rule_fallback_v0,2935,4095,2506,3139,24,41,49,28.3,61,true,unclassified,1780393383045
6533,node_01,1780393383,data_collection,cooking_fume,exposure,,false,false,,rule_fallback_v0,2928,4095,2508,3139,23,40,49,28.2,61,true,unclassified,1780393383967
6534,node_01,1780393384,data_collection,cooking_fume,exposure,,false,false,,rule_fallback_v0,2930,4095,2508,3139,23,40,49,28.2,61,true,unclassified,1780393384967
6535,node_01,1780393385,data_collection,cooking_fume,exposure,,false,false,,rule_fallback_v0,2934,4095,2508,3139,23,40,49,28.2,61,true,unclassified,1780393386017
6536,node_01,1780393386,data_collection,cooking_fume,exposure,,false,false,,rule_fallback_v0,2940,4095,2508,3139,23,40,49,28.3,60.9,true,unclassified,1780393387141
6537,node_01,1780393387,data_collection,cooking_fume,exposure,,false,false,,rule_fallback_v0,2932,4095,2507,3139,23,40,49,28.3,60.9,true,unclassified,1780393388165
6538,node_01,1780393388,data_collection,cooking_fume,exposure,,false,false,,rule_fallback_v0,2933,4095,2509,3139,23,40,49,28.3,60.9,true,unclassified,1780393389188
6539,node_01,1780393389,data_collection,cooking_fume,exposure,,false,false,,rule_fallback_v0,2928,4095,2508,3139,23,40,49,28.2,61.1,true,unclassified,1780393390216
6540,node_01,1780393390,data_collection,cooking_fume,exposure,,false,false,,rule_fallback_v0,2941,4095,2506,3139,23,40,49,28.2,61.1,true,unclassified,1780393391239
6541,node_01,1780393391,data_collection,cooking_fume,exposure,,false,false,,rule_fallback_v0,2928,4095,2509,3139,23,40,49,28.2,61.1,true,unclassified,1780393392364
6542,node_01,1780393392,data_collection,cooking_fume,exposure,,false,false,,rule_fallback_v0,2944,4095,2506,3139,25,42,50,28.3,61.2,true,unclassified,1780393393388
6543,node_01,1780393393,data_collection,cooking_fume,exposure,,false,false,,rule_fallback_v0,2933,4095,2509,3139,25,42,50,28.3,61.2,true,unclassified,1780393394414
6544,node_01,1780393394,data_collection,cooking_fume,exposure,,false,false,,rule_fallback_v0,2933,4095,2509,3139,25,42,50,28.3,61.2,true,unclassified,1780393395436
6545,node_01,1780393395,data_collection,cooking_fume,exposure,,false,false,,rule_fallback_v0,2936,4095,2507,3139,24,41,49,28.3,61.2,true,unclassified,1780393396470
6546,node_01,1780393396,data_collection,cooking_fume,exposure,,false,false,,rule_fallback_v0,2929,4095,2509,3139,24,40,48,28.3,61.2,true,unclassified,1780393397506
6547,node_01,1780393397,data_collection,cooking_fume,exposure,,false,false,,rule_fallback_v0,2932,4095,2508,3139,25,41,49,28.3,61.2,true,unclassified,1780393398610
6548,node_01,1780393398,data_collection,cooking_fume,exposure,,false,false,,rule_fallback_v0,2929,4095,2510,3139,24,41,49,28.2,61,true,unclassified,1780393399634
6549,node_01,1780393399,data_collection,cooking_fume,exposure,,false,false,,rule_fallback_v0,2930,4095,2509,3139,24,41,49,28.2,61,true,unclassified,1780393400638
6550,node_01,1780393400,data_collection,cooking_fume,exposure,,false,false,,rule_fallback_v0,2939,4095,2509,3139,23,40,48,28.2,61,true,unclassified,1780393401785
6551,node_01,1780393402,data_collection,cooking_fume,exposure,,false,false,,rule_fallback_v0,2931,4095,2511,3139,23,40,47,28.2,61.2,true,unclassified,1780393402729
6552,node_01,1780393403,data_collection,cooking_fume,exposure,,false,false,,rule_fallback_v0,2934,4095,2508,3139,23,40,46,28.2,61.2,true,unclassified,1780393403774
6553,node_01,1780393404,data_collection,cooking_fume,exposure,,false,false,,rule_fallback_v0,2932,4095,2507,3139,24,40,47,28.2,61.2,true,unclassified,1780393404856
6554,node_01,1780393405,data_collection,cooking_fume,exposure,,false,false,,rule_fallback_v0,2934,4095,2506,3139,24,40,47,28.3,61.3,true,unclassified,1780393405881
6555,node_01,1780393406,data_collection,cooking_fume,exposure,,false,false,,rule_fallback_v0,2932,4095,2507,3139,24,40,47,28.3,61.3,true,unclassified,1780393406956
6556,node_01,1780393407,data_collection,cooking_fume,exposure,,false,false,,rule_fallback_v0,2936,4095,2509,3139,24,40,47,28.3,61.3,true,unclassified,1780393408034
6557,node_01,1780393408,data_collection,cooking_fume,exposure,,false,false,,rule_fallback_v0,2930,4095,2508,3139,24,40,47,28.2,61.1,true,unclassified,1780393408997
6558,node_01,1780393409,data_collection,cooking_fume,exposure,,false,false,,rule_fallback_v0,2932,4095,2509,3139,24,40,47,28.2,61.1,true,unclassified,1780393410078
6559,node_01,1780393410,data_collection,cooking_fume,exposure,,false,false,,rule_fallback_v0,2930,4095,2508,3139,24,40,47,28.2,61.1,true,unclassified,1780393411103
6560,node_01,1780393411,data_collection,cooking_fume,exposure,,false,false,,rule_fallback_v0,2933,4095,2508,3139,24,40,47,28.3,61.1,true,unclassified,1780393412230
6561,node_01,1780393412,data_collection,cooking_fume,exposure,,false,false,,rule_fallback_v0,2928,4095,2508,3139,24,40,47,28.3,61.1,true,unclassified,1780393413253
6562,node_01,1780393413,data_collection,cooking_fume,exposure,,false,false,,rule_fallback_v0,2936,4095,2506,3139,23,39,46,28.3,61.1,true,unclassified,1780393414277
6563,node_01,1780393414,data_collection,cooking_fume,exposure,,false,false,,rule_fallback_v0,2928,4095,2508,3139,23,39,46,28.3,61.1,true,unclassified,1780393415305
6564,node_01,1780393415,data_collection,cooking_fume,exposure,,false,false,,rule_fallback_v0,2934,4095,2507,3139,23,39,46,28.3,61.1,true,unclassified,1780393416311
6565,node_01,1780393416,data_collection,cooking_fume,exposure,,false,false,,rule_fallback_v0,2932,4095,2508,3139,23,39,47,28.3,61.1,true,unclassified,1780393417453
6566,node_01,1780393417,data_collection,cooking_fume,exposure,,false,false,,rule_fallback_v0,2941,4095,2507,3139,23,39,47,28.2,61.1,true,unclassified,1780393418475
6567,node_01,1780393418,data_collection,cooking_fume,exposure,,false,false,,rule_fallback_v0,2934,4095,2508,3139,24,41,48,28.2,61.1,true,unclassified,1780393419501
6568,node_01,1780393419,data_collection,cooking_fume,exposure,,false,false,,rule_fallback_v0,2935,4095,2509,3139,24,41,49,28.2,61.1,true,unclassified,1780393420523
6569,node_01,1780393420,data_collection,cooking_fume,exposure,,false,false,,rule_fallback_v0,2930,4095,2508,3139,24,41,49,28.3,61.1,true,unclassified,1780393421549
6570,node_01,1780393421,data_collection,cooking_fume,exposure,,false,false,,rule_fallback_v0,2932,4095,2507,3139,24,41,49,28.3,61.1,true,unclassified,1780393422674
6571,node_01,1780393422,data_collection,cooking_fume,exposure,,false,false,,rule_fallback_v0,2926,4095,2508,3139,24,41,49,28.3,61.1,true,unclassified,1780393423646
6572,node_01,1780393423,data_collection,cooking_fume,exposure,,false,false,,rule_fallback_v0,2930,4095,2509,3139,24,41,49,28.2,61,true,unclassified,1780393424722
6573,node_01,1780393424,data_collection,cooking_fume,exposure,,false,false,,rule_fallback_v0,2932,4095,2510,3139,24,41,49,28.2,61,true,unclassified,1780393425746
6574,node_01,1780393426,data_collection,cooking_fume,exposure,,false,false,,rule_fallback_v0,2936,4095,2507,3139,24,41,49,28.2,61,true,unclassified,1780393426771
6575,node_01,1780393427,data_collection,cooking_fume,exposure,,false,false,,rule_fallback_v0,2930,4095,2509,3139,24,41,49,28.2,61.1,true,unclassified,1780393428213
6576,node_01,1780393428,data_collection,cooking_fume,exposure,,false,false,,rule_fallback_v0,2936,4095,2508,3139,24,41,49,28.2,61.1,true,unclassified,1780393428856
6577,node_01,1780393429,data_collection,cooking_fume,exposure,,false,false,,rule_fallback_v0,2933,4095,2510,3139,24,41,49,28.2,61.1,true,unclassified,1780393429900
6578,node_01,1780393430,data_collection,cooking_fume,exposure,,false,false,,rule_fallback_v0,2932,4095,2508,3139,24,41,49,28.3,61,true,unclassified,1780393430969
6579,node_01,1780393431,data_collection,cooking_fume,exposure,,false,false,,rule_fallback_v0,2934,4095,2510,3139,24,41,49,28.3,61,true,unclassified,1780393431992
6580,node_01,1780393432,data_collection,cooking_fume,exposure,,false,false,,rule_fallback_v0,2929,4095,2506,3139,24,41,49,28.3,61,true,unclassified,1780393433030
6581,node_01,1780393433,data_collection,cooking_fume,exposure,,false,false,,rule_fallback_v0,2929,4095,2509,3139,24,41,49,28.2,60.9,true,unclassified,1780393434210
6582,node_01,1780393434,data_collection,cooking_fume,exposure,,false,false,,rule_fallback_v0,2937,4095,2506,3139,24,41,50,28.2,60.9,true,unclassified,1780393435133
6583,node_01,1780393435,data_collection,cooking_fume,exposure,,false,false,,rule_fallback_v0,2931,4095,2509,3139,24,41,50,28.2,60.9,true,unclassified,1780393436184
6584,node_01,1780393436,data_collection,cooking_fume,exposure,,false,false,,rule_fallback_v0,2926,4095,2506,3139,24,42,50,28.3,60.9,true,unclassified,1780393437318
6585,node_01,1780393437,data_collection,cooking_fume,exposure,,false,false,,rule_fallback_v0,2933,4095,2507,3139,24,42,50,28.3,60.9,true,unclassified,1780393438341
6586,node_01,1780393438,data_collection,cooking_fume,exposure,,false,false,,rule_fallback_v0,2931,4095,2507,3139,25,42,50,28.3,60.9,true,unclassified,1780393439368
6587,node_01,1780393439,data_collection,cooking_fume,exposure,,false,false,,rule_fallback_v0,2931,4095,2506,3139,25,42,50,28.3,60.9,true,unclassified,1780393440345
6588,node_01,1780393440,data_collection,cooking_fume,exposure,,false,false,,rule_fallback_v0,2930,4095,2507,3139,25,42,50,28.3,60.9,true,unclassified,1780393441413
6589,node_01,1780393441,data_collection,cooking_fume,exposure,,false,false,,rule_fallback_v0,2933,4095,2508,3139,25,42,50,28.3,60.9,true,unclassified,1780393442539
6590,node_01,1780393442,data_collection,cooking_fume,exposure,,false,false,,rule_fallback_v0,2936,4095,2507,3139,25,42,50,28.2,60.9,true,unclassified,1780393443565
6591,node_01,1780393443,data_collection,cooking_fume,exposure,,false,false,,rule_fallback_v0,2932,4095,2508,3139,25,42,50,28.2,60.9,true,unclassified,1780393444587
6592,node_01,1780393444,data_collection,cooking_fume,exposure,,false,false,,rule_fallback_v0,2935,4095,2507,3139,25,42,50,28.2,60.9,true,unclassified,1780393445578
6593,node_01,1780393445,data_collection,cooking_fume,exposure,,false,false,,rule_fallback_v0,2929,4095,2508,3139,24,41,49,28.3,60.9,true,unclassified,1780393446637
6594,node_01,1780393446,data_collection,cooking_fume,exposure,,false,false,,rule_fallback_v0,2940,4095,2507,3139,24,41,49,28.3,60.9,true,unclassified,1780393447660
6595,node_01,1780393447,data_collection,cooking_fume,exposure,,false,false,,rule_fallback_v0,2933,4095,2509,3139,24,40,49,28.3,60.9,true,unclassified,1780393448786
6596,node_01,1780393449,data_collection,cooking_fume,exposure,,false,false,,rule_fallback_v0,2938,4095,2507,3139,24,41,50,28.3,60.9,true,unclassified,1780393449809
6597,node_01,1780393450,data_collection,cooking_fume,exposure,,false,false,,rule_fallback_v0,2930,4095,2510,3139,24,41,50,28.3,60.9,true,unclassified,1780393450792
6598,node_01,1780393451,data_collection,cooking_fume,exposure,,false,false,,rule_fallback_v0,2939,4095,2508,3139,24,41,50,28.3,60.9,true,unclassified,1780393451837
6599,node_01,1780393452,data_collection,cooking_fume,exposure,,false,false,,rule_fallback_v0,2930,4095,2508,3139,23,40,48,28.3,60.8,true,unclassified,1780393452987
6600,node_01,1780393453,data_collection,cooking_fume,exposure,,false,false,,rule_fallback_v0,2931,4095,2507,3139,23,40,48,28.3,60.8,true,unclassified,1780393453927
6601,node_01,1780393454,data_collection,cooking_fume,exposure,,false,false,,rule_fallback_v0,2930,4095,2509,3139,23,40,48,28.3,60.8,true,unclassified,1780393455032
6602,node_01,1780393455,data_collection,cooking_fume,exposure,,false,false,,rule_fallback_v0,2926,4095,2506,3139,24,41,49,28.2,61.2,true,unclassified,1780393456056
6603,node_01,1780393456,data_collection,cooking_fume,exposure,,false,false,,rule_fallback_v0,2931,4095,2509,3139,24,40,49,28.2,61.2,true,unclassified,1780393457081
6604,node_01,1780393457,data_collection,cooking_fume,exposure,,false,false,,rule_fallback_v0,2932,4095,2507,3139,24,40,49,28.2,61.2,true,unclassified,1780393458207
6605,node_01,1780393458,data_collection,cooking_fume,exposure,,false,false,,rule_fallback_v0,2931,4095,2509,3139,23,39,48,28.2,61.1,true,unclassified,1780393459234
6606,node_01,1780393459,data_collection,cooking_fume,exposure,,false,false,,rule_fallback_v0,2932,4095,2507,3139,23,39,47,28.2,61.1,true,unclassified,1780393460195
6607,node_01,1780393460,data_collection,cooking_fume,exposure,,false,false,,rule_fallback_v0,2929,4095,2508,3139,23,38,47,28.2,61.1,true,unclassified,1780393461268
6608,node_01,1780393461,data_collection,cooking_fume,exposure,,false,false,,rule_fallback_v0,2930,4095,2508,3139,23,38,47,28.3,61.4,true,unclassified,1780393462293
6609,node_01,1780393462,data_collection,cooking_fume,exposure,,false,false,,rule_fallback_v0,2932,4095,2507,3139,23,38,46,28.3,61.4,true,unclassified,1780393463531
6610,node_01,1780393463,data_collection,cooking_fume,exposure,,false,false,,rule_fallback_v0,2936,4095,2509,3139,24,39,47,28.3,61.4,true,unclassified,1780393464376
6611,node_01,1780393464,data_collection,cooking_fume,exposure,,false,false,,rule_fallback_v0,2932,4095,2509,3139,24,39,47,28.2,61.6,true,unclassified,1780393465477
6612,node_01,1780393465,data_collection,cooking_fume,exposure,,false,false,,rule_fallback_v0,2932,4095,2507,3139,24,39,47,28.2,61.6,true,unclassified,1780393466505
6613,node_01,1780393466,data_collection,cooking_fume,exposure,,false,false,,rule_fallback_v0,2930,4095,2508,3139,24,39,47,28.2,61.6,true,unclassified,1780393467509
6614,node_01,1780393467,data_collection,cooking_fume,exposure,,false,false,,rule_fallback_v0,2927,4095,2510,3139,24,39,47,28.2,61.6,true,unclassified,1780393468654
6615,node_01,1780393468,data_collection,cooking_fume,exposure,,false,false,,rule_fallback_v0,2931,4095,2509,3139,24,39,47,28.2,61.6,true,unclassified,1780393469675
6616,node_01,1780393469,data_collection,cooking_fume,exposure,,false,false,,rule_fallback_v0,2930,4095,2509,3139,24,39,47,28.2,61.6,true,unclassified,1780393470644
6617,node_01,1780393470,data_collection,cooking_fume,exposure,,false,false,,rule_fallback_v0,2929,4095,2508,3139,24,39,47,28.2,61.6,true,unclassified,1780393471690
6618,node_01,1780393472,data_collection,cooking_fume,exposure,,false,false,,rule_fallback_v0,2936,4095,2509,3139,24,39,47,28.2,61.6,true,unclassified,1780393472750
6619,node_01,1780393473,data_collection,cooking_fume,exposure,,false,false,,rule_fallback_v0,2931,4095,2508,3139,23,38,46,28.2,61.6,true,unclassified,1780393473848
6620,node_01,1780393474,data_collection,cooking_fume,exposure,,false,false,,rule_fallback_v0,2937,4095,2506,3139,23,38,46,28.2,61.4,true,unclassified,1780393474903
6621,node_01,1780393475,data_collection,cooking_fume,exposure,,false,false,,rule_fallback_v0,2926,4095,2508,3139,23,38,45,28.2,61.4,true,unclassified,1780393475885
6622,node_01,1780393476,data_collection,cooking_fume,exposure,,false,false,,rule_fallback_v0,2941,4095,2507,3139,23,38,45,28.2,61.4,true,unclassified,1780393476953
6623,node_01,1780393477,data_collection,cooking_fume,exposure,,false,false,,rule_fallback_v0,2926,4095,2508,3139,23,38,45,28.3,61.4,true,unclassified,1780393477960
6624,node_01,1780393478,data_collection,cooking_fume,exposure,,false,false,,rule_fallback_v0,2940,4095,2506,3139,23,38,45,28.3,61.4,true,unclassified,1780393479004
6625,node_01,1780393479,data_collection,cooking_fume,exposure,,false,false,,rule_fallback_v0,2931,4095,2508,3139,23,38,45,28.3,61.4,true,unclassified,1780393480120
6626,node_01,1780393480,data_collection,cooking_fume,exposure,,false,false,,rule_fallback_v0,2936,4095,2510,3139,23,38,45,28.3,61.4,true,unclassified,1780393481144
6627,node_01,1780393481,data_collection,cooking_fume,exposure,,false,false,,rule_fallback_v0,2933,4095,2507,3139,24,39,46,28.3,61.4,true,unclassified,1780393482144
6628,node_01,1780393482,data_collection,cooking_fume,exposure,,false,false,,rule_fallback_v0,2932,4095,2507,3139,24,39,46,28.3,61.4,true,unclassified,1780393483195
6629,node_01,1780393483,data_collection,cooking_fume,exposure,,false,false,,rule_fallback_v0,2930,4095,2509,3139,24,39,47,28.2,61.2,true,unclassified,1780393484229
6630,node_01,1780393484,data_collection,cooking_fume,exposure,,false,false,,rule_fallback_v0,2936,4095,2510,3139,23,38,46,28.2,61.2,true,unclassified,1780393485343
6631,node_01,1780393485,data_collection,cooking_fume,exposure,,false,false,,rule_fallback_v0,2927,4095,2507,3139,23,38,46,28.2,61.2,true,unclassified,1780393486368
6632,node_01,1780393486,data_collection,cooking_fume,exposure,,false,false,,rule_fallback_v0,2940,4095,2509,3139,23,38,46,28.3,61.1,true,unclassified,1780393487363
6633,node_01,1780393487,data_collection,cooking_fume,exposure,,false,false,,rule_fallback_v0,2927,4095,2508,3139,24,39,47,28.3,61.1,true,unclassified,1780393488427
6634,node_01,1780393488,data_collection,cooking_fume,exposure,,false,false,,rule_fallback_v0,2938,4095,2506,3139,24,39,47,28.3,61.1,true,unclassified,1780393489541
6635,node_01,1780393489,data_collection,cooking_fume,exposure,,false,false,,rule_fallback_v0,2926,4095,2506,3139,24,39,47,28.3,61.4,true,unclassified,1780393490565
6636,node_01,1780393490,data_collection,cooking_fume,exposure,,false,false,,rule_fallback_v0,2936,4095,2510,3139,23,39,47,28.3,61.4,true,unclassified,1780393491588
6637,node_01,1780393491,data_collection,cooking_fume,exposure,,false,false,,rule_fallback_v0,2932,4095,2507,3139,23,39,47,28.3,61.4,true,unclassified,1780393492588
6638,node_01,1780393492,data_collection,cooking_fume,exposure,,false,false,,rule_fallback_v0,2930,4095,2507,3139,23,39,47,28.3,61.4,true,unclassified,1780393493740
6639,node_01,1780393493,data_collection,cooking_fume,exposure,,false,false,,rule_fallback_v0,2934,4095,2508,3139,23,39,47,28.3,61.4,true,unclassified,1780393494763
6640,node_01,1780393494,data_collection,cooking_fume,exposure,,false,false,,rule_fallback_v0,2932,4095,2509,3139,23,39,47,28.3,61.4,true,unclassified,1780393495721
6641,node_01,1780393496,data_collection,cooking_fume,exposure,,false,false,,rule_fallback_v0,2930,4095,2507,3139,23,39,47,28.3,61.3,true,unclassified,1780393496767
6642,node_01,1780393497,data_collection,cooking_fume,exposure,,false,false,,rule_fallback_v0,2930,4095,2507,3139,24,40,48,28.3,61.3,true,unclassified,1780393497811
6643,node_01,1780393498,data_collection,cooking_fume,exposure,,false,false,,rule_fallback_v0,2927,4095,2507,3139,24,40,48,28.3,61.3,true,unclassified,1780393498962
6644,node_01,1780393499,data_collection,cooking_fume,exposure,,false,false,,rule_fallback_v0,2942,4095,2508,3139,24,40,48,28.3,61.3,true,unclassified,1780393499987
6645,node_01,1780393500,data_collection,cooking_fume,exposure,,false,false,,rule_fallback_v0,2930,4095,2509,3139,23,39,47,28.3,61.3,true,unclassified,1780393501009
6646,node_01,1780393501,data_collection,cooking_fume,exposure,,false,false,,rule_fallback_v0,2934,4095,2507,3139,23,39,47,28.3,61.3,true,unclassified,1780393501991
6647,node_01,1780393502,data_collection,cooking_fume,exposure,,false,false,,rule_fallback_v0,2931,4095,2509,3139,23,39,47,28.2,61.2,true,unclassified,1780393503057
6648,node_01,1780393503,data_collection,cooking_fume,exposure,,false,false,,rule_fallback_v0,2935,4095,2509,3139,23,39,47,28.2,61.2,true,unclassified,1780393504081
6649,node_01,1780393504,data_collection,cooking_fume,exposure,,false,false,,rule_fallback_v0,2931,4095,2508,3139,23,39,47,28.2,61.2,true,unclassified,1780393505213
6650,node_01,1780393505,data_collection,cooking_fume,exposure,,false,false,,rule_fallback_v0,2931,4095,2507,3139,24,40,48,28.2,61.2,true,unclassified,1780393506170
6651,node_01,1780393506,data_collection,cooking_fume,exposure,,false,false,,rule_fallback_v0,2935,4095,2507,3139,24,40,48,28.2,61.2,true,unclassified,1780393507255
6652,node_01,1780393507,data_collection,cooking_fume,exposure,,false,false,,rule_fallback_v0,2940,4095,2506,3139,24,40,48,28.2,61.2,true,unclassified,1780393508279
6653,node_01,1780393508,data_collection,cooking_fume,exposure,,false,false,,rule_fallback_v0,2932,4095,2509,3139,24,40,49,28.2,61.3,true,unclassified,1780393509405
6654,node_01,1780393509,data_collection,cooking_fume,exposure,,false,false,,rule_fallback_v0,2939,4095,2508,3139,24,40,49,28.2,61.3,true,unclassified,1780393510430
6655,node_01,1780393510,data_collection,cooking_fume,exposure,,false,false,,rule_fallback_v0,2929,4095,2508,3139,24,40,49,28.2,61.3,true,unclassified,1780393511394
6656,node_01,1780393511,data_collection,cooking_fume,exposure,,false,false,,rule_fallback_v0,2933,4095,2508,3139,23,39,48,28.3,61.3,true,unclassified,1780393512478
6657,node_01,1780393512,data_collection,cooking_fume,exposure,,false,false,,rule_fallback_v0,2929,4095,2509,3139,23,39,48,28.3,61.3,true,unclassified,1780393513501
6658,node_01,1780393513,data_collection,cooking_fume,exposure,,false,false,,rule_fallback_v0,2937,4095,2507,3139,23,39,48,28.3,61.3,true,unclassified,1780393514629
6659,node_01,1780393514,data_collection,cooking_fume,exposure,,false,false,,rule_fallback_v0,2933,4095,2509,3139,23,40,48,28.2,61.3,true,unclassified,1780393515652
6660,node_01,1780393515,data_collection,cooking_fume,exposure,,false,false,,rule_fallback_v0,2927,4095,2510,3139,23,40,48,28.2,61.3,true,unclassified,1780393516626
6661,node_01,1780393516,data_collection,cooking_fume,exposure,,false,false,,rule_fallback_v0,2934,4095,2509,3139,23,39,48,28.2,61.3,true,unclassified,1780393517664
6662,node_01,1780393517,data_collection,cooking_fume,exposure,,false,false,,rule_fallback_v0,2933,4095,2510,3139,23,39,47,28.3,61.7,true,unclassified,1780393518735
6663,node_01,1780393519,data_collection,cooking_fume,exposure,,false,false,,rule_fallback_v0,2931,4095,2508,3139,23,39,47,28.3,61.7,true,unclassified,1780393519754
6664,node_01,1780393520,data_collection,cooking_fume,exposure,,false,false,,rule_fallback_v0,2938,4095,2507,3139,23,39,47,28.3,61.7,true,unclassified,1780393520875
6665,node_01,1780393521,data_collection,cooking_fume,exposure,,false,false,,rule_fallback_v0,2928,4095,2508,3139,24,40,47,28.3,61.5,true,unclassified,1780393521905
6666,node_01,1780393522,data_collection,cooking_fume,exposure,,false,false,,rule_fallback_v0,2939,4095,2506,3139,24,39,47,28.3,61.5,true,unclassified,1780393522891
6667,node_01,1780393523,data_collection,cooking_fume,exposure,,false,false,,rule_fallback_v0,2930,4095,2508,3139,23,38,46,28.3,61.5,true,unclassified,1780393523937
6668,node_01,1780393524,data_collection,cooking_fume,exposure,,false,false,,rule_fallback_v0,2932,4095,2509,3139,23,38,46,28.3,61.2,true,unclassified,1780393525074
6669,node_01,1780393525,data_collection,cooking_fume,exposure,,false,false,,rule_fallback_v0,2933,4095,2508,3139,23,38,46,28.3,61.2,true,unclassified,1780393526026
6670,node_01,1780393526,data_collection,cooking_fume,exposure,,false,false,,rule_fallback_v0,2939,4095,2508,3139,23,39,47,28.3,61.2,true,unclassified,1780393527121
6671,node_01,1780393527,data_collection,cooking_fume,exposure,,false,false,,rule_fallback_v0,2930,4095,2508,3139,23,38,46,28.2,61.2,true,unclassified,1780393528123
6672,node_01,1780393528,data_collection,cooking_fume,exposure,,false,false,,rule_fallback_v0,2931,4095,2507,3139,23,38,46,28.2,61.2,true,unclassified,1780393529158
6673,node_01,1780393529,data_collection,cooking_fume,exposure,,false,false,,rule_fallback_v0,2930,4095,2508,3139,22,37,45,28.2,61.2,true,unclassified,1780393530297
6674,node_01,1780393530,data_collection,cooking_fume,exposure,,false,false,,rule_fallback_v0,2936,4095,2511,3139,22,37,45,28.3,61.2,true,unclassified,1780393531319
6675,node_01,1780393531,data_collection,cooking_fume,exposure,,false,false,,rule_fallback_v0,2928,4095,2507,3139,22,37,45,28.3,61.2,true,unclassified,1780393532343
6676,node_01,1780393532,data_collection,cooking_fume,exposure,,false,false,,rule_fallback_v0,2940,4095,2506,3139,23,38,46,28.3,61.2,true,unclassified,1780393533337
6677,node_01,1780393533,data_collection,cooking_fume,exposure,,false,false,,rule_fallback_v0,2930,4095,2507,3139,23,38,46,28.3,61.2,true,unclassified,1780393534391
6678,node_01,1780393534,data_collection,cooking_fume,exposure,,false,false,,rule_fallback_v0,2929,4095,2508,3139,23,38,46,28.3,61.2,true,unclassified,1780393535424
6679,node_01,1780393535,data_collection,cooking_fume,exposure,,false,false,,rule_fallback_v0,2932,4095,2507,3139,23,38,46,28.3,61.2,true,unclassified,1780393536545
6680,node_01,1780393536,data_collection,cooking_fume,exposure,,false,false,,rule_fallback_v0,2931,4095,2510,3139,23,38,46,28.3,61.2,true,unclassified,1780393537568
6681,node_01,1780393537,data_collection,cooking_fume,exposure,,false,false,,rule_fallback_v0,2934,4095,2508,3139,23,39,46,28.3,61.2,true,unclassified,1780393538560
6682,node_01,1780393538,data_collection,cooking_fume,exposure,,false,false,,rule_fallback_v0,2930,4095,2509,3139,23,39,46,28.3,61.2,true,unclassified,1780393539615
6683,node_01,1780393539,data_collection,cooking_fume,exposure,,false,false,,rule_fallback_v0,2929,4095,2507,3139,23,39,46,28.3,61,true,unclassified,1780393540670
6684,node_01,1780393540,data_collection,cooking_fume,exposure,,false,false,,rule_fallback_v0,2938,4095,2507,3139,23,38,46,28.3,61,true,unclassified,1780393541765
6685,node_01,1780393542,data_collection,cooking_fume,exposure,,false,false,,rule_fallback_v0,2929,4095,2508,3139,23,38,46,28.3,61,true,unclassified,1780393542788
6686,node_01,1780393543,data_collection,cooking_fume,exposure,,false,false,,rule_fallback_v0,2937,4095,2507,3139,23,38,46,28.3,61.2,true,unclassified,1780393543812
6687,node_01,1780393544,data_collection,cooking_fume,exposure,,false,false,,rule_fallback_v0,2929,4095,2510,3139,22,37,45,28.3,61.2,true,unclassified,1780393544938
6688,node_01,1780393545,data_collection,cooking_fume,exposure,,false,false,,rule_fallback_v0,2933,4095,2507,3139,22,37,45,28.3,61.2,true,unclassified,1780393545963
6689,node_01,1780393546,data_collection,cooking_fume,exposure,,false,false,,rule_fallback_v0,2931,4095,2509,3139,22,37,45,28.3,61.2,true,unclassified,1780393546918
6690,node_01,1780393547,data_collection,cooking_fume,exposure,,false,false,,rule_fallback_v0,2933,4095,2507,3139,22,37,45,28.3,61.2,true,unclassified,1780393547966
6691,node_01,1780393548,data_collection,cooking_fume,exposure,,false,false,,rule_fallback_v0,2925,4095,2508,3139,22,37,45,28.3,61.2,true,unclassified,1780393549035
6692,node_01,1780393549,data_collection,cooking_fume,exposure,,false,false,,rule_fallback_v0,2932,4095,2509,3139,22,37,44,28.3,61.3,true,unclassified,1780393550052
6693,node_01,1780393550,data_collection,cooking_fume,exposure,,false,false,,rule_fallback_v0,2929,4095,2509,3139,23,38,45,28.3,61.3,true,unclassified,1780393551184
6694,node_01,1780393551,data_collection,cooking_fume,exposure,,false,false,,rule_fallback_v0,2934,4095,2507,3139,23,38,46,28.3,61.3,true,unclassified,1780393552209
6695,node_01,1780393552,data_collection,cooking_fume,exposure,,false,false,,rule_fallback_v0,2929,4095,2509,3139,23,39,46,28.3,61.4,true,unclassified,1780393553232
6696,node_01,1780393553,data_collection,cooking_fume,exposure,,false,false,,rule_fallback_v0,2937,4095,2508,3139,22,38,45,28.3,61.4,true,unclassified,1780393554256
6697,node_01,1780393554,data_collection,cooking_fume,exposure,,false,false,,rule_fallback_v0,2930,4095,2508,3139,22,38,45,28.3,61.4,true,unclassified,1780393555281
6698,node_01,1780393555,data_collection,cooking_fume,exposure,,false,false,,rule_fallback_v0,2940,4095,2509,3139,22,38,46,28.3,61.3,true,unclassified,1780393556409
6699,node_01,1780393556,data_collection,cooking_fume,exposure,,false,false,,rule_fallback_v0,2931,4095,2508,3139,23,39,47,28.3,61.3,true,unclassified,1780393557367
6700,node_01,1780393557,data_collection,cooking_fume,exposure,,false,false,,rule_fallback_v0,2940,4095,2508,3139,23,39,47,28.3,61.3,true,unclassified,1780393558413
6701,node_01,1780393558,data_collection,cooking_fume,exposure,,false,false,,rule_fallback_v0,2931,4095,2508,3139,23,39,47,28.3,61.4,true,unclassified,1780393559699
6702,node_01,1780393559,data_collection,cooking_fume,exposure,,false,false,,rule_fallback_v0,2930,4095,2507,3139,22,38,46,28.3,61.4,true,unclassified,1780393560583
6703,node_01,1780393560,data_collection,cooking_fume,exposure,,false,false,,rule_fallback_v0,2927,4095,2507,3139,22,38,46,28.3,61.4,true,unclassified,1780393561547
6704,node_01,1780393561,data_collection,cooking_fume,exposure,,false,false,,rule_fallback_v0,2932,4095,2508,3139,23,38,46,28.3,61.3,true,unclassified,1780393562653
6705,node_01,1780393562,data_collection,cooking_fume,exposure,,false,false,,rule_fallback_v0,2930,4095,2506,3139,23,38,46,28.3,61.3,true,unclassified,1780393563637
6706,node_01,1780393563,data_collection,cooking_fume,exposure,,false,false,,rule_fallback_v0,2932,4095,2507,3139,23,38,46,28.3,61.3,true,unclassified,1780393564683
6707,node_01,1780393565,data_collection,cooking_fume,exposure,,false,false,,rule_fallback_v0,2929,4095,2509,3139,24,39,47,28.3,61.2,true,unclassified,1780393565727
6708,node_01,1780393566,data_collection,cooking_fume,exposure,,false,false,,rule_fallback_v0,2941,4095,2507,3139,24,39,47,28.3,61.2,true,unclassified,1780393566852
6709,node_01,1780393567,data_collection,cooking_fume,exposure,,false,false,,rule_fallback_v0,2930,4095,2507,3139,24,39,47,28.3,61.2,true,unclassified,1780393567819
6710,node_01,1780393568,data_collection,cooking_fume,exposure,,false,false,,rule_fallback_v0,2935,4095,2508,3139,23,38,46,28.3,61.3,true,unclassified,1780393568899
6711,node_01,1780393569,data_collection,cooking_fume,exposure,,false,false,,rule_fallback_v0,2932,4095,2507,3139,23,38,46,28.3,61.3,true,unclassified,1780393569977
6712,node_01,1780393570,data_collection,cooking_fume,exposure,,false,false,,rule_fallback_v0,2932,4095,2508,3139,23,38,46,28.3,61.3,true,unclassified,1780393570954
6713,node_01,1780393571,data_collection,cooking_fume,exposure,,false,false,,rule_fallback_v0,2928,4095,2510,3139,23,38,46,28.3,61.4,true,unclassified,1780393572074
6714,node_01,1780393572,data_collection,cooking_fume,exposure,,false,false,,rule_fallback_v0,2934,4095,2509,3139,23,38,46,28.3,61.4,true,unclassified,1780393573098
6715,node_01,1780393573,data_collection,cooking_fume,exposure,,false,false,,rule_fallback_v0,2931,4095,2508,3139,23,38,47,28.3,61.4,true,unclassified,1780393574083
6716,node_01,1780393574,data_collection,cooking_fume,exposure,,false,false,,rule_fallback_v0,2946,4095,2510,3139,23,39,47,28.3,61.4,true,unclassified,1780393575146
6717,node_01,1780393575,data_collection,cooking_fume,exposure,,false,false,,rule_fallback_v0,2928,4095,2507,3139,23,39,47,28.3,61.4,true,unclassified,1780393576273
6718,node_01,1780393576,data_collection,cooking_fume,exposure,,false,false,,rule_fallback_v0,2931,4095,2510,3139,23,39,47,28.3,61.4,true,unclassified,1780393577296
6719,node_01,1780393577,data_collection,cooking_fume,exposure,,false,false,,rule_fallback_v0,2933,4095,2508,3139,24,40,48,28.3,61.5,true,unclassified,1780393578321
6720,node_01,1780393578,data_collection,cooking_fume,exposure,,false,false,,rule_fallback_v0,2928,4095,2507,3139,24,39,47,28.3,61.5,true,unclassified,1780393579345
6721,node_01,1780393579,data_collection,cooking_fume,exposure,,false,false,,rule_fallback_v0,2932,4095,2509,3139,24,39,47,28.3,61.5,true,unclassified,1780393580353
6722,node_01,1780393580,data_collection,cooking_fume,exposure,,false,false,,rule_fallback_v0,2938,4095,2508,3139,24,39,47,28.3,61.5,true,unclassified,1780393581497
6723,node_01,1780393581,data_collection,cooking_fume,exposure,,false,false,,rule_fallback_v0,2927,4095,2507,3139,24,39,47,28.3,61.5,true,unclassified,1780393582519
6724,node_01,1780393582,data_collection,cooking_fume,exposure,,false,false,,rule_fallback_v0,2941,4095,2508,3139,24,39,47,28.3,61.5,true,unclassified,1780393583543
6725,node_01,1780393583,data_collection,cooking_fume,exposure,,false,false,,rule_fallback_v0,2926,4095,2508,3139,24,39,47,28.3,61.5,true,unclassified,1780393584567
6726,node_01,1780393584,data_collection,cooking_fume,exposure,,false,false,,rule_fallback_v0,2938,4095,2509,3139,24,39,47,28.3,61.5,true,unclassified,1780393585576
6727,node_01,1780393585,data_collection,cooking_fume,exposure,,false,false,,rule_fallback_v0,2928,4095,2508,3139,23,38,46,28.3,61.5,true,unclassified,1780393586621
6728,node_01,1780393586,data_collection,cooking_fume,exposure,,false,false,,rule_fallback_v0,2938,4095,2511,3139,23,38,46,28.3,61.4,true,unclassified,1780393587668
6729,node_01,1780393587,data_collection,cooking_fume,exposure,,false,false,,rule_fallback_v0,2931,4095,2509,3139,23,38,46,28.3,61.4,true,unclassified,1780393588718
6730,node_01,1780393589,data_collection,cooking_fume,exposure,,false,false,,rule_fallback_v0,2932,4095,2507,3139,24,39,47,28.3,61.4,true,unclassified,1780393589755
6731,node_01,1780393590,data_collection,cooking_fume,exposure,,false,false,,rule_fallback_v0,2929,4095,2508,3139,24,39,47,28.3,61.4,true,unclassified,1780393590802
6732,node_01,1780393591,data_collection,cooking_fume,exposure,,false,false,,rule_fallback_v0,2933,4095,2508,3139,24,39,47,28.3,61.4,true,unclassified,1780393591846
6733,node_01,1780393592,data_collection,cooking_fume,exposure,,false,false,,rule_fallback_v0,2931,4095,2508,3139,24,39,47,28.3,61.4,true,unclassified,1780393592963
6734,node_01,1780393593,data_collection,cooking_fume,exposure,,false,false,,rule_fallback_v0,2935,4095,2508,3139,24,39,47,28.3,61.3,true,unclassified,1780393593987
6735,node_01,1780393594,data_collection,cooking_fume,exposure,,false,false,,rule_fallback_v0,2931,4095,2508,3139,24,39,47,28.3,61.3,true,unclassified,1780393594981
6736,node_01,1780393595,data_collection,cooking_fume,exposure,,false,false,,rule_fallback_v0,2940,4095,2507,3139,23,38,46,28.3,61.3,true,unclassified,1780393596035
6737,node_01,1780393596,data_collection,cooking_fume,exposure,,false,false,,rule_fallback_v0,2933,4095,2506,3139,23,38,46,28.3,61.1,true,unclassified,1780393597071
6738,node_01,1780393597,data_collection,cooking_fume,exposure,,false,false,,rule_fallback_v0,2930,4095,2506,3139,23,39,46,28.3,61.1,true,unclassified,1780393598185
6739,node_01,1780393598,data_collection,cooking_fume,exposure,,false,false,,rule_fallback_v0,2931,4095,2508,3139,24,40,47,28.3,61.1,true,unclassified,1780393599211
6740,node_01,1780393599,data_collection,cooking_fume,exposure,,false,false,,rule_fallback_v0,2931,4095,2510,3139,24,40,47,28.3,61.2,true,unclassified,1780393600234
6741,node_01,1780393600,data_collection,cooking_fume,exposure,,false,false,,rule_fallback_v0,2930,4095,2507,3139,24,40,47,28.3,61.2,true,unclassified,1780393601251
6742,node_01,1780393601,data_collection,cooking_fume,exposure,,false,false,,rule_fallback_v0,2930,4095,2509,3139,23,39,46,28.3,61.2,true,unclassified,1780393602295
6743,node_01,1780393602,data_collection,cooking_fume,exposure,,false,false,,rule_fallback_v0,2930,4095,2507,3139,23,39,46,28.3,61,true,unclassified,1780393603341
6744,node_01,1780393603,data_collection,cooking_fume,exposure,,false,false,,rule_fallback_v0,2934,4095,2508,3139,23,39,46,28.3,61,true,unclassified,1780393604432
6745,node_01,1780393604,data_collection,cooking_fume,exposure,,false,false,,rule_fallback_v0,2925,4095,2508,3139,23,39,46,28.3,61,true,unclassified,1780393605430
6746,node_01,1780393605,data_collection,cooking_fume,exposure,,false,false,,rule_fallback_v0,2937,4095,2510,3139,23,39,46,28.3,61,true,unclassified,1780393606584
6747,node_01,1780393606,data_collection,cooking_fume,exposure,,false,false,,rule_fallback_v0,2928,4095,2509,3139,24,40,47,28.3,61,true,unclassified,1780393607608
6748,node_01,1780393607,data_collection,cooking_fume,exposure,,false,false,,rule_fallback_v0,2938,4095,2508,3139,24,40,47,28.3,61,true,unclassified,1780393608631
6749,node_01,1780393608,data_collection,cooking_fume,exposure,,false,false,,rule_fallback_v0,2929,4095,2509,3139,24,40,47,28.3,61,true,unclassified,1780393609645
6750,node_01,1780393609,data_collection,cooking_fume,exposure,,false,false,,rule_fallback_v0,2943,4095,2510,3139,24,40,47,28.3,61,true,unclassified,1780393610690
6751,node_01,1780393610,data_collection,cooking_fume,exposure,,false,false,,rule_fallback_v0,2931,4095,2508,3139,24,40,47,28.3,61,true,unclassified,1780393611814
6752,node_01,1780393612,data_collection,cooking_fume,exposure,,false,false,,rule_fallback_v0,2942,4095,2510,3139,24,40,47,28.3,61.3,true,unclassified,1780393612742
6753,node_01,1780393613,data_collection,cooking_fume,exposure,,false,false,,rule_fallback_v0,2933,4095,2509,3139,24,40,47,28.3,61.3,true,unclassified,1780393613859
6754,node_01,1780393614,data_collection,cooking_fume,exposure,,false,false,,rule_fallback_v0,2932,4095,2507,3139,24,40,47,28.3,61.3,true,unclassified,1780393614831
6755,node_01,1780393615,data_collection,cooking_fume,exposure,,false,false,,rule_fallback_v0,2928,4095,2508,3139,24,40,47,28.3,61.3,true,unclassified,1780393615903
6756,node_01,1780393616,data_collection,cooking_fume,exposure,,false,false,,rule_fallback_v0,2939,4095,2508,3139,23,39,46,28.3,61.3,true,unclassified,1780393617008
6757,node_01,1780393617,data_collection,cooking_fume,exposure,,false,false,,rule_fallback_v0,2930,4095,2508,3139,23,39,46,28.3,61.3,true,unclassified,1780393617967
6758,node_01,1780393618,data_collection,cooking_fume,exposure,,false,false,,rule_fallback_v0,2929,4095,2509,3139,23,39,46,28.3,61.4,true,unclassified,1780393619012
6759,node_01,1780393619,data_collection,cooking_fume,exposure,,false,false,,rule_fallback_v0,2929,4095,2507,3139,23,39,46,28.3,61.4,true,unclassified,1780393620099
6760,node_01,1780393620,data_collection,cooking_fume,exposure,,false,false,,rule_fallback_v0,2934,4095,2508,3139,23,39,46,28.3,61.4,true,unclassified,1780393621125
6761,node_01,1780393621,data_collection,cooking_fume,exposure,,false,false,,rule_fallback_v0,2928,4095,2507,3139,22,39,46,28.3,61.3,true,unclassified,1780393622146
6762,node_01,1780393622,data_collection,cooking_fume,exposure,,false,false,,rule_fallback_v0,2934,4095,2508,3139,22,39,46,28.3,61.3,true,unclassified,1780393623190
6763,node_01,1780393623,data_collection,cooking_fume,exposure,,false,false,,rule_fallback_v0,2930,4095,2507,3139,22,39,46,28.3,61.3,true,unclassified,1780393624298
6764,node_01,1780393624,data_collection,cooking_fume,exposure,,false,false,,rule_fallback_v0,2939,4095,2510,3139,22,39,46,28.3,61.2,true,unclassified,1780393625322
6765,node_01,1780393625,data_collection,cooking_fume,exposure,,false,false,,rule_fallback_v0,2932,4095,2506,3139,23,40,47,28.3,61.2,true,unclassified,1780393626346
6766,node_01,1780393626,data_collection,cooking_fume,exposure,,false,false,,rule_fallback_v0,2938,4095,2505,3139,23,40,47,28.3,61.2,true,unclassified,1780393627370
6767,node_01,1780393627,data_collection,cooking_fume,exposure,,false,false,,rule_fallback_v0,2931,4095,2509,3139,22,39,46,28.3,61.2,true,unclassified,1780393628500
6768,node_01,1780393628,data_collection,cooking_fume,exposure,,false,false,,rule_fallback_v0,2927,4095,2509,3139,22,39,46,28.3,61.2,true,unclassified,1780393629523
6769,node_01,1780393629,data_collection,cooking_fume,exposure,,false,false,,rule_fallback_v0,2928,4095,2507,3139,22,39,46,28.3,61.2,true,unclassified,1780393630545
6770,node_01,1780393630,data_collection,cooking_fume,exposure,,false,false,,rule_fallback_v0,2934,4095,2510,3139,23,40,47,28.3,61.2,true,unclassified,1780393631569
6771,node_01,1780393631,data_collection,cooking_fume,exposure,,false,false,,rule_fallback_v0,2926,4095,2509,3139,23,40,47,28.3,61.2,true,unclassified,1780393632696
6772,node_01,1780393632,data_collection,cooking_fume,exposure,,false,false,,rule_fallback_v0,2930,4095,2507,3139,23,40,47,28.3,61.2,true,unclassified,1780393633640
6773,node_01,1780393633,data_collection,cooking_fume,exposure,,false,false,,rule_fallback_v0,2928,4095,2509,3139,22,40,46,28.3,61.1,true,unclassified,1780393634726
6774,node_01,1780393635,data_collection,cooking_fume,exposure,,false,false,,rule_fallback_v0,2934,4095,2507,3139,23,40,47,28.3,61.1,true,unclassified,1780393635767
6775,node_01,1780393636,data_collection,cooking_fume,exposure,,false,false,,rule_fallback_v0,2928,4095,2509,3139,23,40,47,28.3,61.1,true,unclassified,1780393636774
6776,node_01,1780393637,data_collection,cooking_fume,exposure,,false,false,,rule_fallback_v0,2935,4095,2506,3139,24,41,48,28.3,61,true,unclassified,1780393637820
6777,node_01,1780393638,data_collection,cooking_fume,exposure,,false,false,,rule_fallback_v0,2935,4095,2509,3139,24,41,48,28.3,61,true,unclassified,1780393638942
6778,node_01,1780393639,data_collection,cooking_fume,exposure,,false,false,,rule_fallback_v0,2933,4095,2507,3139,24,41,48,28.3,61,true,unclassified,1780393639965
6779,node_01,1780393640,data_collection,cooking_fume,exposure,,false,false,,rule_fallback_v0,2927,4095,2509,3139,24,41,48,28.3,61.1,true,unclassified,1780393640954
6780,node_01,1780393641,data_collection,cooking_fume,exposure,,false,false,,rule_fallback_v0,2932,4095,2507,3139,24,41,48,28.3,61.1,true,unclassified,1780393642013
6781,node_01,1780393642,data_collection,cooking_fume,exposure,,false,false,,rule_fallback_v0,2936,4095,2509,3139,24,41,48,28.3,61.1,true,unclassified,1780393643043
6782,node_01,1780393643,data_collection,cooking_fume,exposure,,false,false,,rule_fallback_v0,2929,4095,2509,3139,23,40,47,28.3,61.4,true,unclassified,1780393644088
6783,node_01,1780393644,data_collection,cooking_fume,exposure,,false,false,,rule_fallback_v0,2934,4095,2507,3139,23,40,47,28.3,61.4,true,unclassified,1780393645187
6784,node_01,1780393645,data_collection,cooking_fume,exposure,,false,false,,rule_fallback_v0,2929,4095,2505,3139,23,39,46,28.3,61.4,true,unclassified,1780393646216
6785,node_01,1780393646,data_collection,cooking_fume,exposure,,false,false,,rule_fallback_v0,2932,4095,2508,3139,24,40,47,28.3,62.1,true,unclassified,1780393647236
6786,node_01,1780393647,data_collection,cooking_fume,exposure,,false,false,,rule_fallback_v0,2938,4095,2507,3139,24,40,47,28.3,62.1,true,unclassified,1780393648373
6787,node_01,1780393648,data_collection,cooking_fume,exposure,,false,false,,rule_fallback_v0,2926,4095,2508,3139,24,40,47,28.3,62.1,true,unclassified,1780393649386
6788,node_01,1780393649,data_collection,cooking_fume,exposure,,false,false,,rule_fallback_v0,2939,4095,2509,3139,24,40,47,28.3,62.5,true,unclassified,1780393650412
6789,node_01,1780393650,data_collection,cooking_fume,exposure,,false,false,,rule_fallback_v0,2925,4095,2507,3139,24,40,47,28.3,62.5,true,unclassified,1780393651434
6790,node_01,1780393651,data_collection,cooking_fume,exposure,,false,false,,rule_fallback_v0,2931,4095,2508,3139,24,40,47,28.3,62.5,true,unclassified,1780393652459
6791,node_01,1780393652,data_collection,cooking_fume,exposure,,false,false,,rule_fallback_v0,2933,4095,2507,3139,24,40,47,28.3,62.5,true,unclassified,1780393653492
6792,node_01,1780393653,data_collection,cooking_fume,exposure,,false,false,,rule_fallback_v0,2937,4095,2507,3139,24,40,47,28.3,62.5,true,unclassified,1780393654581
6793,node_01,1780393654,data_collection,cooking_fume,exposure,,false,false,,rule_fallback_v0,2935,4095,2507,3139,23,39,46,28.3,62.5,true,unclassified,1780393655635
6794,node_01,1780393655,data_collection,cooking_fume,exposure,,false,false,,rule_fallback_v0,2928,4095,2507,3139,23,39,46,28.3,62.6,true,unclassified,1780393656658
6795,node_01,1780393656,data_collection,cooking_fume,exposure,,false,false,,rule_fallback_v0,2931,4095,2507,3139,23,39,46,28.3,62.6,true,unclassified,1780393657680
6796,node_01,1780393657,data_collection,cooking_fume,exposure,,false,false,,rule_fallback_v0,2931,4095,2509,3139,23,39,46,28.3,62.6,true,unclassified,1780393658716
6797,node_01,1780393659,data_collection,cooking_fume,exposure,,false,false,,rule_fallback_v0,2931,4095,2509,3139,23,39,46,28.3,62.6,true,unclassified,1780393659831
6798,node_01,1780393660,data_collection,cooking_fume,exposure,,false,false,,rule_fallback_v0,2932,4095,2505,3139,23,39,46,28.3,62.6,true,unclassified,1780393660810
6799,node_01,1780393661,data_collection,cooking_fume,exposure,,false,false,,rule_fallback_v0,2928,4095,2506,3139,23,38,46,28.3,62.6,true,unclassified,1780393661879
6800,node_01,1780393662,data_collection,cooking_fume,exposure,,false,false,,rule_fallback_v0,2931,4095,2507,3139,23,38,46,28.3,62.6,true,unclassified,1780393662902
6801,node_01,1780393663,data_collection,cooking_fume,exposure,,false,false,,rule_fallback_v0,2928,4095,2508,3139,23,38,46,28.3,62.6,true,unclassified,1780393663939
6802,node_01,1780393664,data_collection,cooking_fume,exposure,,false,false,,rule_fallback_v0,2933,4095,2507,3139,23,38,46,28.3,62.6,true,unclassified,1780393664986
6803,node_01,1780393665,data_collection,cooking_fume,exposure,,false,false,,rule_fallback_v0,2929,4095,2509,3139,23,38,46,28.3,62.4,true,unclassified,1780393666077
6804,node_01,1780393666,data_collection,cooking_fume,exposure,,false,false,,rule_fallback_v0,2926,4095,2508,3139,23,38,46,28.3,62.4,true,unclassified,1780393667074
6805,node_01,1780393667,data_collection,cooking_fume,exposure,,false,false,,rule_fallback_v0,2934,4095,2507,3139,24,39,47,28.3,62.4,true,unclassified,1780393668229
6806,node_01,1780393668,data_collection,cooking_fume,exposure,,false,false,,rule_fallback_v0,2930,4095,2508,3139,24,39,47,28.3,62.4,true,unclassified,1780393669251
6807,node_01,1780393669,data_collection,cooking_fume,exposure,,false,false,,rule_fallback_v0,2931,4095,2507,3139,24,39,47,28.3,62.4,true,unclassified,1780393670276
6808,node_01,1780393670,data_collection,cooking_fume,exposure,,false,false,,rule_fallback_v0,2933,4095,2508,3139,24,39,47,28.3,62.4,true,unclassified,1780393671300
6809,node_01,1780393671,data_collection,cooking_fume,exposure,,false,false,,rule_fallback_v0,2934,4095,2508,3139,24,39,47,28.3,62.2,true,unclassified,1780393672298
6810,node_01,1780393672,data_collection,cooking_fume,exposure,,false,false,,rule_fallback_v0,2940,4095,2506,3139,23,38,46,28.3,62.2,true,unclassified,1780393673453
6811,node_01,1780393673,data_collection,cooking_fume,exposure,,false,false,,rule_fallback_v0,2932,4095,2508,3139,23,38,46,28.3,62.2,true,unclassified,1780393674474
6812,node_01,1780393674,data_collection,cooking_fume,exposure,,false,false,,rule_fallback_v0,2940,4095,2508,3139,23,38,46,28.3,62.2,true,unclassified,1780393675433
6813,node_01,1780393675,data_collection,cooking_fume,exposure,,false,false,,rule_fallback_v0,2928,4095,2509,3139,23,38,46,28.3,62.2,true,unclassified,1780393676478
6814,node_01,1780393676,data_collection,cooking_fume,exposure,,false,false,,rule_fallback_v0,2944,4095,2506,3139,23,38,46,28.3,62.2,true,unclassified,1780393677522
6815,node_01,1780393677,data_collection,cooking_fume,exposure,,false,false,,rule_fallback_v0,2927,4095,2508,3139,23,38,45,28.3,62.2,true,unclassified,1780393678580
6816,node_01,1780393678,data_collection,cooking_fume,exposure,,false,false,,rule_fallback_v0,2937,4095,2509,3139,24,39,46,28.3,62.2,true,unclassified,1780393679696
6817,node_01,1780393679,data_collection,cooking_fume,exposure,,false,false,,rule_fallback_v0,2930,4095,2509,3139,24,39,46,28.3,62.2,true,unclassified,1780393680655
6818,node_01,1780393680,data_collection,cooking_fume,exposure,,false,false,,rule_fallback_v0,2939,4095,2509,3139,24,39,46,28.3,62.3,true,unclassified,1780393681701
6819,node_01,1780393682,data_collection,cooking_fume,exposure,,false,false,,rule_fallback_v0,2930,4095,2508,3139,24,39,45,28.3,62.3,true,unclassified,1780393682768
6820,node_01,1780393683,data_collection,cooking_fume,exposure,,false,false,,rule_fallback_v0,2928,4095,2509,3139,24,39,45,28.3,62.3,true,unclassified,1780393683792
6821,node_01,1780393684,data_collection,cooking_fume,exposure,,false,false,,rule_fallback_v0,2929,4095,2509,3139,24,39,45,28.3,62.2,true,unclassified,1780393684837
6822,node_01,1780393685,data_collection,cooking_fume,exposure,,false,false,,rule_fallback_v0,2931,4095,2506,3139,24,39,45,28.3,62.2,true,unclassified,1780393685882
6823,node_01,1780393686,data_collection,cooking_fume,exposure,,false,false,,rule_fallback_v0,2932,4095,2509,3139,24,39,45,28.3,62.2,true,unclassified,1780393686967
6824,node_01,1780393687,data_collection,cooking_fume,exposure,,false,false,,rule_fallback_v0,2926,4095,2507,3139,24,39,45,28.3,62.3,true,unclassified,1780393687971
6825,node_01,1780393688,data_collection,cooking_fume,exposure,,false,false,,rule_fallback_v0,2931,4095,2509,3139,23,38,44,28.3,62.3,true,unclassified,1780393689118
6826,node_01,1780393689,data_collection,cooking_fume,exposure,,false,false,,rule_fallback_v0,2935,4095,2506,3139,23,37,44,28.3,62.3,true,unclassified,1780393690172
6827,node_01,1780393690,data_collection,cooking_fume,exposure,,false,false,,rule_fallback_v0,2930,4095,2510,3139,24,38,45,28.3,62.3,true,unclassified,1780393691105
6828,node_01,1780393691,data_collection,cooking_fume,exposure,,false,false,,rule_fallback_v0,2935,4095,2507,3139,24,38,45,28.3,62.3,true,unclassified,1780393692190
6829,node_01,1780393692,data_collection,cooking_fume,exposure,,false,false,,rule_fallback_v0,2927,4095,2508,3139,24,38,45,28.3,62.3,true,unclassified,1780393693213
6830,node_01,1780393693,data_collection,cooking_fume,exposure,,false,false,,rule_fallback_v0,2940,4095,2512,3139,23,38,44,28.3,62.3,true,unclassified,1780393694339
6831,node_01,1780393694,data_collection,cooking_fume,exposure,,false,false,,rule_fallback_v0,2926,4095,2508,3139,23,38,44,28.3,62.3,true,unclassified,1780393695364
6832,node_01,1780393695,data_collection,cooking_fume,exposure,,false,false,,rule_fallback_v0,2935,4095,2507,3139,23,38,44,28.3,62.3,true,unclassified,1780393696391
6833,node_01,1780393696,data_collection,cooking_fume,exposure,,false,false,,rule_fallback_v0,2932,4095,2507,3139,23,38,44,28.3,62.3,true,unclassified,1780393697373
6834,node_01,1780393697,data_collection,cooking_fume,exposure,,false,false,,rule_fallback_v0,2929,4095,2510,3139,23,38,44,28.3,62.3,true,unclassified,1780393698441
6835,node_01,1780393698,data_collection,cooking_fume,exposure,,false,false,,rule_fallback_v0,2930,4095,2505,3139,23,38,45,28.3,62.3,true,unclassified,1780393699561
6836,node_01,1780393699,data_collection,cooking_fume,exposure,,false,false,,rule_fallback_v0,2933,4095,2511,3139,24,40,46,28.3,62.4,true,unclassified,1780393700508
6837,node_01,1780393700,data_collection,cooking_fume,exposure,,false,false,,rule_fallback_v0,2926,4095,2508,3139,24,40,47,28.3,62.4,true,unclassified,1780393701610
6838,node_01,1780393701,data_collection,cooking_fume,exposure,,false,false,,rule_fallback_v0,2935,4095,2508,3139,24,40,47,28.3,62.4,true,unclassified,1780393702634
6839,node_01,1780393702,data_collection,cooking_fume,exposure,,false,false,,rule_fallback_v0,2927,4095,2509,3139,24,40,47,28.3,62.5,true,unclassified,1780393703646
6840,node_01,1780393703,data_collection,cooking_fume,exposure,,false,false,,rule_fallback_v0,2931,4095,2509,3139,24,40,47,28.3,62.5,true,unclassified,1780393704784
6841,node_01,1780393705,data_collection,cooking_fume,exposure,,false,false,,rule_fallback_v0,2929,4095,2507,3139,24,40,47,28.3,62.5,true,unclassified,1780393705731
6842,node_01,1780393706,data_collection,cooking_fume,exposure,,false,false,,rule_fallback_v0,2941,4095,2508,3139,24,40,47,28.3,62.6,true,unclassified,1780393706777
6843,node_01,1780393707,data_collection,cooking_fume,exposure,,false,false,,rule_fallback_v0,2930,4095,2506,3139,24,40,47,28.3,62.6,true,unclassified,1780393707830
6844,node_01,1780393708,data_collection,cooking_fume,exposure,,false,false,,rule_fallback_v0,2929,4095,2508,3139,24,40,47,28.3,62.6,true,unclassified,1780393708880
6845,node_01,1780393709,data_collection,cooking_fume,exposure,,false,false,,rule_fallback_v0,2931,4095,2507,3139,23,39,46,28.3,62.7,true,unclassified,1780393709916
6846,node_01,1780393710,data_collection,cooking_fume,exposure,,false,false,,rule_fallback_v0,2933,4095,2510,3139,23,39,46,28.3,62.7,true,unclassified,1780393710962
6847,node_01,1780393711,data_collection,cooking_fume,exposure,,false,false,,rule_fallback_v0,2926,4095,2506,3139,23,39,46,28.3,62.7,true,unclassified,1780393712007
6848,node_01,1780393712,data_collection,cooking_fume,exposure,,false,false,,rule_fallback_v0,2932,4095,2507,3139,23,39,46,28.3,62.8,true,unclassified,1780393713048
6849,node_01,1780393713,data_collection,cooking_fume,exposure,,false,false,,rule_fallback_v0,2926,4095,2508,3139,22,39,46,28.3,62.8,true,unclassified,1780393714103
6850,node_01,1780393714,data_collection,cooking_fume,exposure,,false,false,,rule_fallback_v0,2933,4095,2509,3139,23,40,47,28.3,62.8,true,unclassified,1780393715228
6851,node_01,1780393715,data_collection,cooking_fume,exposure,,false,false,,rule_fallback_v0,2923,4095,2509,3139,23,40,47,28.3,62.7,true,unclassified,1780393716253
6852,node_01,1780393716,data_collection,cooking_fume,exposure,,false,false,,rule_fallback_v0,2942,4095,2507,3139,23,40,47,28.3,62.7,true,unclassified,1780393717277
6853,node_01,1780393717,data_collection,cooking_fume,exposure,,false,false,,rule_fallback_v0,2926,4095,2509,3139,22,39,46,28.3,62.7,true,unclassified,1780393718302
6854,node_01,1780393718,data_collection,cooking_fume,exposure,,false,false,,rule_fallback_v0,2931,4095,2508,3139,22,39,46,28.3,62.6,true,unclassified,1780393719325
6855,node_01,1780393719,data_collection,cooking_fume,exposure,,false,false,,rule_fallback_v0,2928,4095,2507,3139,22,39,46,28.3,62.6,true,unclassified,1780393720452
6856,node_01,1780393720,data_collection,cooking_fume,exposure,,false,false,,rule_fallback_v0,2944,4095,2508,3139,23,40,47,28.3,62.6,true,unclassified,1780393721475
6857,node_01,1780393721,data_collection,cooking_fume,exposure,,false,false,,rule_fallback_v0,2929,4095,2506,3139,23,40,47,28.3,62.6,true,unclassified,1780393722452
6858,node_01,1780393722,data_collection,cooking_fume,exposure,,false,false,,rule_fallback_v0,2932,4095,2507,3139,23,40,47,28.3,62.6,true,unclassified,1780393723495
6859,node_01,1780393723,data_collection,cooking_fume,exposure,,false,false,,rule_fallback_v0,2928,4095,2506,3139,23,40,48,28.3,62.6,true,unclassified,1780393724572
6860,node_01,1780393724,data_collection,cooking_fume,exposure,,false,false,,rule_fallback_v0,2927,4095,2509,3139,23,40,48,28.3,62.2,true,unclassified,1780393725674
6861,node_01,1780393725,data_collection,cooking_fume,exposure,,false,false,,rule_fallback_v0,2927,4095,2506,3139,23,40,48,28.3,62.2,true,unclassified,1780393726697
6862,node_01,1780393726,data_collection,cooking_fume,exposure,,false,false,,rule_fallback_v0,2925,4095,2504,3139,22,39,47,28.3,62.2,true,unclassified,1780393727674
6863,node_01,1780393727,data_collection,cooking_fume,exposure,,false,false,,rule_fallback_v0,2931,4095,2507,3139,22,39,48,28.3,62.2,true,unclassified,1780393728745
6864,node_01,1780393729,data_collection,cooking_fume,exposure,,false,false,,rule_fallback_v0,2937,4095,2507,3139,22,39,48,28.3,62.2,true,unclassified,1780393729765
6865,node_01,1780393730,data_collection,cooking_fume,exposure,,false,false,,rule_fallback_v0,2928,4095,2507,3139,23,40,49,28.3,62.2,true,unclassified,1780393731109
6866,node_01,1780393731,data_collection,cooking_fume,exposure,,false,false,,rule_fallback_v0,2943,4095,2507,3139,23,41,49,28.3,62,true,unclassified,1780393731920
6867,node_01,1780393732,data_collection,cooking_fume,exposure,,false,false,,rule_fallback_v0,2928,4095,2508,3139,22,40,48,28.3,62,true,unclassified,1780393732944
6868,node_01,1780393733,data_collection,cooking_fume,exposure,,false,false,,rule_fallback_v0,2935,4095,2507,3139,22,40,48,28.3,62,true,unclassified,1780393733973
6869,node_01,1780393734,data_collection,cooking_fume,exposure,,false,false,,rule_fallback_v0,2932,4095,2508,3139,22,40,48,28.3,61.8,true,unclassified,1780393735094
6870,node_01,1780393735,data_collection,cooking_fume,exposure,,false,false,,rule_fallback_v0,2941,4095,2506,3139,22,40,48,28.3,61.8,true,unclassified,1780393736118
6871,node_01,1780393736,data_collection,cooking_fume,exposure,,false,false,,rule_fallback_v0,2929,4095,2507,3139,22,40,48,28.3,61.8,true,unclassified,1780393737253
6872,node_01,1780393737,data_collection,cooking_fume,exposure,,false,false,,rule_fallback_v0,2931,4095,2509,3139,23,40,48,28.3,61.8,true,unclassified,1780393738166
6873,node_01,1780393738,data_collection,cooking_fume,exposure,,false,false,,rule_fallback_v0,2933,4095,2508,3139,23,40,48,28.3,61.8,true,unclassified,1780393739292
6874,node_01,1780393739,data_collection,cooking_fume,exposure,,false,false,,rule_fallback_v0,2930,4095,2508,3139,23,40,48,28.3,61.8,true,unclassified,1780393740289
6875,node_01,1780393740,data_collection,cooking_fume,exposure,,false,false,,rule_fallback_v0,2929,4095,2506,3139,23,40,48,28.3,61.9,true,unclassified,1780393741258
6876,node_01,1780393741,data_collection,cooking_fume,exposure,,false,false,,rule_fallback_v0,2936,4095,2507,3139,23,40,47,28.3,61.9,true,unclassified,1780393742364
6877,node_01,1780393742,data_collection,cooking_fume,exposure,,false,false,,rule_fallback_v0,2932,4095,2508,3139,23,40,47,28.3,61.9,true,unclassified,1780393743389
6878,node_01,1780393743,data_collection,cooking_fume,exposure,,false,false,,rule_fallback_v0,2930,4095,2510,3139,23,40,47,28.3,61.9,true,unclassified,1780393744412
6879,node_01,1780393744,data_collection,cooking_fume,exposure,,false,false,,rule_fallback_v0,2931,4095,2507,3139,23,40,48,28.3,61.9,true,unclassified,1780393745435
6880,node_01,1780393745,data_collection,cooking_fume,exposure,,false,false,,rule_fallback_v0,2925,4095,2505,3139,23,40,48,28.3,61.9,true,unclassified,1780393746563
6881,node_01,1780393746,data_collection,cooking_fume,exposure,,false,false,,rule_fallback_v0,2927,4095,2508,3139,23,40,48,28.3,62.1,true,unclassified,1780393747587
6882,node_01,1780393747,data_collection,cooking_fume,exposure,,false,false,,rule_fallback_v0,2937,4095,2506,3139,24,41,49,28.3,62.1,true,unclassified,1780393748614
6883,node_01,1780393748,data_collection,cooking_fume,exposure,,false,false,,rule_fallback_v0,2927,4095,2506,3139,24,41,49,28.3,62.1,true,unclassified,1780393749635
6884,node_01,1780393749,data_collection,cooking_fume,exposure,,false,false,,rule_fallback_v0,2941,4095,2510,3139,24,41,49,28.3,62.2,true,unclassified,1780393750700
6885,node_01,1780393750,data_collection,cooking_fume,exposure,,false,false,,rule_fallback_v0,2928,4095,2507,3139,24,41,49,28.3,62.2,true,unclassified,1780393751792
6886,node_01,1780393752,data_collection,cooking_fume,exposure,,false,false,,rule_fallback_v0,2936,4095,2507,3139,24,41,49,28.3,62.2,true,unclassified,1780393752812
6887,node_01,1780393753,data_collection,cooking_fume,exposure,,false,false,,rule_fallback_v0,2927,4095,2505,3139,23,40,48,28.3,62.4,true,unclassified,1780393753796
6888,node_01,1780393754,data_collection,cooking_fume,exposure,,false,false,,rule_fallback_v0,2933,4095,2507,3139,23,41,49,28.3,62.4,true,unclassified,1780393754864
6889,node_01,1780393755,data_collection,cooking_fume,exposure,,false,false,,rule_fallback_v0,2930,4095,2506,3139,23,41,49,28.3,62.4,true,unclassified,1780393755983
6890,node_01,1780393756,data_collection,cooking_fume,exposure,,false,false,,rule_fallback_v0,2937,4095,2508,3139,24,42,50,28.4,62.3,true,unclassified,1780393756952
6891,node_01,1780393757,data_collection,cooking_fume,exposure,,false,false,,rule_fallback_v0,2928,4095,2506,3139,24,42,50,28.4,62.3,true,unclassified,1780393758032
6892,node_01,1780393758,data_collection,cooking_fume,exposure,,false,false,,rule_fallback_v0,2927,4095,2506,3139,24,41,50,28.4,62.3,true,unclassified,1780393759057
6893,node_01,1780393759,data_collection,cooking_fume,exposure,,false,false,,rule_fallback_v0,2924,4095,2505,3139,24,41,50,28.3,62.3,true,unclassified,1780393760080
6894,node_01,1780393760,data_collection,cooking_fume,exposure,,false,false,,rule_fallback_v0,2931,4095,2507,3139,24,41,50,28.3,62.3,true,unclassified,1780393761206
6895,node_01,1780393761,data_collection,cooking_fume,exposure,,false,false,,rule_fallback_v0,2928,4095,2507,3139,24,41,50,28.3,62.3,true,unclassified,1780393762233
6896,node_01,1780393762,data_collection,cooking_fume,exposure,,false,false,,rule_fallback_v0,2933,4095,2510,3139,24,41,50,28.3,62.2,true,unclassified,1780393763254
6897,node_01,1780393763,data_collection,cooking_fume,exposure,,false,false,,rule_fallback_v0,2928,4095,2507,3139,24,41,50,28.3,62.2,true,unclassified,1780393764278
6898,node_01,1780393764,data_collection,cooking_fume,exposure,,false,false,,rule_fallback_v0,2945,4095,2506,3139,24,41,49,28.3,62.2,true,unclassified,1780393765292
6899,node_01,1780393765,data_collection,cooking_fume,exposure,,false,false,,rule_fallback_v0,2926,4095,2507,3139,23,40,48,28.3,62.2,true,unclassified,1780393766359
6900,node_01,1780393766,data_collection,cooking_fume,exposure,,false,false,,rule_fallback_v0,2933,4095,2506,3139,23,40,48,28.3,62.2,true,unclassified,1780393767454
6901,node_01,1780393767,data_collection,cooking_fume,exposure,,false,false,,rule_fallback_v0,2922,4095,2509,3139,23,40,48,28.3,62.2,true,unclassified,1780393768477
6902,node_01,1780393768,data_collection,cooking_fume,exposure,,false,false,,rule_fallback_v0,2932,4095,2507,3139,24,41,49,28.3,62.1,true,unclassified,1780393769498
6903,node_01,1780393769,data_collection,cooking_fume,exposure,,false,false,,rule_fallback_v0,2929,4095,2508,3139,24,41,49,28.3,62.1,true,unclassified,1780393770626
6904,node_01,1780393770,data_collection,cooking_fume,exposure,,false,false,,rule_fallback_v0,2942,4095,2507,3139,24,41,49,28.3,62.1,true,unclassified,1780393771560
6905,node_01,1780393771,data_collection,cooking_fume,exposure,,false,false,,rule_fallback_v0,2928,4095,2507,3139,23,40,49,28.4,61.9,true,unclassified,1780393772616
6906,node_01,1780393772,data_collection,cooking_fume,exposure,,false,false,,rule_fallback_v0,2934,4095,2508,3139,23,40,49,28.4,61.9,true,unclassified,1780393773653
6907,node_01,1780393773,data_collection,cooking_fume,exposure,,false,false,,rule_fallback_v0,2930,4095,2509,3139,23,40,49,28.4,61.9,true,unclassified,1780393774694
6908,node_01,1780393775,data_collection,cooking_fume,exposure,,false,false,,rule_fallback_v0,2930,4095,2507,3139,23,40,49,28.3,61.9,true,unclassified,1780393775751
6909,node_01,1780393776,data_collection,cooking_fume,exposure,,false,false,,rule_fallback_v0,2931,4095,2509,3139,23,40,49,28.3,61.9,true,unclassified,1780393776876
6910,node_01,1780393777,data_collection,cooking_fume,exposure,,false,false,,rule_fallback_v0,2933,4095,2506,3139,23,40,49,28.3,61.9,true,unclassified,1780393777829
6911,node_01,1780393778,data_collection,cooking_fume,exposure,,false,false,,rule_fallback_v0,2930,4095,2509,3139,23,40,48,28.3,61.8,true,unclassified,1780393778923
6912,node_01,1780393779,data_collection,cooking_fume,exposure,,false,false,,rule_fallback_v0,2935,4095,2506,3139,23,40,48,28.3,61.8,true,unclassified,1780393779919
6913,node_01,1780393780,data_collection,cooking_fume,exposure,,false,false,,rule_fallback_v0,2930,4095,2507,3139,22,39,47,28.3,61.8,true,unclassified,1780393780970
6914,node_01,1780393781,data_collection,cooking_fume,exposure,,false,false,,rule_fallback_v0,2931,4095,2509,3139,22,39,47,28.3,61.7,true,unclassified,1780393782097
6915,node_01,1780393782,data_collection,cooking_fume,exposure,,false,false,,rule_fallback_v0,2928,4095,2509,3139,22,39,47,28.3,61.7,true,unclassified,1780393783119
6916,node_01,1780393783,data_collection,cooking_fume,exposure,,false,false,,rule_fallback_v0,2930,4095,2505,3139,22,40,47,28.3,61.7,true,unclassified,1780393784098
6917,node_01,1780393784,data_collection,cooking_fume,exposure,,false,false,,rule_fallback_v0,2930,4095,2508,3139,22,40,47,28.4,62.1,true,unclassified,1780393785143
6918,node_01,1780393785,data_collection,cooking_fume,exposure,,false,false,,rule_fallback_v0,2927,4095,2507,3139,22,40,47,28.4,62.1,true,unclassified,1780393786294
6919,node_01,1780393786,data_collection,cooking_fume,exposure,,false,false,,rule_fallback_v0,2934,4095,2507,3139,23,41,48,28.4,62.1,true,unclassified,1780393787321
6920,node_01,1780393787,data_collection,cooking_fume,exposure,,false,false,,rule_fallback_v0,2933,4095,2510,3139,23,41,48,28.4,62,true,unclassified,1780393788344
6921,node_01,1780393788,data_collection,cooking_fume,exposure,,false,false,,rule_fallback_v0,2934,4095,2507,3139,23,41,48,28.4,62,true,unclassified,1780393789323
6922,node_01,1780393789,data_collection,cooking_fume,exposure,,false,false,,rule_fallback_v0,2931,4095,2505,3139,23,41,48,28.4,62,true,unclassified,1780393790389
6923,node_01,1780393790,data_collection,cooking_fume,exposure,,false,false,,rule_fallback_v0,2930,4095,2508,3139,23,41,48,28.4,62.2,true,unclassified,1780393791515
6924,node_01,1780393791,data_collection,cooking_fume,exposure,,false,false,,rule_fallback_v0,2929,4095,2506,3139,23,41,48,28.4,62.2,true,unclassified,1780393792540
6925,node_01,1780393792,data_collection,cooking_fume,exposure,,false,false,,rule_fallback_v0,2934,4095,2507,3139,22,40,47,28.4,62.2,true,unclassified,1780393793566
6926,node_01,1780393793,data_collection,cooking_fume,exposure,,false,false,,rule_fallback_v0,2937,4095,2508,3139,22,40,48,28.3,62.4,true,unclassified,1780393794588
6927,node_01,1780393794,data_collection,cooking_fume,exposure,,false,false,,rule_fallback_v0,2927,4095,2508,3139,23,41,49,28.3,62.4,true,unclassified,1780393795613
6928,node_01,1780393795,data_collection,cooking_fume,exposure,,false,false,,rule_fallback_v0,2930,4095,2507,3139,23,41,49,28.3,62.4,true,unclassified,1780393796738
6929,node_01,1780393796,data_collection,cooking_fume,exposure,,false,false,,rule_fallback_v0,2927,4095,2508,3139,23,41,49,28.3,62.4,true,unclassified,1780393797744
6930,node_01,1780393798,data_collection,cooking_fume,exposure,,false,false,,rule_fallback_v0,2931,4095,2506,3139,22,40,48,28.3,62.4,true,unclassified,1780393798728
6931,node_01,1780393799,data_collection,cooking_fume,exposure,,false,false,,rule_fallback_v0,2928,4095,2510,3139,22,40,48,28.3,62.4,true,unclassified,1780393799772
6932,node_01,1780393800,data_collection,cooking_fume,exposure,,false,false,,rule_fallback_v0,2939,4095,2508,3139,22,40,48,28.3,62.6,true,unclassified,1780393800835
6933,node_01,1780393801,data_collection,cooking_fume,exposure,,false,false,,rule_fallback_v0,2932,4095,2507,3139,22,40,48,28.3,62.6,true,unclassified,1780393801861
6934,node_01,1780393802,data_collection,cooking_fume,exposure,,false,false,,rule_fallback_v0,2937,4095,2508,3139,22,40,48,28.3,62.6,true,unclassified,1780393802987
6935,node_01,1780393803,data_collection,cooking_fume,exposure,,false,false,,rule_fallback_v0,2933,4095,2510,3139,22,40,47,28.4,62.6,true,unclassified,1780393803951
6936,node_01,1780393804,data_collection,cooking_fume,exposure,,false,false,,rule_fallback_v0,2931,4095,2505,3139,23,41,48,28.4,62.6,true,unclassified,1780393804995
6937,node_01,1780393805,data_collection,cooking_fume,exposure,,false,false,,rule_fallback_v0,2930,4095,2507,3139,23,40,48,28.4,62.6,true,unclassified,1780393806048
6938,node_01,1780393806,data_collection,cooking_fume,exposure,,false,false,,rule_fallback_v0,2940,4095,2508,3139,23,40,48,28.4,62.4,true,unclassified,1780393807185
6939,node_01,1780393807,data_collection,cooking_fume,exposure,,false,false,,rule_fallback_v0,2928,4095,2508,3139,22,39,46,28.4,62.4,true,unclassified,1780393808208
6940,node_01,1780393808,data_collection,cooking_fume,exposure,,false,false,,rule_fallback_v0,2939,4095,2507,3139,22,39,46,28.4,62.4,true,unclassified,1780393809234
6941,node_01,1780393809,data_collection,cooking_fume,exposure,,false,false,,rule_fallback_v0,2928,4095,2508,3139,22,39,46,28.3,62.3,true,unclassified,1780393810255
6942,node_01,1780393810,data_collection,cooking_fume,exposure,,false,false,,rule_fallback_v0,2929,4095,2507,3139,23,40,47,28.3,62.3,true,unclassified,1780393811265
6943,node_01,1780393811,data_collection,cooking_fume,exposure,,false,false,,rule_fallback_v0,2930,4095,2508,3139,23,40,47,28.3,62.3,true,unclassified,1780393812406
6944,node_01,1780393812,data_collection,cooking_fume,exposure,,false,false,,rule_fallback_v0,2942,4095,2508,3139,23,40,47,28.4,62.1,true,unclassified,1780393813433
6945,node_01,1780393813,data_collection,cooking_fume,exposure,,false,false,,rule_fallback_v0,2929,4095,2507,3139,22,39,46,28.4,62.1,true,unclassified,1780393814454
6946,node_01,1780393814,data_collection,cooking_fume,exposure,,false,false,,rule_fallback_v0,2939,4095,2505,3139,22,39,47,28.4,62.1,true,unclassified,1780393815484
6947,node_01,1780393815,data_collection,cooking_fume,exposure,,false,false,,rule_fallback_v0,2932,4095,2507,3139,22,39,47,28.4,62.3,true,unclassified,1780393816503
6948,node_01,1780393816,data_collection,cooking_fume,exposure,,false,false,,rule_fallback_v0,2925,4095,2508,3139,22,39,46,28.4,62.3,true,unclassified,1780393817628
6949,node_01,1780393817,data_collection,cooking_fume,exposure,,false,false,,rule_fallback_v0,2930,4095,2508,3139,22,39,46,28.4,62.3,true,unclassified,1780393818652
6950,node_01,1780393818,data_collection,cooking_fume,exposure,,false,false,,rule_fallback_v0,2922,4095,2507,3139,23,40,47,28.4,62,true,unclassified,1780393819628
6951,node_01,1780393819,data_collection,cooking_fume,exposure,,false,false,,rule_fallback_v0,2931,4095,2507,3139,23,40,47,28.4,62,true,unclassified,1780393820701
6952,node_01,1780393820,data_collection,cooking_fume,exposure,,false,false,,rule_fallback_v0,2942,4095,2508,3139,23,40,47,28.4,62,true,unclassified,1780393821724
6953,node_01,1780393822,data_collection,cooking_fume,exposure,,false,false,,rule_fallback_v0,2925,4095,2506,3139,23,40,47,28.4,62.1,true,unclassified,1780393822851
6954,node_01,1780393823,data_collection,cooking_fume,exposure,,false,false,,rule_fallback_v0,2938,4095,2507,3139,23,40,47,28.4,62.1,true,unclassified,1780393823875
6955,node_01,1780393824,data_collection,cooking_fume,exposure,,false,false,,rule_fallback_v0,2931,4095,2509,3139,23,40,47,28.4,62.1,true,unclassified,1780393824907
6956,node_01,1780393825,data_collection,cooking_fume,exposure,,false,false,,rule_fallback_v0,2933,4095,2507,3139,23,40,47,28.3,61.9,true,unclassified,1780393825895
6957,node_01,1780393826,data_collection,cooking_fume,exposure,,false,false,,rule_fallback_v0,2930,4095,2508,3139,23,40,47,28.3,61.9,true,unclassified,1780393827050
6958,node_01,1780393827,data_collection,cooking_fume,exposure,,false,false,,rule_fallback_v0,2939,4095,2507,3139,23,40,47,28.3,61.9,true,unclassified,1780393828073
6959,node_01,1780393828,data_collection,cooking_fume,exposure,,false,false,,rule_fallback_v0,2934,4095,2508,3139,23,40,47,28.3,61.8,true,unclassified,1780393829031
6960,node_01,1780393829,data_collection,cooking_fume,exposure,,false,false,,rule_fallback_v0,2931,4095,2508,3139,23,40,47,28.3,61.8,true,unclassified,1780393830121
6961,node_01,1780393830,data_collection,cooking_fume,exposure,,false,false,,rule_fallback_v0,2932,4095,2510,3139,23,40,47,28.3,61.8,true,unclassified,1780393831146
6962,node_01,1780393831,data_collection,cooking_fume,exposure,,false,false,,rule_fallback_v0,2933,4095,2507,3139,22,39,46,28.3,61.7,true,unclassified,1780393832176
6963,node_01,1780393832,data_collection,cooking_fume,exposure,,false,false,,rule_fallback_v0,2932,4095,2509,3139,22,39,46,28.3,61.7,true,unclassified,1780393833295
6964,node_01,1780393833,data_collection,cooking_fume,exposure,,false,false,,rule_fallback_v0,2940,4095,2508,3139,22,38,46,28.3,61.7,true,unclassified,1780393834254
6965,node_01,1780393834,data_collection,cooking_fume,exposure,,false,false,,rule_fallback_v0,2929,4095,2509,3139,23,39,47,28.3,61.5,true,unclassified,1780393835346
6966,node_01,1780393835,data_collection,cooking_fume,exposure,,false,false,,rule_fallback_v0,2937,4095,2507,3139,23,39,47,28.3,61.5,true,unclassified,1780393836344
6967,node_01,1780393836,data_collection,cooking_fume,exposure,,false,false,,rule_fallback_v0,2929,4095,2509,3139,22,38,46,28.3,61.5,true,unclassified,1780393837398
6968,node_01,1780393837,data_collection,cooking_fume,exposure,,false,false,,rule_fallback_v0,2928,4095,2509,3139,22,38,46,28.3,61.6,true,unclassified,1780393838520
6969,node_01,1780393838,data_collection,cooking_fume,exposure,,false,false,,rule_fallback_v0,2936,4095,2509,3139,22,38,46,28.3,61.6,true,unclassified,1780393839543
6970,node_01,1780393839,data_collection,cooking_fume,exposure,,false,false,,rule_fallback_v0,2930,4095,2508,3139,22,38,46,28.3,61.6,true,unclassified,1780393840534
6971,node_01,1780393840,data_collection,cooking_fume,exposure,,false,false,,rule_fallback_v0,2931,4095,2510,3139,22,38,45,28.4,61.9,true,unclassified,1780393841575
6972,node_01,1780393841,data_collection,cooking_fume,exposure,,false,false,,rule_fallback_v0,2934,4095,2507,3139,22,38,45,28.4,61.9,true,unclassified,1780393842716
6973,node_01,1780393842,data_collection,cooking_fume,exposure,,false,false,,rule_fallback_v0,2931,4095,2507,3139,23,39,46,28.4,61.9,true,unclassified,1780393843724
6974,node_01,1780393843,data_collection,cooking_fume,exposure,,false,false,,rule_fallback_v0,2937,4095,2509,3139,23,39,46,28.4,61.7,true,unclassified,1780393844765
6975,node_01,1780393845,data_collection,cooking_fume,exposure,,false,false,,rule_fallback_v0,2932,4095,2505,3139,23,39,46,28.4,61.7,true,unclassified,1780393845745
6976,node_01,1780393846,data_collection,cooking_fume,exposure,,false,false,,rule_fallback_v0,2932,4095,2508,3139,22,38,45,28.4,61.7,true,unclassified,1780393846792
6977,node_01,1780393847,data_collection,cooking_fume,exposure,,false,false,,rule_fallback_v0,2927,4095,2507,3139,22,38,44,28.3,61.7,true,unclassified,1780393847838
6978,node_01,1780393848,data_collection,cooking_fume,exposure,,false,false,,rule_fallback_v0,2930,4095,2508,3139,22,38,44,28.3,61.7,true,unclassified,1780393848963
6979,node_01,1780393849,data_collection,cooking_fume,exposure,,false,false,,rule_fallback_v0,2931,4095,2508,3139,23,38,45,28.3,61.7,true,unclassified,1780393849987
6980,node_01,1780393850,data_collection,cooking_fume,exposure,,false,false,,rule_fallback_v0,2931,4095,2507,3139,23,38,45,28.4,61.7,true,unclassified,1780393850970
6981,node_01,1780393851,data_collection,cooking_fume,exposure,,false,false,,rule_fallback_v0,2927,4095,2509,3139,23,38,45,28.4,61.7,true,unclassified,1780393852034
6982,node_01,1780393852,data_collection,cooking_fume,exposure,,false,false,,rule_fallback_v0,2935,4095,2508,3139,22,37,44,28.4,61.7,true,unclassified,1780393853063
6983,node_01,1780393853,data_collection,cooking_fume,exposure,,false,false,,rule_fallback_v0,2933,4095,2507,3139,22,37,44,28.3,61.6,true,unclassified,1780393854186
6984,node_01,1780393854,data_collection,cooking_fume,exposure,,false,false,,rule_fallback_v0,2937,4095,2508,3139,22,37,44,28.3,61.6,true,unclassified,1780393855213
6985,node_01,1780393855,data_collection,cooking_fume,exposure,,false,false,,rule_fallback_v0,2931,4095,2508,3139,23,39,45,28.3,61.6,true,unclassified,1780393856234
6986,node_01,1780393856,data_collection,cooking_fume,exposure,,false,false,,rule_fallback_v0,2936,4095,2508,3139,23,39,46,28.3,61.6,true,unclassified,1780393857259
6987,node_01,1780393857,data_collection,cooking_fume,exposure,,false,false,,rule_fallback_v0,2928,4095,2507,3139,22,38,45,28.3,61.6,true,unclassified,1780393858384
6988,node_01,1780393858,data_collection,cooking_fume,exposure,,false,false,,rule_fallback_v0,2933,4095,2508,3139,22,38,45,28.3,61.6,true,unclassified,1780393859407
6989,node_01,1780393859,data_collection,cooking_fume,exposure,,false,false,,rule_fallback_v0,2929,4095,2509,3139,22,38,45,28.4,61.7,true,unclassified,1780393860433
6990,node_01,1780393860,data_collection,cooking_fume,exposure,,false,false,,rule_fallback_v0,2930,4095,2508,3139,23,39,46,28.4,61.7,true,unclassified,1780393861455
6991,node_01,1780393861,data_collection,cooking_fume,exposure,,false,false,,rule_fallback_v0,2929,4095,2508,3139,23,39,46,28.4,61.7,true,unclassified,1780393862466
6992,node_01,1780393862,data_collection,cooking_fume,exposure,,false,false,,rule_fallback_v0,2936,4095,2510,3139,23,39,46,28.3,61.5,true,unclassified,1780393863510
6993,node_01,1780393863,data_collection,cooking_fume,exposure,,false,false,,rule_fallback_v0,2929,4095,2509,3139,23,39,46,28.3,61.5,true,unclassified,1780393864632
6994,node_01,1780393864,data_collection,cooking_fume,exposure,,false,false,,rule_fallback_v0,2927,4095,2505,3139,23,39,46,28.3,61.5,true,unclassified,1780393865598
6995,node_01,1780393865,data_collection,cooking_fume,exposure,,false,false,,rule_fallback_v0,2932,4095,2507,3139,23,39,46,28.3,61.7,true,unclassified,1780393866677
6996,node_01,1780393866,data_collection,cooking_fume,exposure,,false,false,,rule_fallback_v0,2933,4095,2509,3139,22,38,45,28.3,61.7,true,unclassified,1780393867702
6997,node_01,1780393868,data_collection,cooking_fume,exposure,,false,false,,rule_fallback_v0,2936,4095,2508,3139,22,38,45,28.3,61.7,true,unclassified,1780393868733
6998,node_01,1780393869,data_collection,cooking_fume,exposure,,false,false,,rule_fallback_v0,2930,4095,2509,3139,22,38,46,28.4,61.6,true,unclassified,1780393869784
6999,node_01,1780393870,data_collection,cooking_fume,exposure,,false,false,,rule_fallback_v0,2932,4095,2507,3139,22,38,46,28.4,61.6,true,unclassified,1780393870874
7000,node_01,1780393871,data_collection,cooking_fume,exposure,,false,false,,rule_fallback_v0,2937,4095,2508,3139,22,38,46,28.4,61.6,true,unclassified,1780393871901
7001,node_01,1780393872,data_collection,cooking_fume,exposure,,false,false,,rule_fallback_v0,2932,4095,2509,3139,22,38,46,28.3,61.7,true,unclassified,1780393872919
7002,node_01,1780393873,data_collection,cooking_fume,exposure,,false,false,,rule_fallback_v0,2937,4095,2507,3139,23,39,47,28.3,61.7,true,unclassified,1780393874050
7003,node_01,1780393874,data_collection,cooking_fume,exposure,,false,false,,rule_fallback_v0,2927,4095,2509,3139,23,39,47,28.3,61.7,true,unclassified,1780393875076
7004,node_01,1780393875,data_collection,cooking_fume,exposure,,false,false,,rule_fallback_v0,2935,4095,2507,3139,23,39,47,28.4,61.7,true,unclassified,1780393876060
7005,node_01,1780393876,data_collection,cooking_fume,exposure,,false,false,,rule_fallback_v0,2930,4095,2509,3139,22,38,46,28.4,61.7,true,unclassified,1780393877092
7006,node_01,1780393877,data_collection,cooking_fume,exposure,,false,false,,rule_fallback_v0,2937,4095,2506,3139,22,38,47,28.4,61.7,true,unclassified,1780393878145
7007,node_01,1780393878,data_collection,cooking_fume,exposure,,false,false,,rule_fallback_v0,2930,4095,2509,3139,23,40,48,28.3,61.7,true,unclassified,1780393879274
7008,node_01,1780393879,data_collection,cooking_fume,exposure,,false,false,,rule_fallback_v0,2936,4095,2506,3139,23,40,48,28.3,61.7,true,unclassified,1780393880297
7009,node_01,1780393880,data_collection,cooking_fume,exposure,,false,false,,rule_fallback_v0,2933,4095,2509,3139,23,40,48,28.3,61.7,true,unclassified,1780393881321
7010,node_01,1780393881,data_collection,cooking_fume,exposure,,false,false,,rule_fallback_v0,2933,4095,2509,3139,22,39,47,28.4,61.6,true,unclassified,1780393882316
7011,node_01,1780393882,data_collection,cooking_fume,exposure,,false,false,,rule_fallback_v0,2925,4095,2507,3139,22,39,47,28.4,61.6,true,unclassified,1780393883370
7012,node_01,1780393883,data_collection,cooking_fume,exposure,,false,false,,rule_fallback_v0,2932,4095,2507,3139,22,39,47,28.4,61.6,true,unclassified,1780393884495
7013,node_01,1780393884,data_collection,cooking_fume,exposure,,false,false,,rule_fallback_v0,2929,4095,2507,3139,23,40,49,28.4,61.6,true,unclassified,1780393885519
7014,node_01,1780393885,data_collection,cooking_fume,exposure,,false,false,,rule_fallback_v0,2930,4095,2509,3139,23,40,49,28.4,61.6,true,unclassified,1780393886494
7015,node_01,1780393886,data_collection,cooking_fume,exposure,,false,false,,rule_fallback_v0,2927,4095,2508,3139,23,40,49,28.4,61.6,true,unclassified,1780393887549
7016,node_01,1780393887,data_collection,cooking_fume,exposure,,false,false,,rule_fallback_v0,2931,4095,2507,3139,23,40,49,28.4,61.5,true,unclassified,1780393888591
7017,node_01,1780393888,data_collection,cooking_fume,exposure,,false,false,,rule_fallback_v0,2929,4095,2509,3139,23,40,49,28.4,61.5,true,unclassified,1780393889719
7018,node_01,1780393889,data_collection,cooking_fume,exposure,,false,false,,rule_fallback_v0,2933,4095,2508,3139,23,40,49,28.4,61.5,true,unclassified,1780393890673
7019,node_01,1780393891,data_collection,cooking_fume,exposure,,false,false,,rule_fallback_v0,2931,4095,2508,3139,22,39,48,28.4,61.5,true,unclassified,1780393891718
7020,node_01,1780393892,data_collection,cooking_fume,exposure,,false,false,,rule_fallback_v0,2937,4095,2509,3139,22,39,48,28.4,61.5,true,unclassified,1780393892792
7021,node_01,1780393893,data_collection,cooking_fume,exposure,,false,false,,rule_fallback_v0,2929,4095,2508,3139,22,39,48,28.4,61.5,true,unclassified,1780393893917
7022,node_01,1780393894,data_collection,cooking_fume,exposure,,false,false,,rule_fallback_v0,2940,4095,2508,3139,23,40,49,28.4,61.6,true,unclassified,1780393894945
7023,node_01,1780393895,data_collection,cooking_fume,exposure,,false,false,,rule_fallback_v0,2925,4095,2509,3139,23,40,49,28.4,61.6,true,unclassified,1780393895901
7024,node_01,1780393896,data_collection,cooking_fume,exposure,,false,false,,rule_fallback_v0,2943,4095,2506,3139,23,40,49,28.4,61.6,true,unclassified,1780393896992
7025,node_01,1780393897,data_collection,cooking_fume,exposure,,false,false,,rule_fallback_v0,2928,4095,2507,3139,23,40,49,28.4,61.5,true,unclassified,1780393898017
7026,node_01,1780393898,data_collection,cooking_fume,exposure,,false,false,,rule_fallback_v0,2936,4095,2508,3139,23,40,49,28.4,61.5,true,unclassified,1780393899139
7027,node_01,1780393899,data_collection,cooking_fume,exposure,,false,false,,rule_fallback_v0,2929,4095,2507,3139,22,39,48,28.4,61.5,true,unclassified,1780393900164
7028,node_01,1780393900,data_collection,cooking_fume,exposure,,false,false,,rule_fallback_v0,2932,4095,2512,3139,22,39,48,28.4,61.5,true,unclassified,1780393901125
7029,node_01,1780393901,data_collection,cooking_fume,exposure,,false,false,,rule_fallback_v0,2932,4095,2507,3139,22,39,48,28.4,61.5,true,unclassified,1780393902168
7030,node_01,1780393902,data_collection,cooking_fume,exposure,,false,false,,rule_fallback_v0,2941,4095,2510,3139,22,39,48,28.4,61.5,true,unclassified,1780393903213
7031,node_01,1780393903,data_collection,cooking_fume,exposure,,false,false,,rule_fallback_v0,2927,4095,2506,3139,22,39,48,28.4,61.7,true,unclassified,1780393904362
7032,node_01,1780393904,data_collection,cooking_fume,exposure,,false,false,,rule_fallback_v0,2935,4095,2509,3139,22,39,48,28.4,61.7,true,unclassified,1780393905387
7033,node_01,1780393905,data_collection,cooking_fume,exposure,,false,false,,rule_fallback_v0,2929,4095,2507,3139,22,39,48,28.4,61.7,true,unclassified,1780393906410
7034,node_01,1780393906,data_collection,cooking_fume,exposure,,false,false,,rule_fallback_v0,2934,4095,2509,3139,22,39,48,28.4,61.6,true,unclassified,1780393907434
7035,node_01,1780393907,data_collection,cooking_fume,exposure,,false,false,,rule_fallback_v0,2928,4095,2508,3139,22,39,47,28.4,61.6,true,unclassified,1780393908440
7036,node_01,1780393908,data_collection,cooking_fume,exposure,,false,false,,rule_fallback_v0,2933,4095,2509,3139,23,40,48,28.4,61.6,true,unclassified,1780393909583
7037,node_01,1780393909,data_collection,cooking_fume,exposure,,false,false,,rule_fallback_v0,2929,4095,2509,3139,23,40,48,28.4,61.6,true,unclassified,1780393910611
7038,node_01,1780393910,data_collection,cooking_fume,exposure,,false,false,,rule_fallback_v0,2939,4095,2505,3139,23,40,48,28.4,61.6,true,unclassified,1780393911572
7039,node_01,1780393911,data_collection,cooking_fume,exposure,,false,false,,rule_fallback_v0,2928,4095,2508,3139,22,39,47,28.4,61.6,true,unclassified,1780393912656
7040,node_01,1780393912,data_collection,cooking_fume,exposure,,false,false,,rule_fallback_v0,2936,4095,2512,3139,22,39,46,28.4,61.6,true,unclassified,1780393913794
7041,node_01,1780393913,data_collection,cooking_fume,exposure,,false,false,,rule_fallback_v0,2932,4095,2509,3139,22,39,46,28.4,61.6,true,unclassified,1780393914806
7042,node_01,1780393915,data_collection,cooking_fume,exposure,,false,false,,rule_fallback_v0,2933,4095,2508,3139,23,40,47,28.4,61.6,true,unclassified,1780393915752
7043,node_01,1780393916,data_collection,cooking_fume,exposure,,false,false,,rule_fallback_v0,2928,4095,2510,3139,23,40,47,28.4,61.8,true,unclassified,1780393916854
7044,node_01,1780393917,data_collection,cooking_fume,exposure,,false,false,,rule_fallback_v0,2936,4095,2507,3139,23,40,47,28.4,61.8,true,unclassified,1780393917988
7045,node_01,1780393918,data_collection,cooking_fume,exposure,,false,false,,rule_fallback_v0,2929,4095,2510,3139,22,39,46,28.4,61.8,true,unclassified,1780393918901
7046,node_01,1780393919,data_collection,cooking_fume,exposure,,false,false,,rule_fallback_v0,2936,4095,2509,3139,22,39,46,28.4,61.8,true,unclassified,1780393919971
7047,node_01,1780393920,data_collection,cooking_fume,exposure,,false,false,,rule_fallback_v0,2933,4095,2508,3139,23,40,47,28.4,61.8,true,unclassified,1780393920974
7048,node_01,1780393921,data_collection,cooking_fume,exposure,,false,false,,rule_fallback_v0,2929,4095,2508,3139,23,40,47,28.4,61.8,true,unclassified,1780393922032
7049,node_01,1780393922,data_collection,cooking_fume,exposure,,false,false,,rule_fallback_v0,2926,4095,2507,3139,23,40,47,28.4,61.9,true,unclassified,1780393923099
7050,node_01,1780393923,data_collection,cooking_fume,exposure,,false,false,,rule_fallback_v0,2938,4095,2506,3139,22,39,46,28.4,61.9,true,unclassified,1780393924125
7051,node_01,1780393924,data_collection,cooking_fume,exposure,,false,false,,rule_fallback_v0,2926,4095,2507,3139,22,39,47,28.4,61.9,true,unclassified,1780393925260
7052,node_01,1780393925,data_collection,cooking_fume,exposure,,false,false,,rule_fallback_v0,2937,4095,2507,3139,22,39,47,28.4,61.9,true,unclassified,1780393926210
7053,node_01,1780393926,data_collection,cooking_fume,exposure,,false,false,,rule_fallback_v0,2923,4095,2508,3139,22,39,47,28.4,61.9,true,unclassified,1780393927298
7054,node_01,1780393927,data_collection,cooking_fume,exposure,,false,false,,rule_fallback_v0,2935,4095,2507,3139,22,40,48,28.4,61.9,true,unclassified,1780393928322
7055,node_01,1780393928,data_collection,cooking_fume,exposure,,false,false,,rule_fallback_v0,2929,4095,2506,3139,22,40,48,28.4,62,true,unclassified,1780393929331
7056,node_01,1780393929,data_collection,cooking_fume,exposure,,false,false,,rule_fallback_v0,2935,4095,2506,3139,22,40,48,28.4,62,true,unclassified,1780393930473
7057,node_01,1780393930,data_collection,cooking_fume,exposure,,false,false,,rule_fallback_v0,2932,4095,2505,3139,22,40,48,28.4,62,true,unclassified,1780393931497
7058,node_01,1780393931,data_collection,cooking_fume,exposure,,false,false,,rule_fallback_v0,2929,4095,2508,3139,22,40,48,28.4,61.8,true,unclassified,1780393932474
7059,node_01,1780393932,data_collection,cooking_fume,exposure,,false,false,,rule_fallback_v0,2922,4095,2508,3139,22,40,48,28.4,61.8,true,unclassified,1780393933510
7060,node_01,1780393933,data_collection,cooking_fume,exposure,,false,false,,rule_fallback_v0,2939,4095,2507,3139,22,40,48,28.4,61.8,true,unclassified,1780393934569
7061,node_01,1780393934,data_collection,cooking_fume,exposure,,false,false,,rule_fallback_v0,2925,4095,2508,3139,22,40,48,28.4,61.6,true,unclassified,1780393935695
7062,node_01,1780393935,data_collection,cooking_fume,exposure,,false,false,,rule_fallback_v0,2931,4095,2506,3139,23,41,49,28.4,61.6,true,unclassified,1780393936719
7063,node_01,1780393936,data_collection,cooking_fume,exposure,,false,false,,rule_fallback_v0,2937,4095,2508,3139,23,41,49,28.4,61.6,true,unclassified,1780393937745
7064,node_01,1780393938,data_collection,cooking_fume,exposure,,false,false,,rule_fallback_v0,2931,4095,2510,3139,23,41,49,28.4,61.5,true,unclassified,1780393938735
7065,node_01,1780393939,data_collection,cooking_fume,exposure,,false,false,,rule_fallback_v0,2931,4095,2508,3139,23,41,49,28.4,61.5,true,unclassified,1780393939780
7066,node_01,1780393940,data_collection,cooking_fume,exposure,,false,false,,rule_fallback_v0,2932,4095,2507,3139,23,41,49,28.4,61.5,true,unclassified,1780393940828
7067,node_01,1780393941,data_collection,cooking_fume,exposure,,false,false,,rule_fallback_v0,2931,4095,2510,3139,22,40,48,28.4,61.4,true,unclassified,1780393941942
7068,node_01,1780393942,data_collection,cooking_fume,exposure,,false,false,,rule_fallback_v0,2944,4095,2507,3139,22,40,48,28.4,61.4,true,unclassified,1780393942966
7069,node_01,1780393943,data_collection,cooking_fume,exposure,,false,false,,rule_fallback_v0,2931,4095,2508,3139,22,40,48,28.4,61.4,true,unclassified,1780393943960
7070,node_01,1780393944,data_collection,cooking_fume,exposure,,false,false,,rule_fallback_v0,2940,4095,2509,3139,23,41,49,28.4,61.5,true,unclassified,1780393945014
7071,node_01,1780393945,data_collection,cooking_fume,exposure,,false,false,,rule_fallback_v0,2928,4095,2507,3139,23,41,49,28.4,61.5,true,unclassified,1780393946052
7072,node_01,1780393946,data_collection,cooking_fume,exposure,,false,false,,rule_fallback_v0,2944,4095,2507,3139,23,41,49,28.4,61.5,true,unclassified,1780393947164
7073,node_01,1780393947,data_collection,cooking_fume,exposure,,false,false,,rule_fallback_v0,2932,4095,2507,3139,23,41,49,28.4,61.5,true,unclassified,1780393948146
7074,node_01,1780393948,data_collection,cooking_fume,exposure,,false,false,,rule_fallback_v0,2931,4095,2508,3139,23,41,49,28.4,61.5,true,unclassified,1780393949211
7075,node_01,1780393949,data_collection,cooking_fume,exposure,,false,false,,rule_fallback_v0,2931,4095,2508,3139,23,41,49,28.4,61.5,true,unclassified,1780393950236
7076,node_01,1780393950,data_collection,cooking_fume,exposure,,false,false,,rule_fallback_v0,2935,4095,2508,3139,23,41,49,28.4,61.6,true,unclassified,1780393951362
7077,node_01,1780393951,data_collection,cooking_fume,exposure,,false,false,,rule_fallback_v0,2928,4095,2508,3139,23,41,49,28.4,61.6,true,unclassified,1780393952384
7078,node_01,1780393952,data_collection,cooking_fume,exposure,,false,false,,rule_fallback_v0,2936,4095,2509,3139,23,41,49,28.4,61.6,true,unclassified,1780393953410
7079,node_01,1780393953,data_collection,cooking_fume,exposure,,false,false,,rule_fallback_v0,2930,4095,2506,3139,23,41,49,28.4,61.7,true,unclassified,1780393954545
7080,node_01,1780393954,data_collection,cooking_fume,exposure,,false,false,,rule_fallback_v0,2933,4095,2507,3139,23,41,49,28.4,61.7,true,unclassified,1780393955458
7081,node_01,1780393955,data_collection,cooking_fume,exposure,,false,false,,rule_fallback_v0,2927,4095,2509,3139,23,41,49,28.4,61.7,true,unclassified,1780393956496
7082,node_01,1780393956,data_collection,cooking_fume,exposure,,false,false,,rule_fallback_v0,2936,4095,2510,3139,22,40,48,28.4,61.7,true,unclassified,1780393957541
7083,node_01,1780393957,data_collection,cooking_fume,exposure,,false,false,,rule_fallback_v0,2926,4095,2508,3139,22,40,48,28.4,61.7,true,unclassified,1780393958595
7084,node_01,1780393958,data_collection,cooking_fume,exposure,,false,false,,rule_fallback_v0,2938,4095,2507,3139,22,40,48,28.4,61.7,true,unclassified,1780393959656
7085,node_01,1780393959,data_collection,cooking_fume,exposure,,false,false,,rule_fallback_v0,2933,4095,2508,3139,22,40,47,28.4,61.5,true,unclassified,1780393960750
7086,node_01,1780393961,data_collection,cooking_fume,exposure,,false,false,,rule_fallback_v0,2938,4095,2506,3139,22,40,47,28.4,61.5,true,unclassified,1780393961807
7087,node_01,1780393962,data_collection,cooking_fume,exposure,,false,false,,rule_fallback_v0,2930,4095,2508,3139,22,40,47,28.4,61.5,true,unclassified,1780393962832
7088,node_01,1780393963,data_collection,cooking_fume,exposure,,false,false,,rule_fallback_v0,2943,4095,2509,3139,22,40,47,28.4,61.5,true,unclassified,1780393963811
7089,node_01,1780393964,data_collection,cooking_fume,exposure,,false,false,,rule_fallback_v0,2929,4095,2508,3139,22,40,47,28.4,61.5,true,unclassified,1780393964879
7090,node_01,1780393965,data_collection,cooking_fume,exposure,,false,false,,rule_fallback_v0,2934,4095,2506,3139,23,41,48,28.4,61.5,true,unclassified,1780393965904
7091,node_01,1780393966,data_collection,cooking_fume,exposure,,false,false,,rule_fallback_v0,2932,4095,2509,3139,23,41,48,28.4,61.4,true,unclassified,1780393967029
7092,node_01,1780393967,data_collection,cooking_fume,exposure,,false,false,,rule_fallback_v0,2933,4095,2507,3139,23,41,48,28.4,61.4,true,unclassified,1780393968054
7093,node_01,1780393968,data_collection,cooking_fume,exposure,,false,false,,rule_fallback_v0,2932,4095,2508,3139,23,41,48,28.4,61.4,true,unclassified,1780393969077
7094,node_01,1780393969,data_collection,cooking_fume,exposure,,false,false,,rule_fallback_v0,2927,4095,2509,3139,23,41,48,28.4,61.4,true,unclassified,1780393970080
7095,node_01,1780393970,data_collection,cooking_fume,exposure,,false,false,,rule_fallback_v0,2934,4095,2507,3139,23,41,48,28.4,61.4,true,unclassified,1780393971227
7096,node_01,1780393971,data_collection,cooking_fume,exposure,,false,false,,rule_fallback_v0,2927,4095,2507,3139,22,40,47,28.4,61.4,true,unclassified,1780393972168
7097,node_01,1780393972,data_collection,cooking_fume,exposure,,false,false,,rule_fallback_v0,2926,4095,2508,3139,22,39,46,28.4,61.4,true,unclassified,1780393973213
7098,node_01,1780393973,data_collection,cooking_fume,exposure,,false,false,,rule_fallback_v0,2929,4095,2506,3139,22,39,46,28.4,61.4,true,unclassified,1780393974305
7099,node_01,1780393974,data_collection,cooking_fume,exposure,,false,false,,rule_fallback_v0,2930,4095,2506,3139,22,39,46,28.4,61.4,true,unclassified,1780393975328
7100,node_01,1780393975,data_collection,cooking_fume,exposure,,false,false,,rule_fallback_v0,2932,4095,2510,3139,22,39,46,28.4,61.3,true,unclassified,1780393976403
7101,node_01,1780393976,data_collection,cooking_fume,exposure,,false,false,,rule_fallback_v0,2930,4095,2506,3139,22,39,46,28.4,61.3,true,unclassified,1780393977393
7102,node_01,1780393977,data_collection,cooking_fume,exposure,,false,false,,rule_fallback_v0,2932,4095,2509,3139,22,39,46,28.4,61.3,true,unclassified,1780393978498
7103,node_01,1780393978,data_collection,cooking_fume,exposure,,false,false,,rule_fallback_v0,2931,4095,2506,3139,23,39,46,28.4,61.5,true,unclassified,1780393979522
7104,node_01,1780393979,data_collection,cooking_fume,exposure,,false,false,,rule_fallback_v0,2942,4095,2507,3139,23,39,46,28.4,61.5,true,unclassified,1780393980552
7105,node_01,1780393980,data_collection,cooking_fume,exposure,,false,false,,rule_fallback_v0,2928,4095,2507,3139,24,40,47,28.4,61.5,true,unclassified,1780393981672
7106,node_01,1780393981,data_collection,cooking_fume,exposure,,false,false,,rule_fallback_v0,2929,4095,2508,3139,24,40,47,28.4,61.6,true,unclassified,1780393982696
7107,node_01,1780393982,data_collection,cooking_fume,exposure,,false,false,,rule_fallback_v0,2927,4095,2509,3139,24,40,47,28.4,61.6,true,unclassified,1780393983664
7108,node_01,1780393983,data_collection,cooking_fume,exposure,,false,false,,rule_fallback_v0,2932,4095,2507,3139,24,40,48,28.4,61.6,true,unclassified,1780393984706
7109,node_01,1780393985,data_collection,cooking_fume,exposure,,false,false,,rule_fallback_v0,2926,4095,2507,3139,24,40,48,28.4,61.5,true,unclassified,1780393985751
7110,node_01,1780393986,data_collection,cooking_fume,exposure,,false,false,,rule_fallback_v0,2922,4095,2507,3139,23,39,47,28.4,61.5,true,unclassified,1780393986795
7111,node_01,1780393987,data_collection,cooking_fume,exposure,,false,false,,rule_fallback_v0,2926,4095,2509,3139,23,40,48,28.4,61.5,true,unclassified,1780393987851
7112,node_01,1780393988,data_collection,cooking_fume,exposure,,false,false,,rule_fallback_v0,2932,4095,2507,3139,23,40,48,28.4,61.5,true,unclassified,1780393988944
7113,node_01,1780393989,data_collection,cooking_fume,exposure,,false,false,,rule_fallback_v0,2931,4095,2506,3139,24,41,49,28.4,61.5,true,unclassified,1780393989966
7114,node_01,1780393990,data_collection,cooking_fume,exposure,,false,false,,rule_fallback_v0,2929,4095,2506,3139,24,41,49,28.4,61.5,true,unclassified,1780393990976
7115,node_01,1780393991,data_collection,cooking_fume,exposure,,false,false,,rule_fallback_v0,2928,4095,2508,3139,24,41,49,28.4,61.5,true,unclassified,1780393992096
7116,node_01,1780393992,data_collection,cooking_fume,exposure,,false,false,,rule_fallback_v0,2941,4095,2507,3139,24,41,49,28.4,61.5,true,unclassified,1780393993064
7117,node_01,1780393993,data_collection,cooking_fume,exposure,,false,false,,rule_fallback_v0,2927,4095,2508,3139,24,41,49,28.4,61.5,true,unclassified,1780393994119
7118,node_01,1780393994,data_collection,cooking_fume,exposure,,false,false,,rule_fallback_v0,2932,4095,2509,3139,24,41,49,28.4,61.4,true,unclassified,1780393995302
7119,node_01,1780393995,data_collection,cooking_fume,exposure,,false,false,,rule_fallback_v0,2930,4095,2507,3139,24,41,49,28.4,61.4,true,unclassified,1780393996202
7120,node_01,1780393996,data_collection,cooking_fume,exposure,,false,false,,rule_fallback_v0,2943,4095,2506,3139,24,41,49,28.4,61.4,true,unclassified,1780393997244
7121,node_01,1780393997,data_collection,cooking_fume,exposure,,false,false,,rule_fallback_v0,2924,4095,2505,3139,24,41,49,28.4,61.3,true,unclassified,1780393998291
7122,node_01,1780393998,data_collection,cooking_fume,exposure,,false,false,,rule_fallback_v0,2933,4095,2508,3139,24,41,49,28.4,61.3,true,unclassified,1780393999388
7123,node_01,1780393999,data_collection,cooking_fume,exposure,,false,false,,rule_fallback_v0,2931,4095,2510,3139,24,41,49,28.4,61.3,true,unclassified,1780394000383
7124,node_01,1780394000,data_collection,cooking_fume,exposure,,false,false,,rule_fallback_v0,2935,4095,2512,3139,24,41,49,28.4,61.5,true,unclassified,1780394001435
7125,node_01,1780394001,data_collection,cooking_fume,exposure,,false,false,,rule_fallback_v0,2927,4095,2509,3139,23,40,48,28.4,61.5,true,unclassified,1780394002562
7126,node_01,1780394002,data_collection,cooking_fume,exposure,,false,false,,rule_fallback_v0,2934,4095,2507,3139,23,40,47,28.4,61.5,true,unclassified,1780394003521
7127,node_01,1780394003,data_collection,cooking_fume,exposure,,false,false,,rule_fallback_v0,2927,4095,2507,3139,23,40,47,28.4,61.5,true,unclassified,1780394004609
7128,node_01,1780394004,data_collection,cooking_fume,exposure,,false,false,,rule_fallback_v0,2930,4095,2508,3139,23,40,47,28.4,61.5,true,unclassified,1780394005634
7129,node_01,1780394005,data_collection,cooking_fume,exposure,,false,false,,rule_fallback_v0,2931,4095,2507,3139,23,40,47,28.4,61.5,true,unclassified,1780394006657
7130,node_01,1780394006,data_collection,cooking_fume,exposure,,false,false,,rule_fallback_v0,2934,4095,2508,3139,24,40,48,28.4,61.4,true,unclassified,1780394007989
7131,node_01,1780394008,data_collection,cooking_fume,exposure,,false,false,,rule_fallback_v0,2930,4095,2508,3139,24,40,48,28.4,61.4,true,unclassified,1780394008769
7132,node_01,1780394009,data_collection,cooking_fume,exposure,,false,false,,rule_fallback_v0,2932,4095,2506,3139,24,40,48,28.4,61.4,true,unclassified,1780394009831
7133,node_01,1780394010,data_collection,cooking_fume,exposure,,false,false,,rule_fallback_v0,2928,4095,2506,3139,24,40,48,28.4,61.4,true,unclassified,1780394010830
7134,node_01,1780394011,data_collection,cooking_fume,exposure,,false,false,,rule_fallback_v0,2932,4095,2507,3139,24,40,48,28.4,61.4,true,unclassified,1780394011982
7135,node_01,1780394012,data_collection,cooking_fume,exposure,,false,false,,rule_fallback_v0,2925,4095,2506,3139,24,40,48,28.4,61.4,true,unclassified,1780394013007
7136,node_01,1780394013,data_collection,cooking_fume,exposure,,false,false,,rule_fallback_v0,2932,4095,2508,3139,23,39,47,28.4,61.3,true,unclassified,1780394013962
7137,node_01,1780394014,data_collection,cooking_fume,exposure,,false,false,,rule_fallback_v0,2926,4095,2510,3139,23,39,47,28.4,61.3,true,unclassified,1780394015057
7138,node_01,1780394015,data_collection,cooking_fume,exposure,,false,false,,rule_fallback_v0,2937,4095,2508,3139,23,39,47,28.4,61.3,true,unclassified,1780394016082
7139,node_01,1780394016,data_collection,cooking_fume,exposure,,false,false,,rule_fallback_v0,2928,4095,2507,3139,24,40,48,28.4,61.5,true,unclassified,1780394017205
7140,node_01,1780394017,data_collection,cooking_fume,exposure,,false,false,,rule_fallback_v0,2932,4095,2507,3139,24,41,49,28.4,61.5,true,unclassified,1780394018143
7141,node_01,1780394018,data_collection,cooking_fume,exposure,,false,false,,rule_fallback_v0,2934,4095,2506,3139,24,41,49,28.4,61.5,true,unclassified,1780394019188
7142,node_01,1780394019,data_collection,cooking_fume,exposure,,false,false,,rule_fallback_v0,2929,4095,2509,3139,23,40,48,28.4,61.5,true,unclassified,1780394020277
7143,node_01,1780394020,data_collection,cooking_fume,exposure,,false,false,,rule_fallback_v0,2934,4095,2506,3139,23,40,48,28.4,61.5,true,unclassified,1780394021301
7144,node_01,1780394021,data_collection,cooking_fume,exposure,,false,false,,rule_fallback_v0,2928,4095,2508,3139,23,40,48,28.4,61.5,true,unclassified,1780394022402
7145,node_01,1780394022,data_collection,cooking_fume,exposure,,false,false,,rule_fallback_v0,2929,4095,2506,3139,24,41,49,28.4,61.6,true,unclassified,1780394023371
7146,node_01,1780394023,data_collection,cooking_fume,exposure,,false,false,,rule_fallback_v0,2936,4095,2508,3139,24,41,49,28.4,61.6,true,unclassified,1780394024475
7147,node_01,1780394024,data_collection,cooking_fume,exposure,,false,false,,rule_fallback_v0,2929,4095,2509,3139,24,41,49,28.4,61.6,true,unclassified,1780394025499
7148,node_01,1780394025,data_collection,cooking_fume,exposure,,false,false,,rule_fallback_v0,2934,4095,2510,3139,24,42,49,28.4,61.6,true,unclassified,1780394026501
7149,node_01,1780394026,data_collection,cooking_fume,exposure,,false,false,,rule_fallback_v0,2930,4095,2509,3139,24,42,49,28.4,61.6,true,unclassified,1780394027649
7150,node_01,1780394027,data_collection,cooking_fume,exposure,,false,false,,rule_fallback_v0,2931,4095,2507,3139,23,41,48,28.4,61.6,true,unclassified,1780394028655
7151,node_01,1780394028,data_collection,cooking_fume,exposure,,false,false,,rule_fallback_v0,2930,4095,2508,3139,23,41,48,28.4,61.7,true,unclassified,1780394029698
7152,node_01,1780394029,data_collection,cooking_fume,exposure,,false,false,,rule_fallback_v0,2927,4095,2507,3139,23,41,48,28.4,61.7,true,unclassified,1780394030723
7153,node_01,1780394031,data_collection,cooking_fume,exposure,,false,false,,rule_fallback_v0,2934,4095,2509,3139,24,42,50,28.4,61.7,true,unclassified,1780394031745
7154,node_01,1780394032,data_collection,cooking_fume,exposure,,false,false,,rule_fallback_v0,2933,4095,2509,3139,25,42,50,28.4,62,true,unclassified,1780394032788
7155,node_01,1780394033,data_collection,cooking_fume,exposure,,false,false,,rule_fallback_v0,2929,4095,2506,3139,25,42,50,28.4,62,true,unclassified,1780394033828
7156,node_01,1780394034,data_collection,cooking_fume,exposure,,false,false,,rule_fallback_v0,2934,4095,2508,3139,25,42,50,28.4,62,true,unclassified,1780394034920
7157,node_01,1780394035,data_collection,cooking_fume,exposure,,false,false,,rule_fallback_v0,2929,4095,2507,3139,25,42,50,28.4,62.1,true,unclassified,1780394035928
7158,node_01,1780394036,data_collection,cooking_fume,exposure,,false,false,,rule_fallback_v0,2931,4095,2508,3139,25,42,50,28.4,62.1,true,unclassified,1780394037079
7159,node_01,1780394037,data_collection,cooking_fume,exposure,,false,false,,rule_fallback_v0,2934,4095,2509,3139,25,42,50,28.4,62.1,true,unclassified,1780394038093
7160,node_01,1780394038,data_collection,cooking_fume,exposure,,false,false,,rule_fallback_v0,2933,4095,2508,3139,25,42,50,28.4,61.9,true,unclassified,1780394039063
7161,node_01,1780394039,data_collection,cooking_fume,exposure,,false,false,,rule_fallback_v0,2927,4095,2508,3139,25,42,50,28.4,61.9,true,unclassified,1780394040142
7162,node_01,1780394040,data_collection,cooking_fume,exposure,,false,false,,rule_fallback_v0,2938,4095,2508,3139,25,42,50,28.4,61.9,true,unclassified,1780394041165
7163,node_01,1780394041,data_collection,cooking_fume,exposure,,false,false,,rule_fallback_v0,2926,4095,2508,3139,25,42,50,28.4,62.1,true,unclassified,1780394042194
7164,node_01,1780394042,data_collection,cooking_fume,exposure,,false,false,,rule_fallback_v0,2937,4095,2508,3139,24,42,50,28.4,62.1,true,unclassified,1780394043218
7165,node_01,1780394043,data_collection,cooking_fume,exposure,,false,false,,rule_fallback_v0,2925,4095,2507,3139,23,41,49,28.4,62.1,true,unclassified,1780394044287
7166,node_01,1780394044,data_collection,cooking_fume,exposure,,false,false,,rule_fallback_v0,2935,4095,2509,3139,23,41,49,28.4,62.1,true,unclassified,1780394045365
7167,node_01,1780394045,data_collection,cooking_fume,exposure,,false,false,,rule_fallback_v0,2929,4095,2508,3139,23,41,49,28.4,62.1,true,unclassified,1780394046388
7168,node_01,1780394046,data_collection,cooking_fume,exposure,,false,false,,rule_fallback_v0,2940,4095,2507,3139,23,41,49,28.4,62.1,true,unclassified,1780394047414
7169,node_01,1780394047,data_collection,cooking_fume,exposure,,false,false,,rule_fallback_v0,2931,4095,2506,3139,23,41,49,28.4,62.2,true,unclassified,1780394048539
7170,node_01,1780394048,data_collection,cooking_fume,exposure,,false,false,,rule_fallback_v0,2935,4095,2507,3139,24,42,50,28.4,62.2,true,unclassified,1780394049562
7171,node_01,1780394049,data_collection,cooking_fume,exposure,,false,false,,rule_fallback_v0,2930,4095,2507,3139,24,43,50,28.4,62.2,true,unclassified,1780394050586
7172,node_01,1780394050,data_collection,cooking_fume,exposure,,false,false,,rule_fallback_v0,2934,4095,2506,3139,24,43,51,28.4,62.1,true,unclassified,1780394051581
7173,node_01,1780394051,data_collection,cooking_fume,exposure,,false,false,,rule_fallback_v0,2931,4095,2507,3139,23,42,50,28.4,62.1,true,unclassified,1780394052738
7174,node_01,1780394052,data_collection,cooking_fume,exposure,,false,false,,rule_fallback_v0,2928,4095,2508,3139,23,42,50,28.4,62.1,true,unclassified,1780394053761
7175,node_01,1780394053,data_collection,cooking_fume,exposure,,false,false,,rule_fallback_v0,2926,4095,2507,3139,24,42,51,28.4,62.1,true,unclassified,1780394054717
7176,node_01,1780394055,data_collection,cooking_fume,exposure,,false,false,,rule_fallback_v0,2936,4095,2508,3139,25,43,52,28.4,62.1,true,unclassified,1780394055809
7177,node_01,1780394056,data_collection,cooking_fume,exposure,,false,false,,rule_fallback_v0,2928,4095,2507,3139,25,43,52,28.4,62.1,true,unclassified,1780394056833
7178,node_01,1780394057,data_collection,cooking_fume,exposure,,false,false,,rule_fallback_v0,2936,4095,2508,3139,25,43,52,28.4,62,true,unclassified,1780394057856
7179,node_01,1780394058,data_collection,cooking_fume,exposure,,false,false,,rule_fallback_v0,2929,4095,2508,3139,25,43,52,28.4,62,true,unclassified,1780394058894
7180,node_01,1780394059,data_collection,cooking_fume,exposure,,false,false,,rule_fallback_v0,2935,4095,2509,3139,25,43,52,28.4,62,true,unclassified,1780394059944
7181,node_01,1780394060,data_collection,cooking_fume,exposure,,false,false,,rule_fallback_v0,2931,4095,2507,3139,25,42,52,28.4,61.9,true,unclassified,1780394061033
7182,node_01,1780394061,data_collection,cooking_fume,exposure,,false,false,,rule_fallback_v0,2934,4095,2507,3139,24,41,50,28.4,61.9,true,unclassified,1780394062029
7183,node_01,1780394062,data_collection,cooking_fume,exposure,,false,false,,rule_fallback_v0,2932,4095,2507,3139,24,42,50,28.4,61.9,true,unclassified,1780394063079
7184,node_01,1780394063,data_collection,cooking_fume,exposure,,false,false,,rule_fallback_v0,2931,4095,2509,3139,24,42,50,28.4,61.8,true,unclassified,1780394064122
7185,node_01,1780394064,data_collection,cooking_fume,exposure,,false,false,,rule_fallback_v0,2928,4095,2507,3139,25,43,51,28.4,61.8,true,unclassified,1780394065230
7186,node_01,1780394065,data_collection,cooking_fume,exposure,,false,false,,rule_fallback_v0,2935,4095,2506,3139,25,43,51,28.4,61.8,true,unclassified,1780394066214
7187,node_01,1780394066,data_collection,cooking_fume,exposure,,false,false,,rule_fallback_v0,2932,4095,2506,3139,25,43,51,28.4,61.8,true,unclassified,1780394067277
7188,node_01,1780394067,data_collection,cooking_fume,exposure,,false,false,,rule_fallback_v0,2938,4095,2507,3139,25,43,51,28.4,61.8,true,unclassified,1780394068404
7189,node_01,1780394068,data_collection,cooking_fume,exposure,,false,false,,rule_fallback_v0,2928,4095,2509,3139,25,43,51,28.4,61.8,true,unclassified,1780394069441
7190,node_01,1780394069,data_collection,cooking_fume,exposure,,false,false,,rule_fallback_v0,2936,4095,2509,3139,24,42,50,28.4,61.6,true,unclassified,1780394070421
7191,node_01,1780394070,data_collection,cooking_fume,exposure,,false,false,,rule_fallback_v0,2929,4095,2508,3139,24,42,50,28.4,61.6,true,unclassified,1780394071477
7192,node_01,1780394071,data_collection,cooking_fume,exposure,,false,false,,rule_fallback_v0,2931,4095,2508,3139,24,42,50,28.4,61.6,true,unclassified,1780394072500
7193,node_01,1780394072,data_collection,cooking_fume,exposure,,false,false,,rule_fallback_v0,2926,4095,2506,3139,25,43,51,28.4,61.4,true,unclassified,1780394073521
7194,node_01,1780394073,data_collection,cooking_fume,exposure,,false,false,,rule_fallback_v0,2933,4095,2506,3139,25,43,51,28.4,61.4,true,unclassified,1780394074650
7195,node_01,1780394074,data_collection,cooking_fume,exposure,,false,false,,rule_fallback_v0,2932,4095,2509,3139,25,43,51,28.4,61.4,true,unclassified,1780394075677
7196,node_01,1780394075,data_collection,cooking_fume,exposure,,false,false,,rule_fallback_v0,2932,4095,2509,3139,24,42,50,28.4,61.3,true,unclassified,1780394076705
7197,node_01,1780394076,data_collection,cooking_fume,exposure,,false,false,,rule_fallback_v0,2927,4095,2508,3139,24,42,50,28.4,61.3,true,unclassified,1780394077723
7198,node_01,1780394078,data_collection,cooking_fume,exposure,,false,false,,rule_fallback_v0,2936,4095,2507,3139,24,42,50,28.4,61.3,true,unclassified,1780394078836
7199,node_01,1780394079,data_collection,cooking_fume,exposure,,false,false,,rule_fallback_v0,2928,4095,2509,3139,25,42,51,28.4,61.3,true,unclassified,1780394079924
7200,node_01,1780394080,data_collection,cooking_fume,exposure,,false,false,,rule_fallback_v0,2933,4095,2508,3139,25,42,51,28.4,61.3,true,unclassified,1780394080841
7201,node_01,1780394081,data_collection,cooking_fume,exposure,,false,false,,rule_fallback_v0,2929,4095,2510,3139,25,42,51,28.4,61.3,true,unclassified,1780394081921
7202,node_01,1780394082,data_collection,cooking_fume,exposure,,false,false,,rule_fallback_v0,2933,4095,2510,3139,25,42,51,28.4,61.3,true,unclassified,1780394082945
7203,node_01,1780394083,data_collection,cooking_fume,exposure,,false,false,,rule_fallback_v0,2925,4095,2507,3139,25,42,51,28.4,61.3,true,unclassified,1780394084073
7204,node_01,1780394084,data_collection,cooking_fume,exposure,,false,false,,rule_fallback_v0,2936,4095,2508,3139,25,42,51,28.4,61.3,true,unclassified,1780394085087
7205,node_01,1780394085,data_collection,cooking_fume,exposure,,false,false,,rule_fallback_v0,2926,4095,2506,3139,25,42,51,28.4,61.3,true,unclassified,1780394086060
7206,node_01,1780394086,data_collection,cooking_fume,exposure,,false,false,,rule_fallback_v0,2929,4095,2507,3139,25,42,51,28.4,61.3,true,unclassified,1780394087102
7207,node_01,1780394087,data_collection,cooking_fume,exposure,,false,false,,rule_fallback_v0,2933,4095,2507,3139,24,41,50,28.4,61.3,true,unclassified,1780394088167
7208,node_01,1780394088,data_collection,cooking_fume,exposure,,false,false,,rule_fallback_v0,2932,4095,2509,3139,24,41,50,28.4,61.3,true,unclassified,1780394089294
7209,node_01,1780394089,data_collection,cooking_fume,exposure,,false,false,,rule_fallback_v0,2934,4095,2506,3139,24,41,51,28.4,61.3,true,unclassified,1780394090238
7210,node_01,1780394090,data_collection,cooking_fume,exposure,,false,false,,rule_fallback_v0,2934,4095,2509,3139,23,41,51,28.4,61.3,true,unclassified,1780394091343
7211,node_01,1780394091,data_collection,cooking_fume,exposure,,false,false,,rule_fallback_v0,2927,4095,2506,3139,23,41,51,28.4,61.3,true,unclassified,1780394092371
7212,node_01,1780394092,data_collection,cooking_fume,exposure,,false,false,,rule_fallback_v0,2933,4095,2507,3139,23,41,50,28.4,61.3,true,unclassified,1780394093390
7213,node_01,1780394093,data_collection,cooking_fume,exposure,,false,false,,rule_fallback_v0,2931,4095,2509,3139,23,41,50,28.4,61.3,true,unclassified,1780394094416
7214,node_01,1780394094,data_collection,cooking_fume,exposure,,false,false,,rule_fallback_v0,2932,4095,2505,3139,23,41,50,28.4,61.2,true,unclassified,1780394095541
7215,node_01,1780394095,data_collection,cooking_fume,exposure,,false,false,,rule_fallback_v0,2933,4095,2510,3139,23,41,50,28.4,61.2,true,unclassified,1780394096569
7216,node_01,1780394096,data_collection,cooking_fume,exposure,,false,false,,rule_fallback_v0,2932,4095,2505,3139,24,42,50,28.4,61.2,true,unclassified,1780394097588
7217,node_01,1780394097,data_collection,cooking_fume,exposure,,false,false,,rule_fallback_v0,2931,4095,2508,3139,24,42,50,28.4,61.4,true,unclassified,1780394098610
7218,node_01,1780394098,data_collection,cooking_fume,exposure,,false,false,,rule_fallback_v0,2934,4095,2508,3139,24,42,50,28.4,61.4,true,unclassified,1780394099738
7219,node_01,1780394099,data_collection,cooking_fume,exposure,,false,false,,rule_fallback_v0,2930,4095,2509,3139,24,42,50,28.4,61.4,true,unclassified,1780394100763
7220,node_01,1780394101,data_collection,cooking_fume,exposure,,false,false,,rule_fallback_v0,2934,4095,2508,3139,24,42,50,28.4,61.4,true,unclassified,1780394101774
7221,node_01,1780394102,data_collection,cooking_fume,exposure,,false,false,,rule_fallback_v0,2929,4095,2507,3139,24,42,50,28.4,61.4,true,unclassified,1780394102812
7222,node_01,1780394103,data_collection,cooking_fume,exposure,,false,false,,rule_fallback_v0,2935,4095,2509,3139,24,42,49,28.4,61.4,true,unclassified,1780394103837
7223,node_01,1780394104,data_collection,cooking_fume,exposure,,false,false,,rule_fallback_v0,2932,4095,2507,3139,24,42,49,28.4,61.3,true,unclassified,1780394104865
7224,node_01,1780394105,data_collection,cooking_fume,exposure,,false,false,,rule_fallback_v0,2936,4095,2506,3139,24,42,49,28.4,61.3,true,unclassified,1780394105968
7225,node_01,1780394106,data_collection,cooking_fume,exposure,,false,false,,rule_fallback_v0,2933,4095,2506,3139,23,41,48,28.4,61.3,true,unclassified,1780394107008
7226,node_01,1780394107,data_collection,cooking_fume,exposure,,false,false,,rule_fallback_v0,2928,4095,2505,3139,23,41,48,28.4,61.3,true,unclassified,1780394108033
7227,node_01,1780394108,data_collection,cooking_fume,exposure,,false,false,,rule_fallback_v0,2935,4095,2508,3139,24,42,49,28.4,61.3,true,unclassified,1780394109159
7228,node_01,1780394109,data_collection,cooking_fume,exposure,,false,false,,rule_fallback_v0,2934,4095,2508,3139,24,42,49,28.4,61.3,true,unclassified,1780394110093
7229,node_01,1780394110,data_collection,cooking_fume,exposure,,false,false,,rule_fallback_v0,2929,4095,2507,3139,24,42,50,28.4,61.3,true,unclassified,1780394111143
7230,node_01,1780394111,data_collection,cooking_fume,exposure,,false,false,,rule_fallback_v0,2930,4095,2509,3139,24,42,50,28.4,61.3,true,unclassified,1780394112231
7231,node_01,1780394112,data_collection,cooking_fume,exposure,,false,false,,rule_fallback_v0,2928,4095,2509,3139,24,42,50,28.4,61.3,true,unclassified,1780394113256
7232,node_01,1780394113,data_collection,cooking_fume,exposure,,false,false,,rule_fallback_v0,2938,4095,2509,3139,24,43,50,28.4,61.3,true,unclassified,1780394114281
7233,node_01,1780394114,data_collection,cooking_fume,exposure,,false,false,,rule_fallback_v0,2932,4095,2507,3139,23,42,49,28.4,61.3,true,unclassified,1780394115405
7234,node_01,1780394115,data_collection,cooking_fume,exposure,,false,false,,rule_fallback_v0,2935,4095,2508,3139,23,42,49,28.4,61.3,true,unclassified,1780394116380
7235,node_01,1780394116,data_collection,cooking_fume,exposure,,false,false,,rule_fallback_v0,2928,4095,2506,3139,23,42,49,28.4,61.2,true,unclassified,1780394117454
7236,node_01,1780394117,data_collection,cooking_fume,exposure,,false,false,,rule_fallback_v0,2934,4095,2508,3139,24,43,51,28.4,61.2,true,unclassified,1780394118448
7237,node_01,1780394118,data_collection,cooking_fume,exposure,,false,false,,rule_fallback_v0,2928,4095,2508,3139,24,43,51,28.4,61.2,true,unclassified,1780394119502
7238,node_01,1780394119,data_collection,cooking_fume,exposure,,false,false,,rule_fallback_v0,2932,4095,2509,3139,24,43,51,28.4,61.5,true,unclassified,1780394120628
7239,node_01,1780394120,data_collection,cooking_fume,exposure,,false,false,,rule_fallback_v0,2932,4095,2508,3139,24,43,51,28.4,61.5,true,unclassified,1780394121652
7240,node_01,1780394121,data_collection,cooking_fume,exposure,,false,false,,rule_fallback_v0,2931,4095,2509,3139,24,43,52,28.4,61.5,true,unclassified,1780394122680
7241,node_01,1780394122,data_collection,cooking_fume,exposure,,false,false,,rule_fallback_v0,2928,4095,2509,3139,24,43,52,28.4,61.7,true,unclassified,1780394123675
7242,node_01,1780394124,data_collection,cooking_fume,exposure,,false,false,,rule_fallback_v0,2938,4095,2508,3139,24,42,51,28.4,61.7,true,unclassified,1780394124717
7243,node_01,1780394125,data_collection,cooking_fume,exposure,,false,false,,rule_fallback_v0,2931,4095,2507,3139,24,42,51,28.4,61.7,true,unclassified,1780394125852
7244,node_01,1780394126,data_collection,cooking_fume,exposure,,false,false,,rule_fallback_v0,2938,4095,2509,3139,24,42,51,28.4,61.5,true,unclassified,1780394126874
7245,node_01,1780394127,data_collection,cooking_fume,exposure,,false,false,,rule_fallback_v0,2930,4095,2506,3139,24,42,51,28.4,61.5,true,unclassified,1780394127900
7246,node_01,1780394128,data_collection,cooking_fume,exposure,,false,false,,rule_fallback_v0,2937,4095,2508,3139,24,42,51,28.4,61.5,true,unclassified,1780394128923
7247,node_01,1780394129,data_collection,cooking_fume,exposure,,false,false,,rule_fallback_v0,2931,4095,2505,3139,25,43,52,28.4,61.4,true,unclassified,1780394129943
7248,node_01,1780394130,data_collection,cooking_fume,exposure,,false,false,,rule_fallback_v0,2929,4095,2507,3139,25,43,52,28.4,61.4,true,unclassified,1780394131169
7249,node_01,1780394131,data_collection,cooking_fume,exposure,,false,false,,rule_fallback_v0,2929,4095,2506,3139,25,43,52,28.4,61.4,true,unclassified,1780394132029
7250,node_01,1780394132,data_collection,cooking_fume,exposure,,false,false,,rule_fallback_v0,2931,4095,2507,3139,24,42,51,28.4,61.4,true,unclassified,1780394133121
7251,node_01,1780394133,data_collection,cooking_fume,exposure,,false,false,,rule_fallback_v0,2932,4095,2505,3139,24,42,51,28.4,61.4,true,unclassified,1780394134144
7252,node_01,1780394134,data_collection,cooking_fume,exposure,,false,false,,rule_fallback_v0,2938,4095,2507,3139,24,42,51,28.4,61.4,true,unclassified,1780394135163
7253,node_01,1780394135,data_collection,cooking_fume,exposure,,false,false,,rule_fallback_v0,2924,4095,2510,3139,25,43,52,28.4,61.4,true,unclassified,1780394136213
7254,node_01,1780394136,data_collection,cooking_fume,exposure,,false,false,,rule_fallback_v0,2938,4095,2507,3139,25,43,52,28.4,61.4,true,unclassified,1780394137255
7255,node_01,1780394137,data_collection,cooking_fume,exposure,,false,false,,rule_fallback_v0,2926,4095,2507,3139,25,43,52,28.4,61.4,true,unclassified,1780394138344
7256,node_01,1780394138,data_collection,cooking_fume,exposure,,false,false,,rule_fallback_v0,2936,4095,2509,3139,25,43,52,28.4,61.3,true,unclassified,1780394139347
7257,node_01,1780394139,data_collection,cooking_fume,exposure,,false,false,,rule_fallback_v0,2924,4095,2508,3139,25,43,53,28.4,61.3,true,unclassified,1780394140494
7258,node_01,1780394140,data_collection,cooking_fume,exposure,,false,false,,rule_fallback_v0,2930,4095,2509,3139,26,43,53,28.4,61.3,true,unclassified,1780394141441
7259,node_01,1780394141,data_collection,cooking_fume,exposure,,false,false,,rule_fallback_v0,2934,4095,2508,3139,25,43,53,28.4,61.3,true,unclassified,1780394142541
7260,node_01,1780394142,data_collection,cooking_fume,exposure,,false,false,,rule_fallback_v0,2936,4095,2508,3139,25,43,53,28.4,61.3,true,unclassified,1780394143531
7261,node_01,1780394143,data_collection,cooking_fume,exposure,,false,false,,rule_fallback_v0,2930,4095,2506,3139,25,43,53,28.4,61.3,true,unclassified,1780394144593
7262,node_01,1780394144,data_collection,cooking_fume,exposure,,false,false,,rule_fallback_v0,2933,4095,2508,3139,24,42,52,28.4,61.4,true,unclassified,1780394145716
7263,node_01,1780394145,data_collection,cooking_fume,exposure,,false,false,,rule_fallback_v0,2926,4095,2507,3139,24,42,52,28.4,61.4,true,unclassified,1780394146661
7264,node_01,1780394146,data_collection,cooking_fume,exposure,,false,false,,rule_fallback_v0,2932,4095,2508,3139,24,41,52,28.4,61.4,true,unclassified,1780394147703
7265,node_01,1780394148,data_collection,cooking_fume,exposure,,false,false,,rule_fallback_v0,2927,4095,2507,3139,24,41,52,28.4,61.3,true,unclassified,1780394148788
7266,node_01,1780394149,data_collection,cooking_fume,exposure,,false,false,,rule_fallback_v0,2934,4095,2508,3139,24,41,52,28.4,61.3,true,unclassified,1780394149807
7267,node_01,1780394150,data_collection,cooking_fume,exposure,,false,false,,rule_fallback_v0,2928,4095,2507,3139,24,41,52,28.4,61.3,true,unclassified,1780394150837
7268,node_01,1780394151,data_collection,cooking_fume,exposure,,false,false,,rule_fallback_v0,2932,4095,2505,3139,24,41,52,28.4,61.3,true,unclassified,1780394151897
7269,node_01,1780394152,data_collection,cooking_fume,exposure,,false,false,,rule_fallback_v0,2930,4095,2509,3139,24,41,52,28.4,61.3,true,unclassified,1780394152988
7270,node_01,1780394153,data_collection,cooking_fume,exposure,,false,false,,rule_fallback_v0,2929,4095,2507,3139,25,42,53,28.4,61.3,true,unclassified,1780394154013
7271,node_01,1780394154,data_collection,cooking_fume,exposure,,false,false,,rule_fallback_v0,2929,4095,2507,3139,25,42,53,28.4,61.4,true,unclassified,1780394155035
7272,node_01,1780394155,data_collection,cooking_fume,exposure,,false,false,,rule_fallback_v0,2926,4095,2506,3139,25,42,53,28.4,61.4,true,unclassified,1780394156066
7273,node_01,1780394156,data_collection,cooking_fume,exposure,,false,false,,rule_fallback_v0,2929,4095,2507,3139,25,42,53,28.4,61.4,true,unclassified,1780394157136
7274,node_01,1780394157,data_collection,cooking_fume,exposure,,false,false,,rule_fallback_v0,2932,4095,2507,3139,25,42,53,28.4,61.4,true,unclassified,1780394158163
7275,node_01,1780394158,data_collection,cooking_fume,exposure,,false,false,,rule_fallback_v0,2929,4095,2508,3139,25,42,53,28.4,61.4,true,unclassified,1780394159234
7276,node_01,1780394159,data_collection,cooking_fume,exposure,,false,false,,rule_fallback_v0,2934,4095,2507,3139,24,41,52,28.4,61.4,true,unclassified,1780394160250
7277,node_01,1780394160,data_collection,cooking_fume,exposure,,false,false,,rule_fallback_v0,2926,4095,2507,3139,24,41,51,28.4,61.5,true,unclassified,1780394161385
7278,node_01,1780394161,data_collection,cooking_fume,exposure,,false,false,,rule_fallback_v0,2935,4095,2505,3139,24,41,51,28.4,61.5,true,unclassified,1780394162335
7279,node_01,1780394162,data_collection,cooking_fume,exposure,,false,false,,rule_fallback_v0,2927,4095,2504,3139,24,41,51,28.4,61.5,true,unclassified,1780394163439
7280,node_01,1780394163,data_collection,cooking_fume,exposure,,false,false,,rule_fallback_v0,2936,4095,2507,3139,24,41,51,28.4,61.4,true,unclassified,1780394164455
7281,node_01,1780394164,data_collection,cooking_fume,exposure,,false,false,,rule_fallback_v0,2939,4095,2508,3139,24,41,51,28.4,61.4,true,unclassified,1780394165493
7282,node_01,1780394165,data_collection,cooking_fume,exposure,,false,false,,rule_fallback_v0,2924,4095,2507,3139,24,41,51,28.4,61.4,true,unclassified,1780394166605
7283,node_01,1780394166,data_collection,cooking_fume,exposure,,false,false,,rule_fallback_v0,2933,4095,2509,3139,24,41,51,28.4,61.3,true,unclassified,1780394167563
7284,node_01,1780394167,data_collection,cooking_fume,exposure,,false,false,,rule_fallback_v0,2934,4095,2507,3139,23,41,52,28.4,61.3,true,unclassified,1780394168653
7285,node_01,1780394168,data_collection,cooking_fume,exposure,,false,false,,rule_fallback_v0,2930,4095,2508,3139,24,42,53,28.4,61.3,true,unclassified,1780394169678
7286,node_01,1780394169,data_collection,cooking_fume,exposure,,false,false,,rule_fallback_v0,2934,4095,2506,3139,24,42,53,28.4,61.3,true,unclassified,1780394170719
7287,node_01,1780394171,data_collection,cooking_fume,exposure,,false,false,,rule_fallback_v0,2930,4095,2508,3139,24,42,53,28.4,61.3,true,unclassified,1780394171738
7288,node_01,1780394172,data_collection,cooking_fume,exposure,,false,false,,rule_fallback_v0,2934,4095,2508,3139,24,42,53,28.4,61.3,true,unclassified,1780394172788
7289,node_01,1780394173,data_collection,cooking_fume,exposure,,false,false,,rule_fallback_v0,2923,4095,2507,3139,24,42,53,28.4,61.4,true,unclassified,1780394173831
7290,node_01,1780394174,data_collection,cooking_fume,exposure,,false,false,,rule_fallback_v0,2935,4095,2506,3139,24,42,53,28.4,61.4,true,unclassified,1780394174902
7291,node_01,1780394175,data_collection,cooking_fume,exposure,,false,false,,rule_fallback_v0,2931,4095,2506,3139,24,43,53,28.4,61.4,true,unclassified,1780394176026
7292,node_01,1780394176,data_collection,cooking_fume,exposure,,false,false,,rule_fallback_v0,2925,4095,2507,3139,24,43,53,28.4,61.5,true,unclassified,1780394177042
7293,node_01,1780394177,data_collection,cooking_fume,exposure,,false,false,,rule_fallback_v0,2936,4095,2507,3139,24,43,53,28.4,61.5,true,unclassified,1780394178075
7294,node_01,1780394178,data_collection,cooking_fume,exposure,,false,false,,rule_fallback_v0,2930,4095,2505,3139,24,43,53,28.4,61.5,true,unclassified,1780394179099
7295,node_01,1780394179,data_collection,cooking_fume,exposure,,false,false,,rule_fallback_v0,2927,4095,2509,3139,24,43,53,28.4,61.6,true,unclassified,1780394180124
7296,node_01,1780394180,data_collection,cooking_fume,exposure,,false,false,,rule_fallback_v0,2932,4095,2508,3139,23,42,52,28.4,61.6,true,unclassified,1780394181248
7297,node_01,1780394181,data_collection,cooking_fume,exposure,,false,false,,rule_fallback_v0,2928,4095,2507,3139,23,42,52,28.4,61.6,true,unclassified,1780394182273
7298,node_01,1780394182,data_collection,cooking_fume,exposure,,false,false,,rule_fallback_v0,2933,4095,2509,3139,23,42,52,28.4,61.3,true,unclassified,1780394183235
7299,node_01,1780394183,data_collection,cooking_fume,exposure,,false,false,,rule_fallback_v0,2926,4095,2506,3139,23,43,52,28.4,61.3,true,unclassified,1780394184326
7300,node_01,1780394184,data_collection,cooking_fume,exposure,,false,false,,rule_fallback_v0,2933,4095,2506,3139,23,43,52,28.4,61.3,true,unclassified,1780394185344
7301,node_01,1780394185,data_collection,cooking_fume,exposure,,false,false,,rule_fallback_v0,2933,4095,2507,3139,23,43,52,28.4,61.5,true,unclassified,1780394186471
7302,node_01,1780394186,data_collection,cooking_fume,exposure,,false,false,,rule_fallback_v0,2936,4095,2507,3139,24,43,52,28.4,61.5,true,unclassified,1780394187427
7303,node_01,1780394187,data_collection,cooking_fume,exposure,,false,false,,rule_fallback_v0,2932,4095,2507,3139,24,43,52,28.4,61.5,true,unclassified,1780394188522
7304,node_01,1780394188,data_collection,cooking_fume,exposure,,false,false,,rule_fallback_v0,2933,4095,2510,3139,24,43,52,28.4,61.5,true,unclassified,1780394189545
7305,node_01,1780394189,data_collection,cooking_fume,exposure,,false,false,,rule_fallback_v0,2932,4095,2508,3139,25,44,52,28.4,61.5,true,unclassified,1780394190567
7306,node_01,1780394190,data_collection,cooking_fume,exposure,,false,false,,rule_fallback_v0,2936,4095,2508,3139,25,44,52,28.4,61.5,true,unclassified,1780394191588
7307,node_01,1780394191,data_collection,cooking_fume,exposure,,false,false,,rule_fallback_v0,2926,4095,2507,3139,24,43,51,28.4,61.4,true,unclassified,1780394192634
7308,node_01,1780394192,data_collection,cooking_fume,exposure,,false,false,,rule_fallback_v0,2936,4095,2507,3139,24,43,51,28.4,61.4,true,unclassified,1780394193768
7309,node_01,1780394194,data_collection,cooking_fume,exposure,,false,false,,rule_fallback_v0,2929,4095,2506,3139,25,43,51,28.4,61.4,true,unclassified,1780394194722
7310,node_01,1780394195,data_collection,cooking_fume,exposure,,false,false,,rule_fallback_v0,2936,4095,2504,3139,26,44,52,28.4,61.4,true,unclassified,1780394195789
7311,node_01,1780394196,data_collection,cooking_fume,exposure,,false,false,,rule_fallback_v0,2929,4095,2508,3139,25,44,52,28.4,61.4,true,unclassified,1780394196919
7312,node_01,1780394197,data_collection,cooking_fume,exposure,,false,false,,rule_fallback_v0,2934,4095,2506,3139,25,43,51,28.4,61.4,true,unclassified,1780394197873
7313,node_01,1780394198,data_collection,cooking_fume,exposure,,false,false,,rule_fallback_v0,2929,4095,2509,3139,25,43,51,28.4,61.2,true,unclassified,1780394198971
7314,node_01,1780394199,data_collection,cooking_fume,exposure,,false,false,,rule_fallback_v0,2933,4095,2506,3139,25,43,51,28.4,61.2,true,unclassified,1780394199987
7315,node_01,1780394200,data_collection,cooking_fume,exposure,,false,false,,rule_fallback_v0,2934,4095,2502,3139,25,43,51,28.4,61.2,true,unclassified,1780394201012
7316,node_01,1780394201,data_collection,cooking_fume,exposure,,false,false,,rule_fallback_v0,2933,4095,2508,3139,25,43,51,28.4,61.4,true,unclassified,1780394202036
7317,node_01,1780394202,data_collection,cooking_fume,exposure,,false,false,,rule_fallback_v0,2932,4095,2508,3139,25,43,51,28.4,61.4,true,unclassified,1780394203079
7318,node_01,1780394203,data_collection,cooking_fume,exposure,,false,false,,rule_fallback_v0,2932,4095,2506,3139,25,43,50,28.4,61.4,true,unclassified,1780394204123
7319,node_01,1780394204,data_collection,cooking_fume,exposure,,false,false,,rule_fallback_v0,2932,4095,2508,3139,25,43,50,28.4,61.4,true,unclassified,1780394205210
7320,node_01,1780394205,data_collection,cooking_fume,exposure,,false,false,,rule_fallback_v0,2933,4095,2506,3139,25,43,50,28.4,61.4,true,unclassified,1780394206234
7321,node_01,1780394206,data_collection,cooking_fume,exposure,,false,false,,rule_fallback_v0,2928,4095,2509,3139,25,43,50,28.4,61.4,true,unclassified,1780394207355
7322,node_01,1780394207,data_collection,cooking_fume,exposure,,false,false,,rule_fallback_v0,2933,4095,2508,3139,25,43,50,28.4,61.3,true,unclassified,1780394208385
7323,node_01,1780394208,data_collection,cooking_fume,exposure,,false,false,,rule_fallback_v0,2929,4095,2508,3139,25,43,50,28.4,61.3,true,unclassified,1780394209408
7324,node_01,1780394209,data_collection,cooking_fume,exposure,,false,false,,rule_fallback_v0,2932,4095,2506,3139,25,43,50,28.4,61.3,true,unclassified,1780394210432
7325,node_01,1780394210,data_collection,cooking_fume,exposure,,false,false,,rule_fallback_v0,2933,4095,2507,3139,24,42,49,28.4,61.3,true,unclassified,1780394211457
7326,node_01,1780394211,data_collection,cooking_fume,exposure,,false,false,,rule_fallback_v0,2932,4095,2505,3139,24,42,49,28.4,61.3,true,unclassified,1780394212583
7327,node_01,1780394212,data_collection,cooking_fume,exposure,,false,false,,rule_fallback_v0,2931,4095,2508,3139,25,42,50,28.4,61.3,true,unclassified,1780394213608
7328,node_01,1780394213,data_collection,cooking_fume,exposure,,false,false,,rule_fallback_v0,2931,4095,2508,3139,25,42,50,28.4,61.4,true,unclassified,1780394214587
7329,node_01,1780394214,data_collection,cooking_fume,exposure,,false,false,,rule_fallback_v0,2926,4095,2508,3139,24,42,50,28.4,61.4,true,unclassified,1780394215654
7330,node_01,1780394215,data_collection,cooking_fume,exposure,,false,false,,rule_fallback_v0,2935,4095,2506,3139,23,41,49,28.4,61.4,true,unclassified,1780394216673
7331,node_01,1780394216,data_collection,cooking_fume,exposure,,false,false,,rule_fallback_v0,2928,4095,2507,3139,23,41,49,28.4,61.4,true,unclassified,1780394217708
7332,node_01,1780394218,data_collection,cooking_fume,exposure,,false,false,,rule_fallback_v0,2935,4095,2506,3139,23,41,49,28.4,61.4,true,unclassified,1780394218798
7333,node_01,1780394219,data_collection,cooking_fume,exposure,,false,false,,rule_fallback_v0,2930,4095,2507,3139,23,41,49,28.4,61.4,true,unclassified,1780394219853
7334,node_01,1780394220,data_collection,cooking_fume,exposure,,false,false,,rule_fallback_v0,2934,4095,2507,3139,23,41,49,28.4,61.4,true,unclassified,1780394220876
7335,node_01,1780394221,data_collection,cooking_fume,exposure,,false,false,,rule_fallback_v0,2930,4095,2510,3139,23,41,49,28.4,61.4,true,unclassified,1780394221888
7336,node_01,1780394222,data_collection,cooking_fume,exposure,,false,false,,rule_fallback_v0,2927,4095,2507,3139,24,42,50,28.4,61.4,true,unclassified,1780394222931
7337,node_01,1780394223,data_collection,cooking_fume,exposure,,false,false,,rule_fallback_v0,2928,4095,2510,3139,24,42,50,28.4,61.4,true,unclassified,1780394223981
7338,node_01,1780394224,data_collection,cooking_fume,exposure,,false,false,,rule_fallback_v0,2934,4095,2506,3139,24,42,50,28.4,61.4,true,unclassified,1780394225076
7339,node_01,1780394225,data_collection,cooking_fume,exposure,,false,false,,rule_fallback_v0,2930,4095,2508,3139,23,41,49,28.4,61.4,true,unclassified,1780394226064
7340,node_01,1780394226,data_collection,cooking_fume,exposure,,false,false,,rule_fallback_v0,2937,4095,2508,3139,23,41,49,28.4,61.6,true,unclassified,1780394227113
7341,node_01,1780394227,data_collection,cooking_fume,exposure,,false,false,,rule_fallback_v0,2931,4095,2508,3139,23,41,49,28.4,61.6,true,unclassified,1780394228210
7342,node_01,1780394228,data_collection,cooking_fume,exposure,,false,false,,rule_fallback_v0,2935,4095,2509,3139,24,42,50,28.4,61.6,true,unclassified,1780394229274
7343,node_01,1780394229,data_collection,cooking_fume,exposure,,false,false,,rule_fallback_v0,2929,4095,2507,3139,24,43,50,28.4,61.5,true,unclassified,1780394230298
7344,node_01,1780394230,data_collection,cooking_fume,exposure,,false,false,,rule_fallback_v0,2932,4095,2505,3139,25,43,50,28.4,61.5,true,unclassified,1780394231323
7345,node_01,1780394231,data_collection,cooking_fume,exposure,,false,false,,rule_fallback_v0,2929,4095,2508,3139,24,42,49,28.4,61.5,true,unclassified,1780394232335
7346,node_01,1780394232,data_collection,cooking_fume,exposure,,false,false,,rule_fallback_v0,2931,4095,2507,3139,24,42,49,28.4,61.7,true,unclassified,1780394233380
7347,node_01,1780394233,data_collection,cooking_fume,exposure,,false,false,,rule_fallback_v0,2930,4095,2508,3139,25,43,50,28.4,61.7,true,unclassified,1780394234429
7348,node_01,1780394234,data_collection,cooking_fume,exposure,,false,false,,rule_fallback_v0,2929,4095,2507,3139,25,43,51,28.4,61.7,true,unclassified,1780394235520
7349,node_01,1780394235,data_collection,cooking_fume,exposure,,false,false,,rule_fallback_v0,2932,4095,2507,3139,25,43,51,28.4,61.5,true,unclassified,1780394236544
7350,node_01,1780394236,data_collection,cooking_fume,exposure,,false,false,,rule_fallback_v0,2930,4095,2507,3139,24,43,50,28.4,61.5,true,unclassified,1780394237558
7351,node_01,1780394237,data_collection,cooking_fume,exposure,,false,false,,rule_fallback_v0,2934,4095,2506,3139,24,43,50,28.4,61.5,true,unclassified,1780394238694
7352,node_01,1780394238,data_collection,cooking_fume,exposure,,false,false,,rule_fallback_v0,2935,4095,2505,3139,24,43,51,28.4,61.6,true,unclassified,1780394239690
7353,node_01,1780394239,data_collection,cooking_fume,exposure,,false,false,,rule_fallback_v0,2928,4095,2506,3139,24,44,52,28.4,61.6,true,unclassified,1780394240742
7354,node_01,1780394241,data_collection,cooking_fume,exposure,,false,false,,rule_fallback_v0,2922,4095,2490,3139,24,44,51,28.4,61.6,true,unclassified,1780394241766
7355,node_01,1780394242,data_collection,cooking_fume,recovery,,false,false,,rule_fallback_v0,2866,4095,2476,3139,24,43,51,28.4,61.6,true,unclassified,1780394242784
7356,node_01,1780394243,data_collection,cooking_fume,recovery,,false,false,,rule_fallback_v0,2915,4095,2494,3139,23,42,50,28.4,61.6,true,unclassified,1780394243918
7357,node_01,1780394244,data_collection,cooking_fume,recovery,,false,false,,rule_fallback_v0,2922,4095,2505,3139,23,42,50,28.4,61.6,true,unclassified,1780394244942
7358,node_01,1780394245,data_collection,cooking_fume,recovery,,false,false,,rule_fallback_v0,2932,4095,2506,3139,23,42,50,28.4,61.4,true,unclassified,1780394245965
7359,node_01,1780394246,data_collection,cooking_fume,recovery,,false,false,,rule_fallback_v0,2927,4095,2506,3139,24,43,50,28.4,61.4,true,unclassified,1780394246989
7360,node_01,1780394247,data_collection,cooking_fume,recovery,,false,false,,rule_fallback_v0,2924,4095,2506,3139,24,43,50,28.4,61.4,true,unclassified,1780394248116
7361,node_01,1780394248,data_collection,cooking_fume,recovery,,false,false,,rule_fallback_v0,2926,4095,2504,3139,24,43,50,28.4,61.4,true,unclassified,1780394249054
7362,node_01,1780394249,data_collection,cooking_fume,recovery,,false,false,,rule_fallback_v0,2934,4095,2506,3139,23,42,49,28.4,61.4,true,unclassified,1780394250112
7363,node_01,1780394250,data_collection,cooking_fume,recovery,,false,false,,rule_fallback_v0,2924,4095,2505,3139,23,42,50,28.4,61.4,true,unclassified,1780394251187
7364,node_01,1780394251,data_collection,cooking_fume,recovery,,false,false,,rule_fallback_v0,2933,4095,2507,3139,23,42,50,28.4,61.2,true,unclassified,1780394252188
7365,node_01,1780394252,data_collection,cooking_fume,recovery,,false,false,,rule_fallback_v0,2922,4095,2507,3139,23,42,50,28.4,61.2,true,unclassified,1780394253338
7366,node_01,1780394253,data_collection,cooking_fume,recovery,,false,false,,rule_fallback_v0,2928,4095,2505,3139,23,42,51,28.4,61.2,true,unclassified,1780394254364
7367,node_01,1780394254,data_collection,cooking_fume,recovery,,false,false,,rule_fallback_v0,2928,4095,2506,3139,23,42,51,28.4,61.4,true,unclassified,1780394255385
7368,node_01,1780394255,data_collection,cooking_fume,recovery,,false,false,,rule_fallback_v0,2934,4095,2506,3139,23,43,52,28.4,61.4,true,unclassified,1780394256411
7369,node_01,1780394256,data_collection,cooking_fume,recovery,,false,false,,rule_fallback_v0,2925,4095,2505,3139,23,43,52,28.4,61.4,true,unclassified,1780394257412
7370,node_01,1780394257,data_collection,cooking_fume,recovery,,false,false,,rule_fallback_v0,2934,4095,2507,3139,24,44,53,28.4,61.3,true,unclassified,1780394258564
7371,node_01,1780394258,data_collection,cooking_fume,recovery,,false,false,,rule_fallback_v0,2928,4095,2507,3139,24,44,53,28.4,61.3,true,unclassified,1780394259590
7372,node_01,1780394259,data_collection,cooking_fume,recovery,,false,false,,rule_fallback_v0,2932,4095,2504,3139,24,44,53,28.4,61.3,true,unclassified,1780394260611
7373,node_01,1780394260,data_collection,cooking_fume,recovery,,false,false,,rule_fallback_v0,2922,4095,2507,3139,24,44,53,28.4,61.4,true,unclassified,1780394261633
7374,node_01,1780394261,data_collection,cooking_fume,recovery,,false,false,,rule_fallback_v0,2935,4095,2507,3139,24,44,53,28.4,61.4,true,unclassified,1780394262657
7375,node_01,1780394262,data_collection,cooking_fume,recovery,,false,false,,rule_fallback_v0,2924,4095,2509,3139,24,43,53,28.4,61.4,true,unclassified,1780394263782
7376,node_01,1780394264,data_collection,cooking_fume,recovery,,false,false,,rule_fallback_v0,2932,4095,2505,3139,24,43,53,28.4,61.7,true,unclassified,1780394264805
7377,node_01,1780394265,data_collection,cooking_fume,recovery,,false,false,,rule_fallback_v0,2926,4095,2508,3139,24,43,53,28.4,61.7,true,unclassified,1780394265771
7378,node_01,1780394266,data_collection,cooking_fume,recovery,,false,false,,rule_fallback_v0,2929,4095,2506,3139,24,43,53,28.4,61.7,true,unclassified,1780394266815
7379,node_01,1780394267,data_collection,cooking_fume,recovery,,false,false,,rule_fallback_v0,2927,4095,2509,3139,24,43,53,28.4,61.7,true,unclassified,1780394267861
7380,node_01,1780394268,data_collection,cooking_fume,recovery,,false,false,,rule_fallback_v0,2933,4095,2507,3139,24,43,53,28.4,61.7,true,unclassified,1780394269006
7381,node_01,1780394269,data_collection,cooking_fume,recovery,,false,false,,rule_fallback_v0,2927,4095,2509,3139,24,43,53,28.4,61.7,true,unclassified,1780394269952
7382,node_01,1780394270,data_collection,cooking_fume,recovery,,false,false,,rule_fallback_v0,2933,4095,2505,3139,24,43,53,28.4,61.8,true,unclassified,1780394271052
7383,node_01,1780394271,data_collection,cooking_fume,recovery,,false,false,,rule_fallback_v0,2928,4095,2506,3139,24,43,53,28.4,61.8,true,unclassified,1780394272038
