id,node_id,timestamp,mode,collection_label,trial_state,inference_class,event_marker,cigarette_detected,inference_score,model_version,voc_raw,co_raw,voc_mv,co_mv,pm1_0,pm2_5,pm10,temperature,humidity,pms_valid,classification,received_at
7458,node_01,1780478078,data_collection,cooking_fume,exposure,,false,false,,rule_fallback_v0,2909,4095,2501,3139,26,41,49,25.1,78.7,true,unclassified,1780478077807
7459,node_01,1780478079,data_collection,cooking_fume,exposure,,false,false,,rule_fallback_v0,2906,4095,2500,3139,26,41,49,25.1,78.7,true,unclassified,1780478078841
7460,node_01,1780478080,data_collection,cooking_fume,exposure,,false,false,,rule_fallback_v0,2908,4095,2495,3139,26,41,49,25.1,78.7,true,unclassified,1780478079890
7461,node_01,1780478081,data_collection,cooking_fume,exposure,,false,false,,rule_fallback_v0,2910,4095,2495,3139,26,41,49,25.1,78.5,true,unclassified,1780478080936
7462,node_01,1780478082,data_collection,cooking_fume,exposure,,false,false,,rule_fallback_v0,2910,4095,2495,3139,26,41,48,25.1,78.5,true,unclassified,1780478081979
7463,node_01,1780478083,data_collection,cooking_fume,exposure,,false,false,,rule_fallback_v0,2906,4095,2495,3139,25,40,47,25.1,78.5,true,unclassified,1780478083028
7464,node_01,1780478084,data_collection,cooking_fume,exposure,,false,false,,rule_fallback_v0,2907,4095,2494,3139,25,40,47,25.2,78.1,true,unclassified,1780478084073
7465,node_01,1780478085,data_collection,cooking_fume,exposure,,false,false,,rule_fallback_v0,2903,4095,2493,3139,25,40,46,25.2,78.1,true,unclassified,1780478085115
7466,node_01,1780478086,data_collection,cooking_fume,exposure,,false,false,,rule_fallback_v0,2908,4095,2494,3139,26,41,47,25.2,78.1,true,unclassified,1780478086166
7467,node_01,1780478087,data_collection,cooking_fume,exposure,,false,false,,rule_fallback_v0,2906,4095,2495,3139,26,41,47,25.2,77.9,true,unclassified,1780478087211
7468,node_01,1780478088,data_collection,cooking_fume,exposure,,false,false,,rule_fallback_v0,2908,4095,2495,3139,25,40,46,25.2,77.9,true,unclassified,1780478088259
7469,node_01,1780478089,data_collection,cooking_fume,exposure,,false,false,,rule_fallback_v0,2905,4095,2496,3139,25,40,46,25.2,77.9,true,unclassified,1780478089300
7470,node_01,1780478090,data_collection,cooking_fume,exposure,,false,false,,rule_fallback_v0,2903,4095,2495,3139,25,40,46,25.2,77.4,true,unclassified,1780478090352
7471,node_01,1780478091,data_collection,cooking_fume,exposure,,false,false,,rule_fallback_v0,2918,4095,2496,3139,25,40,46,25.2,77.4,true,unclassified,1780478091395
7472,node_01,1780478092,data_collection,cooking_fume,exposure,,false,false,,rule_fallback_v0,2907,4095,2495,3139,25,39,46,25.2,77.4,true,unclassified,1780478092458
7473,node_01,1780478093,data_collection,cooking_fume,exposure,,false,false,,rule_fallback_v0,2918,4095,2495,3139,25,39,46,25.2,77,true,unclassified,1780478093488
7474,node_01,1780478094,data_collection,cooking_fume,exposure,,false,false,,rule_fallback_v0,2906,4095,2495,3139,25,39,46,25.2,77,true,unclassified,1780478094537
7475,node_01,1780478096,data_collection,cooking_fume,exposure,,false,false,,rule_fallback_v0,2915,4095,2494,3139,25,39,46,25.2,77,true,unclassified,1780478095579
7476,node_01,1780478097,data_collection,cooking_fume,exposure,,false,false,,rule_fallback_v0,2909,4095,2494,3139,25,39,46,25.3,76.7,true,unclassified,1780478096628
7477,node_01,1780478098,data_collection,cooking_fume,exposure,,false,false,,rule_fallback_v0,2911,4095,2497,3139,25,39,45,25.3,76.7,true,unclassified,1780478097671
7478,node_01,1780478099,data_collection,cooking_fume,exposure,,false,false,,rule_fallback_v0,2908,4095,2493,3139,25,39,45,25.3,76.7,true,unclassified,1780478098717
7479,node_01,1780478100,data_collection,cooking_fume,exposure,,false,false,,rule_fallback_v0,2914,4095,2498,3139,25,39,45,25.3,76.6,true,unclassified,1780478099788
7480,node_01,1780478101,data_collection,cooking_fume,exposure,,false,false,,rule_fallback_v0,2905,4095,2493,3139,26,40,46,25.3,76.6,true,unclassified,1780478100822
7481,node_01,1780478102,data_collection,cooking_fume,exposure,,false,false,,rule_fallback_v0,2913,4095,2495,3139,26,40,46,25.3,76.6,true,unclassified,1780478101856
7482,node_01,1780478103,data_collection,cooking_fume,exposure,,false,false,,rule_fallback_v0,2905,4095,2495,3139,26,40,46,25.3,76.5,true,unclassified,1780478102908
7483,node_01,1780478104,data_collection,cooking_fume,exposure,,false,false,,rule_fallback_v0,2917,4095,2493,3139,26,40,47,25.3,76.5,true,unclassified,1780478103949
7484,node_01,1780478105,data_collection,cooking_fume,exposure,,false,false,,rule_fallback_v0,2911,4095,2497,3139,26,40,47,25.3,76.5,true,unclassified,1780478104999
7485,node_01,1780478106,data_collection,cooking_fume,exposure,,false,false,,rule_fallback_v0,2914,4095,2494,3139,26,40,47,25.3,76.6,true,unclassified,1780478106053
7486,node_01,1780478107,data_collection,cooking_fume,exposure,,false,false,,rule_fallback_v0,2907,4095,2493,3139,26,41,47,25.3,76.6,true,unclassified,1780478107092
7487,node_01,1780478108,data_collection,cooking_fume,exposure,,false,false,,rule_fallback_v0,2915,4095,2495,3139,26,41,47,25.3,76.6,true,unclassified,1780478108133
7488,node_01,1780478109,data_collection,cooking_fume,exposure,,false,false,,rule_fallback_v0,2905,4095,2495,3139,26,41,47,25.4,76.5,true,unclassified,1780478109188
7489,node_01,1780478110,data_collection,cooking_fume,exposure,,false,false,,rule_fallback_v0,2921,4095,2495,3139,26,41,48,25.4,76.5,true,unclassified,1780478110227
7490,node_01,1780478111,data_collection,cooking_fume,exposure,,false,false,,rule_fallback_v0,2906,4095,2494,3139,26,41,48,25.4,76.5,true,unclassified,1780478111271
7491,node_01,1780478112,data_collection,cooking_fume,exposure,,false,false,,rule_fallback_v0,2912,4095,2495,3139,26,41,48,25.4,76.2,true,unclassified,1780478112317
7492,node_01,1780478113,data_collection,cooking_fume,exposure,,false,false,,rule_fallback_v0,2909,4095,2496,3139,26,41,48,25.4,76.2,true,unclassified,1780478113369
7493,node_01,1780478114,data_collection,cooking_fume,exposure,,false,false,,rule_fallback_v0,2914,4095,2494,3139,26,41,48,25.4,76.2,true,unclassified,1780478114410
7494,node_01,1780478115,data_collection,cooking_fume,exposure,,false,false,,rule_fallback_v0,2907,4095,2498,3139,25,40,47,25.4,76.5,true,unclassified,1780478115461
7495,node_01,1780478116,data_collection,cooking_fume,exposure,,false,false,,rule_fallback_v0,2918,4095,2495,3139,25,40,47,25.4,76.5,true,unclassified,1780478116504
7496,node_01,1780478117,data_collection,cooking_fume,exposure,,false,false,,rule_fallback_v0,2909,4095,2496,3139,25,40,47,25.4,76.5,true,unclassified,1780478117546
7497,node_01,1780478119,data_collection,cooking_fume,exposure,,false,false,,rule_fallback_v0,2920,4095,2495,3139,26,41,48,25.5,76.5,true,unclassified,1780478118601
7498,node_01,1780478120,data_collection,cooking_fume,exposure,,false,false,,rule_fallback_v0,2907,4095,2495,3139,26,41,48,25.5,76.5,true,unclassified,1780478119638
7499,node_01,1780478121,data_collection,cooking_fume,exposure,,false,false,,rule_fallback_v0,2907,4095,2496,3139,26,41,48,25.5,76.5,true,unclassified,1780478120688
7500,node_01,1780478122,data_collection,cooking_fume,exposure,,false,false,,rule_fallback_v0,2911,4095,2497,3139,26,41,48,25.5,76.9,true,unclassified,1780478121743
7501,node_01,1780478123,data_collection,cooking_fume,exposure,,false,false,,rule_fallback_v0,2901,4095,2495,3139,26,41,47,25.5,76.9,true,unclassified,1780478122780
7502,node_01,1780478124,data_collection,cooking_fume,exposure,,false,false,,rule_fallback_v0,2905,4095,2494,3139,26,40,47,25.5,76.9,true,unclassified,1780478123822
7503,node_01,1780478125,data_collection,cooking_fume,exposure,,false,false,,rule_fallback_v0,2913,4095,2495,3139,24,39,46,25.5,77,true,unclassified,1780478124872
7504,node_01,1780478126,data_collection,cooking_fume,exposure,,false,false,,rule_fallback_v0,2911,4095,2494,3139,24,39,46,25.5,77,true,unclassified,1780478125916
7505,node_01,1780478127,data_collection,cooking_fume,exposure,,false,false,,rule_fallback_v0,2909,4095,2494,3139,24,39,46,25.5,77,true,unclassified,1780478127023
7506,node_01,1780478128,data_collection,cooking_fume,exposure,,false,false,,rule_fallback_v0,2901,4095,2493,3139,24,40,47,25.5,76.8,true,unclassified,1780478128005
7507,node_01,1780478129,data_collection,cooking_fume,exposure,,false,false,,rule_fallback_v0,2918,4095,2495,3139,24,40,47,25.5,76.8,true,unclassified,1780478129058
7508,node_01,1780478130,data_collection,cooking_fume,exposure,,false,false,,rule_fallback_v0,2909,4095,2495,3139,23,39,46,25.5,76.8,true,unclassified,1780478130098
7509,node_01,1780478131,data_collection,cooking_fume,exposure,,false,false,,rule_fallback_v0,2915,4095,2496,3139,23,39,46,25.5,76.9,true,unclassified,1780478131154
7510,node_01,1780478132,data_collection,cooking_fume,exposure,,false,false,,rule_fallback_v0,2914,4095,2494,3139,23,39,46,25.5,76.9,true,unclassified,1780478132189
7511,node_01,1780478133,data_collection,cooking_fume,exposure,,false,false,,rule_fallback_v0,2913,4095,2498,3139,24,40,47,25.5,76.9,true,unclassified,1780478133235
7512,node_01,1780478134,data_collection,cooking_fume,exposure,,false,false,,rule_fallback_v0,2906,4095,2496,3139,24,40,47,25.6,76.9,true,unclassified,1780478134283
7513,node_01,1780478135,data_collection,cooking_fume,exposure,,false,false,,rule_fallback_v0,2918,4095,2494,3139,24,40,47,25.6,76.9,true,unclassified,1780478135346
7514,node_01,1780478136,data_collection,cooking_fume,exposure,,false,false,,rule_fallback_v0,2909,4095,2495,3139,23,39,46,25.6,76.9,true,unclassified,1780478136384
7515,node_01,1780478137,data_collection,cooking_fume,exposure,,false,false,,rule_fallback_v0,2916,4095,2497,3139,23,39,46,25.6,76.5,true,unclassified,1780478137420
7516,node_01,1780478138,data_collection,cooking_fume,exposure,,false,false,,rule_fallback_v0,2907,4095,2493,3139,23,39,46,25.6,76.5,true,unclassified,1780478138468
7517,node_01,1780478139,data_collection,cooking_fume,exposure,,false,false,,rule_fallback_v0,2911,4095,2494,3139,23,39,46,25.6,76.5,true,unclassified,1780478139511
7518,node_01,1780478141,data_collection,cooking_fume,exposure,,false,false,,rule_fallback_v0,2906,4095,2495,3139,23,39,46,25.6,76.3,true,unclassified,1780478140558
7519,node_01,1780478142,data_collection,cooking_fume,exposure,,false,false,,rule_fallback_v0,2912,4095,2495,3139,23,39,46,25.6,76.3,true,unclassified,1780478141606
7520,node_01,1780478143,data_collection,cooking_fume,exposure,,false,false,,rule_fallback_v0,2910,4095,2495,3139,23,39,46,25.6,76.3,true,unclassified,1780478142654
7521,node_01,1780478144,data_collection,cooking_fume,exposure,,false,false,,rule_fallback_v0,2915,4095,2498,3139,23,39,46,25.7,76,true,unclassified,1780478143696
7522,node_01,1780478145,data_collection,cooking_fume,exposure,,false,false,,rule_fallback_v0,2909,4095,2496,3139,23,39,45,25.7,76,true,unclassified,1780478144749
7523,node_01,1780478146,data_collection,cooking_fume,exposure,,false,false,,rule_fallback_v0,2915,4095,2494,3139,24,40,46,25.7,76,true,unclassified,1780478145786
7524,node_01,1780478147,data_collection,cooking_fume,exposure,,false,false,,rule_fallback_v0,2904,4095,2494,3139,24,40,46,25.7,75.8,true,unclassified,1780478146840
7525,node_01,1780478148,data_collection,cooking_fume,exposure,,false,false,,rule_fallback_v0,2920,4095,2495,3139,25,40,46,25.7,75.8,true,unclassified,1780478147902
7526,node_01,1780478149,data_collection,cooking_fume,exposure,,false,false,,rule_fallback_v0,2905,4095,2496,3139,25,40,46,25.7,75.8,true,unclassified,1780478148923
7527,node_01,1780478150,data_collection,cooking_fume,exposure,,false,false,,rule_fallback_v0,2918,4095,2496,3139,25,40,46,25.6,75.5,true,unclassified,1780478149971
7528,node_01,1780478151,data_collection,cooking_fume,exposure,,false,false,,rule_fallback_v0,2906,4095,2494,3139,24,39,45,25.6,75.5,true,unclassified,1780478151023
7529,node_01,1780478152,data_collection,cooking_fume,exposure,,false,false,,rule_fallback_v0,2914,4095,2494,3139,24,39,45,25.6,75.5,true,unclassified,1780478152060
7530,node_01,1780478153,data_collection,cooking_fume,exposure,,false,false,,rule_fallback_v0,2911,4095,2495,3139,24,39,45,25.7,75.2,true,unclassified,1780478153166
7531,node_01,1780478154,data_collection,cooking_fume,exposure,,false,false,,rule_fallback_v0,2917,4095,2495,3139,25,40,46,25.7,75.2,true,unclassified,1780478154189
7532,node_01,1780478155,data_collection,cooking_fume,exposure,,false,false,,rule_fallback_v0,2909,4095,2494,3139,25,39,46,25.7,75.2,true,unclassified,1780478155204
7533,node_01,1780478156,data_collection,cooking_fume,exposure,,false,false,,rule_fallback_v0,2912,4095,2497,3139,25,39,46,25.7,75.1,true,unclassified,1780478156247
7534,node_01,1780478157,data_collection,cooking_fume,exposure,,false,false,,rule_fallback_v0,2904,4095,2495,3139,24,38,45,25.7,75.1,true,unclassified,1780478157290
7535,node_01,1780478158,data_collection,cooking_fume,exposure,,false,false,,rule_fallback_v0,2912,4095,2493,3139,24,38,44,25.7,75.1,true,unclassified,1780478158339
7536,node_01,1780478159,data_collection,cooking_fume,exposure,,false,false,,rule_fallback_v0,2908,4095,2493,3139,24,38,44,25.8,75.2,true,unclassified,1780478159384
7537,node_01,1780478160,data_collection,cooking_fume,exposure,,false,false,,rule_fallback_v0,2908,4095,2498,3139,25,39,45,25.8,75.2,true,unclassified,1780478160428
7538,node_01,1780478161,data_collection,cooking_fume,exposure,,false,false,,rule_fallback_v0,2907,4095,2495,3139,25,39,45,25.8,75.2,true,unclassified,1780478161482
7539,node_01,1780478162,data_collection,cooking_fume,exposure,,false,false,,rule_fallback_v0,2909,4095,2495,3139,25,39,45,25.8,75.3,true,unclassified,1780478162523
7540,node_01,1780478164,data_collection,cooking_fume,exposure,,false,false,,rule_fallback_v0,2906,4095,2494,3139,24,39,45,25.8,75.3,true,unclassified,1780478163566
7541,node_01,1780478165,data_collection,cooking_fume,exposure,,false,false,,rule_fallback_v0,2917,4095,2494,3139,24,39,45,25.8,75.3,true,unclassified,1780478164617
7542,node_01,1780478166,data_collection,cooking_fume,exposure,,false,false,,rule_fallback_v0,2906,4095,2495,3139,24,39,45,25.8,75.4,true,unclassified,1780478165667
7543,node_01,1780478167,data_collection,cooking_fume,exposure,,false,false,,rule_fallback_v0,2916,4095,2494,3139,24,39,45,25.8,75.4,true,unclassified,1780478166702
7544,node_01,1780478168,data_collection,cooking_fume,exposure,,false,false,,rule_fallback_v0,2906,4095,2493,3139,24,39,45,25.8,75.4,true,unclassified,1780478167751
7545,node_01,1780478169,data_collection,cooking_fume,exposure,,false,false,,rule_fallback_v0,2913,4095,2495,3139,24,39,45,25.8,75.7,true,unclassified,1780478168799
7546,node_01,1780478170,data_collection,cooking_fume,exposure,,false,false,,rule_fallback_v0,2909,4095,2495,3139,24,39,45,25.8,75.7,true,unclassified,1780478169848
7547,node_01,1780478171,data_collection,cooking_fume,exposure,,false,false,,rule_fallback_v0,2913,4095,2494,3139,24,39,45,25.8,75.7,true,unclassified,1780478170896
7548,node_01,1780478172,data_collection,cooking_fume,exposure,,false,false,,rule_fallback_v0,2908,4095,2494,3139,24,39,45,25.8,75.6,true,unclassified,1780478171931
7549,node_01,1780478173,data_collection,cooking_fume,exposure,,false,false,,rule_fallback_v0,2915,4095,2493,3139,24,39,45,25.8,75.6,true,unclassified,1780478172974
7550,node_01,1780478174,data_collection,cooking_fume,exposure,,false,false,,rule_fallback_v0,2908,4095,2497,3139,24,39,45,25.8,75.6,true,unclassified,1780478174033
7551,node_01,1780478175,data_collection,cooking_fume,exposure,,false,false,,rule_fallback_v0,2916,4095,2496,3139,24,39,45,25.8,75.3,true,unclassified,1780478175069
7552,node_01,1780478176,data_collection,cooking_fume,exposure,,false,false,,rule_fallback_v0,2908,4095,2496,3139,24,39,46,25.8,75.3,true,unclassified,1780478176120
7553,node_01,1780478177,data_collection,cooking_fume,exposure,,false,false,,rule_fallback_v0,2910,4095,2495,3139,24,40,46,25.8,75.3,true,unclassified,1780478177161
7554,node_01,1780478178,data_collection,cooking_fume,exposure,,false,false,,rule_fallback_v0,2903,4095,2496,3139,23,39,44,25.8,74.9,true,unclassified,1780478178208
7555,node_01,1780478179,data_collection,cooking_fume,exposure,,false,false,,rule_fallback_v0,2918,4095,2494,3139,23,39,44,25.8,74.9,true,unclassified,1780478179250
7556,node_01,1780478180,data_collection,cooking_fume,exposure,,false,false,,rule_fallback_v0,2909,4095,2495,3139,23,39,45,25.8,74.9,true,unclassified,1780478180308
7557,node_01,1780478181,data_collection,cooking_fume,exposure,,false,false,,rule_fallback_v0,2912,4095,2497,3139,23,39,46,25.8,74.8,true,unclassified,1780478181344
7558,node_01,1780478182,data_collection,cooking_fume,exposure,,false,false,,rule_fallback_v0,2907,4095,2494,3139,23,39,46,25.8,74.8,true,unclassified,1780478182392
7559,node_01,1780478183,data_collection,cooking_fume,exposure,,false,false,,rule_fallback_v0,2916,4095,2496,3139,24,39,46,25.8,74.8,true,unclassified,1780478183437
7560,node_01,1780478184,data_collection,cooking_fume,exposure,,false,false,,rule_fallback_v0,2906,4095,2494,3139,24,39,46,25.9,74.6,true,unclassified,1780478184483
7561,node_01,1780478185,data_collection,cooking_fume,exposure,,false,false,,rule_fallback_v0,2913,4095,2493,3139,24,39,46,25.9,74.6,true,unclassified,1780478185539
7562,node_01,1780478187,data_collection,cooking_fume,exposure,,false,false,,rule_fallback_v0,2907,4095,2495,3139,24,39,46,25.9,74.6,true,unclassified,1780478186577
7563,node_01,1780478188,data_collection,cooking_fume,exposure,,false,false,,rule_fallback_v0,2912,4095,2497,3139,24,39,46,25.9,74.9,true,unclassified,1780478187625
7564,node_01,1780478189,data_collection,cooking_fume,exposure,,false,false,,rule_fallback_v0,2909,4095,2496,3139,24,39,46,25.9,74.9,true,unclassified,1780478188667
7565,node_01,1780478190,data_collection,cooking_fume,exposure,,false,false,,rule_fallback_v0,2911,4095,2493,3139,23,39,46,25.9,74.9,true,unclassified,1780478189711
7566,node_01,1780478191,data_collection,cooking_fume,exposure,,false,false,,rule_fallback_v0,2907,4095,2495,3139,23,39,46,25.9,74.3,true,unclassified,1780478190758
7567,node_01,1780478192,data_collection,cooking_fume,exposure,,false,false,,rule_fallback_v0,2916,4095,2494,3139,23,39,46,25.9,74.3,true,unclassified,1780478191811
7568,node_01,1780478193,data_collection,cooking_fume,exposure,,false,false,,rule_fallback_v0,2907,4095,2494,3139,24,40,46,25.9,74.3,true,unclassified,1780478192851
7569,node_01,1780478194,data_collection,cooking_fume,exposure,,false,false,,rule_fallback_v0,2916,4095,2495,3139,24,40,46,26,74.5,true,unclassified,1780478193918
7570,node_01,1780478195,data_collection,cooking_fume,exposure,,false,false,,rule_fallback_v0,2905,4095,2496,3139,24,40,46,26,74.5,true,unclassified,1780478194951
7571,node_01,1780478196,data_collection,cooking_fume,exposure,,false,false,,rule_fallback_v0,2912,4095,2494,3139,23,39,45,26,74.5,true,unclassified,1780478195986
7572,node_01,1780478197,data_collection,cooking_fume,exposure,,false,false,,rule_fallback_v0,2902,4095,2494,3139,23,39,45,26,74.5,true,unclassified,1780478197036
7573,node_01,1780478198,data_collection,cooking_fume,exposure,,false,false,,rule_fallback_v0,2916,4095,2493,3139,23,39,45,26,74.5,true,unclassified,1780478198078
7574,node_01,1780478199,data_collection,cooking_fume,exposure,,false,false,,rule_fallback_v0,2911,4095,2493,3139,23,39,45,26,74.5,true,unclassified,1780478199125
7575,node_01,1780478200,data_collection,cooking_fume,exposure,,false,false,,rule_fallback_v0,2911,4095,2494,3139,23,39,45,26,74.8,true,unclassified,1780478200178
7576,node_01,1780478201,data_collection,cooking_fume,exposure,,false,false,,rule_fallback_v0,2909,4095,2493,3139,23,39,45,26,74.8,true,unclassified,1780478201220
7577,node_01,1780478202,data_collection,cooking_fume,exposure,,false,false,,rule_fallback_v0,2909,4095,2494,3139,24,40,47,26,74.8,true,unclassified,1780478202262
7578,node_01,1780478203,data_collection,cooking_fume,exposure,,false,false,,rule_fallback_v0,2907,4095,2497,3139,24,40,47,26,75,true,unclassified,1780478203307
7579,node_01,1780478204,data_collection,cooking_fume,exposure,,false,false,,rule_fallback_v0,2903,4095,2493,3139,24,40,46,26,75,true,unclassified,1780478204355
7580,node_01,1780478205,data_collection,cooking_fume,exposure,,false,false,,rule_fallback_v0,2908,4095,2495,3139,23,39,45,26,75,true,unclassified,1780478205397
7581,node_01,1780478206,data_collection,cooking_fume,exposure,,false,false,,rule_fallback_v0,2909,4095,2496,3139,23,39,45,26,75.1,true,unclassified,1780478206445
7582,node_01,1780478207,data_collection,cooking_fume,exposure,,false,false,,rule_fallback_v0,2905,4095,2494,3139,24,39,45,26,75.1,true,unclassified,1780478207487
7583,node_01,1780478208,data_collection,cooking_fume,exposure,,false,false,,rule_fallback_v0,2909,4095,2494,3139,24,39,45,26,75.1,true,unclassified,1780478208540
7584,node_01,1780478210,data_collection,cooking_fume,exposure,,false,false,,rule_fallback_v0,2910,4095,2495,3139,24,39,46,26.1,74.7,true,unclassified,1780478209582
7585,node_01,1780478211,data_collection,cooking_fume,exposure,,false,false,,rule_fallback_v0,2908,4095,2495,3139,24,39,46,26.1,74.7,true,unclassified,1780478210629
7586,node_01,1780478212,data_collection,cooking_fume,exposure,,false,false,,rule_fallback_v0,2909,4095,2492,3139,25,40,47,26.1,74.7,true,unclassified,1780478211673
7587,node_01,1780478213,data_collection,cooking_fume,exposure,,false,false,,rule_fallback_v0,2911,4095,2495,3139,25,40,47,26.1,74.5,true,unclassified,1780478212716
7588,node_01,1780478214,data_collection,cooking_fume,exposure,,false,false,,rule_fallback_v0,2907,4095,2493,3139,24,40,46,26.1,74.5,true,unclassified,1780478213760
7589,node_01,1780478215,data_collection,cooking_fume,exposure,,false,false,,rule_fallback_v0,2910,4095,2493,3139,25,40,46,26.1,74.5,true,unclassified,1780478214814
7590,node_01,1780478216,data_collection,cooking_fume,exposure,,false,false,,rule_fallback_v0,2908,4095,2494,3139,25,40,46,26.1,74.4,true,unclassified,1780478215853
7591,node_01,1780478217,data_collection,cooking_fume,exposure,,false,false,,rule_fallback_v0,2915,4095,2496,3139,25,40,47,26.1,74.4,true,unclassified,1780478216898
7592,node_01,1780478218,data_collection,cooking_fume,exposure,,false,false,,rule_fallback_v0,2908,4095,2495,3139,25,40,47,26.1,74.4,true,unclassified,1780478217944
7593,node_01,1780478219,data_collection,cooking_fume,exposure,,false,false,,rule_fallback_v0,2911,4095,2494,3139,25,40,47,26.1,74.4,true,unclassified,1780478218990
7594,node_01,1780478220,data_collection,cooking_fume,exposure,,false,false,,rule_fallback_v0,2909,4095,2494,3139,25,41,48,26.1,74.4,true,unclassified,1780478220035
7595,node_01,1780478221,data_collection,cooking_fume,exposure,,false,false,,rule_fallback_v0,2912,4095,2494,3139,25,41,48,26.1,74.4,true,unclassified,1780478221081
7596,node_01,1780478222,data_collection,cooking_fume,exposure,,false,false,,rule_fallback_v0,2909,4095,2493,3139,25,41,48,26.1,74.1,true,unclassified,1780478222127
7597,node_01,1780478223,data_collection,cooking_fume,exposure,,false,false,,rule_fallback_v0,2910,4095,2493,3139,25,41,48,26.1,74.1,true,unclassified,1780478223174
7598,node_01,1780478224,data_collection,cooking_fume,exposure,,false,false,,rule_fallback_v0,2905,4095,2498,3139,25,41,48,26.1,74.1,true,unclassified,1780478224219
7599,node_01,1780478225,data_collection,cooking_fume,exposure,,false,false,,rule_fallback_v0,2908,4095,2495,3139,25,41,48,26.2,73.7,true,unclassified,1780478225263
7600,node_01,1780478226,data_collection,cooking_fume,exposure,,false,false,,rule_fallback_v0,2910,4095,2494,3139,26,41,48,26.2,73.7,true,unclassified,1780478226308
7601,node_01,1780478227,data_collection,cooking_fume,exposure,,false,false,,rule_fallback_v0,2912,4095,2496,3139,26,40,48,26.2,73.7,true,unclassified,1780478227365
7602,node_01,1780478228,data_collection,cooking_fume,exposure,,false,false,,rule_fallback_v0,2908,4095,2495,3139,26,40,48,26.2,73.3,true,unclassified,1780478228402
7603,node_01,1780478229,data_collection,cooking_fume,exposure,,false,false,,rule_fallback_v0,2906,4095,2494,3139,27,41,49,26.2,73.3,true,unclassified,1780478229447
7604,node_01,1780478230,data_collection,cooking_fume,exposure,,false,false,,rule_fallback_v0,2903,4095,2494,3139,27,41,49,26.2,73.3,true,unclassified,1780478230496
7605,node_01,1780478231,data_collection,cooking_fume,exposure,,false,false,,rule_fallback_v0,2908,4095,2496,3139,27,41,49,26.2,73.2,true,unclassified,1780478231541
7606,node_01,1780478233,data_collection,cooking_fume,exposure,,false,false,,rule_fallback_v0,2909,4095,2497,3139,27,41,49,26.2,73.2,true,unclassified,1780478233002
7607,node_01,1780478234,data_collection,cooking_fume,exposure,,false,false,,rule_fallback_v0,2914,4095,2494,3139,27,41,49,26.2,73.2,true,unclassified,1780478233632
7608,node_01,1780478235,data_collection,cooking_fume,exposure,,false,false,,rule_fallback_v0,2908,4095,2496,3139,25,40,48,26.2,73,true,unclassified,1780478234681
7609,node_01,1780478236,data_collection,cooking_fume,exposure,,false,false,,rule_fallback_v0,2909,4095,2496,3139,25,40,48,26.2,73,true,unclassified,1780478235722
7610,node_01,1780478237,data_collection,cooking_fume,exposure,,false,false,,rule_fallback_v0,2912,4095,2494,3139,25,40,48,26.2,73,true,unclassified,1780478236768
7611,node_01,1780478238,data_collection,cooking_fume,exposure,,false,false,,rule_fallback_v0,2914,4095,2494,3139,26,41,49,26.2,72.9,true,unclassified,1780478237815
7612,node_01,1780478239,data_collection,cooking_fume,exposure,,false,false,,rule_fallback_v0,2910,4095,2496,3139,26,41,48,26.2,72.9,true,unclassified,1780478238884
7613,node_01,1780478240,data_collection,cooking_fume,exposure,,false,false,,rule_fallback_v0,2910,4095,2494,3139,26,41,48,26.2,72.9,true,unclassified,1780478239904
7614,node_01,1780478241,data_collection,cooking_fume,exposure,,false,false,,rule_fallback_v0,2906,4095,2495,3139,26,41,48,26.2,72.8,true,unclassified,1780478240955
7615,node_01,1780478242,data_collection,cooking_fume,exposure,,false,false,,rule_fallback_v0,2918,4095,2492,3139,26,41,48,26.2,72.8,true,unclassified,1780478242002
7616,node_01,1780478243,data_collection,cooking_fume,exposure,,false,false,,rule_fallback_v0,2905,4095,2496,3139,26,41,48,26.2,72.8,true,unclassified,1780478243046
7617,node_01,1780478244,data_collection,cooking_fume,exposure,,false,false,,rule_fallback_v0,2904,4095,2496,3139,25,40,46,26.3,72.8,true,unclassified,1780478244089
7618,node_01,1780478245,data_collection,cooking_fume,exposure,,false,false,,rule_fallback_v0,2907,4095,2498,3139,25,40,46,26.3,72.8,true,unclassified,1780478245139
7619,node_01,1780478246,data_collection,cooking_fume,exposure,,false,false,,rule_fallback_v0,2913,4095,2494,3139,24,40,46,26.3,72.8,true,unclassified,1780478246183
7620,node_01,1780478247,data_collection,cooking_fume,exposure,,false,false,,rule_fallback_v0,2911,4095,2494,3139,24,40,47,26.3,72.8,true,unclassified,1780478247236
7621,node_01,1780478248,data_collection,cooking_fume,exposure,,false,false,,rule_fallback_v0,2907,4095,2495,3139,24,40,47,26.3,72.8,true,unclassified,1780478248274
7622,node_01,1780478249,data_collection,cooking_fume,exposure,,false,false,,rule_fallback_v0,2909,4095,2492,3139,24,40,47,26.3,72.8,true,unclassified,1780478249336
7623,node_01,1780478250,data_collection,cooking_fume,exposure,,false,false,,rule_fallback_v0,2916,4095,2494,3139,25,41,48,26.3,73,true,unclassified,1780478250365
7624,node_01,1780478251,data_collection,cooking_fume,exposure,,false,false,,rule_fallback_v0,2912,4095,2495,3139,25,41,49,26.3,73,true,unclassified,1780478251409
7625,node_01,1780478252,data_collection,cooking_fume,exposure,,false,false,,rule_fallback_v0,2907,4095,2493,3139,25,41,49,26.3,73,true,unclassified,1780478252452
7626,node_01,1780478253,data_collection,cooking_fume,exposure,,false,false,,rule_fallback_v0,2909,4095,2493,3139,25,41,49,26.3,73,true,unclassified,1780478253500
7627,node_01,1780478255,data_collection,cooking_fume,exposure,,false,false,,rule_fallback_v0,2917,4095,2495,3139,25,41,49,26.3,73,true,unclassified,1780478254545
7628,node_01,1780478256,data_collection,cooking_fume,exposure,,false,false,,rule_fallback_v0,2909,4095,2493,3139,24,40,48,26.3,73,true,unclassified,1780478255593
7629,node_01,1780478257,data_collection,cooking_fume,exposure,,false,false,,rule_fallback_v0,2914,4095,2495,3139,25,40,49,26.3,72.8,true,unclassified,1780478256643
7630,node_01,1780478258,data_collection,cooking_fume,exposure,,false,false,,rule_fallback_v0,2906,4095,2494,3139,25,40,49,26.3,72.8,true,unclassified,1780478257682
7631,node_01,1780478259,data_collection,cooking_fume,exposure,,false,false,,rule_fallback_v0,2911,4095,2496,3139,26,41,50,26.3,72.8,true,unclassified,1780478258733
7632,node_01,1780478260,data_collection,cooking_fume,exposure,,false,false,,rule_fallback_v0,2908,4095,2494,3139,26,41,50,26.3,72.6,true,unclassified,1780478259811
7633,node_01,1780478261,data_collection,cooking_fume,exposure,,false,false,,rule_fallback_v0,2916,4095,2492,3139,26,41,50,26.3,72.6,true,unclassified,1780478260820
7634,node_01,1780478262,data_collection,cooking_fume,exposure,,false,false,,rule_fallback_v0,2907,4095,2494,3139,26,41,50,26.3,72.6,true,unclassified,1780478261864
7635,node_01,1780478263,data_collection,cooking_fume,exposure,,false,false,,rule_fallback_v0,2909,4095,2495,3139,26,41,50,26.3,72.6,true,unclassified,1780478262910
7636,node_01,1780478264,data_collection,cooking_fume,exposure,,false,false,,rule_fallback_v0,2906,4095,2492,3139,26,41,50,26.3,72.6,true,unclassified,1780478263957
7637,node_01,1780478265,data_collection,cooking_fume,exposure,,false,false,,rule_fallback_v0,2913,4095,2493,3139,26,41,49,26.3,72.6,true,unclassified,1780478265001
7638,node_01,1780478266,data_collection,cooking_fume,exposure,,false,false,,rule_fallback_v0,2903,4095,2496,3139,26,41,49,26.4,72.6,true,unclassified,1780478266049
7639,node_01,1780478267,data_collection,cooking_fume,exposure,,false,false,,rule_fallback_v0,2916,4095,2492,3139,26,41,49,26.4,72.6,true,unclassified,1780478267092
7640,node_01,1780478268,data_collection,cooking_fume,exposure,,false,false,,rule_fallback_v0,2905,4095,2495,3139,26,40,49,26.4,72.6,true,unclassified,1780478268140
7641,node_01,1780478269,data_collection,cooking_fume,exposure,,false,false,,rule_fallback_v0,2914,4095,2495,3139,26,40,48,26.4,72.4,true,unclassified,1780478269197
7642,node_01,1780478270,data_collection,cooking_fume,exposure,,false,false,,rule_fallback_v0,2905,4095,2496,3139,26,40,48,26.4,72.4,true,unclassified,1780478270232
7643,node_01,1780478271,data_collection,cooking_fume,exposure,,false,false,,rule_fallback_v0,2917,4095,2493,3139,24,39,46,26.4,72.4,true,unclassified,1780478271278
7644,node_01,1780478272,data_collection,cooking_fume,exposure,,false,false,,rule_fallback_v0,2904,4095,2495,3139,24,38,46,26.4,72.3,true,unclassified,1780478272322
7645,node_01,1780478273,data_collection,cooking_fume,exposure,,false,false,,rule_fallback_v0,2915,4095,2494,3139,24,38,46,26.4,72.3,true,unclassified,1780478273371
7646,node_01,1780478274,data_collection,cooking_fume,exposure,,false,false,,rule_fallback_v0,2902,4095,2494,3139,24,38,46,26.4,72.3,true,unclassified,1780478274415
7647,node_01,1780478275,data_collection,cooking_fume,exposure,,false,false,,rule_fallback_v0,2918,4095,2496,3139,24,38,45,26.4,72.2,true,unclassified,1780478275461
7648,node_01,1780478276,data_collection,cooking_fume,exposure,,false,false,,rule_fallback_v0,2907,4095,2493,3139,25,39,46,26.4,72.2,true,unclassified,1780478276504
7649,node_01,1780478278,data_collection,cooking_fume,exposure,,false,false,,rule_fallback_v0,2910,4095,2492,3139,25,39,46,26.4,72.2,true,unclassified,1780478277550
7650,node_01,1780478279,data_collection,cooking_fume,exposure,,false,false,,rule_fallback_v0,2906,4095,2495,3139,25,39,46,26.5,72.4,true,unclassified,1780478278597
7651,node_01,1780478280,data_collection,cooking_fume,exposure,,false,false,,rule_fallback_v0,2909,4095,2492,3139,25,39,46,26.5,72.4,true,unclassified,1780478279639
7652,node_01,1780478281,data_collection,cooking_fume,exposure,,false,false,,rule_fallback_v0,2909,4095,2494,3139,25,39,46,26.5,72.4,true,unclassified,1780478280686
7653,node_01,1780478282,data_collection,cooking_fume,exposure,,false,false,,rule_fallback_v0,2920,4095,2493,3139,25,39,46,26.5,72.2,true,unclassified,1780478281730
7654,node_01,1780478283,data_collection,cooking_fume,exposure,,false,false,,rule_fallback_v0,2907,4095,2495,3139,25,39,46,26.5,72.2,true,unclassified,1780478282781
7655,node_01,1780478284,data_collection,cooking_fume,exposure,,false,false,,rule_fallback_v0,2909,4095,2495,3139,25,39,45,26.5,72.2,true,unclassified,1780478283826
7656,node_01,1780478285,data_collection,cooking_fume,exposure,,false,false,,rule_fallback_v0,2905,4095,2494,3139,25,39,45,26.5,72.1,true,unclassified,1780478284868
7657,node_01,1780478286,data_collection,cooking_fume,exposure,,false,false,,rule_fallback_v0,2912,4095,2492,3139,25,39,45,26.5,72.1,true,unclassified,1780478285916
7658,node_01,1780478287,data_collection,cooking_fume,exposure,,false,false,,rule_fallback_v0,2905,4095,2493,3139,25,39,45,26.5,72.1,true,unclassified,1780478286965
7659,node_01,1780478288,data_collection,cooking_fume,exposure,,false,false,,rule_fallback_v0,2908,4095,2495,3139,25,39,45,26.5,72.1,true,unclassified,1780478288006
7660,node_01,1780478289,data_collection,cooking_fume,exposure,,false,false,,rule_fallback_v0,2908,4095,2494,3139,25,39,45,26.5,72.1,true,unclassified,1780478289060
7661,node_01,1780478290,data_collection,cooking_fume,exposure,,false,false,,rule_fallback_v0,2906,4095,2492,3139,25,39,45,26.5,72.1,true,unclassified,1780478290096
7662,node_01,1780478291,data_collection,cooking_fume,exposure,,false,false,,rule_fallback_v0,2911,4095,2493,3139,25,39,45,26.5,72.1,true,unclassified,1780478291144
7663,node_01,1780478292,data_collection,cooking_fume,exposure,,false,false,,rule_fallback_v0,2912,4095,2492,3139,24,38,44,26.5,72.1,true,unclassified,1780478292189
7664,node_01,1780478293,data_collection,cooking_fume,exposure,,false,false,,rule_fallback_v0,2910,4095,2495,3139,23,38,45,26.5,72.1,true,unclassified,1780478293236
7665,node_01,1780478294,data_collection,cooking_fume,exposure,,false,false,,rule_fallback_v0,2920,4095,2496,3139,23,38,45,26.5,72.3,true,unclassified,1780478294278
7666,node_01,1780478295,data_collection,cooking_fume,exposure,,false,false,,rule_fallback_v0,2906,4095,2493,3139,23,39,45,26.5,72.3,true,unclassified,1780478295327
7667,node_01,1780478296,data_collection,cooking_fume,exposure,,false,false,,rule_fallback_v0,2910,4095,2494,3139,23,39,46,26.5,72.3,true,unclassified,1780478296374
7668,node_01,1780478297,data_collection,cooking_fume,exposure,,false,false,,rule_fallback_v0,2904,4095,2493,3139,24,40,47,26.5,72.3,true,unclassified,1780478297419
7669,node_01,1780478298,data_collection,cooking_fume,exposure,,false,false,,rule_fallback_v0,2912,4095,2493,3139,24,40,47,26.5,72.3,true,unclassified,1780478298461
7670,node_01,1780478299,data_collection,cooking_fume,exposure,,false,false,,rule_fallback_v0,2903,4095,2496,3139,24,40,47,26.5,72.3,true,unclassified,1780478299508
7671,node_01,1780478301,data_collection,cooking_fume,exposure,,false,false,,rule_fallback_v0,2913,4095,2495,3139,24,40,47,26.5,72.4,true,unclassified,1780478300560
7672,node_01,1780478302,data_collection,cooking_fume,exposure,,false,false,,rule_fallback_v0,2907,4095,2494,3139,24,40,47,26.5,72.4,true,unclassified,1780478301619
7673,node_01,1780478303,data_collection,cooking_fume,exposure,,false,false,,rule_fallback_v0,2914,4095,2493,3139,24,40,47,26.5,72.4,true,unclassified,1780478302651
7674,node_01,1780478304,data_collection,cooking_fume,exposure,,false,false,,rule_fallback_v0,2909,4095,2494,3139,24,39,46,26.6,72.4,true,unclassified,1780478303688
7675,node_01,1780478305,data_collection,cooking_fume,exposure,,false,false,,rule_fallback_v0,2915,4095,2494,3139,24,39,46,26.6,72.4,true,unclassified,1780478304736
7676,node_01,1780478306,data_collection,cooking_fume,exposure,,false,false,,rule_fallback_v0,2905,4095,2493,3139,24,39,46,26.6,72.4,true,unclassified,1780478305779
7677,node_01,1780478307,data_collection,cooking_fume,exposure,,false,false,,rule_fallback_v0,2911,4095,2496,3139,24,40,47,26.6,72.4,true,unclassified,1780478306826
7678,node_01,1780478308,data_collection,cooking_fume,exposure,,false,false,,rule_fallback_v0,2905,4095,2496,3139,24,40,47,26.6,72.4,true,unclassified,1780478307874
7679,node_01,1780478309,data_collection,cooking_fume,exposure,,false,false,,rule_fallback_v0,2914,4095,2495,3139,24,40,47,26.6,72.4,true,unclassified,1780478308922
7680,node_01,1780478310,data_collection,cooking_fume,exposure,,false,false,,rule_fallback_v0,2911,4095,2495,3139,23,40,46,26.6,72.3,true,unclassified,1780478309971
7681,node_01,1780478311,data_collection,cooking_fume,exposure,,false,false,,rule_fallback_v0,2906,4095,2493,3139,23,40,47,26.6,72.3,true,unclassified,1780478311012
7682,node_01,1780478312,data_collection,cooking_fume,exposure,,false,false,,rule_fallback_v0,2907,4095,2494,3139,23,40,47,26.6,72.3,true,unclassified,1780478312056
7683,node_01,1780478313,data_collection,cooking_fume,exposure,,false,false,,rule_fallback_v0,2915,4095,2493,3139,23,40,47,26.6,72.4,true,unclassified,1780478313099
7684,node_01,1780478314,data_collection,cooking_fume,exposure,,false,false,,rule_fallback_v0,2908,4095,2494,3139,23,40,47,26.6,72.4,true,unclassified,1780478314146
7685,node_01,1780478315,data_collection,cooking_fume,exposure,,false,false,,rule_fallback_v0,2915,4095,2495,3139,23,40,47,26.6,72.4,true,unclassified,1780478315193
7686,node_01,1780478316,data_collection,cooking_fume,exposure,,false,false,,rule_fallback_v0,2904,4095,2493,3139,24,41,48,26.6,72.5,true,unclassified,1780478316236
7687,node_01,1780478317,data_collection,cooking_fume,exposure,,false,false,,rule_fallback_v0,2912,4095,2493,3139,24,41,48,26.6,72.5,true,unclassified,1780478317289
7688,node_01,1780478318,data_collection,cooking_fume,exposure,,false,false,,rule_fallback_v0,2906,4095,2494,3139,23,40,47,26.6,72.5,true,unclassified,1780478318327
7689,node_01,1780478319,data_collection,cooking_fume,exposure,,false,false,,rule_fallback_v0,2914,4095,2494,3139,23,40,48,26.6,72.8,true,unclassified,1780478319377
7690,node_01,1780478320,data_collection,cooking_fume,exposure,,false,false,,rule_fallback_v0,2905,4095,2495,3139,23,40,48,26.6,72.8,true,unclassified,1780478320416
7691,node_01,1780478321,data_collection,cooking_fume,exposure,,false,false,,rule_fallback_v0,2912,4095,2492,3139,24,42,49,26.6,72.8,true,unclassified,1780478321465
7692,node_01,1780478322,data_collection,cooking_fume,exposure,,false,false,,rule_fallback_v0,2906,4095,2495,3139,24,42,49,26.7,73,true,unclassified,1780478322510
7693,node_01,1780478324,data_collection,cooking_fume,exposure,,false,false,,rule_fallback_v0,2905,4095,2492,3139,24,42,49,26.7,73,true,unclassified,1780478323565
7694,node_01,1780478325,data_collection,cooking_fume,exposure,,false,false,,rule_fallback_v0,2912,4095,2495,3139,24,42,49,26.7,73,true,unclassified,1780478324601
7695,node_01,1780478326,data_collection,cooking_fume,exposure,,false,false,,rule_fallback_v0,2915,4095,2493,3139,24,42,49,26.7,73,true,unclassified,1780478325648
7696,node_01,1780478327,data_collection,cooking_fume,exposure,,false,false,,rule_fallback_v0,2906,4095,2493,3139,24,42,49,26.7,73,true,unclassified,1780478326692
7697,node_01,1780478328,data_collection,cooking_fume,exposure,,false,false,,rule_fallback_v0,2914,4095,2493,3139,24,42,49,26.7,73,true,unclassified,1780478327736
7698,node_01,1780478329,data_collection,cooking_fume,exposure,,false,false,,rule_fallback_v0,2906,4095,2495,3139,24,42,49,26.7,72.9,true,unclassified,1780478328786
7699,node_01,1780478330,data_collection,cooking_fume,exposure,,false,false,,rule_fallback_v0,2914,4095,2495,3139,24,42,49,26.7,72.9,true,unclassified,1780478329834
7700,node_01,1780478331,data_collection,cooking_fume,exposure,,false,false,,rule_fallback_v0,2908,4095,2494,3139,25,42,49,26.7,72.9,true,unclassified,1780478330875
7701,node_01,1780478332,data_collection,cooking_fume,exposure,,false,false,,rule_fallback_v0,2911,4095,2492,3139,25,42,49,26.7,73,true,unclassified,1780478331918
7702,node_01,1780478333,data_collection,cooking_fume,exposure,,false,false,,rule_fallback_v0,2907,4095,2494,3139,25,42,49,26.7,73,true,unclassified,1780478332977
7703,node_01,1780478334,data_collection,cooking_fume,exposure,,false,false,,rule_fallback_v0,2910,4095,2494,3139,24,41,48,26.7,73,true,unclassified,1780478334011
7704,node_01,1780478335,data_collection,cooking_fume,exposure,,false,false,,rule_fallback_v0,2902,4095,2494,3139,24,41,48,26.7,72.9,true,unclassified,1780478335055
7705,node_01,1780478336,data_collection,cooking_fume,exposure,,false,false,,rule_fallback_v0,2921,4095,2493,3139,24,40,48,26.7,72.9,true,unclassified,1780478336102
7706,node_01,1780478337,data_collection,cooking_fume,exposure,,false,false,,rule_fallback_v0,2908,4095,2496,3139,24,40,48,26.7,72.9,true,unclassified,1780478337150
7707,node_01,1780478338,data_collection,cooking_fume,exposure,,false,false,,rule_fallback_v0,2919,4095,2494,3139,24,40,48,26.7,72.8,true,unclassified,1780478338197
7708,node_01,1780478339,data_collection,cooking_fume,exposure,,false,false,,rule_fallback_v0,2909,4095,2493,3139,24,40,48,26.7,72.8,true,unclassified,1780478339242
7709,node_01,1780478340,data_collection,cooking_fume,exposure,,false,false,,rule_fallback_v0,2914,4095,2492,3139,24,40,48,26.7,72.8,true,unclassified,1780478340285
7710,node_01,1780478341,data_collection,cooking_fume,exposure,,false,false,,rule_fallback_v0,2904,4095,2493,3139,24,40,48,26.7,72.8,true,unclassified,1780478341333
7711,node_01,1780478342,data_collection,cooking_fume,exposure,,false,false,,rule_fallback_v0,2906,4095,2493,3139,25,41,49,26.7,72.8,true,unclassified,1780478342378
7712,node_01,1780478343,data_collection,cooking_fume,exposure,,false,false,,rule_fallback_v0,2909,4095,2496,3139,25,41,49,26.7,72.8,true,unclassified,1780478343423
7713,node_01,1780478344,data_collection,cooking_fume,exposure,,false,false,,rule_fallback_v0,2910,4095,2496,3139,25,41,49,26.8,72.9,true,unclassified,1780478344466
7714,node_01,1780478345,data_collection,cooking_fume,exposure,,false,false,,rule_fallback_v0,2909,4095,2494,3139,24,40,48,26.8,72.9,true,unclassified,1780478345513
7715,node_01,1780478347,data_collection,cooking_fume,exposure,,false,false,,rule_fallback_v0,2914,4095,2494,3139,24,41,48,26.8,72.9,true,unclassified,1780478346561
7716,node_01,1780478348,data_collection,cooking_fume,exposure,,false,false,,rule_fallback_v0,2909,4095,2494,3139,24,41,48,26.8,72.7,true,unclassified,1780478347604
7717,node_01,1780478349,data_collection,cooking_fume,exposure,,false,false,,rule_fallback_v0,2904,4095,2494,3139,24,41,48,26.8,72.7,true,unclassified,1780478348650
7718,node_01,1780478350,data_collection,cooking_fume,exposure,,false,false,,rule_fallback_v0,2910,4095,2496,3139,24,41,48,26.8,72.7,true,unclassified,1780478349693
7719,node_01,1780478351,data_collection,cooking_fume,exposure,,false,false,,rule_fallback_v0,2907,4095,2496,3139,24,41,48,26.8,72.5,true,unclassified,1780478350737
7720,node_01,1780478352,data_collection,cooking_fume,exposure,,false,false,,rule_fallback_v0,2909,4095,2496,3139,25,42,49,26.8,72.5,true,unclassified,1780478351783
7721,node_01,1780478353,data_collection,cooking_fume,exposure,,false,false,,rule_fallback_v0,2917,4095,2493,3139,25,42,49,26.8,72.5,true,unclassified,1780478352831
7722,node_01,1780478354,data_collection,cooking_fume,exposure,,false,false,,rule_fallback_v0,2905,4095,2496,3139,25,42,49,26.8,72.2,true,unclassified,1780478353879
7723,node_01,1780478355,data_collection,cooking_fume,exposure,,false,false,,rule_fallback_v0,2914,4095,2496,3139,24,41,48,26.8,72.2,true,unclassified,1780478354923
7724,node_01,1780478356,data_collection,cooking_fume,exposure,,false,false,,rule_fallback_v0,2907,4095,2494,3139,24,41,48,26.8,72.2,true,unclassified,1780478355965
7725,node_01,1780478357,data_collection,cooking_fume,exposure,,false,false,,rule_fallback_v0,2909,4095,2495,3139,24,41,48,26.8,71.9,true,unclassified,1780478357016
7726,node_01,1780478358,data_collection,cooking_fume,exposure,,false,false,,rule_fallback_v0,2907,4095,2494,3139,25,41,48,26.8,71.9,true,unclassified,1780478358061
7727,node_01,1780478359,data_collection,cooking_fume,exposure,,false,false,,rule_fallback_v0,2915,4095,2493,3139,25,41,48,26.8,71.9,true,unclassified,1780478359101
7728,node_01,1780478360,data_collection,cooking_fume,exposure,,false,false,,rule_fallback_v0,2905,4095,2496,3139,25,41,48,26.8,71.6,true,unclassified,1780478360147
7729,node_01,1780478361,data_collection,cooking_fume,exposure,,false,false,,rule_fallback_v0,2911,4095,2492,3139,25,41,48,26.8,71.6,true,unclassified,1780478361198
7730,node_01,1780478362,data_collection,cooking_fume,exposure,,false,false,,rule_fallback_v0,2909,4095,2495,3139,25,41,48,26.8,71.6,true,unclassified,1780478362243
7731,node_01,1780478363,data_collection,cooking_fume,exposure,,false,false,,rule_fallback_v0,2913,4095,2494,3139,24,40,47,26.8,71.4,true,unclassified,1780478363286
7732,node_01,1780478364,data_collection,cooking_fume,exposure,,false,false,,rule_fallback_v0,2910,4095,2496,3139,24,40,47,26.8,71.4,true,unclassified,1780478364333
7733,node_01,1780478365,data_collection,cooking_fume,exposure,,false,false,,rule_fallback_v0,2914,4095,2491,3139,24,40,47,26.8,71.4,true,unclassified,1780478365382
7734,node_01,1780478366,data_collection,cooking_fume,exposure,,false,false,,rule_fallback_v0,2905,4095,2492,3139,24,40,47,26.8,71.4,true,unclassified,1780478366424
7735,node_01,1780478367,data_collection,cooking_fume,exposure,,false,false,,rule_fallback_v0,2916,4095,2493,3139,24,40,47,26.8,71.4,true,unclassified,1780478367474
7736,node_01,1780478368,data_collection,cooking_fume,exposure,,false,false,,rule_fallback_v0,2906,4095,2494,3139,24,40,47,26.8,71.4,true,unclassified,1780478368522
7737,node_01,1780478370,data_collection,cooking_fume,exposure,,false,false,,rule_fallback_v0,2918,4095,2494,3139,25,41,48,26.9,71.1,true,unclassified,1780478369563
7738,node_01,1780478371,data_collection,cooking_fume,exposure,,false,false,,rule_fallback_v0,2902,4095,2493,3139,25,41,48,26.9,71.1,true,unclassified,1780478370607
7739,node_01,1780478372,data_collection,cooking_fume,exposure,,false,false,,rule_fallback_v0,2914,4095,2494,3139,25,41,48,26.9,71.1,true,unclassified,1780478371658
7740,node_01,1780478373,data_collection,cooking_fume,exposure,,false,false,,rule_fallback_v0,2905,4095,2497,3139,24,40,47,26.9,71.2,true,unclassified,1780478372695
7741,node_01,1780478374,data_collection,cooking_fume,exposure,,false,false,,rule_fallback_v0,2913,4095,2493,3139,24,39,47,26.9,71.2,true,unclassified,1780478373748
7742,node_01,1780478375,data_collection,cooking_fume,exposure,,false,false,,rule_fallback_v0,2906,4095,2493,3139,24,39,47,26.9,71.2,true,unclassified,1780478374790
7743,node_01,1780478376,data_collection,cooking_fume,exposure,,false,false,,rule_fallback_v0,2916,4095,2497,3139,24,39,47,26.9,71.2,true,unclassified,1780478375832
7744,node_01,1780478377,data_collection,cooking_fume,exposure,,false,false,,rule_fallback_v0,2908,4095,2493,3139,24,39,48,26.9,71.2,true,unclassified,1780478376878
7745,node_01,1780478378,data_collection,cooking_fume,exposure,,false,false,,rule_fallback_v0,2904,4095,2491,3139,24,39,48,26.9,71.2,true,unclassified,1780478377926
7746,node_01,1780478379,data_collection,cooking_fume,exposure,,false,false,,rule_fallback_v0,2908,4095,2493,3139,24,39,48,26.9,71.1,true,unclassified,1780478378977
7747,node_01,1780478380,data_collection,cooking_fume,exposure,,false,false,,rule_fallback_v0,2907,4095,2492,3139,24,39,48,26.9,71.1,true,unclassified,1780478380016
7748,node_01,1780478381,data_collection,cooking_fume,exposure,,false,false,,rule_fallback_v0,2905,4095,2494,3139,24,40,49,26.9,71.1,true,unclassified,1780478381059
7749,node_01,1780478382,data_collection,cooking_fume,exposure,,false,false,,rule_fallback_v0,2922,4095,2495,3139,24,40,49,26.9,70.8,true,unclassified,1780478382124
7750,node_01,1780478383,data_collection,cooking_fume,exposure,,false,false,,rule_fallback_v0,2892,4095,2493,3139,24,40,49,26.9,70.8,true,unclassified,1780478383148
7751,node_01,1780478384,data_collection,cooking_fume,exposure,,false,false,,rule_fallback_v0,2912,4095,2495,3139,24,41,49,26.9,70.8,true,unclassified,1780478384194
7752,node_01,1780478385,data_collection,cooking_fume,exposure,,false,false,,rule_fallback_v0,2902,4095,2494,3139,24,40,49,26.9,70.8,true,unclassified,1780478385238
7753,node_01,1780478386,data_collection,cooking_fume,exposure,,false,false,,rule_fallback_v0,2912,4095,2493,3139,24,40,49,26.9,70.8,true,unclassified,1780478386284
7754,node_01,1780478387,data_collection,cooking_fume,exposure,,false,false,,rule_fallback_v0,2903,4095,2491,3139,23,39,48,26.9,70.8,true,unclassified,1780478387330
7755,node_01,1780478388,data_collection,cooking_fume,exposure,,false,false,,rule_fallback_v0,2916,4095,2496,3139,23,40,48,26.9,70.7,true,unclassified,1780478388385
7756,node_01,1780478389,data_collection,cooking_fume,exposure,,false,false,,rule_fallback_v0,2906,4095,2494,3139,23,40,48,26.9,70.7,true,unclassified,1780478389423
7757,node_01,1780478390,data_collection,cooking_fume,exposure,,false,false,,rule_fallback_v0,2912,4095,2493,3139,23,40,48,26.9,70.7,true,unclassified,1780478390466
7758,node_01,1780478391,data_collection,cooking_fume,exposure,,false,false,,rule_fallback_v0,2905,4095,2494,3139,23,40,48,27,70.8,true,unclassified,1780478391510
7759,node_01,1780478393,data_collection,cooking_fume,exposure,,false,false,,rule_fallback_v0,2910,4095,2490,3139,24,40,48,27,70.8,true,unclassified,1780478392556
7760,node_01,1780478394,data_collection,cooking_fume,exposure,,false,false,,rule_fallback_v0,2907,4095,2493,3139,25,41,50,27,70.8,true,unclassified,1780478393612
7761,node_01,1780478395,data_collection,cooking_fume,exposure,,false,false,,rule_fallback_v0,2914,4095,2496,3139,25,41,50,27,70.9,true,unclassified,1780478394651
7762,node_01,1780478396,data_collection,cooking_fume,exposure,,false,false,,rule_fallback_v0,2903,4095,2494,3139,25,42,50,27,70.9,true,unclassified,1780478395696
7763,node_01,1780478397,data_collection,cooking_fume,exposure,,false,false,,rule_fallback_v0,2907,4095,2491,3139,24,41,49,27,70.9,true,unclassified,1780478396743
7764,node_01,1780478398,data_collection,cooking_fume,exposure,,false,false,,rule_fallback_v0,2907,4095,2493,3139,24,41,49,26.9,71.4,true,unclassified,1780478397788
7765,node_01,1780478399,data_collection,cooking_fume,exposure,,false,false,,rule_fallback_v0,2917,4095,2493,3139,25,41,49,26.9,71.4,true,unclassified,1780478398846
7766,node_01,1780478400,data_collection,cooking_fume,exposure,,false,false,,rule_fallback_v0,2904,4095,2495,3139,26,42,50,26.9,71.4,true,unclassified,1780478399878
7767,node_01,1780478401,data_collection,cooking_fume,exposure,,false,false,,rule_fallback_v0,2915,4095,2492,3139,26,42,50,27,71.6,true,unclassified,1780478400932
7768,node_01,1780478402,data_collection,cooking_fume,exposure,,false,false,,rule_fallback_v0,2910,4095,2496,3139,26,42,50,27,71.6,true,unclassified,1780478401970
7769,node_01,1780478403,data_collection,cooking_fume,exposure,,false,false,,rule_fallback_v0,2904,4095,2495,3139,26,42,50,27,71.6,true,unclassified,1780478403009
7770,node_01,1780478404,data_collection,cooking_fume,exposure,,false,false,,rule_fallback_v0,2905,4095,2493,3139,26,42,50,27,71.7,true,unclassified,1780478404061
7771,node_01,1780478405,data_collection,cooking_fume,exposure,,false,false,,rule_fallback_v0,2913,4095,2493,3139,25,42,50,27,71.7,true,unclassified,1780478405104
7772,node_01,1780478406,data_collection,cooking_fume,exposure,,false,false,,rule_fallback_v0,2906,4095,2494,3139,25,42,50,27,71.7,true,unclassified,1780478406153
7773,node_01,1780478407,data_collection,cooking_fume,exposure,,false,false,,rule_fallback_v0,2913,4095,2493,3139,25,42,50,27,71.6,true,unclassified,1780478407197
7774,node_01,1780478408,data_collection,cooking_fume,exposure,,false,false,,rule_fallback_v0,2907,4095,2493,3139,25,42,50,27,71.6,true,unclassified,1780478408238
7775,node_01,1780478409,data_collection,cooking_fume,exposure,,false,false,,rule_fallback_v0,2918,4095,2492,3139,25,42,50,27,71.6,true,unclassified,1780478409286
7776,node_01,1780478410,data_collection,cooking_fume,exposure,,false,false,,rule_fallback_v0,2905,4095,2496,3139,25,42,50,27,71.7,true,unclassified,1780478410330
7777,node_01,1780478411,data_collection,cooking_fume,exposure,,false,false,,rule_fallback_v0,2921,4095,2493,3139,24,41,49,27,71.7,true,unclassified,1780478411378
7778,node_01,1780478412,data_collection,cooking_fume,exposure,,false,false,,rule_fallback_v0,2907,4095,2496,3139,24,41,49,27,71.7,true,unclassified,1780478412422
7779,node_01,1780478413,data_collection,cooking_fume,exposure,,false,false,,rule_fallback_v0,2912,4095,2492,3139,23,40,49,27,71.3,true,unclassified,1780478413471
7780,node_01,1780478414,data_collection,cooking_fume,exposure,,false,false,,rule_fallback_v0,2907,4095,2493,3139,24,41,50,27,71.3,true,unclassified,1780478414514
7781,node_01,1780478416,data_collection,cooking_fume,exposure,,false,false,,rule_fallback_v0,2913,4095,2493,3139,24,41,50,27,71.3,true,unclassified,1780478415555
7782,node_01,1780478417,data_collection,cooking_fume,exposure,,false,false,,rule_fallback_v0,2908,4095,2493,3139,24,41,50,27.1,71.3,true,unclassified,1780478416605
7783,node_01,1780478418,data_collection,cooking_fume,exposure,,false,false,,rule_fallback_v0,2912,4095,2493,3139,23,40,49,27.1,71.3,true,unclassified,1780478417648
7784,node_01,1780478419,data_collection,cooking_fume,exposure,,false,false,,rule_fallback_v0,2908,4095,2493,3139,23,40,49,27.1,71.3,true,unclassified,1780478419202
7785,node_01,1780478420,data_collection,cooking_fume,exposure,,false,false,,rule_fallback_v0,2914,4095,2495,3139,23,40,49,27.1,71.3,true,unclassified,1780478419738
7786,node_01,1780478421,data_collection,cooking_fume,exposure,,false,false,,rule_fallback_v0,2908,4095,2494,3139,24,42,50,27.1,71.3,true,unclassified,1780478420791
7787,node_01,1780478422,data_collection,cooking_fume,exposure,,false,false,,rule_fallback_v0,2918,4095,2494,3139,24,42,50,27.1,71.3,true,unclassified,1780478421827
7788,node_01,1780478423,data_collection,cooking_fume,exposure,,false,false,,rule_fallback_v0,2905,4095,2496,3139,23,41,49,27.1,71.4,true,unclassified,1780478422874
7789,node_01,1780478424,data_collection,cooking_fume,exposure,,false,false,,rule_fallback_v0,2910,4095,2494,3139,23,41,49,27.1,71.4,true,unclassified,1780478423920
7790,node_01,1780478425,data_collection,cooking_fume,exposure,,false,false,,rule_fallback_v0,2902,4095,2494,3139,23,41,49,27.1,71.4,true,unclassified,1780478424967
7791,node_01,1780478426,data_collection,cooking_fume,exposure,,false,false,,rule_fallback_v0,2912,4095,2493,3139,24,41,49,27.1,71.5,true,unclassified,1780478426009
7792,node_01,1780478427,data_collection,cooking_fume,exposure,,false,false,,rule_fallback_v0,2904,4095,2494,3139,24,41,49,27.1,71.5,true,unclassified,1780478427059
7793,node_01,1780478428,data_collection,cooking_fume,exposure,,false,false,,rule_fallback_v0,2918,4095,2493,3139,24,41,49,27.1,71.5,true,unclassified,1780478428101
7794,node_01,1780478429,data_collection,cooking_fume,exposure,,false,false,,rule_fallback_v0,2904,4095,2495,3139,24,41,49,27.1,71.6,true,unclassified,1780478429145
7795,node_01,1780478430,data_collection,cooking_fume,exposure,,false,false,,rule_fallback_v0,2915,4095,2492,3139,24,41,49,27.1,71.6,true,unclassified,1780478430193
7796,node_01,1780478431,data_collection,cooking_fume,exposure,,false,false,,rule_fallback_v0,2907,4095,2493,3139,24,41,49,27.1,71.6,true,unclassified,1780478431238
7797,node_01,1780478432,data_collection,cooking_fume,exposure,,false,false,,rule_fallback_v0,2904,4095,2494,3139,25,42,50,27.1,71.6,true,unclassified,1780478432283
7798,node_01,1780478433,data_collection,cooking_fume,exposure,,false,false,,rule_fallback_v0,2909,4095,2495,3139,25,43,50,27.1,71.6,true,unclassified,1780478433342
7799,node_01,1780478434,data_collection,cooking_fume,exposure,,false,false,,rule_fallback_v0,2908,4095,2495,3139,25,43,50,27.1,71.6,true,unclassified,1780478434369
7800,node_01,1780478435,data_collection,cooking_fume,exposure,,false,false,,rule_fallback_v0,2904,4095,2493,3139,25,43,50,27.1,71.5,true,unclassified,1780478435438
7801,node_01,1780478436,data_collection,cooking_fume,exposure,,false,false,,rule_fallback_v0,2908,4095,2493,3139,25,43,51,27.1,71.5,true,unclassified,1780478436462
7802,node_01,1780478437,data_collection,cooking_fume,exposure,,false,false,,rule_fallback_v0,2906,4095,2493,3139,26,43,51,27.1,71.5,true,unclassified,1780478437510
7803,node_01,1780478439,data_collection,cooking_fume,exposure,,false,false,,rule_fallback_v0,2912,4095,2493,3139,26,43,51,27.1,71.5,true,unclassified,1780478438559
7804,node_01,1780478440,data_collection,cooking_fume,exposure,,false,false,,rule_fallback_v0,2904,4095,2492,3139,26,44,52,27.1,71.5,true,unclassified,1780478439598
7805,node_01,1780478441,data_collection,cooking_fume,exposure,,false,false,,rule_fallback_v0,2913,4095,2495,3139,26,44,52,27.1,71.5,true,unclassified,1780478440644
7806,node_01,1780478442,data_collection,cooking_fume,exposure,,false,false,,rule_fallback_v0,2900,4095,2493,3139,25,43,52,27.1,71.3,true,unclassified,1780478441694
7807,node_01,1780478443,data_collection,cooking_fume,exposure,,false,false,,rule_fallback_v0,2914,4095,2494,3139,25,43,52,27.1,71.3,true,unclassified,1780478442737
7808,node_01,1780478444,data_collection,cooking_fume,exposure,,false,false,,rule_fallback_v0,2905,4095,2494,3139,26,44,53,27.1,71.3,true,unclassified,1780478443788
7809,node_01,1780478445,data_collection,cooking_fume,exposure,,false,false,,rule_fallback_v0,2915,4095,2497,3139,26,44,53,27.1,71.2,true,unclassified,1780478444839
7810,node_01,1780478446,data_collection,cooking_fume,exposure,,false,false,,rule_fallback_v0,2913,4095,2495,3139,26,44,52,27.1,71.2,true,unclassified,1780478445876
7811,node_01,1780478447,data_collection,cooking_fume,exposure,,false,false,,rule_fallback_v0,2918,4095,2497,3139,26,44,53,27.1,71.2,true,unclassified,1780478446915
7812,node_01,1780478448,data_collection,cooking_fume,exposure,,false,false,,rule_fallback_v0,2908,4095,2497,3139,26,44,53,27.2,71,true,unclassified,1780478447966
7813,node_01,1780478449,data_collection,cooking_fume,exposure,,false,false,,rule_fallback_v0,2907,4095,2496,3139,27,45,53,27.2,71,true,unclassified,1780478449007
7814,node_01,1780478450,data_collection,cooking_fume,exposure,,false,false,,rule_fallback_v0,2911,4095,2497,3139,28,46,55,27.2,71,true,unclassified,1780478450053
7815,node_01,1780478451,data_collection,cooking_fume,exposure,,false,false,,rule_fallback_v0,2915,4095,2499,3139,28,46,56,27.2,71,true,unclassified,1780478451103
7816,node_01,1780478452,data_collection,cooking_fume,exposure,,false,false,,rule_fallback_v0,2908,4095,2497,3139,29,48,58,27.2,71,true,unclassified,1780478452172
7817,node_01,1780478453,data_collection,cooking_fume,exposure,,false,false,,rule_fallback_v0,2914,4095,2496,3139,29,49,60,27.2,71,true,unclassified,1780478453193
7818,node_01,1780478454,data_collection,cooking_fume,exposure,,false,false,,rule_fallback_v0,2911,4095,2495,3139,30,51,62,27.2,71.1,true,unclassified,1780478454233
7819,node_01,1780478455,data_collection,cooking_fume,exposure,,false,false,,rule_fallback_v0,2920,4095,2496,3139,32,55,66,27.2,71.1,true,unclassified,1780478455292
7820,node_01,1780478456,data_collection,cooking_fume,exposure,,false,false,,rule_fallback_v0,2897,4095,2497,3139,34,61,70,27.2,71.1,true,unclassified,1780478456326
7821,node_01,1780478457,data_collection,cooking_fume,exposure,,false,false,,rule_fallback_v0,2917,4095,2496,3139,36,66,73,27.2,71.6,true,unclassified,1780478457371
7822,node_01,1780478458,data_collection,cooking_fume,exposure,,false,false,,rule_fallback_v0,2906,4095,2495,3139,38,71,76,27.2,71.6,true,unclassified,1780478458415
7823,node_01,1780478459,data_collection,cooking_fume,exposure,,false,false,,rule_fallback_v0,2911,4095,2496,3139,41,76,79,27.2,71.6,true,unclassified,1780478459460
7824,node_01,1780478460,data_collection,cooking_fume,exposure,,false,false,,rule_fallback_v0,2909,4095,2495,3139,43,80,83,27.2,72.2,true,unclassified,1780478460516
7825,node_01,1780478462,data_collection,cooking_fume,exposure,,false,false,,rule_fallback_v0,2917,4095,2495,3139,46,85,87,27.2,72.2,true,unclassified,1780478461553
7826,node_01,1780478463,data_collection,cooking_fume,exposure,,false,false,,rule_fallback_v0,2915,4095,2497,3139,47,86,88,27.2,72.2,true,unclassified,1780478462608
7827,node_01,1780478464,data_collection,cooking_fume,exposure,,false,false,,rule_fallback_v0,2919,4095,2496,3139,48,88,91,27.2,72.6,true,unclassified,1780478463652
7828,node_01,1780478465,data_collection,cooking_fume,exposure,,false,false,,rule_fallback_v0,2913,4095,2496,3139,50,93,95,27.2,72.6,true,unclassified,1780478464687
7829,node_01,1780478466,data_collection,cooking_fume,exposure,,false,false,,rule_fallback_v0,2912,4095,2496,3139,51,94,96,27.2,72.6,true,unclassified,1780478465738
7830,node_01,1780478467,data_collection,cooking_fume,exposure,,false,false,,rule_fallback_v0,2909,4095,2494,3139,51,95,97,27.2,72.9,true,unclassified,1780478466785
7831,node_01,1780478468,data_collection,cooking_fume,exposure,,false,false,,rule_fallback_v0,2915,4095,2495,3139,52,95,97,27.2,72.9,true,unclassified,1780478467825
7832,node_01,1780478469,data_collection,cooking_fume,exposure,,false,false,,rule_fallback_v0,2908,4095,2496,3139,52,94,96,27.2,72.9,true,unclassified,1780478468870
7833,node_01,1780478470,data_collection,cooking_fume,exposure,,false,false,,rule_fallback_v0,2916,4095,2498,3139,51,94,96,27.2,73.1,true,unclassified,1780478469911
7834,node_01,1780478471,data_collection,cooking_fume,exposure,,false,false,,rule_fallback_v0,2911,4095,2497,3139,51,93,95,27.2,73.1,true,unclassified,1780478470963
7835,node_01,1780478472,data_collection,cooking_fume,exposure,,false,false,,rule_fallback_v0,2912,4095,2494,3139,50,92,94,27.2,73.1,true,unclassified,1780478472006
7836,node_01,1780478473,data_collection,cooking_fume,exposure,,false,false,,rule_fallback_v0,2910,4095,2497,3139,50,90,93,27.3,73.1,true,unclassified,1780478473058
7837,node_01,1780478474,data_collection,cooking_fume,exposure,,false,false,,rule_fallback_v0,2920,4095,2497,3139,49,88,89,27.3,73.1,true,unclassified,1780478474095
7838,node_01,1780478475,data_collection,cooking_fume,exposure,,false,false,,rule_fallback_v0,2908,4095,2494,3139,47,87,88,27.3,73.1,true,unclassified,1780478475141
7839,node_01,1780478476,data_collection,cooking_fume,exposure,,false,false,,rule_fallback_v0,2911,4095,2497,3139,47,85,87,27.2,73.1,true,unclassified,1780478476189
7840,node_01,1780478477,data_collection,cooking_fume,exposure,,false,false,,rule_fallback_v0,2909,4095,2494,3139,46,83,85,27.2,73.1,true,unclassified,1780478477234
7841,node_01,1780478478,data_collection,cooking_fume,exposure,,false,false,,rule_fallback_v0,2915,4095,2497,3139,45,81,83,27.2,73.1,true,unclassified,1780478478280
7842,node_01,1780478479,data_collection,cooking_fume,exposure,,false,false,,rule_fallback_v0,2907,4095,2494,3139,45,79,81,27.3,72.9,true,unclassified,1780478479327
7843,node_01,1780478480,data_collection,cooking_fume,exposure,,false,false,,rule_fallback_v0,2916,4095,2495,3139,43,77,79,27.3,72.9,true,unclassified,1780478480367
7844,node_01,1780478481,data_collection,cooking_fume,exposure,,false,false,,rule_fallback_v0,2906,4095,2494,3139,42,75,78,27.3,72.9,true,unclassified,1780478481414
7845,node_01,1780478482,data_collection,cooking_fume,exposure,,false,false,,rule_fallback_v0,2917,4095,2496,3139,41,73,77,27.3,72.2,true,unclassified,1780478482466
7846,node_01,1780478483,data_collection,cooking_fume,exposure,,false,false,,rule_fallback_v0,2910,4095,2498,3139,40,70,76,27.3,72.2,true,unclassified,1780478483523
7847,node_01,1780478485,data_collection,cooking_fume,exposure,,false,false,,rule_fallback_v0,2918,4095,2495,3139,39,68,74,27.3,72.2,true,unclassified,1780478484548
7848,node_01,1780478486,data_collection,cooking_fume,exposure,,false,false,,rule_fallback_v0,2911,4095,2498,3139,38,67,73,27.3,71.9,true,unclassified,1780478485600
7849,node_01,1780478487,data_collection,cooking_fume,exposure,,false,false,,rule_fallback_v0,2910,4095,2495,3139,37,65,72,27.3,71.9,true,unclassified,1780478486642
7850,node_01,1780478488,data_collection,cooking_fume,exposure,,false,false,,rule_fallback_v0,2912,4095,2494,3139,35,63,71,27.3,71.9,true,unclassified,1780478487685
7851,node_01,1780478489,data_collection,cooking_fume,exposure,,false,false,,rule_fallback_v0,2913,4095,2498,3139,36,62,72,27.3,71.6,true,unclassified,1780478488734
7852,node_01,1780478490,data_collection,cooking_fume,exposure,,false,false,,rule_fallback_v0,2913,4095,2497,3139,35,60,70,27.3,71.6,true,unclassified,1780478489775
7853,node_01,1780478491,data_collection,cooking_fume,exposure,,false,false,,rule_fallback_v0,2911,4095,2496,3139,35,59,69,27.3,71.6,true,unclassified,1780478490822
7854,node_01,1780478492,data_collection,cooking_fume,exposure,,false,false,,rule_fallback_v0,2907,4095,2495,3139,33,57,67,27.3,71.1,true,unclassified,1780478491886
7855,node_01,1780478493,data_collection,cooking_fume,exposure,,false,false,,rule_fallback_v0,2924,4095,2496,3139,33,55,66,27.3,71.1,true,unclassified,1780478492923
7856,node_01,1780478494,data_collection,cooking_fume,exposure,,false,false,,rule_fallback_v0,2899,4095,2494,3139,32,54,66,27.3,71.1,true,unclassified,1780478493956
7857,node_01,1780478495,data_collection,cooking_fume,exposure,,false,false,,rule_fallback_v0,2918,4095,2494,3139,33,53,66,27.3,70.9,true,unclassified,1780478495008
7858,node_01,1780478496,data_collection,cooking_fume,exposure,,false,false,,rule_fallback_v0,2903,4095,2496,3139,33,53,64,27.3,70.9,true,unclassified,1780478496056
7859,node_01,1780478497,data_collection,cooking_fume,exposure,,false,false,,rule_fallback_v0,2921,4095,2496,3139,33,52,64,27.3,70.9,true,unclassified,1780478497090
7860,node_01,1780478498,data_collection,cooking_fume,exposure,,false,false,,rule_fallback_v0,2905,4095,2495,3139,31,51,62,27.3,70.6,true,unclassified,1780478498142
7861,node_01,1780478499,data_collection,cooking_fume,exposure,,false,false,,rule_fallback_v0,2920,4095,2495,3139,30,50,61,27.3,70.6,true,unclassified,1780478499182
7862,node_01,1780478500,data_collection,cooking_fume,exposure,,false,false,,rule_fallback_v0,2910,4095,2495,3139,30,50,61,27.3,70.6,true,unclassified,1780478500226
7863,node_01,1780478501,data_collection,cooking_fume,exposure,,false,false,,rule_fallback_v0,2913,4095,2494,3139,31,50,61,27.3,70.6,true,unclassified,1780478501277
7864,node_01,1780478502,data_collection,cooking_fume,exposure,,false,false,,rule_fallback_v0,2906,4095,2496,3139,30,50,61,27.3,70.6,true,unclassified,1780478502322
7865,node_01,1780478503,data_collection,cooking_fume,exposure,,false,false,,rule_fallback_v0,2909,4095,2496,3139,30,50,60,27.3,70.6,true,unclassified,1780478503370
7866,node_01,1780478504,data_collection,cooking_fume,exposure,,false,false,,rule_fallback_v0,2913,4095,2496,3139,29,48,59,27.3,70.4,true,unclassified,1780478504416
7867,node_01,1780478505,data_collection,cooking_fume,exposure,,false,false,,rule_fallback_v0,2914,4095,2497,3139,28,47,59,27.3,70.4,true,unclassified,1780478505453
7868,node_01,1780478506,data_collection,cooking_fume,exposure,,false,false,,rule_fallback_v0,2912,4095,2498,3139,29,48,59,27.3,70.4,true,unclassified,1780478506501
7869,node_01,1780478508,data_collection,cooking_fume,exposure,,false,false,,rule_fallback_v0,2915,4095,2499,3139,29,48,59,27.3,70.4,true,unclassified,1780478507546
7870,node_01,1780478509,data_collection,cooking_fume,exposure,,false,false,,rule_fallback_v0,2909,4095,2497,3139,28,48,58,27.3,70.4,true,unclassified,1780478508597
7871,node_01,1780478510,data_collection,cooking_fume,exposure,,false,false,,rule_fallback_v0,2919,4095,2497,3139,27,47,56,27.3,70.4,true,unclassified,1780478509634
7872,node_01,1780478511,data_collection,cooking_fume,exposure,,false,false,,rule_fallback_v0,2908,4095,2495,3139,27,46,56,27.4,70.3,true,unclassified,1780478510680
7873,node_01,1780478512,data_collection,cooking_fume,exposure,,false,false,,rule_fallback_v0,2923,4095,2495,3139,27,46,56,27.4,70.3,true,unclassified,1780478511766
7874,node_01,1780478513,data_collection,cooking_fume,exposure,,false,false,,rule_fallback_v0,2907,4095,2498,3139,28,47,56,27.4,70.3,true,unclassified,1780478512772
7875,node_01,1780478514,data_collection,cooking_fume,exposure,,false,false,,rule_fallback_v0,2918,4095,2497,3139,28,47,56,27.3,70.3,true,unclassified,1780478513822
7876,node_01,1780478515,data_collection,cooking_fume,exposure,,false,false,,rule_fallback_v0,2907,4095,2494,3139,28,46,56,27.3,70.3,true,unclassified,1780478514863
7877,node_01,1780478516,data_collection,cooking_fume,exposure,,false,false,,rule_fallback_v0,2910,4095,2496,3139,27,45,55,27.3,70.3,true,unclassified,1780478515906
7878,node_01,1780478517,data_collection,cooking_fume,exposure,,false,false,,rule_fallback_v0,2910,4095,2494,3139,27,45,55,27.4,70.1,true,unclassified,1780478516949
7879,node_01,1780478518,data_collection,cooking_fume,exposure,,false,false,,rule_fallback_v0,2915,4095,2496,3139,27,45,54,27.4,70.1,true,unclassified,1780478517999
7880,node_01,1780478519,data_collection,cooking_fume,exposure,,false,false,,rule_fallback_v0,2913,4095,2495,3139,26,45,54,27.4,70.1,true,unclassified,1780478519044
7881,node_01,1780478520,data_collection,cooking_fume,exposure,,false,false,,rule_fallback_v0,2911,4095,2498,3139,26,44,54,27.4,70,true,unclassified,1780478520084
7882,node_01,1780478521,data_collection,cooking_fume,exposure,,false,false,,rule_fallback_v0,2913,4095,2496,3139,26,44,54,27.4,70,true,unclassified,1780478521135
7883,node_01,1780478522,data_collection,cooking_fume,exposure,,false,false,,rule_fallback_v0,2918,4095,2495,3139,27,45,54,27.4,70,true,unclassified,1780478522174
7884,node_01,1780478523,data_collection,cooking_fume,exposure,,false,false,,rule_fallback_v0,2912,4095,2497,3139,27,44,54,27.4,69.9,true,unclassified,1780478523228
7885,node_01,1780478524,data_collection,cooking_fume,exposure,,false,false,,rule_fallback_v0,2918,4095,2495,3139,27,44,53,27.4,69.9,true,unclassified,1780478524266
7886,node_01,1780478525,data_collection,cooking_fume,exposure,,false,false,,rule_fallback_v0,2908,4095,2497,3139,26,43,52,27.4,69.9,true,unclassified,1780478525310
7887,node_01,1780478526,data_collection,cooking_fume,exposure,,false,false,,rule_fallback_v0,2912,4095,2496,3139,26,42,52,27.4,70.1,true,unclassified,1780478526361
7888,node_01,1780478527,data_collection,cooking_fume,exposure,,false,false,,rule_fallback_v0,2908,4095,2495,3139,27,43,53,27.4,70.1,true,unclassified,1780478527402
7889,node_01,1780478528,data_collection,cooking_fume,exposure,,false,false,,rule_fallback_v0,2917,4095,2498,3139,27,43,52,27.4,70.1,true,unclassified,1780478528453
7890,node_01,1780478529,data_collection,cooking_fume,exposure,,false,false,,rule_fallback_v0,2909,4095,2496,3139,27,43,52,27.4,70.6,true,unclassified,1780478529495
7891,node_01,1780478530,data_collection,cooking_fume,exposure,,false,false,,rule_fallback_v0,2915,4095,2497,3139,27,42,52,27.4,70.6,true,unclassified,1780478530535
7892,node_01,1780478532,data_collection,cooking_fume,exposure,,false,false,,rule_fallback_v0,2910,4095,2495,3139,27,42,52,27.4,70.6,true,unclassified,1780478531592
7893,node_01,1780478533,data_collection,cooking_fume,exposure,,false,false,,rule_fallback_v0,2913,4095,2498,3139,27,42,51,27.5,70.5,true,unclassified,1780478532640
7894,node_01,1780478534,data_collection,cooking_fume,exposure,,false,false,,rule_fallback_v0,2913,4095,2496,3139,27,42,51,27.5,70.5,true,unclassified,1780478533673
7895,node_01,1780478535,data_collection,cooking_fume,exposure,,false,false,,rule_fallback_v0,2916,4095,2495,3139,27,42,51,27.5,70.5,true,unclassified,1780478534718
7896,node_01,1780478536,data_collection,cooking_fume,exposure,,false,false,,rule_fallback_v0,2910,4095,2498,3139,26,42,51,27.4,70.9,true,unclassified,1780478535765
7897,node_01,1780478537,data_collection,cooking_fume,exposure,,false,false,,rule_fallback_v0,2913,4095,2494,3139,26,42,51,27.4,70.9,true,unclassified,1780478536810
7898,node_01,1780478538,data_collection,cooking_fume,exposure,,false,false,,rule_fallback_v0,2909,4095,2496,3139,26,43,51,27.4,70.9,true,unclassified,1780478537853
7899,node_01,1780478539,data_collection,cooking_fume,exposure,,false,false,,rule_fallback_v0,2916,4095,2500,3139,26,43,52,27.5,71,true,unclassified,1780478538897
7900,node_01,1780478540,data_collection,cooking_fume,exposure,,false,false,,rule_fallback_v0,2910,4095,2497,3139,26,43,52,27.5,71,true,unclassified,1780478539948
7901,node_01,1780478541,data_collection,cooking_fume,exposure,,false,false,,rule_fallback_v0,2916,4095,2496,3139,26,43,52,27.5,71,true,unclassified,1780478540991
7902,node_01,1780478542,data_collection,cooking_fume,exposure,,false,false,,rule_fallback_v0,2912,4095,2495,3139,26,43,52,27.5,71,true,unclassified,1780478542035
7903,node_01,1780478543,data_collection,cooking_fume,exposure,,false,false,,rule_fallback_v0,2919,4095,2498,3139,26,43,51,27.5,71,true,unclassified,1780478543084
7904,node_01,1780478544,data_collection,cooking_fume,exposure,,false,false,,rule_fallback_v0,2911,4095,2495,3139,26,43,51,27.5,71,true,unclassified,1780478544132
7905,node_01,1780478545,data_collection,cooking_fume,exposure,,false,false,,rule_fallback_v0,2916,4095,2500,3139,26,43,51,27.4,70.9,true,unclassified,1780478545175
7906,node_01,1780478546,data_collection,cooking_fume,exposure,,false,false,,rule_fallback_v0,2910,4095,2495,3139,25,42,50,27.4,70.9,true,unclassified,1780478546216
7907,node_01,1780478547,data_collection,cooking_fume,exposure,,false,false,,rule_fallback_v0,2920,4095,2497,3139,25,42,50,27.4,70.9,true,unclassified,1780478547260
7908,node_01,1780478548,data_collection,cooking_fume,exposure,,false,false,,rule_fallback_v0,2909,4095,2496,3139,25,42,50,27.5,71,true,unclassified,1780478548309
7909,node_01,1780478549,data_collection,cooking_fume,exposure,,false,false,,rule_fallback_v0,2913,4095,2496,3139,25,42,50,27.5,71,true,unclassified,1780478549360
7910,node_01,1780478550,data_collection,cooking_fume,exposure,,false,false,,rule_fallback_v0,2909,4095,2497,3139,25,42,49,27.5,71,true,unclassified,1780478550397
7911,node_01,1780478551,data_collection,cooking_fume,exposure,,false,false,,rule_fallback_v0,2919,4095,2497,3139,25,42,49,27.5,70.9,true,unclassified,1780478551451
7912,node_01,1780478552,data_collection,cooking_fume,exposure,,false,false,,rule_fallback_v0,2911,4095,2496,3139,25,42,49,27.5,70.9,true,unclassified,1780478552491
7913,node_01,1780478553,data_collection,cooking_fume,exposure,,false,false,,rule_fallback_v0,2917,4095,2495,3139,25,42,49,27.5,70.9,true,unclassified,1780478553534
7914,node_01,1780478555,data_collection,cooking_fume,exposure,,false,false,,rule_fallback_v0,2912,4095,2498,3139,26,43,51,27.5,71.2,true,unclassified,1780478554576
7915,node_01,1780478556,data_collection,cooking_fume,exposure,,false,false,,rule_fallback_v0,2913,4095,2496,3139,26,43,51,27.5,71.2,true,unclassified,1780478555624
7916,node_01,1780478557,data_collection,cooking_fume,exposure,,false,false,,rule_fallback_v0,2911,4095,2498,3139,26,43,51,27.5,71.2,true,unclassified,1780478556667
7917,node_01,1780478558,data_collection,cooking_fume,exposure,,false,false,,rule_fallback_v0,2918,4095,2499,3139,26,43,51,27.5,71.3,true,unclassified,1780478557712
7918,node_01,1780478559,data_collection,cooking_fume,exposure,,false,false,,rule_fallback_v0,2909,4095,2495,3139,26,43,50,27.5,71.3,true,unclassified,1780478558760
7919,node_01,1780478560,data_collection,cooking_fume,exposure,,false,false,,rule_fallback_v0,2915,4095,2497,3139,26,43,50,27.5,71.3,true,unclassified,1780478559805
7920,node_01,1780478561,data_collection,cooking_fume,exposure,,false,false,,rule_fallback_v0,2909,4095,2499,3139,25,43,50,27.5,71.2,true,unclassified,1780478560847
7921,node_01,1780478562,data_collection,cooking_fume,exposure,,false,false,,rule_fallback_v0,2915,4095,2497,3139,25,43,50,27.5,71.2,true,unclassified,1780478561896
7922,node_01,1780478563,data_collection,cooking_fume,exposure,,false,false,,rule_fallback_v0,2909,4095,2495,3139,25,43,50,27.5,71.2,true,unclassified,1780478562943
7923,node_01,1780478564,data_collection,cooking_fume,exposure,,false,false,,rule_fallback_v0,2917,4095,2501,3139,25,42,49,27.5,70.9,true,unclassified,1780478563987
7924,node_01,1780478565,data_collection,cooking_fume,exposure,,false,false,,rule_fallback_v0,2910,4095,2497,3139,25,42,49,27.5,70.9,true,unclassified,1780478565030
7925,node_01,1780478566,data_collection,cooking_fume,exposure,,false,false,,rule_fallback_v0,2919,4095,2497,3139,25,42,49,27.5,70.9,true,unclassified,1780478566077
7926,node_01,1780478567,data_collection,cooking_fume,exposure,,false,false,,rule_fallback_v0,2907,4095,2496,3139,25,42,49,27.6,70.7,true,unclassified,1780478567120
7927,node_01,1780478568,data_collection,cooking_fume,exposure,,false,false,,rule_fallback_v0,2920,4095,2494,3139,25,42,49,27.6,70.7,true,unclassified,1780478568170
7928,node_01,1780478569,data_collection,cooking_fume,exposure,,false,false,,rule_fallback_v0,2909,4095,2498,3139,24,41,48,27.6,70.7,true,unclassified,1780478569213
7929,node_01,1780478570,data_collection,cooking_fume,exposure,,false,false,,rule_fallback_v0,2916,4095,2496,3139,24,41,48,27.6,70.4,true,unclassified,1780478570255
7930,node_01,1780478571,data_collection,cooking_fume,exposure,,false,false,,rule_fallback_v0,2909,4095,2499,3139,24,41,48,27.6,70.4,true,unclassified,1780478571300
7931,node_01,1780478572,data_collection,cooking_fume,exposure,,false,false,,rule_fallback_v0,2918,4095,2495,3139,26,42,49,27.6,70.4,true,unclassified,1780478572345
7932,node_01,1780478573,data_collection,cooking_fume,exposure,,false,false,,rule_fallback_v0,2909,4095,2499,3139,26,42,49,27.5,70.3,true,unclassified,1780478573409
7933,node_01,1780478574,data_collection,cooking_fume,exposure,,false,false,,rule_fallback_v0,2914,4095,2497,3139,26,42,49,27.5,70.3,true,unclassified,1780478574462
7934,node_01,1780478575,data_collection,cooking_fume,exposure,,false,false,,rule_fallback_v0,2912,4095,2497,3139,25,41,49,27.5,70.3,true,unclassified,1780478575483
7935,node_01,1780478576,data_collection,cooking_fume,exposure,,false,false,,rule_fallback_v0,2911,4095,2496,3139,25,41,49,27.6,70.3,true,unclassified,1780478576528
7936,node_01,1780478578,data_collection,cooking_fume,exposure,,false,false,,rule_fallback_v0,2911,4095,2495,3139,25,41,48,27.6,70.3,true,unclassified,1780478577574
7937,node_01,1780478579,data_collection,cooking_fume,exposure,,false,false,,rule_fallback_v0,2919,4095,2496,3139,25,41,48,27.6,70.3,true,unclassified,1780478578620
7938,node_01,1780478580,data_collection,cooking_fume,exposure,,false,false,,rule_fallback_v0,2909,4095,2496,3139,25,41,48,27.6,70.2,true,unclassified,1780478579671
7939,node_01,1780478581,data_collection,cooking_fume,exposure,,false,false,,rule_fallback_v0,2918,4095,2497,3139,25,41,48,27.6,70.2,true,unclassified,1780478580706
7940,node_01,1780478582,data_collection,cooking_fume,exposure,,false,false,,rule_fallback_v0,2908,4095,2494,3139,26,41,49,27.6,70.2,true,unclassified,1780478581752
7941,node_01,1780478583,data_collection,cooking_fume,exposure,,false,false,,rule_fallback_v0,2920,4095,2498,3139,26,41,49,27.6,70,true,unclassified,1780478582798
7942,node_01,1780478584,data_collection,cooking_fume,exposure,,false,false,,rule_fallback_v0,2906,4095,2498,3139,26,41,49,27.6,70,true,unclassified,1780478583845
7943,node_01,1780478585,data_collection,cooking_fume,exposure,,false,false,,rule_fallback_v0,2915,4095,2496,3139,26,41,49,27.6,70,true,unclassified,1780478584890
7944,node_01,1780478586,data_collection,cooking_fume,exposure,,false,false,,rule_fallback_v0,2906,4095,2495,3139,26,41,49,27.6,69.7,true,unclassified,1780478585939
7945,node_01,1780478587,data_collection,cooking_fume,exposure,,false,false,,rule_fallback_v0,2916,4095,2496,3139,26,41,49,27.6,69.7,true,unclassified,1780478586978
7946,node_01,1780478588,data_collection,cooking_fume,exposure,,false,false,,rule_fallback_v0,2909,4095,2495,3139,26,41,49,27.6,69.7,true,unclassified,1780478588022
7947,node_01,1780478589,data_collection,cooking_fume,exposure,,false,false,,rule_fallback_v0,2914,4095,2496,3139,26,41,48,27.6,69.4,true,unclassified,1780478589068
7948,node_01,1780478590,data_collection,cooking_fume,exposure,,false,false,,rule_fallback_v0,2908,4095,2495,3139,25,39,47,27.6,69.4,true,unclassified,1780478590113
7949,node_01,1780478591,data_collection,cooking_fume,exposure,,false,false,,rule_fallback_v0,2916,4095,2496,3139,24,39,47,27.6,69.4,true,unclassified,1780478591161
7950,node_01,1780478592,data_collection,cooking_fume,exposure,,false,false,,rule_fallback_v0,2908,4095,2498,3139,24,39,47,27.6,69.2,true,unclassified,1780478592208
7951,node_01,1780478593,data_collection,cooking_fume,exposure,,false,false,,rule_fallback_v0,2916,4095,2496,3139,25,40,47,27.6,69.2,true,unclassified,1780478593261
7952,node_01,1780478594,data_collection,cooking_fume,exposure,,false,false,,rule_fallback_v0,2913,4095,2496,3139,25,40,47,27.6,69.2,true,unclassified,1780478594292
7953,node_01,1780478595,data_collection,cooking_fume,exposure,,false,false,,rule_fallback_v0,2918,4095,2494,3139,25,40,47,27.6,69.1,true,unclassified,1780478595345
7954,node_01,1780478596,data_collection,cooking_fume,exposure,,false,false,,rule_fallback_v0,2909,4095,2497,3139,25,40,47,27.6,69.1,true,unclassified,1780478596385
7955,node_01,1780478597,data_collection,cooking_fume,exposure,,false,false,,rule_fallback_v0,2922,4095,2495,3139,24,40,47,27.6,69.1,true,unclassified,1780478597435
7956,node_01,1780478598,data_collection,cooking_fume,exposure,,false,false,,rule_fallback_v0,2909,4095,2496,3139,24,39,47,27.6,69,true,unclassified,1780478598480
7957,node_01,1780478599,data_collection,cooking_fume,exposure,,false,false,,rule_fallback_v0,2916,4095,2498,3139,23,38,46,27.6,69,true,unclassified,1780478599523
7958,node_01,1780478601,data_collection,cooking_fume,exposure,,false,false,,rule_fallback_v0,2910,4095,2496,3139,23,38,46,27.6,69,true,unclassified,1780478600568
7959,node_01,1780478602,data_collection,cooking_fume,exposure,,false,false,,rule_fallback_v0,2912,4095,2497,3139,23,38,46,27.7,68.9,true,unclassified,1780478601613
7960,node_01,1780478603,data_collection,cooking_fume,exposure,,false,false,,rule_fallback_v0,2909,4095,2495,3139,24,39,47,27.7,68.9,true,unclassified,1780478602658
7961,node_01,1780478604,data_collection,cooking_fume,exposure,,false,false,,rule_fallback_v0,2918,4095,2497,3139,24,39,47,27.7,68.9,true,unclassified,1780478603703
7962,node_01,1780478605,data_collection,cooking_fume,exposure,,false,false,,rule_fallback_v0,2905,4095,2496,3139,24,39,47,27.6,68.9,true,unclassified,1780478604754
7963,node_01,1780478606,data_collection,cooking_fume,exposure,,false,false,,rule_fallback_v0,2909,4095,2495,3139,23,38,46,27.6,68.9,true,unclassified,1780478605792
7964,node_01,1780478607,data_collection,cooking_fume,exposure,,false,false,,rule_fallback_v0,2911,4095,2496,3139,23,38,46,27.6,68.9,true,unclassified,1780478606837
7965,node_01,1780478608,data_collection,cooking_fume,exposure,,false,false,,rule_fallback_v0,2916,4095,2497,3139,23,38,45,27.6,69.2,true,unclassified,1780478607882
7966,node_01,1780478609,data_collection,cooking_fume,exposure,,false,false,,rule_fallback_v0,2909,4095,2497,3139,24,39,46,27.6,69.2,true,unclassified,1780478608926
7967,node_01,1780478610,data_collection,cooking_fume,exposure,,false,false,,rule_fallback_v0,2913,4095,2494,3139,24,39,46,27.6,69.2,true,unclassified,1780478609974
7968,node_01,1780478611,data_collection,cooking_fume,exposure,,false,false,,rule_fallback_v0,2908,4095,2496,3139,23,38,45,27.7,69.3,true,unclassified,1780478611017
7969,node_01,1780478612,data_collection,cooking_fume,exposure,,false,false,,rule_fallback_v0,2910,4095,2494,3139,23,38,45,27.7,69.3,true,unclassified,1780478612065
7970,node_01,1780478613,data_collection,cooking_fume,exposure,,false,false,,rule_fallback_v0,2911,4095,2497,3139,23,38,45,27.7,69.3,true,unclassified,1780478613108
7971,node_01,1780478614,data_collection,cooking_fume,exposure,,false,false,,rule_fallback_v0,2913,4095,2495,3139,24,39,46,27.7,69.1,true,unclassified,1780478614154
7972,node_01,1780478615,data_collection,cooking_fume,exposure,,false,false,,rule_fallback_v0,2912,4095,2497,3139,24,39,46,27.7,69.1,true,unclassified,1780478615199
7973,node_01,1780478616,data_collection,cooking_fume,exposure,,false,false,,rule_fallback_v0,2917,4095,2498,3139,24,39,46,27.7,69.1,true,unclassified,1780478616243
7974,node_01,1780478617,data_collection,cooking_fume,exposure,,false,false,,rule_fallback_v0,2914,4095,2499,3139,23,38,45,27.7,68.8,true,unclassified,1780478617289
7975,node_01,1780478618,data_collection,cooking_fume,exposure,,false,false,,rule_fallback_v0,2912,4095,2496,3139,23,38,45,27.7,68.8,true,unclassified,1780478618333
7976,node_01,1780478619,data_collection,cooking_fume,exposure,,false,false,,rule_fallback_v0,2908,4095,2499,3139,23,39,45,27.7,68.8,true,unclassified,1780478619375
7977,node_01,1780478620,data_collection,cooking_fume,exposure,,false,false,,rule_fallback_v0,2913,4095,2496,3139,24,40,47,27.7,68.8,true,unclassified,1780478620423
7978,node_01,1780478621,data_collection,cooking_fume,exposure,,false,false,,rule_fallback_v0,2907,4095,2497,3139,24,40,47,27.7,68.8,true,unclassified,1780478621470
7979,node_01,1780478622,data_collection,cooking_fume,exposure,,false,false,,rule_fallback_v0,2914,4095,2496,3139,24,40,47,27.7,68.8,true,unclassified,1780478622516
7980,node_01,1780478624,data_collection,cooking_fume,exposure,,false,false,,rule_fallback_v0,2906,4095,2498,3139,24,40,47,27.7,68.9,true,unclassified,1780478623564
7981,node_01,1780478625,data_collection,cooking_fume,exposure,,false,false,,rule_fallback_v0,2926,4095,2497,3139,24,41,47,27.7,68.9,true,unclassified,1780478624607
7982,node_01,1780478626,data_collection,cooking_fume,exposure,,false,false,,rule_fallback_v0,2909,4095,2499,3139,24,41,48,27.7,68.9,true,unclassified,1780478625649
7983,node_01,1780478627,data_collection,cooking_fume,exposure,,false,false,,rule_fallback_v0,2909,4095,2496,3139,25,41,48,27.7,68.7,true,unclassified,1780478626692
7984,node_01,1780478628,data_collection,cooking_fume,exposure,,false,false,,rule_fallback_v0,2911,4095,2495,3139,25,41,48,27.7,68.7,true,unclassified,1780478627738
7985,node_01,1780478629,data_collection,cooking_fume,exposure,,false,false,,rule_fallback_v0,2917,4095,2494,3139,25,41,49,27.7,68.7,true,unclassified,1780478628783
7986,node_01,1780478630,data_collection,cooking_fume,exposure,,false,false,,rule_fallback_v0,2911,4095,2496,3139,24,40,48,27.7,68.7,true,unclassified,1780478629831
7987,node_01,1780478631,data_collection,cooking_fume,exposure,,false,false,,rule_fallback_v0,2917,4095,2498,3139,24,40,48,27.7,68.7,true,unclassified,1780478630873
7988,node_01,1780478632,data_collection,cooking_fume,exposure,,false,false,,rule_fallback_v0,2911,4095,2496,3139,24,40,48,27.7,68.7,true,unclassified,1780478631917
7989,node_01,1780478633,data_collection,cooking_fume,exposure,,false,false,,rule_fallback_v0,2908,4095,2495,3139,24,40,48,27.7,68.7,true,unclassified,1780478632961
7990,node_01,1780478634,data_collection,cooking_fume,exposure,,false,false,,rule_fallback_v0,2910,4095,2497,3139,24,40,48,27.7,68.7,true,unclassified,1780478634008
7991,node_01,1780478635,data_collection,cooking_fume,exposure,,false,false,,rule_fallback_v0,2913,4095,2496,3139,24,40,49,27.7,68.7,true,unclassified,1780478635061
7992,node_01,1780478636,data_collection,cooking_fume,exposure,,false,false,,rule_fallback_v0,2911,4095,2496,3139,24,40,49,27.7,68.9,true,unclassified,1780478636102
7993,node_01,1780478637,data_collection,cooking_fume,exposure,,false,false,,rule_fallback_v0,2913,4095,2496,3139,24,40,49,27.7,68.9,true,unclassified,1780478637146
7994,node_01,1780478638,data_collection,cooking_fume,exposure,,false,false,,rule_fallback_v0,2908,4095,2494,3139,25,41,50,27.7,68.9,true,unclassified,1780478638196
7995,node_01,1780478639,data_collection,cooking_fume,exposure,,false,false,,rule_fallback_v0,2913,4095,2499,3139,25,41,50,27.8,68.7,true,unclassified,1780478639236
7996,node_01,1780478640,data_collection,cooking_fume,exposure,,false,false,,rule_fallback_v0,2909,4095,2496,3139,25,41,50,27.8,68.7,true,unclassified,1780478640286
7997,node_01,1780478641,data_collection,cooking_fume,exposure,,false,false,,rule_fallback_v0,2911,4095,2496,3139,24,40,49,27.8,68.7,true,unclassified,1780478641325
7998,node_01,1780478642,data_collection,cooking_fume,exposure,,false,false,,rule_fallback_v0,2907,4095,2497,3139,23,40,49,27.7,68.7,true,unclassified,1780478642369
7999,node_01,1780478643,data_collection,cooking_fume,exposure,,false,false,,rule_fallback_v0,2917,4095,2497,3139,23,40,49,27.7,68.7,true,unclassified,1780478643415
8000,node_01,1780478644,data_collection,cooking_fume,exposure,,false,false,,rule_fallback_v0,2907,4095,2495,3139,23,40,48,27.7,68.7,true,unclassified,1780478644461
8001,node_01,1780478645,data_collection,cooking_fume,exposure,,false,false,,rule_fallback_v0,2915,4095,2498,3139,23,41,48,27.7,68.5,true,unclassified,1780478645511
8002,node_01,1780478647,data_collection,cooking_fume,exposure,,false,false,,rule_fallback_v0,2910,4095,2498,3139,23,41,49,27.7,68.5,true,unclassified,1780478646550
8003,node_01,1780478648,data_collection,cooking_fume,exposure,,false,false,,rule_fallback_v0,2919,4095,2494,3139,23,41,49,27.7,68.5,true,unclassified,1780478647595
8004,node_01,1780478649,data_collection,cooking_fume,exposure,,false,false,,rule_fallback_v0,2908,4095,2498,3139,23,41,48,27.7,68.5,true,unclassified,1780478648643
8005,node_01,1780478650,data_collection,cooking_fume,exposure,,false,false,,rule_fallback_v0,2916,4095,2495,3139,23,41,48,27.7,68.5,true,unclassified,1780478649689
8006,node_01,1780478651,data_collection,cooking_fume,exposure,,false,false,,rule_fallback_v0,2913,4095,2495,3139,24,42,49,27.7,68.5,true,unclassified,1780478650740
8007,node_01,1780478652,data_collection,cooking_fume,exposure,,false,false,,rule_fallback_v0,2918,4095,2495,3139,24,42,49,27.8,68.4,true,unclassified,1780478651784
8008,node_01,1780478653,data_collection,cooking_fume,exposure,,false,false,,rule_fallback_v0,2913,4095,2497,3139,23,41,48,27.8,68.4,true,unclassified,1780478652822
8009,node_01,1780478654,data_collection,cooking_fume,exposure,,false,false,,rule_fallback_v0,2921,4095,2495,3139,23,41,48,27.8,68.4,true,unclassified,1780478653865
8010,node_01,1780478655,data_collection,cooking_fume,exposure,,false,false,,rule_fallback_v0,2913,4095,2498,3139,24,41,48,27.7,68.4,true,unclassified,1780478654911
8011,node_01,1780478656,data_collection,cooking_fume,exposure,,false,false,,rule_fallback_v0,2921,4095,2498,3139,24,41,48,27.7,68.4,true,unclassified,1780478655957
8012,node_01,1780478657,data_collection,cooking_fume,exposure,,false,false,,rule_fallback_v0,2912,4095,2495,3139,24,41,48,27.7,68.4,true,unclassified,1780478656999
8013,node_01,1780478658,data_collection,cooking_fume,exposure,,false,false,,rule_fallback_v0,2911,4095,2497,3139,24,41,48,27.7,68.4,true,unclassified,1780478658049
8014,node_01,1780478659,data_collection,cooking_fume,exposure,,false,false,,rule_fallback_v0,2913,4095,2495,3139,24,41,48,27.7,68.4,true,unclassified,1780478659093
8015,node_01,1780478660,data_collection,cooking_fume,exposure,,false,false,,rule_fallback_v0,2922,4095,2496,3139,24,41,48,27.7,68.4,true,unclassified,1780478660138
8016,node_01,1780478661,data_collection,cooking_fume,exposure,,false,false,,rule_fallback_v0,2909,4095,2498,3139,24,41,48,27.8,68.3,true,unclassified,1780478661183
8017,node_01,1780478662,data_collection,cooking_fume,exposure,,false,false,,rule_fallback_v0,2917,4095,2497,3139,25,41,48,27.8,68.3,true,unclassified,1780478662228
8018,node_01,1780478663,data_collection,cooking_fume,exposure,,false,false,,rule_fallback_v0,2911,4095,2497,3139,25,41,48,27.8,68.3,true,unclassified,1780478663274
8019,node_01,1780478664,data_collection,cooking_fume,exposure,,false,false,,rule_fallback_v0,2922,4095,2499,3139,25,41,48,27.8,68.4,true,unclassified,1780478664323
8020,node_01,1780478665,data_collection,cooking_fume,exposure,,false,false,,rule_fallback_v0,2910,4095,2499,3139,24,40,47,27.8,68.4,true,unclassified,1780478665363
8021,node_01,1780478666,data_collection,cooking_fume,exposure,,false,false,,rule_fallback_v0,2919,4095,2495,3139,24,40,47,27.8,68.4,true,unclassified,1780478666407
8022,node_01,1780478667,data_collection,cooking_fume,exposure,,false,false,,rule_fallback_v0,2909,4095,2497,3139,24,40,47,27.8,68.7,true,unclassified,1780478667453
8023,node_01,1780478668,data_collection,cooking_fume,exposure,,false,false,,rule_fallback_v0,2920,4095,2497,3139,25,41,48,27.8,68.7,true,unclassified,1780478668498
8024,node_01,1780478670,data_collection,cooking_fume,exposure,,false,false,,rule_fallback_v0,2913,4095,2497,3139,25,41,48,27.8,68.7,true,unclassified,1780478669546
8025,node_01,1780478671,data_collection,cooking_fume,exposure,,false,false,,rule_fallback_v0,2915,4095,2498,3139,25,41,49,27.8,68.8,true,unclassified,1780478670597
8026,node_01,1780478672,data_collection,cooking_fume,exposure,,false,false,,rule_fallback_v0,2911,4095,2496,3139,25,41,49,27.8,68.8,true,unclassified,1780478671632
8027,node_01,1780478673,data_collection,cooking_fume,exposure,,false,false,,rule_fallback_v0,2918,4095,2496,3139,25,41,49,27.8,68.8,true,unclassified,1780478672680
8028,node_01,1780478674,data_collection,cooking_fume,exposure,,false,false,,rule_fallback_v0,2910,4095,2496,3139,24,40,48,27.8,69.3,true,unclassified,1780478673728
8029,node_01,1780478675,data_collection,cooking_fume,exposure,,false,false,,rule_fallback_v0,2916,4095,2496,3139,24,40,48,27.8,69.3,true,unclassified,1780478674776
8030,node_01,1780478676,data_collection,cooking_fume,exposure,,false,false,,rule_fallback_v0,2911,4095,2496,3139,24,40,48,27.8,69.3,true,unclassified,1780478675813
8031,node_01,1780478677,data_collection,cooking_fume,exposure,,false,false,,rule_fallback_v0,2916,4095,2499,3139,24,40,48,27.8,69.4,true,unclassified,1780478676860
8032,node_01,1780478678,data_collection,cooking_fume,exposure,,false,false,,rule_fallback_v0,2911,4095,2497,3139,24,40,48,27.8,69.4,true,unclassified,1780478677906
8033,node_01,1780478679,data_collection,cooking_fume,exposure,,false,false,,rule_fallback_v0,2911,4095,2495,3139,24,40,48,27.8,69.4,true,unclassified,1780478678949
8034,node_01,1780478680,data_collection,cooking_fume,exposure,,false,false,,rule_fallback_v0,2908,4095,2499,3139,24,40,48,27.8,69,true,unclassified,1780478679993
8035,node_01,1780478681,data_collection,cooking_fume,exposure,,false,false,,rule_fallback_v0,2920,4095,2494,3139,24,40,48,27.8,69,true,unclassified,1780478681041
8036,node_01,1780478682,data_collection,cooking_fume,exposure,,false,false,,rule_fallback_v0,2912,4095,2498,3139,24,40,48,27.8,69,true,unclassified,1780478682188
8037,node_01,1780478683,data_collection,cooking_fume,exposure,,false,false,,rule_fallback_v0,2911,4095,2497,3139,25,41,49,27.8,68.7,true,unclassified,1780478683126
8038,node_01,1780478684,data_collection,cooking_fume,exposure,,false,false,,rule_fallback_v0,2908,4095,2499,3139,25,41,49,27.8,68.7,true,unclassified,1780478684173
8039,node_01,1780478685,data_collection,cooking_fume,exposure,,false,false,,rule_fallback_v0,2919,4095,2496,3139,25,41,49,27.8,68.7,true,unclassified,1780478685219
8040,node_01,1780478686,data_collection,cooking_fume,exposure,,false,false,,rule_fallback_v0,2909,4095,2497,3139,25,41,49,27.8,68.3,true,unclassified,1780478686263
8041,node_01,1780478687,data_collection,cooking_fume,exposure,,false,false,,rule_fallback_v0,2914,4095,2497,3139,25,41,49,27.8,68.3,true,unclassified,1780478687312
8042,node_01,1780478688,data_collection,cooking_fume,exposure,,false,false,,rule_fallback_v0,2914,4095,2497,3139,25,41,49,27.8,68.3,true,unclassified,1780478688353
8043,node_01,1780478689,data_collection,cooking_fume,exposure,,false,false,,rule_fallback_v0,2916,4095,2498,3139,24,40,48,27.9,68.3,true,unclassified,1780478689400
8044,node_01,1780478690,data_collection,cooking_fume,exposure,,false,false,,rule_fallback_v0,2917,4095,2495,3139,24,41,49,27.9,68.3,true,unclassified,1780478690444
8045,node_01,1780478691,data_collection,cooking_fume,exposure,,false,false,,rule_fallback_v0,2919,4095,2497,3139,24,41,49,27.9,68.3,true,unclassified,1780478691489
8046,node_01,1780478692,data_collection,cooking_fume,exposure,,false,false,,rule_fallback_v0,2909,4095,2495,3139,24,41,49,27.8,68.3,true,unclassified,1780478692534
8047,node_01,1780478694,data_collection,cooking_fume,exposure,,false,false,,rule_fallback_v0,2920,4095,2496,3139,24,41,49,27.8,68.3,true,unclassified,1780478693584
8048,node_01,1780478695,data_collection,cooking_fume,exposure,,false,false,,rule_fallback_v0,2909,4095,2498,3139,24,41,49,27.8,68.3,true,unclassified,1780478694634
8049,node_01,1780478696,data_collection,cooking_fume,exposure,,false,false,,rule_fallback_v0,2921,4095,2497,3139,24,41,49,27.8,68.2,true,unclassified,1780478695680
8050,node_01,1780478697,data_collection,cooking_fume,exposure,,false,false,,rule_fallback_v0,2906,4095,2495,3139,24,41,50,27.8,68.2,true,unclassified,1780478696717
8051,node_01,1780478698,data_collection,cooking_fume,exposure,,false,false,,rule_fallback_v0,2915,4095,2496,3139,25,42,51,27.8,68.2,true,unclassified,1780478697759
8052,node_01,1780478699,data_collection,cooking_fume,exposure,,false,false,,rule_fallback_v0,2912,4095,2497,3139,25,42,51,27.9,68,true,unclassified,1780478698809
8053,node_01,1780478700,data_collection,cooking_fume,exposure,,false,false,,rule_fallback_v0,2918,4095,2496,3139,25,42,50,27.9,68,true,unclassified,1780478699852
8054,node_01,1780478701,data_collection,cooking_fume,exposure,,false,false,,rule_fallback_v0,2910,4095,2499,3139,25,42,50,27.9,68,true,unclassified,1780478700896
8055,node_01,1780478702,data_collection,cooking_fume,exposure,,false,false,,rule_fallback_v0,2912,4095,2497,3139,26,42,50,27.9,67.9,true,unclassified,1780478701940
8056,node_01,1780478703,data_collection,cooking_fume,exposure,,false,false,,rule_fallback_v0,2911,4095,2497,3139,26,42,50,27.9,67.9,true,unclassified,1780478702990
8057,node_01,1780478704,data_collection,cooking_fume,exposure,,false,false,,rule_fallback_v0,2914,4095,2495,3139,25,40,49,27.9,67.9,true,unclassified,1780478704031
8058,node_01,1780478705,data_collection,cooking_fume,exposure,,false,false,,rule_fallback_v0,2912,4095,2498,3139,25,40,49,27.9,67.8,true,unclassified,1780478705077
8059,node_01,1780478706,data_collection,cooking_fume,exposure,,false,false,,rule_fallback_v0,2924,4095,2497,3139,24,40,49,27.9,67.8,true,unclassified,1780478706133
8060,node_01,1780478707,data_collection,cooking_fume,exposure,,false,false,,rule_fallback_v0,2911,4095,2495,3139,24,40,48,27.9,67.8,true,unclassified,1780478707169
8061,node_01,1780478708,data_collection,cooking_fume,exposure,,false,false,,rule_fallback_v0,2920,4095,2501,3139,24,40,48,27.9,67.9,true,unclassified,1780478708209
8062,node_01,1780478709,data_collection,cooking_fume,exposure,,false,false,,rule_fallback_v0,2910,4095,2496,3139,24,40,48,27.9,67.9,true,unclassified,1780478709256
8063,node_01,1780478710,data_collection,cooking_fume,exposure,,false,false,,rule_fallback_v0,2920,4095,2496,3139,25,41,49,27.9,67.9,true,unclassified,1780478710302
8064,node_01,1780478711,data_collection,cooking_fume,exposure,,false,false,,rule_fallback_v0,2907,4095,2498,3139,25,40,49,27.9,68,true,unclassified,1780478711348
8065,node_01,1780478712,data_collection,cooking_fume,exposure,,false,false,,rule_fallback_v0,2917,4095,2494,3139,25,40,48,27.9,68,true,unclassified,1780478712391
8066,node_01,1780478713,data_collection,cooking_fume,exposure,,false,false,,rule_fallback_v0,2911,4095,2497,3139,24,40,48,27.9,68,true,unclassified,1780478713440
8067,node_01,1780478714,data_collection,cooking_fume,exposure,,false,false,,rule_fallback_v0,2917,4095,2495,3139,24,40,48,27.9,68,true,unclassified,1780478714478
8068,node_01,1780478715,data_collection,cooking_fume,exposure,,false,false,,rule_fallback_v0,2912,4095,2498,3139,24,40,48,27.9,68,true,unclassified,1780478715524
8069,node_01,1780478717,data_collection,cooking_fume,exposure,,false,false,,rule_fallback_v0,2921,4095,2495,3139,24,40,48,27.9,68,true,unclassified,1780478716572
8070,node_01,1780478718,data_collection,cooking_fume,exposure,,false,false,,rule_fallback_v0,2911,4095,2495,3139,24,40,48,27.9,67.9,true,unclassified,1780478717616
8071,node_01,1780478719,data_collection,cooking_fume,exposure,,false,false,,rule_fallback_v0,2922,4095,2495,3139,24,40,48,27.9,67.9,true,unclassified,1780478718660
8072,node_01,1780478720,data_collection,cooking_fume,exposure,,false,false,,rule_fallback_v0,2910,4095,2496,3139,24,40,48,27.9,67.9,true,unclassified,1780478719705
8073,node_01,1780478721,data_collection,cooking_fume,exposure,,false,false,,rule_fallback_v0,2911,4095,2496,3139,24,40,48,27.9,68.1,true,unclassified,1780478720755
8074,node_01,1780478722,data_collection,cooking_fume,exposure,,false,false,,rule_fallback_v0,2913,4095,2498,3139,23,39,47,27.9,68.1,true,unclassified,1780478721796
8075,node_01,1780478723,data_collection,cooking_fume,exposure,,false,false,,rule_fallback_v0,2908,4095,2497,3139,23,39,47,27.9,68.1,true,unclassified,1780478722844
8076,node_01,1780478724,data_collection,cooking_fume,exposure,,false,false,,rule_fallback_v0,2909,4095,2496,3139,23,39,47,27.9,68.2,true,unclassified,1780478723888
8077,node_01,1780478725,data_collection,cooking_fume,exposure,,false,false,,rule_fallback_v0,2924,4095,2498,3139,24,40,48,27.9,68.2,true,unclassified,1780478724931
8078,node_01,1780478726,data_collection,cooking_fume,exposure,,false,false,,rule_fallback_v0,2909,4095,2496,3139,24,40,48,27.9,68.2,true,unclassified,1780478725978
8079,node_01,1780478727,data_collection,cooking_fume,exposure,,false,false,,rule_fallback_v0,2924,4095,2495,3139,24,40,48,27.9,68,true,unclassified,1780478727020
8080,node_01,1780478728,data_collection,cooking_fume,exposure,,false,false,,rule_fallback_v0,2912,4095,2496,3139,23,39,47,27.9,68,true,unclassified,1780478728066
8081,node_01,1780478729,data_collection,cooking_fume,exposure,,false,false,,rule_fallback_v0,2923,4095,2496,3139,23,39,46,27.9,68,true,unclassified,1780478729113
8082,node_01,1780478730,data_collection,cooking_fume,exposure,,false,false,,rule_fallback_v0,2908,4095,2495,3139,23,39,46,27.9,67.9,true,unclassified,1780478730166
8083,node_01,1780478731,data_collection,cooking_fume,exposure,,false,false,,rule_fallback_v0,2916,4095,2497,3139,23,39,46,27.9,67.9,true,unclassified,1780478731204
8084,node_01,1780478732,data_collection,cooking_fume,exposure,,false,false,,rule_fallback_v0,2915,4095,2496,3139,23,39,46,27.9,67.9,true,unclassified,1780478732247
8085,node_01,1780478733,data_collection,cooking_fume,exposure,,false,false,,rule_fallback_v0,2914,4095,2496,3139,23,39,46,28,67.9,true,unclassified,1780478733289
8086,node_01,1780478734,data_collection,cooking_fume,exposure,,false,false,,rule_fallback_v0,2910,4095,2496,3139,23,39,46,28,67.9,true,unclassified,1780478734340
8087,node_01,1780478735,data_collection,cooking_fume,exposure,,false,false,,rule_fallback_v0,2914,4095,2496,3139,23,39,46,28,67.9,true,unclassified,1780478735389
8088,node_01,1780478736,data_collection,cooking_fume,exposure,,false,false,,rule_fallback_v0,2907,4095,2496,3139,23,39,46,27.9,67.8,true,unclassified,1780478736427
8089,node_01,1780478737,data_collection,cooking_fume,exposure,,false,false,,rule_fallback_v0,2916,4095,2496,3139,23,38,46,27.9,67.8,true,unclassified,1780478737470
8090,node_01,1780478738,data_collection,cooking_fume,exposure,,false,false,,rule_fallback_v0,2909,4095,2496,3139,23,38,46,27.9,67.8,true,unclassified,1780478738517
8091,node_01,1780478740,data_collection,cooking_fume,exposure,,false,false,,rule_fallback_v0,2915,4095,2496,3139,23,38,46,28,67.7,true,unclassified,1780478739565
8092,node_01,1780478741,data_collection,cooking_fume,exposure,,false,false,,rule_fallback_v0,2909,4095,2497,3139,23,38,46,28,67.7,true,unclassified,1780478740608
8093,node_01,1780478742,data_collection,cooking_fume,exposure,,false,false,,rule_fallback_v0,2916,4095,2496,3139,23,38,46,28,67.7,true,unclassified,1780478741662
8094,node_01,1780478743,data_collection,cooking_fume,exposure,,false,false,,rule_fallback_v0,2910,4095,2498,3139,24,39,46,27.9,67.4,true,unclassified,1780478742698
8095,node_01,1780478744,data_collection,cooking_fume,exposure,,false,false,,rule_fallback_v0,2913,4095,2496,3139,24,39,46,27.9,67.4,true,unclassified,1780478743744
8096,node_01,1780478745,data_collection,cooking_fume,exposure,,false,false,,rule_fallback_v0,2911,4095,2497,3139,24,39,46,27.9,67.4,true,unclassified,1780478744791
8097,node_01,1780478746,data_collection,cooking_fume,exposure,,false,false,,rule_fallback_v0,2922,4095,2500,3139,24,39,46,27.9,67.1,true,unclassified,1780478745835
8098,node_01,1780478747,data_collection,cooking_fume,exposure,,false,false,,rule_fallback_v0,2912,4095,2496,3139,24,39,46,27.9,67.1,true,unclassified,1780478746888
8099,node_01,1780478748,data_collection,cooking_fume,exposure,,false,false,,rule_fallback_v0,2910,4095,2498,3139,24,39,46,27.9,67.1,true,unclassified,1780478747923
8100,node_01,1780478749,data_collection,cooking_fume,exposure,,false,false,,rule_fallback_v0,2910,4095,2498,3139,23,38,45,28,67.3,true,unclassified,1780478748970
8101,node_01,1780478750,data_collection,cooking_fume,exposure,,false,false,,rule_fallback_v0,2914,4095,2495,3139,23,38,44,28,67.3,true,unclassified,1780478750013
8102,node_01,1780478751,data_collection,cooking_fume,exposure,,false,false,,rule_fallback_v0,2911,4095,2497,3139,23,38,44,28,67.3,true,unclassified,1780478751060
8103,node_01,1780478752,data_collection,cooking_fume,exposure,,false,false,,rule_fallback_v0,2913,4095,2495,3139,24,38,45,28,67.2,true,unclassified,1780478752104
8104,node_01,1780478753,data_collection,cooking_fume,exposure,,false,false,,rule_fallback_v0,2904,4095,2497,3139,24,38,45,28,67.2,true,unclassified,1780478753148
8105,node_01,1780478754,data_collection,cooking_fume,exposure,,false,false,,rule_fallback_v0,2917,4095,2493,3139,24,38,45,28,67.2,true,unclassified,1780478754195
8106,node_01,1780478755,data_collection,cooking_fume,exposure,,false,false,,rule_fallback_v0,2909,4095,2497,3139,24,38,45,28,66.9,true,unclassified,1780478755236
8107,node_01,1780478756,data_collection,cooking_fume,exposure,,false,false,,rule_fallback_v0,2917,4095,2493,3139,24,38,45,28,66.9,true,unclassified,1780478756280
8108,node_01,1780478757,data_collection,cooking_fume,exposure,,false,false,,rule_fallback_v0,2911,4095,2496,3139,23,37,44,28,66.9,true,unclassified,1780478757326
8109,node_01,1780478758,data_collection,cooking_fume,exposure,,false,false,,rule_fallback_v0,2916,4095,2496,3139,23,37,44,28,66.7,true,unclassified,1780478758371
8110,node_01,1780478759,data_collection,cooking_fume,exposure,,false,false,,rule_fallback_v0,2911,4095,2495,3139,22,37,44,28,66.7,true,unclassified,1780478759414
8111,node_01,1780478760,data_collection,cooking_fume,exposure,,false,false,,rule_fallback_v0,2907,4095,2497,3139,23,38,45,28,66.7,true,unclassified,1780478760460
8112,node_01,1780478761,data_collection,cooking_fume,exposure,,false,false,,rule_fallback_v0,2911,4095,2495,3139,23,39,46,28,66.7,true,unclassified,1780478761508
8113,node_01,1780478763,data_collection,cooking_fume,exposure,,false,false,,rule_fallback_v0,2914,4095,2497,3139,23,39,46,28,66.7,true,unclassified,1780478762551
8114,node_01,1780478764,data_collection,cooking_fume,exposure,,false,false,,rule_fallback_v0,2911,4095,2496,3139,22,38,45,28,66.7,true,unclassified,1780478763596
8115,node_01,1780478765,data_collection,cooking_fume,exposure,,false,false,,rule_fallback_v0,2915,4095,2498,3139,22,38,45,28,66.6,true,unclassified,1780478764643
8116,node_01,1780478766,data_collection,cooking_fume,exposure,,false,false,,rule_fallback_v0,2907,4095,2495,3139,22,38,45,28,66.6,true,unclassified,1780478765686
8117,node_01,1780478767,data_collection,cooking_fume,exposure,,false,false,,rule_fallback_v0,2918,4095,2494,3139,22,38,46,28,66.6,true,unclassified,1780478766732
8118,node_01,1780478768,data_collection,cooking_fume,exposure,,false,false,,rule_fallback_v0,2908,4095,2497,3139,22,38,46,28,66.8,true,unclassified,1780478767778
8119,node_01,1780478769,data_collection,cooking_fume,exposure,,false,false,,rule_fallback_v0,2918,4095,2496,3139,22,38,46,28,66.8,true,unclassified,1780478768820
8120,node_01,1780478770,data_collection,cooking_fume,exposure,,false,false,,rule_fallback_v0,2909,4095,2497,3139,23,39,47,28,66.8,true,unclassified,1780478769869
8121,node_01,1780478771,data_collection,cooking_fume,exposure,,false,false,,rule_fallback_v0,2918,4095,2499,3139,23,39,47,28,66.9,true,unclassified,1780478770908
8122,node_01,1780478772,data_collection,cooking_fume,exposure,,false,false,,rule_fallback_v0,2910,4095,2499,3139,23,39,47,28,66.9,true,unclassified,1780478771958
8123,node_01,1780478773,data_collection,cooking_fume,exposure,,false,false,,rule_fallback_v0,2921,4095,2495,3139,23,39,46,28,66.9,true,unclassified,1780478773000
8124,node_01,1780478774,data_collection,cooking_fume,exposure,,false,false,,rule_fallback_v0,2911,4095,2497,3139,23,39,46,28,66.9,true,unclassified,1780478774046
8125,node_01,1780478775,data_collection,cooking_fume,exposure,,false,false,,rule_fallback_v0,2914,4095,2496,3139,23,39,46,28,66.9,true,unclassified,1780478775093
8126,node_01,1780478776,data_collection,cooking_fume,exposure,,false,false,,rule_fallback_v0,2915,4095,2497,3139,23,39,46,28,66.9,true,unclassified,1780478776151
8127,node_01,1780478777,data_collection,cooking_fume,exposure,,false,false,,rule_fallback_v0,2914,4095,2496,3139,23,39,46,28,66.8,true,unclassified,1780478777180
8128,node_01,1780478778,data_collection,cooking_fume,exposure,,false,false,,rule_fallback_v0,2914,4095,2498,3139,22,38,45,28,66.8,true,unclassified,1780478778225
8129,node_01,1780478779,data_collection,cooking_fume,exposure,,false,false,,rule_fallback_v0,2916,4095,2498,3139,22,38,45,28,66.8,true,unclassified,1780478779274
8130,node_01,1780478780,data_collection,cooking_fume,exposure,,false,false,,rule_fallback_v0,2910,4095,2498,3139,22,38,45,28,67.2,true,unclassified,1780478780316
8131,node_01,1780478781,data_collection,cooking_fume,exposure,,false,false,,rule_fallback_v0,2910,4095,2494,3139,22,38,44,28,67.2,true,unclassified,1780478781359
8132,node_01,1780478782,data_collection,cooking_fume,exposure,,false,false,,rule_fallback_v0,2907,4095,2495,3139,22,38,44,28,67.2,true,unclassified,1780478782405
8133,node_01,1780478783,data_collection,cooking_fume,exposure,,false,false,,rule_fallback_v0,2909,4095,2502,3139,22,38,44,28,67.3,true,unclassified,1780478783463
8134,node_01,1780478784,data_collection,cooking_fume,exposure,,false,false,,rule_fallback_v0,2909,4095,2494,3139,23,39,45,28,67.3,true,unclassified,1780478784493
8135,node_01,1780478786,data_collection,cooking_fume,exposure,,false,false,,rule_fallback_v0,2912,4095,2495,3139,23,39,45,28,67.3,true,unclassified,1780478785540
8136,node_01,1780478787,data_collection,cooking_fume,exposure,,false,false,,rule_fallback_v0,2908,4095,2496,3139,23,39,45,28,67.4,true,unclassified,1780478786585
8137,node_01,1780478788,data_collection,cooking_fume,exposure,,false,false,,rule_fallback_v0,2914,4095,2495,3139,23,39,45,28,67.4,true,unclassified,1780478787640
8138,node_01,1780478789,data_collection,cooking_fume,exposure,,false,false,,rule_fallback_v0,2910,4095,2496,3139,23,39,45,28,67.4,true,unclassified,1780478788678
8139,node_01,1780478790,data_collection,cooking_fume,exposure,,false,false,,rule_fallback_v0,2914,4095,2497,3139,23,39,45,28.1,67.2,true,unclassified,1780478789722
8140,node_01,1780478791,data_collection,cooking_fume,exposure,,false,false,,rule_fallback_v0,2908,4095,2495,3139,22,38,44,28.1,67.2,true,unclassified,1780478790769
8141,node_01,1780478792,data_collection,cooking_fume,exposure,,false,false,,rule_fallback_v0,2914,4095,2495,3139,22,38,44,28.1,67.2,true,unclassified,1780478791817
8142,node_01,1780478793,data_collection,cooking_fume,exposure,,false,false,,rule_fallback_v0,2909,4095,2497,3139,22,38,44,28,67.2,true,unclassified,1780478792862
8143,node_01,1780478794,data_collection,cooking_fume,exposure,,false,false,,rule_fallback_v0,2917,4095,2494,3139,22,38,44,28,67.2,true,unclassified,1780478793902
8144,node_01,1780478795,data_collection,cooking_fume,exposure,,false,false,,rule_fallback_v0,2906,4095,2498,3139,22,38,44,28,67.2,true,unclassified,1780478794943
8145,node_01,1780478796,data_collection,cooking_fume,exposure,,false,false,,rule_fallback_v0,2913,4095,2496,3139,22,37,42,28.1,66.9,true,unclassified,1780478796000
8146,node_01,1780478797,data_collection,cooking_fume,exposure,,false,false,,rule_fallback_v0,2913,4095,2498,3139,23,38,43,28.1,66.9,true,unclassified,1780478797035
8147,node_01,1780478798,data_collection,cooking_fume,exposure,,false,false,,rule_fallback_v0,2918,4095,2496,3139,23,38,43,28.1,66.9,true,unclassified,1780478798081
8148,node_01,1780478799,data_collection,cooking_fume,exposure,,false,false,,rule_fallback_v0,2912,4095,2497,3139,23,38,43,28.1,66.9,true,unclassified,1780478799122
8149,node_01,1780478800,data_collection,cooking_fume,exposure,,false,false,,rule_fallback_v0,2916,4095,2492,3139,23,38,43,28.1,66.9,true,unclassified,1780478800173
8150,node_01,1780478801,data_collection,cooking_fume,exposure,,false,false,,rule_fallback_v0,2912,4095,2494,3139,23,38,45,28.1,66.9,true,unclassified,1780478801219
8151,node_01,1780478802,data_collection,cooking_fume,exposure,,false,false,,rule_fallback_v0,2910,4095,2499,3139,23,38,45,28.1,67,true,unclassified,1780478802261
8152,node_01,1780478803,data_collection,cooking_fume,exposure,,false,false,,rule_fallback_v0,2914,4095,2497,3139,23,38,45,28.1,67,true,unclassified,1780478803309
8153,node_01,1780478804,data_collection,cooking_fume,exposure,,false,false,,rule_fallback_v0,2913,4095,2497,3139,23,38,45,28.1,67,true,unclassified,1780478804349
8154,node_01,1780478805,data_collection,cooking_fume,exposure,,false,false,,rule_fallback_v0,2911,4095,2495,3139,23,38,45,28.1,66.9,true,unclassified,1780478805397
8155,node_01,1780478806,data_collection,cooking_fume,exposure,,false,false,,rule_fallback_v0,2923,4095,2495,3139,23,39,45,28.1,66.9,true,unclassified,1780478806444
8156,node_01,1780478807,data_collection,cooking_fume,exposure,,false,false,,rule_fallback_v0,2909,4095,2495,3139,23,39,45,28.1,66.9,true,unclassified,1780478807489
8157,node_01,1780478808,data_collection,cooking_fume,exposure,,false,false,,rule_fallback_v0,2913,4095,2497,3139,22,38,44,28.1,66.7,true,unclassified,1780478808529
8158,node_01,1780478810,data_collection,cooking_fume,exposure,,false,false,,rule_fallback_v0,2908,4095,2496,3139,22,38,44,28.1,66.7,true,unclassified,1780478809581
8159,node_01,1780478811,data_collection,cooking_fume,exposure,,false,false,,rule_fallback_v0,2915,4095,2496,3139,22,38,45,28.1,66.7,true,unclassified,1780478810623
8160,node_01,1780478812,data_collection,cooking_fume,exposure,,false,false,,rule_fallback_v0,2909,4095,2498,3139,22,38,45,28.1,66.7,true,unclassified,1780478811669
8161,node_01,1780478813,data_collection,cooking_fume,exposure,,false,false,,rule_fallback_v0,2908,4095,2497,3139,22,38,45,28.1,66.7,true,unclassified,1780478812709
8162,node_01,1780478814,data_collection,cooking_fume,exposure,,false,false,,rule_fallback_v0,2912,4095,2495,3139,22,38,45,28.1,66.7,true,unclassified,1780478813759
8163,node_01,1780478815,data_collection,cooking_fume,exposure,,false,false,,rule_fallback_v0,2916,4095,2497,3139,22,38,45,28.1,66.6,true,unclassified,1780478814799
8164,node_01,1780478816,data_collection,cooking_fume,exposure,,false,false,,rule_fallback_v0,2914,4095,2497,3139,22,38,45,28.1,66.6,true,unclassified,1780478815893
8165,node_01,1780478817,data_collection,cooking_fume,exposure,,false,false,,rule_fallback_v0,2909,4095,2495,3139,22,38,45,28.1,66.6,true,unclassified,1780478816916
8166,node_01,1780478818,data_collection,cooking_fume,exposure,,false,false,,rule_fallback_v0,2910,4095,2496,3139,22,38,45,28.1,66.9,true,unclassified,1780478817935
8167,node_01,1780478819,data_collection,cooking_fume,exposure,,false,false,,rule_fallback_v0,2921,4095,2496,3139,22,38,45,28.1,66.9,true,unclassified,1780478818980
8168,node_01,1780478820,data_collection,cooking_fume,exposure,,false,false,,rule_fallback_v0,2907,4095,2498,3139,22,38,45,28.1,66.9,true,unclassified,1780478820027
8169,node_01,1780478821,data_collection,cooking_fume,exposure,,false,false,,rule_fallback_v0,2917,4095,2496,3139,22,38,45,28.1,66.8,true,unclassified,1780478821071
8170,node_01,1780478822,data_collection,cooking_fume,exposure,,false,false,,rule_fallback_v0,2909,4095,2497,3139,22,38,45,28.1,66.8,true,unclassified,1780478822114
8171,node_01,1780478823,data_collection,cooking_fume,exposure,,false,false,,rule_fallback_v0,2914,4095,2495,3139,23,39,47,28.1,66.8,true,unclassified,1780478823160
8172,node_01,1780478824,data_collection,cooking_fume,exposure,,false,false,,rule_fallback_v0,2913,4095,2495,3139,23,39,47,28.1,66.7,true,unclassified,1780478824205
8173,node_01,1780478825,data_collection,cooking_fume,exposure,,false,false,,rule_fallback_v0,2916,4095,2495,3139,23,39,47,28.1,66.7,true,unclassified,1780478825248
8174,node_01,1780478826,data_collection,cooking_fume,exposure,,false,false,,rule_fallback_v0,2913,4095,2497,3139,23,39,47,28.1,66.7,true,unclassified,1780478826293
8175,node_01,1780478827,data_collection,cooking_fume,exposure,,false,false,,rule_fallback_v0,2916,4095,2498,3139,23,39,47,28.1,67,true,unclassified,1780478827339
8176,node_01,1780478828,data_collection,cooking_fume,exposure,,false,false,,rule_fallback_v0,2913,4095,2496,3139,23,39,46,28.1,67,true,unclassified,1780478828395
8177,node_01,1780478829,data_collection,cooking_fume,exposure,,false,false,,rule_fallback_v0,2916,4095,2495,3139,22,38,45,28.1,67,true,unclassified,1780478829429
8178,node_01,1780478830,data_collection,cooking_fume,exposure,,false,false,,rule_fallback_v0,2906,4095,2497,3139,22,38,45,28.1,67,true,unclassified,1780478830481
8179,node_01,1780478831,data_collection,cooking_fume,exposure,,false,false,,rule_fallback_v0,2918,4095,2497,3139,22,38,45,28.1,67,true,unclassified,1780478831519
8180,node_01,1780478833,data_collection,cooking_fume,exposure,,false,false,,rule_fallback_v0,2908,4095,2497,3139,23,39,45,28.1,67,true,unclassified,1780478832565
8181,node_01,1780478834,data_collection,cooking_fume,exposure,,false,false,,rule_fallback_v0,2919,4095,2495,3139,23,39,45,28.1,67.3,true,unclassified,1780478833614
8182,node_01,1780478835,data_collection,cooking_fume,exposure,,false,false,,rule_fallback_v0,2907,4095,2495,3139,23,39,45,28.1,67.3,true,unclassified,1780478834656
8183,node_01,1780478836,data_collection,cooking_fume,exposure,,false,false,,rule_fallback_v0,2917,4095,2496,3139,22,37,44,28.1,67.3,true,unclassified,1780478835701
8184,node_01,1780478837,data_collection,cooking_fume,exposure,,false,false,,rule_fallback_v0,2906,4095,2498,3139,22,37,44,28.1,67.8,true,unclassified,1780478836743
8185,node_01,1780478838,data_collection,cooking_fume,exposure,,false,false,,rule_fallback_v0,2915,4095,2495,3139,22,37,44,28.1,67.8,true,unclassified,1780478837787
8186,node_01,1780478839,data_collection,cooking_fume,exposure,,false,false,,rule_fallback_v0,2910,4095,2498,3139,23,38,45,28.1,67.8,true,unclassified,1780478838837
8187,node_01,1780478840,data_collection,cooking_fume,exposure,,false,false,,rule_fallback_v0,2918,4095,2494,3139,23,38,45,28.2,67.7,true,unclassified,1780478839877
8188,node_01,1780478841,data_collection,cooking_fume,exposure,,false,false,,rule_fallback_v0,2911,4095,2495,3139,23,38,45,28.2,67.7,true,unclassified,1780478840921
8189,node_01,1780478842,data_collection,cooking_fume,exposure,,false,false,,rule_fallback_v0,2909,4095,2495,3139,23,38,45,28.2,67.7,true,unclassified,1780478841968
8190,node_01,1780478843,data_collection,cooking_fume,exposure,,false,false,,rule_fallback_v0,2911,4095,2496,3139,23,38,45,28.1,67.8,true,unclassified,1780478843016
8191,node_01,1780478844,data_collection,cooking_fume,exposure,,false,false,,rule_fallback_v0,2919,4095,2497,3139,23,38,45,28.1,67.8,true,unclassified,1780478844061
8192,node_01,1780478845,data_collection,cooking_fume,exposure,,false,false,,rule_fallback_v0,2910,4095,2495,3139,23,37,45,28.1,67.8,true,unclassified,1780478845103
8193,node_01,1780478846,data_collection,cooking_fume,exposure,,false,false,,rule_fallback_v0,2919,4095,2497,3139,23,37,45,28.2,67.7,true,unclassified,1780478846148
8194,node_01,1780478847,data_collection,cooking_fume,exposure,,false,false,,rule_fallback_v0,2909,4095,2495,3139,22,36,44,28.2,67.7,true,unclassified,1780478847193
8195,node_01,1780478848,data_collection,cooking_fume,exposure,,false,false,,rule_fallback_v0,2918,4095,2496,3139,22,36,44,28.2,67.7,true,unclassified,1780478848237
8196,node_01,1780478849,data_collection,cooking_fume,exposure,,false,false,,rule_fallback_v0,2907,4095,2497,3139,22,35,44,28.2,67.6,true,unclassified,1780478849284
8197,node_01,1780478850,data_collection,cooking_fume,exposure,,false,false,,rule_fallback_v0,2916,4095,2496,3139,23,36,45,28.2,67.6,true,unclassified,1780478850327
8198,node_01,1780478851,data_collection,cooking_fume,exposure,,false,false,,rule_fallback_v0,2907,4095,2496,3139,23,36,45,28.2,67.6,true,unclassified,1780478851373
8199,node_01,1780478852,data_collection,cooking_fume,exposure,,false,false,,rule_fallback_v0,2922,4095,2498,3139,23,36,45,28.1,67.2,true,unclassified,1780478852427
8200,node_01,1780478853,data_collection,cooking_fume,exposure,,false,false,,rule_fallback_v0,2905,4095,2493,3139,23,36,45,28.1,67.2,true,unclassified,1780478853465
8201,node_01,1780478854,data_collection,cooking_fume,exposure,,false,false,,rule_fallback_v0,2913,4095,2496,3139,23,36,45,28.1,67.2,true,unclassified,1780478854510
8202,node_01,1780478856,data_collection,cooking_fume,exposure,,false,false,,rule_fallback_v0,2904,4095,2495,3139,23,36,45,28.1,67.2,true,unclassified,1780478855553
8203,node_01,1780478857,data_collection,cooking_fume,exposure,,false,false,,rule_fallback_v0,2912,4095,2496,3139,22,35,44,28.1,67.2,true,unclassified,1780478856598
8204,node_01,1780478858,data_collection,cooking_fume,exposure,,false,false,,rule_fallback_v0,2911,4095,2499,3139,22,35,44,28.1,67.2,true,unclassified,1780478857650
8205,node_01,1780478859,data_collection,cooking_fume,exposure,,false,false,,rule_fallback_v0,2912,4095,2496,3139,22,35,44,28.2,67,true,unclassified,1780478858689
8206,node_01,1780478860,data_collection,cooking_fume,exposure,,false,false,,rule_fallback_v0,2908,4095,2498,3139,22,35,44,28.2,67,true,unclassified,1780478859737
8207,node_01,1780478861,data_collection,cooking_fume,exposure,,false,false,,rule_fallback_v0,2915,4095,2494,3139,22,35,44,28.2,67,true,unclassified,1780478860780
8208,node_01,1780478862,data_collection,cooking_fume,exposure,,false,false,,rule_fallback_v0,2911,4095,2497,3139,23,36,45,28.2,66.8,true,unclassified,1780478861826
8209,node_01,1780478863,data_collection,cooking_fume,exposure,,false,false,,rule_fallback_v0,2914,4095,2495,3139,23,36,45,28.2,66.8,true,unclassified,1780478862870
8210,node_01,1780478864,data_collection,cooking_fume,exposure,,false,false,,rule_fallback_v0,2911,4095,2499,3139,23,36,43,28.2,66.8,true,unclassified,1780478863915
8211,node_01,1780478865,data_collection,cooking_fume,exposure,,false,false,,rule_fallback_v0,2918,4095,2497,3139,22,35,42,28.2,66.5,true,unclassified,1780478864961
8212,node_01,1780478866,data_collection,cooking_fume,exposure,,false,false,,rule_fallback_v0,2910,4095,2493,3139,22,35,41,28.2,66.5,true,unclassified,1780478866003
8213,node_01,1780478867,data_collection,cooking_fume,exposure,,false,false,,rule_fallback_v0,2914,4095,2497,3139,22,35,41,28.2,66.5,true,unclassified,1780478867050
8214,node_01,1780478868,data_collection,cooking_fume,exposure,,false,false,,rule_fallback_v0,2912,4095,2495,3139,22,35,40,28.2,66.6,true,unclassified,1780478868098
8215,node_01,1780478869,data_collection,cooking_fume,exposure,,false,false,,rule_fallback_v0,2916,4095,2496,3139,22,35,40,28.2,66.6,true,unclassified,1780478869146
8216,node_01,1780478870,data_collection,cooking_fume,exposure,,false,false,,rule_fallback_v0,2907,4095,2496,3139,22,35,40,28.2,66.6,true,unclassified,1780478870185
8217,node_01,1780478871,data_collection,cooking_fume,exposure,,false,false,,rule_fallback_v0,2913,4095,2497,3139,23,36,41,28.2,66.6,true,unclassified,1780478871230
8218,node_01,1780478872,data_collection,cooking_fume,exposure,,false,false,,rule_fallback_v0,2908,4095,2494,3139,23,36,41,28.2,66.6,true,unclassified,1780478872272
8219,node_01,1780478873,data_collection,cooking_fume,exposure,,false,false,,rule_fallback_v0,2919,4095,2499,3139,23,36,41,28.2,66.6,true,unclassified,1780478873319
8220,node_01,1780478874,data_collection,cooking_fume,exposure,,false,false,,rule_fallback_v0,2905,4095,2496,3139,23,36,41,28.2,66.4,true,unclassified,1780478874371
8221,node_01,1780478875,data_collection,cooking_fume,exposure,,false,false,,rule_fallback_v0,2919,4095,2495,3139,23,36,40,28.2,66.4,true,unclassified,1780478875409
8222,node_01,1780478876,data_collection,cooking_fume,exposure,,false,false,,rule_fallback_v0,2904,4095,2498,3139,23,36,40,28.2,66.4,true,unclassified,1780478876456
8223,node_01,1780478877,data_collection,cooking_fume,exposure,,false,false,,rule_fallback_v0,2918,4095,2498,3139,22,35,39,28.2,66.4,true,unclassified,1780478877501
8224,node_01,1780478879,data_collection,cooking_fume,exposure,,false,false,,rule_fallback_v0,2911,4095,2498,3139,22,35,39,28.2,66.4,true,unclassified,1780478878545
8225,node_01,1780478880,data_collection,cooking_fume,exposure,,false,false,,rule_fallback_v0,2919,4095,2494,3139,22,35,39,28.2,66.4,true,unclassified,1780478879593
8226,node_01,1780478881,data_collection,cooking_fume,exposure,,false,false,,rule_fallback_v0,2908,4095,2495,3139,22,34,38,28.2,66,true,unclassified,1780478880632
8227,node_01,1780478882,data_collection,cooking_fume,exposure,,false,false,,rule_fallback_v0,2910,4095,2495,3139,22,34,38,28.2,66,true,unclassified,1780478881678
8228,node_01,1780478883,data_collection,cooking_fume,exposure,,false,false,,rule_fallback_v0,2913,4095,2496,3139,23,35,39,28.2,66,true,unclassified,1780478882725
8229,node_01,1780478884,data_collection,cooking_fume,exposure,,false,false,,rule_fallback_v0,2914,4095,2497,3139,23,35,39,28.2,66.3,true,unclassified,1780478883770
8230,node_01,1780478885,data_collection,cooking_fume,exposure,,false,false,,rule_fallback_v0,2917,4095,2497,3139,23,35,39,28.2,66.3,true,unclassified,1780478884815
8231,node_01,1780478886,data_collection,cooking_fume,exposure,,false,false,,rule_fallback_v0,2912,4095,2495,3139,22,34,39,28.2,66.3,true,unclassified,1780478885862
8232,node_01,1780478887,data_collection,cooking_fume,exposure,,false,false,,rule_fallback_v0,2911,4095,2495,3139,22,34,39,28.2,66,true,unclassified,1780478886901
8233,node_01,1780478888,data_collection,cooking_fume,exposure,,false,false,,rule_fallback_v0,2916,4095,2497,3139,22,34,39,28.2,66,true,unclassified,1780478887945
8234,node_01,1780478889,data_collection,cooking_fume,exposure,,false,false,,rule_fallback_v0,2909,4095,2497,3139,23,35,40,28.2,66,true,unclassified,1780478888992
8235,node_01,1780478890,data_collection,cooking_fume,exposure,,false,false,,rule_fallback_v0,2915,4095,2497,3139,23,35,40,28.2,66,true,unclassified,1780478890036
8236,node_01,1780478891,data_collection,cooking_fume,exposure,,false,false,,rule_fallback_v0,2912,4095,2496,3139,23,35,40,28.2,66,true,unclassified,1780478891080
8237,node_01,1780478892,data_collection,cooking_fume,exposure,,false,false,,rule_fallback_v0,2916,4095,2496,3139,22,34,39,28.2,66,true,unclassified,1780478892127
8238,node_01,1780478893,data_collection,cooking_fume,exposure,,false,false,,rule_fallback_v0,2909,4095,2496,3139,22,34,39,28.2,65.6,true,unclassified,1780478893173
8239,node_01,1780478894,data_collection,cooking_fume,exposure,,false,false,,rule_fallback_v0,2914,4095,2494,3139,22,34,39,28.2,65.6,true,unclassified,1780478894219
8240,node_01,1780478895,data_collection,cooking_fume,exposure,,false,false,,rule_fallback_v0,2910,4095,2495,3139,22,34,39,28.2,65.6,true,unclassified,1780478895266
8241,node_01,1780478896,data_collection,cooking_fume,exposure,,false,false,,rule_fallback_v0,2914,4095,2497,3139,22,34,39,28.2,65.5,true,unclassified,1780478896307
8242,node_01,1780478897,data_collection,cooking_fume,exposure,,false,false,,rule_fallback_v0,2908,4095,2495,3139,22,34,39,28.2,65.5,true,unclassified,1780478897355
8243,node_01,1780478898,data_collection,cooking_fume,exposure,,false,false,,rule_fallback_v0,2914,4095,2495,3139,23,35,40,28.2,65.5,true,unclassified,1780478898396
8244,node_01,1780478899,data_collection,cooking_fume,exposure,,false,false,,rule_fallback_v0,2908,4095,2497,3139,23,35,40,28.2,65.3,true,unclassified,1780478899444
8245,node_01,1780478900,data_collection,cooking_fume,exposure,,false,false,,rule_fallback_v0,2919,4095,2494,3139,23,35,40,28.2,65.3,true,unclassified,1780478900485
8246,node_01,1780478902,data_collection,cooking_fume,exposure,,false,false,,rule_fallback_v0,2912,4095,2496,3139,23,36,40,28.2,65.3,true,unclassified,1780478901547
8247,node_01,1780478903,data_collection,cooking_fume,exposure,,false,false,,rule_fallback_v0,2916,4095,2495,3139,23,36,40,28.2,65.3,true,unclassified,1780478902580
8248,node_01,1780478904,data_collection,cooking_fume,exposure,,false,false,,rule_fallback_v0,2911,4095,2497,3139,23,36,40,28.2,65.3,true,unclassified,1780478903623
8249,node_01,1780478905,data_collection,cooking_fume,exposure,,false,false,,rule_fallback_v0,2916,4095,2495,3139,23,36,40,28.2,65.3,true,unclassified,1780478904666
8250,node_01,1780478906,data_collection,cooking_fume,exposure,,false,false,,rule_fallback_v0,2907,4095,2495,3139,23,36,40,28.2,65.2,true,unclassified,1780478905710
8251,node_01,1780478907,data_collection,cooking_fume,exposure,,false,false,,rule_fallback_v0,2920,4095,2495,3139,22,35,39,28.2,65.2,true,unclassified,1780478906757
8252,node_01,1780478908,data_collection,cooking_fume,exposure,,false,false,,rule_fallback_v0,2907,4095,2497,3139,22,35,40,28.2,65.2,true,unclassified,1780478907799
8253,node_01,1780478909,data_collection,cooking_fume,exposure,,false,false,,rule_fallback_v0,2915,4095,2497,3139,22,35,40,28.2,65,true,unclassified,1780478908844
8254,node_01,1780478910,data_collection,cooking_fume,exposure,,false,false,,rule_fallback_v0,2908,4095,2495,3139,22,35,40,28.2,65,true,unclassified,1780478909890
8255,node_01,1780478911,data_collection,cooking_fume,exposure,,false,false,,rule_fallback_v0,2906,4095,2495,3139,22,35,40,28.2,65,true,unclassified,1780478910936
8256,node_01,1780478912,data_collection,cooking_fume,exposure,,false,false,,rule_fallback_v0,2909,4095,2497,3139,22,35,40,28.2,65,true,unclassified,1780478911981
8257,node_01,1780478913,data_collection,cooking_fume,exposure,,false,false,,rule_fallback_v0,2916,4095,2495,3139,23,36,41,28.2,65,true,unclassified,1780478913027
8258,node_01,1780478914,data_collection,cooking_fume,exposure,,false,false,,rule_fallback_v0,2908,4095,2496,3139,23,36,41,28.2,65,true,unclassified,1780478914089
8259,node_01,1780478915,data_collection,cooking_fume,exposure,,false,false,,rule_fallback_v0,2920,4095,2497,3139,23,36,41,28.2,65.1,true,unclassified,1780478915124
8260,node_01,1780478916,data_collection,cooking_fume,exposure,,false,false,,rule_fallback_v0,2910,4095,2495,3139,23,36,41,28.2,65.1,true,unclassified,1780478916159
8261,node_01,1780478917,data_collection,cooking_fume,exposure,,false,false,,rule_fallback_v0,2915,4095,2495,3139,23,36,41,28.2,65.1,true,unclassified,1780478917205
8262,node_01,1780478918,data_collection,cooking_fume,exposure,,false,false,,rule_fallback_v0,2905,4095,2497,3139,23,36,41,28.2,65.1,true,unclassified,1780478918252
8263,node_01,1780478919,data_collection,cooking_fume,exposure,,false,false,,rule_fallback_v0,2917,4095,2495,3139,23,36,41,28.2,65.1,true,unclassified,1780478919297
8264,node_01,1780478920,data_collection,cooking_fume,exposure,,false,false,,rule_fallback_v0,2908,4095,2496,3139,23,36,41,28.2,65.1,true,unclassified,1780478920346
8265,node_01,1780478921,data_collection,cooking_fume,exposure,,false,false,,rule_fallback_v0,2913,4095,2497,3139,23,36,41,28.2,65.1,true,unclassified,1780478921386
8266,node_01,1780478922,data_collection,cooking_fume,exposure,,false,false,,rule_fallback_v0,2907,4095,2494,3139,23,36,41,28.2,65.1,true,unclassified,1780478922430
8267,node_01,1780478923,data_collection,cooking_fume,exposure,,false,false,,rule_fallback_v0,2917,4095,2495,3139,23,36,41,28.2,65.1,true,unclassified,1780478923476
8268,node_01,1780478924,data_collection,cooking_fume,exposure,,false,false,,rule_fallback_v0,2913,4095,2499,3139,23,36,41,28.3,65.1,true,unclassified,1780478924521
8269,node_01,1780478926,data_collection,cooking_fume,exposure,,false,false,,rule_fallback_v0,2913,4095,2495,3139,23,36,41,28.3,65.1,true,unclassified,1780478925566
8270,node_01,1780478927,data_collection,cooking_fume,exposure,,false,false,,rule_fallback_v0,2911,4095,2497,3139,23,36,41,28.3,65.1,true,unclassified,1780478926609
8271,node_01,1780478928,data_collection,cooking_fume,exposure,,false,false,,rule_fallback_v0,2911,4095,2498,3139,23,36,41,28.3,65,true,unclassified,1780478927657
8272,node_01,1780478929,data_collection,cooking_fume,exposure,,false,false,,rule_fallback_v0,2913,4095,2497,3139,23,36,41,28.3,65,true,unclassified,1780478928702
8273,node_01,1780478930,data_collection,cooking_fume,exposure,,false,false,,rule_fallback_v0,2912,4095,2496,3139,23,36,41,28.3,65,true,unclassified,1780478929748
8274,node_01,1780478931,data_collection,cooking_fume,exposure,,false,false,,rule_fallback_v0,2906,4095,2495,3139,22,35,40,28.3,65.1,true,unclassified,1780478930813
8275,node_01,1780478932,data_collection,cooking_fume,exposure,,false,false,,rule_fallback_v0,2915,4095,2493,3139,22,35,40,28.3,65.1,true,unclassified,1780478931833
8276,node_01,1780478933,data_collection,cooking_fume,exposure,,false,false,,rule_fallback_v0,2907,4095,2494,3139,22,35,40,28.3,65.1,true,unclassified,1780478932885
8277,node_01,1780478934,data_collection,cooking_fume,exposure,,false,false,,rule_fallback_v0,2917,4095,2498,3139,23,36,41,28.3,65.1,true,unclassified,1780478933932
8278,node_01,1780478935,data_collection,cooking_fume,exposure,,false,false,,rule_fallback_v0,2910,4095,2494,3139,23,36,42,28.3,65.1,true,unclassified,1780478934970
8279,node_01,1780478936,data_collection,cooking_fume,exposure,,false,false,,rule_fallback_v0,2922,4095,2497,3139,23,36,42,28.3,65.1,true,unclassified,1780478936013
8280,node_01,1780478937,data_collection,cooking_fume,exposure,,false,false,,rule_fallback_v0,2907,4095,2496,3139,23,36,42,28.3,65.1,true,unclassified,1780478937062
8281,node_01,1780478938,data_collection,cooking_fume,exposure,,false,false,,rule_fallback_v0,2917,4095,2496,3139,23,37,42,28.3,65.1,true,unclassified,1780478938107
8282,node_01,1780478939,data_collection,cooking_fume,exposure,,false,false,,rule_fallback_v0,2909,4095,2495,3139,23,37,43,28.3,65.1,true,unclassified,1780478939152
8283,node_01,1780478940,data_collection,cooking_fume,exposure,,false,false,,rule_fallback_v0,2911,4095,2495,3139,22,36,42,28.3,65.2,true,unclassified,1780478940197
8284,node_01,1780478941,data_collection,cooking_fume,exposure,,false,false,,rule_fallback_v0,2913,4095,2496,3139,22,36,42,28.3,65.2,true,unclassified,1780478941239
8285,node_01,1780478942,data_collection,cooking_fume,exposure,,false,false,,rule_fallback_v0,2916,4095,2493,3139,22,36,42,28.3,65.2,true,unclassified,1780478942283
8286,node_01,1780478943,data_collection,cooking_fume,exposure,,false,false,,rule_fallback_v0,2910,4095,2493,3139,23,37,43,28.3,65.3,true,unclassified,1780478943330
8287,node_01,1780478944,data_collection,cooking_fume,exposure,,false,false,,rule_fallback_v0,2919,4095,2495,3139,23,38,43,28.3,65.3,true,unclassified,1780478944383
8288,node_01,1780478945,data_collection,cooking_fume,exposure,,false,false,,rule_fallback_v0,2909,4095,2494,3139,23,38,43,28.3,65.3,true,unclassified,1780478945422
8289,node_01,1780478946,data_collection,cooking_fume,exposure,,false,false,,rule_fallback_v0,2914,4095,2495,3139,23,38,45,28.3,65.6,true,unclassified,1780478946463
8290,node_01,1780478947,data_collection,cooking_fume,exposure,,false,false,,rule_fallback_v0,2905,4095,2494,3139,23,38,45,28.3,65.6,true,unclassified,1780478947512
8291,node_01,1780478949,data_collection,cooking_fume,exposure,,false,false,,rule_fallback_v0,2917,4095,2495,3139,23,38,45,28.3,65.6,true,unclassified,1780478948560
8292,node_01,1780478950,data_collection,cooking_fume,exposure,,false,false,,rule_fallback_v0,2905,4095,2497,3139,23,38,45,28.3,65.7,true,unclassified,1780478949604
8293,node_01,1780478951,data_collection,cooking_fume,exposure,,false,false,,rule_fallback_v0,2917,4095,2497,3139,23,38,45,28.3,65.7,true,unclassified,1780478950643
8294,node_01,1780478952,data_collection,cooking_fume,exposure,,false,false,,rule_fallback_v0,2909,4095,2497,3139,22,36,42,28.3,65.7,true,unclassified,1780478951688
8295,node_01,1780478953,data_collection,cooking_fume,exposure,,false,false,,rule_fallback_v0,2915,4095,2499,3139,22,36,42,28.3,65.5,true,unclassified,1780478952733
8296,node_01,1780478954,data_collection,cooking_fume,exposure,,false,false,,rule_fallback_v0,2907,4095,2494,3139,22,36,42,28.3,65.5,true,unclassified,1780478953778
8297,node_01,1780478955,data_collection,cooking_fume,exposure,,false,false,,rule_fallback_v0,2917,4095,2495,3139,23,37,43,28.3,65.5,true,unclassified,1780478954826
8298,node_01,1780478956,data_collection,cooking_fume,exposure,,false,false,,rule_fallback_v0,2906,4095,2495,3139,23,37,43,28.3,65.5,true,unclassified,1780478955867
8299,node_01,1780478957,data_collection,cooking_fume,exposure,,false,false,,rule_fallback_v0,2914,4095,2494,3139,23,37,43,28.3,65.5,true,unclassified,1780478956912
8300,node_01,1780478958,data_collection,cooking_fume,exposure,,false,false,,rule_fallback_v0,2907,4095,2497,3139,22,36,42,28.3,65.5,true,unclassified,1780478957959
8301,node_01,1780478959,data_collection,cooking_fume,exposure,,false,false,,rule_fallback_v0,2915,4095,2494,3139,22,36,42,28.3,65.5,true,unclassified,1780478959005
8302,node_01,1780478960,data_collection,cooking_fume,exposure,,false,false,,rule_fallback_v0,2910,4095,2497,3139,22,36,42,28.3,65.5,true,unclassified,1780478960048
8303,node_01,1780478961,data_collection,cooking_fume,exposure,,false,false,,rule_fallback_v0,2921,4095,2496,3139,22,36,42,28.3,65.5,true,unclassified,1780478961094
8304,node_01,1780478962,data_collection,cooking_fume,exposure,,false,false,,rule_fallback_v0,2910,4095,2497,3139,22,36,42,28.3,65.5,true,unclassified,1780478962137
8305,node_01,1780478963,data_collection,cooking_fume,exposure,,false,false,,rule_fallback_v0,2916,4095,2495,3139,22,36,42,28.3,65.5,true,unclassified,1780478963181
8306,node_01,1780478964,data_collection,cooking_fume,exposure,,false,false,,rule_fallback_v0,2911,4095,2497,3139,23,37,43,28.3,65.5,true,unclassified,1780478964227
8307,node_01,1780478965,data_collection,cooking_fume,exposure,,false,false,,rule_fallback_v0,2912,4095,2497,3139,23,37,43,28.3,65.6,true,unclassified,1780478965275
8308,node_01,1780478966,data_collection,cooking_fume,exposure,,false,false,,rule_fallback_v0,2912,4095,2494,3139,22,37,42,28.3,65.6,true,unclassified,1780478966342
8309,node_01,1780478967,data_collection,cooking_fume,exposure,,false,false,,rule_fallback_v0,2912,4095,2496,3139,22,36,41,28.3,65.6,true,unclassified,1780478967359
8310,node_01,1780478968,data_collection,cooking_fume,exposure,,false,false,,rule_fallback_v0,2912,4095,2496,3139,22,36,41,28.3,65.5,true,unclassified,1780478968417
8311,node_01,1780478969,data_collection,cooking_fume,exposure,,false,false,,rule_fallback_v0,2916,4095,2494,3139,22,36,41,28.3,65.5,true,unclassified,1780478969453
8312,node_01,1780478970,data_collection,cooking_fume,exposure,,false,false,,rule_fallback_v0,2911,4095,2494,3139,22,36,42,28.3,65.5,true,unclassified,1780478970502
8313,node_01,1780478972,data_collection,cooking_fume,exposure,,false,false,,rule_fallback_v0,2913,4095,2498,3139,22,36,42,28.3,65.4,true,unclassified,1780478971549
8314,node_01,1780478973,data_collection,cooking_fume,exposure,,false,false,,rule_fallback_v0,2904,4095,2497,3139,22,36,42,28.3,65.4,true,unclassified,1780478972585
8315,node_01,1780478974,data_collection,cooking_fume,exposure,,false,false,,rule_fallback_v0,2921,4095,2494,3139,22,36,42,28.3,65.4,true,unclassified,1780478973630
8316,node_01,1780478975,data_collection,cooking_fume,exposure,,false,false,,rule_fallback_v0,2904,4095,2495,3139,22,37,42,28.3,65.3,true,unclassified,1780478974673
8317,node_01,1780478976,data_collection,cooking_fume,exposure,,false,false,,rule_fallback_v0,2917,4095,2497,3139,22,37,42,28.3,65.3,true,unclassified,1780478975730
8318,node_01,1780478977,data_collection,cooking_fume,exposure,,false,false,,rule_fallback_v0,2904,4095,2494,3139,22,37,42,28.3,65.3,true,unclassified,1780478976771
8319,node_01,1780478978,data_collection,cooking_fume,exposure,,false,false,,rule_fallback_v0,2917,4095,2498,3139,22,37,44,28.3,65.2,true,unclassified,1780478977810
8320,node_01,1780478979,data_collection,cooking_fume,exposure,,false,false,,rule_fallback_v0,2911,4095,2496,3139,23,38,45,28.3,65.2,true,unclassified,1780478978855
8321,node_01,1780478980,data_collection,cooking_fume,exposure,,false,false,,rule_fallback_v0,2918,4095,2496,3139,23,38,45,28.3,65.2,true,unclassified,1780478979897
8322,node_01,1780478981,data_collection,cooking_fume,exposure,,false,false,,rule_fallback_v0,2908,4095,2496,3139,23,38,45,28.3,65.3,true,unclassified,1780478980944
8323,node_01,1780478982,data_collection,cooking_fume,exposure,,false,false,,rule_fallback_v0,2915,4095,2495,3139,23,38,45,28.3,65.3,true,unclassified,1780478981993
8324,node_01,1780478983,data_collection,cooking_fume,exposure,,false,false,,rule_fallback_v0,2908,4095,2496,3139,23,38,45,28.3,65.3,true,unclassified,1780478983037
8325,node_01,1780478984,data_collection,cooking_fume,exposure,,false,false,,rule_fallback_v0,2916,4095,2497,3139,23,39,45,28.3,65.6,true,unclassified,1780478984079
8326,node_01,1780478985,data_collection,cooking_fume,exposure,,false,false,,rule_fallback_v0,2909,4095,2497,3139,23,39,45,28.3,65.6,true,unclassified,1780478985123
8327,node_01,1780478986,data_collection,cooking_fume,exposure,,false,false,,rule_fallback_v0,2910,4095,2494,3139,23,39,45,28.3,65.6,true,unclassified,1780478986169
8328,node_01,1780478987,data_collection,cooking_fume,exposure,,false,false,,rule_fallback_v0,2908,4095,2496,3139,23,38,45,28.3,66.1,true,unclassified,1780478987215
8329,node_01,1780478988,data_collection,cooking_fume,exposure,,false,false,,rule_fallback_v0,2917,4095,2493,3139,23,39,45,28.3,66.1,true,unclassified,1780478988258
8330,node_01,1780478989,data_collection,cooking_fume,exposure,,false,false,,rule_fallback_v0,2909,4095,2498,3139,23,39,45,28.3,66.1,true,unclassified,1780478989301
8331,node_01,1780478990,data_collection,cooking_fume,exposure,,false,false,,rule_fallback_v0,2913,4095,2495,3139,23,39,45,28.3,66,true,unclassified,1780478990348
8332,node_01,1780478991,data_collection,cooking_fume,exposure,,false,false,,rule_fallback_v0,2909,4095,2496,3139,23,39,45,28.3,66,true,unclassified,1780478991393
8333,node_01,1780478992,data_collection,cooking_fume,exposure,,false,false,,rule_fallback_v0,2918,4095,2495,3139,23,39,45,28.3,66,true,unclassified,1780478992436
8334,node_01,1780478993,data_collection,cooking_fume,exposure,,false,false,,rule_fallback_v0,2909,4095,2494,3139,22,38,44,28.3,65.7,true,unclassified,1780478993483
8335,node_01,1780478994,data_collection,cooking_fume,exposure,,false,false,,rule_fallback_v0,2909,4095,2494,3139,22,37,44,28.3,65.7,true,unclassified,1780478994526
8336,node_01,1780478996,data_collection,cooking_fume,exposure,,false,false,,rule_fallback_v0,2912,4095,2495,3139,22,37,44,28.3,65.7,true,unclassified,1780478995571
8337,node_01,1780478997,data_collection,cooking_fume,exposure,,false,false,,rule_fallback_v0,2910,4095,2498,3139,22,37,44,28.3,65.4,true,unclassified,1780478996618
8338,node_01,1780478998,data_collection,cooking_fume,exposure,,false,false,,rule_fallback_v0,2908,4095,2495,3139,22,37,44,28.3,65.4,true,unclassified,1780478997662
8339,node_01,1780478999,data_collection,cooking_fume,exposure,,false,false,,rule_fallback_v0,2916,4095,2494,3139,22,37,44,28.3,65.4,true,unclassified,1780478998709
8340,node_01,1780479000,data_collection,cooking_fume,exposure,,false,false,,rule_fallback_v0,2905,4095,2495,3139,23,37,45,28.4,65.2,true,unclassified,1780478999756
8341,node_01,1780479001,data_collection,cooking_fume,exposure,,false,false,,rule_fallback_v0,2917,4095,2495,3139,23,37,45,28.4,65.2,true,unclassified,1780479000803
8342,node_01,1780479002,data_collection,cooking_fume,exposure,,false,false,,rule_fallback_v0,2908,4095,2494,3139,23,36,45,28.4,65.2,true,unclassified,1780479001847
8343,node_01,1780479003,data_collection,cooking_fume,exposure,,false,false,,rule_fallback_v0,2916,4095,2496,3139,23,36,45,28.3,65.3,true,unclassified,1780479002887
8344,node_01,1780479004,data_collection,cooking_fume,exposure,,false,false,,rule_fallback_v0,2908,4095,2496,3139,23,36,43,28.3,65.3,true,unclassified,1780479003937
8345,node_01,1780479005,data_collection,cooking_fume,exposure,,false,false,,rule_fallback_v0,2917,4095,2494,3139,23,36,43,28.3,65.3,true,unclassified,1780479004977
8346,node_01,1780479006,data_collection,cooking_fume,exposure,,false,false,,rule_fallback_v0,2910,4095,2498,3139,22,35,42,28.3,65.3,true,unclassified,1780479006021
8347,node_01,1780479007,data_collection,cooking_fume,exposure,,false,false,,rule_fallback_v0,2912,4095,2495,3139,22,35,41,28.3,65.3,true,unclassified,1780479007067
8348,node_01,1780479008,data_collection,cooking_fume,exposure,,false,false,,rule_fallback_v0,2912,4095,2496,3139,22,35,41,28.3,65.3,true,unclassified,1780479008112
8349,node_01,1780479009,data_collection,cooking_fume,exposure,,false,false,,rule_fallback_v0,2913,4095,2498,3139,22,35,41,28.3,65.4,true,unclassified,1780479009157
8350,node_01,1780479010,data_collection,cooking_fume,exposure,,false,false,,rule_fallback_v0,2912,4095,2498,3139,22,35,41,28.3,65.4,true,unclassified,1780479010200
8351,node_01,1780479011,data_collection,cooking_fume,exposure,,false,false,,rule_fallback_v0,2912,4095,2494,3139,23,36,42,28.3,65.4,true,unclassified,1780479011249
8352,node_01,1780479012,data_collection,cooking_fume,exposure,,false,false,,rule_fallback_v0,2913,4095,2496,3139,23,35,42,28.3,65.2,true,unclassified,1780479012304
8353,node_01,1780479013,data_collection,cooking_fume,exposure,,false,false,,rule_fallback_v0,2915,4095,2497,3139,23,35,42,28.3,65.2,true,unclassified,1780479013337
8354,node_01,1780479014,data_collection,cooking_fume,exposure,,false,false,,rule_fallback_v0,2910,4095,2495,3139,22,34,41,28.3,65.2,true,unclassified,1780479014386
8355,node_01,1780479015,data_collection,cooking_fume,exposure,,false,false,,rule_fallback_v0,2922,4095,2499,3139,22,34,41,28.4,65.2,true,unclassified,1780479015428
8356,node_01,1780479016,data_collection,cooking_fume,exposure,,false,false,,rule_fallback_v0,2909,4095,2495,3139,22,34,41,28.4,65.2,true,unclassified,1780479016473
8357,node_01,1780479017,data_collection,cooking_fume,exposure,,false,false,,rule_fallback_v0,2922,4095,2494,3139,23,36,42,28.4,65.2,true,unclassified,1780479017523
8358,node_01,1780479019,data_collection,cooking_fume,exposure,,false,false,,rule_fallback_v0,2905,4095,2495,3139,23,36,42,28.4,65.5,true,unclassified,1780479018561
8359,node_01,1780479020,data_collection,cooking_fume,exposure,,false,false,,rule_fallback_v0,2920,4095,2495,3139,23,36,42,28.4,65.5,true,unclassified,1780479019605
8360,node_01,1780479021,data_collection,cooking_fume,exposure,,false,false,,rule_fallback_v0,2909,4095,2496,3139,23,36,43,28.4,65.5,true,unclassified,1780479020654
8361,node_01,1780479022,data_collection,cooking_fume,exposure,,false,false,,rule_fallback_v0,2918,4095,2497,3139,23,36,43,28.4,65.4,true,unclassified,1780479021699
8362,node_01,1780479023,data_collection,cooking_fume,exposure,,false,false,,rule_fallback_v0,2912,4095,2498,3139,23,36,43,28.4,65.4,true,unclassified,1780479022744
8363,node_01,1780479024,data_collection,cooking_fume,exposure,,false,false,,rule_fallback_v0,2914,4095,2496,3139,23,37,45,28.4,65.4,true,unclassified,1780479023785
8364,node_01,1780479025,data_collection,cooking_fume,exposure,,false,false,,rule_fallback_v0,2909,4095,2498,3139,23,37,45,28.3,65.4,true,unclassified,1780479024835
8365,node_01,1780479026,data_collection,cooking_fume,exposure,,false,false,,rule_fallback_v0,2916,4095,2497,3139,23,37,45,28.3,65.4,true,unclassified,1780479025880
8366,node_01,1780479027,data_collection,cooking_fume,exposure,,false,false,,rule_fallback_v0,2907,4095,2500,3139,23,37,45,28.3,65.4,true,unclassified,1780479026922
8367,node_01,1780479028,data_collection,cooking_fume,exposure,,false,false,,rule_fallback_v0,2915,4095,2497,3139,23,38,45,28.3,65.4,true,unclassified,1780479027971
8368,node_01,1780479029,data_collection,cooking_fume,exposure,,false,false,,rule_fallback_v0,2911,4095,2496,3139,22,37,45,28.3,65.4,true,unclassified,1780479029011
8369,node_01,1780479030,data_collection,cooking_fume,exposure,,false,false,,rule_fallback_v0,2919,4095,2495,3139,22,37,45,28.3,65.4,true,unclassified,1780479030062
8370,node_01,1780479031,data_collection,cooking_fume,exposure,,false,false,,rule_fallback_v0,2911,4095,2497,3139,22,37,45,28.4,65.2,true,unclassified,1780479031105
8371,node_01,1780479032,data_collection,cooking_fume,exposure,,false,false,,rule_fallback_v0,2917,4095,2494,3139,23,38,46,28.4,65.2,true,unclassified,1780479032145
8372,node_01,1780479033,data_collection,cooking_fume,exposure,,false,false,,rule_fallback_v0,2909,4095,2495,3139,23,38,46,28.4,65.2,true,unclassified,1780479033200
8373,node_01,1780479034,data_collection,cooking_fume,exposure,,false,false,,rule_fallback_v0,2917,4095,2497,3139,23,38,46,28.4,65,true,unclassified,1780479034240
8374,node_01,1780479035,data_collection,cooking_fume,exposure,,false,false,,rule_fallback_v0,2916,4095,2496,3139,23,38,46,28.4,65,true,unclassified,1780479035279
8375,node_01,1780479036,data_collection,cooking_fume,exposure,,false,false,,rule_fallback_v0,2915,4095,2496,3139,23,38,46,28.4,65,true,unclassified,1780479036324
8376,node_01,1780479037,data_collection,cooking_fume,exposure,,false,false,,rule_fallback_v0,2912,4095,2495,3139,23,38,46,28.4,65.3,true,unclassified,1780479037371
8377,node_01,1780479038,data_collection,cooking_fume,exposure,,false,false,,rule_fallback_v0,2913,4095,2497,3139,23,38,46,28.4,65.3,true,unclassified,1780479038416
8378,node_01,1780479039,data_collection,cooking_fume,exposure,,false,false,,rule_fallback_v0,2910,4095,2496,3139,23,38,46,28.4,65.3,true,unclassified,1780479039462
8379,node_01,1780479040,data_collection,cooking_fume,exposure,,false,false,,rule_fallback_v0,2915,4095,2498,3139,23,38,46,28.4,65.4,true,unclassified,1780479040506
8380,node_01,1780479042,data_collection,cooking_fume,exposure,,false,false,,rule_fallback_v0,2904,4095,2495,3139,22,37,45,28.4,65.4,true,unclassified,1780479041549
8381,node_01,1780479043,data_collection,cooking_fume,exposure,,false,false,,rule_fallback_v0,2917,4095,2497,3139,22,37,45,28.4,65.4,true,unclassified,1780479042594
8382,node_01,1780479044,data_collection,cooking_fume,exposure,,false,false,,rule_fallback_v0,2905,4095,2495,3139,22,37,45,28.4,65.3,true,unclassified,1780479043644
8383,node_01,1780479045,data_collection,cooking_fume,exposure,,false,false,,rule_fallback_v0,2917,4095,2496,3139,22,37,45,28.4,65.3,true,unclassified,1780479044688
8384,node_01,1780479046,data_collection,cooking_fume,exposure,,false,false,,rule_fallback_v0,2905,4095,2498,3139,22,37,46,28.4,65.3,true,unclassified,1780479045729
8385,node_01,1780479047,data_collection,cooking_fume,exposure,,false,false,,rule_fallback_v0,2915,4095,2499,3139,22,37,46,28.4,65.3,true,unclassified,1780479046777
8386,node_01,1780479048,data_collection,cooking_fume,exposure,,false,false,,rule_fallback_v0,2906,4095,2497,3139,22,37,46,28.4,65.3,true,unclassified,1780479047821
8387,node_01,1780479049,data_collection,cooking_fume,exposure,,false,false,,rule_fallback_v0,2915,4095,2495,3139,23,38,46,28.4,65.3,true,unclassified,1780479048864
8388,node_01,1780479050,data_collection,cooking_fume,exposure,,false,false,,rule_fallback_v0,2915,4095,2497,3139,23,38,46,28.4,65.3,true,unclassified,1780479049913
8389,node_01,1780479051,data_collection,cooking_fume,exposure,,false,false,,rule_fallback_v0,2914,4095,2496,3139,23,38,46,28.4,65.3,true,unclassified,1780479050953
8390,node_01,1780479052,data_collection,cooking_fume,exposure,,false,false,,rule_fallback_v0,2915,4095,2498,3139,23,38,46,28.4,65.3,true,unclassified,1780479052000
8391,node_01,1780479053,data_collection,cooking_fume,exposure,,false,false,,rule_fallback_v0,2913,4095,2497,3139,24,39,47,28.4,65.4,true,unclassified,1780479053058
8392,node_01,1780479054,data_collection,cooking_fume,exposure,,false,false,,rule_fallback_v0,2911,4095,2496,3139,24,39,47,28.4,65.4,true,unclassified,1780479054091
8393,node_01,1780479055,data_collection,cooking_fume,exposure,,false,false,,rule_fallback_v0,2911,4095,2495,3139,24,39,47,28.4,65.4,true,unclassified,1780479055135
8394,node_01,1780479056,data_collection,cooking_fume,exposure,,false,false,,rule_fallback_v0,2911,4095,2495,3139,24,39,47,28.4,65.6,true,unclassified,1780479056183
8395,node_01,1780479057,data_collection,cooking_fume,exposure,,false,false,,rule_fallback_v0,2914,4095,2496,3139,24,40,47,28.4,65.6,true,unclassified,1780479057226
8396,node_01,1780479058,data_collection,cooking_fume,exposure,,false,false,,rule_fallback_v0,2908,4095,2496,3139,24,40,47,28.4,65.6,true,unclassified,1780479058280
8397,node_01,1780479059,data_collection,cooking_fume,exposure,,false,false,,rule_fallback_v0,2918,4095,2499,3139,23,39,46,28.4,65.8,true,unclassified,1780479059315
8398,node_01,1780479060,data_collection,cooking_fume,exposure,,false,false,,rule_fallback_v0,2906,4095,2494,3139,23,39,46,28.4,65.8,true,unclassified,1780479060359
8399,node_01,1780479061,data_collection,cooking_fume,exposure,,false,false,,rule_fallback_v0,2915,4095,2497,3139,24,40,48,28.4,65.8,true,unclassified,1780479061406
8400,node_01,1780479062,data_collection,cooking_fume,exposure,,false,false,,rule_fallback_v0,2908,4095,2495,3139,26,41,49,28.4,65.9,true,unclassified,1780479062450
8401,node_01,1780479063,data_collection,cooking_fume,exposure,,false,false,,rule_fallback_v0,2917,4095,2496,3139,26,42,51,28.4,65.9,true,unclassified,1780479063497
8402,node_01,1780479065,data_collection,cooking_fume,exposure,,false,false,,rule_fallback_v0,2910,4095,2495,3139,28,44,53,28.4,65.9,true,unclassified,1780479064546
8403,node_01,1780479066,data_collection,cooking_fume,exposure,,false,false,,rule_fallback_v0,2914,4095,2498,3139,28,45,55,28.4,65.6,true,unclassified,1780479065582
8404,node_01,1780479067,data_collection,cooking_fume,exposure,,false,false,,rule_fallback_v0,2910,4095,2495,3139,29,46,57,28.4,65.6,true,unclassified,1780479066629
8405,node_01,1780479068,data_collection,cooking_fume,exposure,,false,false,,rule_fallback_v0,2915,4095,2496,3139,30,48,59,28.4,65.6,true,unclassified,1780479067672
8406,node_01,1780479069,data_collection,cooking_fume,exposure,,false,false,,rule_fallback_v0,2914,4095,2495,3139,30,49,60,28.4,65.5,true,unclassified,1780479068722
8407,node_01,1780479070,data_collection,cooking_fume,exposure,,false,false,,rule_fallback_v0,2914,4095,2497,3139,31,50,62,28.4,65.5,true,unclassified,1780479069764
8408,node_01,1780479071,data_collection,cooking_fume,exposure,,false,false,,rule_fallback_v0,2908,4095,2497,3139,33,52,65,28.4,65.5,true,unclassified,1780479070808
8409,node_01,1780479072,data_collection,cooking_fume,exposure,,false,false,,rule_fallback_v0,2917,4095,2497,3139,34,54,67,28.4,65.3,true,unclassified,1780479071854
8410,node_01,1780479073,data_collection,cooking_fume,exposure,,false,false,,rule_fallback_v0,2913,4095,2498,3139,34,57,69,28.4,65.3,true,unclassified,1780479072898
8411,node_01,1780479074,data_collection,cooking_fume,exposure,,false,false,,rule_fallback_v0,2918,4095,2494,3139,34,59,69,28.4,65.3,true,unclassified,1780479073945
8412,node_01,1780479075,data_collection,cooking_fume,exposure,,false,false,,rule_fallback_v0,2909,4095,2498,3139,35,61,72,28.4,65.1,true,unclassified,1780479074989
8413,node_01,1780479076,data_collection,cooking_fume,exposure,,false,false,,rule_fallback_v0,2914,4095,2496,3139,37,65,73,28.4,65.1,true,unclassified,1780479076034
8414,node_01,1780479077,data_collection,cooking_fume,exposure,,false,false,,rule_fallback_v0,2907,4095,2495,3139,40,68,76,28.4,65.1,true,unclassified,1780479077080
8415,node_01,1780479078,data_collection,cooking_fume,exposure,,false,false,,rule_fallback_v0,2918,4095,2498,3139,41,71,77,28.4,64.8,true,unclassified,1780479078129
8416,node_01,1780479079,data_collection,cooking_fume,exposure,,false,false,,rule_fallback_v0,2911,4095,2498,3139,42,74,79,28.4,64.8,true,unclassified,1780479079166
8417,node_01,1780479080,data_collection,cooking_fume,exposure,,false,false,,rule_fallback_v0,2913,4095,2496,3139,44,77,81,28.4,64.8,true,unclassified,1780479080213
8418,node_01,1780479081,data_collection,cooking_fume,exposure,,false,false,,rule_fallback_v0,2912,4095,2496,3139,44,80,84,28.4,64.8,true,unclassified,1780479081262
8419,node_01,1780479082,data_collection,cooking_fume,exposure,,false,false,,rule_fallback_v0,2914,4095,2498,3139,46,82,87,28.4,64.8,true,unclassified,1780479082302
8420,node_01,1780479083,data_collection,cooking_fume,exposure,,false,false,,rule_fallback_v0,2906,4095,2498,3139,47,84,89,28.4,64.8,true,unclassified,1780479083350
8421,node_01,1780479084,data_collection,cooking_fume,exposure,,false,false,,rule_fallback_v0,2916,4095,2497,3139,48,85,90,28.4,64.6,true,unclassified,1780479084394
8422,node_01,1780479085,data_collection,cooking_fume,exposure,,false,false,,rule_fallback_v0,2910,4095,2496,3139,48,86,92,28.4,64.6,true,unclassified,1780479085441
8423,node_01,1780479086,data_collection,cooking_fume,exposure,,false,false,,rule_fallback_v0,2918,4095,2496,3139,47,86,93,28.4,64.6,true,unclassified,1780479086488
8424,node_01,1780479087,data_collection,cooking_fume,exposure,,false,false,,rule_fallback_v0,2907,4095,2498,3139,48,87,93,28.4,64.6,true,unclassified,1780479087527
8425,node_01,1780479089,data_collection,cooking_fume,exposure,,false,false,,rule_fallback_v0,2915,4095,2497,3139,48,87,94,28.4,64.6,true,unclassified,1780479088575
8426,node_01,1780479090,data_collection,cooking_fume,exposure,,false,false,,rule_fallback_v0,2907,4095,2499,3139,49,88,95,28.4,64.6,true,unclassified,1780479089622
8427,node_01,1780479091,data_collection,cooking_fume,exposure,,false,false,,rule_fallback_v0,2918,4095,2497,3139,49,88,95,28.4,64.6,true,unclassified,1780479090663
8428,node_01,1780479092,data_collection,cooking_fume,exposure,,false,false,,rule_fallback_v0,2914,4095,2497,3139,48,87,94,28.4,64.6,true,unclassified,1780479091709
8429,node_01,1780479093,data_collection,cooking_fume,exposure,,false,false,,rule_fallback_v0,2915,4095,2494,3139,48,88,94,28.4,64.6,true,unclassified,1780479092756
8430,node_01,1780479094,data_collection,cooking_fume,exposure,,false,false,,rule_fallback_v0,2911,4095,2496,3139,49,88,94,28.4,64.5,true,unclassified,1780479093798
8431,node_01,1780479095,data_collection,cooking_fume,exposure,,false,false,,rule_fallback_v0,2914,4095,2496,3139,49,89,94,28.4,64.5,true,unclassified,1780479094842
8432,node_01,1780479096,data_collection,cooking_fume,exposure,,false,false,,rule_fallback_v0,2913,4095,2497,3139,48,89,94,28.4,64.5,true,unclassified,1780479095889
8433,node_01,1780479097,data_collection,cooking_fume,exposure,,false,false,,rule_fallback_v0,2915,4095,2496,3139,48,89,94,28.4,64.4,true,unclassified,1780479096934
8434,node_01,1780479098,data_collection,cooking_fume,exposure,,false,false,,rule_fallback_v0,2911,4095,2494,3139,49,90,95,28.4,64.4,true,unclassified,1780479097982
8435,node_01,1780479099,data_collection,cooking_fume,exposure,,false,false,,rule_fallback_v0,2917,4095,2497,3139,49,90,95,28.4,64.4,true,unclassified,1780479099024
8436,node_01,1780479100,data_collection,cooking_fume,exposure,,false,false,,rule_fallback_v0,2909,4095,2496,3139,49,90,95,28.5,64.3,true,unclassified,1780479100068
8437,node_01,1780479101,data_collection,cooking_fume,exposure,,false,false,,rule_fallback_v0,2912,4095,2496,3139,47,89,94,28.5,64.3,true,unclassified,1780479101115
8438,node_01,1780479102,data_collection,cooking_fume,exposure,,false,false,,rule_fallback_v0,2907,4095,2496,3139,47,89,94,28.5,64.3,true,unclassified,1780479102159
8439,node_01,1780479103,data_collection,cooking_fume,exposure,,false,false,,rule_fallback_v0,2915,4095,2501,3139,47,89,94,28.4,64.3,true,unclassified,1780479103203
8440,node_01,1780479104,data_collection,cooking_fume,exposure,,false,false,,rule_fallback_v0,2906,4095,2498,3139,48,89,95,28.4,64.3,true,unclassified,1780479104253
8441,node_01,1780479105,data_collection,cooking_fume,exposure,,false,false,,rule_fallback_v0,2916,4095,2494,3139,48,89,94,28.4,64.3,true,unclassified,1780479105291
8442,node_01,1780479106,data_collection,cooking_fume,exposure,,false,false,,rule_fallback_v0,2907,4095,2494,3139,48,88,94,28.4,64.2,true,unclassified,1780479106336
8443,node_01,1780479107,data_collection,cooking_fume,exposure,,false,false,,rule_fallback_v0,2917,4095,2497,3139,47,88,94,28.4,64.2,true,unclassified,1780479107384
8444,node_01,1780479108,data_collection,cooking_fume,exposure,,false,false,,rule_fallback_v0,2912,4095,2498,3139,47,88,94,28.4,64.2,true,unclassified,1780479108425
8445,node_01,1780479109,data_collection,cooking_fume,exposure,,false,false,,rule_fallback_v0,2912,4095,2496,3139,47,88,93,28.5,64.3,true,unclassified,1780479109476
8446,node_01,1780479110,data_collection,cooking_fume,exposure,,false,false,,rule_fallback_v0,2910,4095,2496,3139,46,87,92,28.5,64.3,true,unclassified,1780479110517
8447,node_01,1780479112,data_collection,cooking_fume,exposure,,false,false,,rule_fallback_v0,2914,4095,2493,3139,46,86,91,28.5,64.3,true,unclassified,1780479111565
8448,node_01,1780479113,data_collection,cooking_fume,exposure,,false,false,,rule_fallback_v0,2911,4095,2497,3139,47,87,92,28.4,64.5,true,unclassified,1780479112607
8449,node_01,1780479114,data_collection,cooking_fume,exposure,,false,false,,rule_fallback_v0,2913,4095,2495,3139,47,86,91,28.4,64.5,true,unclassified,1780479113649
8450,node_01,1780479115,data_collection,cooking_fume,exposure,,false,false,,rule_fallback_v0,2906,4095,2495,3139,46,86,90,28.4,64.5,true,unclassified,1780479114701
8451,node_01,1780479116,data_collection,cooking_fume,exposure,,false,false,,rule_fallback_v0,2916,4095,2496,3139,46,85,91,28.5,64.5,true,unclassified,1780479115738
8452,node_01,1780479117,data_collection,cooking_fume,exposure,,false,false,,rule_fallback_v0,2909,4095,2496,3139,46,85,91,28.5,64.5,true,unclassified,1780479116788
8453,node_01,1780479118,data_collection,cooking_fume,exposure,,false,false,,rule_fallback_v0,2918,4095,2493,3139,46,84,90,28.5,64.5,true,unclassified,1780479117830
8454,node_01,1780479119,data_collection,cooking_fume,exposure,,false,false,,rule_fallback_v0,2910,4095,2496,3139,46,84,89,28.4,64.6,true,unclassified,1780479118878
8455,node_01,1780479120,data_collection,cooking_fume,exposure,,false,false,,rule_fallback_v0,2914,4095,2493,3139,44,83,88,28.4,64.6,true,unclassified,1780479119929
8456,node_01,1780479121,data_collection,cooking_fume,exposure,,false,false,,rule_fallback_v0,2908,4095,2496,3139,44,83,88,28.4,64.6,true,unclassified,1780479120971
8457,node_01,1780479122,data_collection,cooking_fume,exposure,,false,false,,rule_fallback_v0,2915,4095,2496,3139,43,81,86,28.5,64.8,true,unclassified,1780479122010
8458,node_01,1780479123,data_collection,cooking_fume,exposure,,false,false,,rule_fallback_v0,2906,4095,2497,3139,43,80,85,28.5,64.8,true,unclassified,1780479123053
8459,node_01,1780479124,data_collection,cooking_fume,exposure,,false,false,,rule_fallback_v0,2913,4095,2496,3139,43,79,85,28.5,64.8,true,unclassified,1780479124106
8460,node_01,1780479125,data_collection,cooking_fume,exposure,,false,false,,rule_fallback_v0,2909,4095,2495,3139,44,80,85,28.5,65,true,unclassified,1780479125149
8461,node_01,1780479126,data_collection,cooking_fume,exposure,,false,false,,rule_fallback_v0,2910,4095,2495,3139,44,80,84,28.5,65,true,unclassified,1780479126191
8462,node_01,1780479127,data_collection,cooking_fume,exposure,,false,false,,rule_fallback_v0,2910,4095,2495,3139,43,79,84,28.5,65,true,unclassified,1780479127235
8463,node_01,1780479128,data_collection,cooking_fume,exposure,,false,false,,rule_fallback_v0,2918,4095,2496,3139,43,78,84,28.4,64.8,true,unclassified,1780479128281
8464,node_01,1780479129,data_collection,cooking_fume,exposure,,false,false,,rule_fallback_v0,2907,4095,2498,3139,43,78,83,28.4,64.8,true,unclassified,1780479129328
8465,node_01,1780479130,data_collection,cooking_fume,exposure,,false,false,,rule_fallback_v0,2915,4095,2494,3139,42,78,82,28.4,64.8,true,unclassified,1780479130368
8466,node_01,1780479131,data_collection,cooking_fume,exposure,,false,false,,rule_fallback_v0,2906,4095,2494,3139,42,77,81,28.5,64.9,true,unclassified,1780479131412
8467,node_01,1780479132,data_collection,cooking_fume,exposure,,false,false,,rule_fallback_v0,2911,4095,2494,3139,42,76,80,28.5,64.9,true,unclassified,1780479132457
8468,node_01,1780479133,data_collection,cooking_fume,exposure,,false,false,,rule_fallback_v0,2906,4095,2496,3139,40,75,79,28.5,64.9,true,unclassified,1780479133505
8469,node_01,1780479135,data_collection,cooking_fume,exposure,,false,false,,rule_fallback_v0,2914,4095,2495,3139,40,74,78,28.5,64.7,true,unclassified,1780479134547
8470,node_01,1780479136,data_collection,cooking_fume,exposure,,false,false,,rule_fallback_v0,2906,4095,2494,3139,39,73,78,28.5,64.7,true,unclassified,1780479135597
8471,node_01,1780479137,data_collection,cooking_fume,exposure,,false,false,,rule_fallback_v0,2914,4095,2493,3139,39,73,78,28.5,64.7,true,unclassified,1780479136640
8472,node_01,1780479138,data_collection,cooking_fume,exposure,,false,false,,rule_fallback_v0,2910,4095,2493,3139,39,72,77,28.4,64.7,true,unclassified,1780479137684
8473,node_01,1780479139,data_collection,cooking_fume,exposure,,false,false,,rule_fallback_v0,2917,4095,2494,3139,39,71,77,28.4,64.7,true,unclassified,1780479138727
8474,node_01,1780479140,data_collection,cooking_fume,exposure,,false,false,,rule_fallback_v0,2906,4095,2493,3139,38,71,77,28.4,64.7,true,unclassified,1780479139773
8475,node_01,1780479141,data_collection,cooking_fume,exposure,,false,false,,rule_fallback_v0,2912,4095,2498,3139,38,69,76,28.5,64.6,true,unclassified,1780479140816
8476,node_01,1780479142,data_collection,cooking_fume,exposure,,false,false,,rule_fallback_v0,2911,4095,2494,3139,37,69,76,28.5,64.6,true,unclassified,1780479141862
8477,node_01,1780479143,data_collection,cooking_fume,exposure,,false,false,,rule_fallback_v0,2915,4095,2495,3139,38,69,76,28.5,64.6,true,unclassified,1780479142912
8478,node_01,1780479144,data_collection,cooking_fume,exposure,,false,false,,rule_fallback_v0,2907,4095,2497,3139,38,68,76,28.5,64.7,true,unclassified,1780479143953
8479,node_01,1780479145,data_collection,cooking_fume,exposure,,false,false,,rule_fallback_v0,2916,4095,2492,3139,38,68,75,28.5,64.7,true,unclassified,1780479144997
8480,node_01,1780479146,data_collection,cooking_fume,exposure,,false,false,,rule_fallback_v0,2907,4095,2494,3139,36,67,75,28.5,64.7,true,unclassified,1780479146040
8481,node_01,1780479147,data_collection,cooking_fume,exposure,,false,false,,rule_fallback_v0,2913,4095,2494,3139,36,66,74,28.5,64.8,true,unclassified,1780479147090
8482,node_01,1780479148,data_collection,cooking_fume,exposure,,false,false,,rule_fallback_v0,2906,4095,2495,3139,36,66,74,28.5,64.8,true,unclassified,1780479148134
8483,node_01,1780479149,data_collection,cooking_fume,exposure,,false,false,,rule_fallback_v0,2919,4095,2494,3139,35,65,73,28.5,64.8,true,unclassified,1780479149176
8484,node_01,1780479150,data_collection,cooking_fume,exposure,,false,false,,rule_fallback_v0,2908,4095,2496,3139,35,64,73,28.5,64.8,true,unclassified,1780479150236
8485,node_01,1780479151,data_collection,cooking_fume,exposure,,false,false,,rule_fallback_v0,2913,4095,2493,3139,35,64,73,28.5,64.8,true,unclassified,1780479151267
8486,node_01,1780479152,data_collection,cooking_fume,exposure,,false,false,,rule_fallback_v0,2908,4095,2496,3139,34,61,71,28.5,64.8,true,unclassified,1780479152312
8487,node_01,1780479153,data_collection,cooking_fume,exposure,,false,false,,rule_fallback_v0,2914,4095,2497,3139,33,61,71,28.5,64.8,true,unclassified,1780479153356
8488,node_01,1780479154,data_collection,cooking_fume,exposure,,false,false,,rule_fallback_v0,2910,4095,2494,3139,34,62,72,28.5,64.8,true,unclassified,1780479154400
8489,node_01,1780479155,data_collection,cooking_fume,exposure,,false,false,,rule_fallback_v0,2912,4095,2494,3139,34,61,72,28.5,64.8,true,unclassified,1780479155455
8490,node_01,1780479156,data_collection,cooking_fume,exposure,,false,false,,rule_fallback_v0,2908,4095,2495,3139,34,60,71,28.4,64.8,true,unclassified,1780479156490
8491,node_01,1780479158,data_collection,cooking_fume,exposure,,false,false,,rule_fallback_v0,2911,4095,2496,3139,33,59,69,28.4,64.8,true,unclassified,1780479157545
8492,node_01,1780479159,data_collection,cooking_fume,exposure,,false,false,,rule_fallback_v0,2908,4095,2493,3139,33,59,69,28.4,64.8,true,unclassified,1780479158580
8493,node_01,1780479160,data_collection,cooking_fume,exposure,,false,false,,rule_fallback_v0,2911,4095,2496,3139,33,58,69,28.5,64.8,true,unclassified,1780479159624
8494,node_01,1780479161,data_collection,cooking_fume,exposure,,false,false,,rule_fallback_v0,2907,4095,2493,3139,32,58,69,28.5,64.8,true,unclassified,1780479160671
8495,node_01,1780479162,data_collection,cooking_fume,exposure,,false,false,,rule_fallback_v0,2914,4095,2496,3139,32,57,69,28.5,64.8,true,unclassified,1780479161718
8496,node_01,1780479163,data_collection,cooking_fume,exposure,,false,false,,rule_fallback_v0,2904,4095,2494,3139,32,57,69,28.5,64.7,true,unclassified,1780479162760
8497,node_01,1780479164,data_collection,cooking_fume,exposure,,false,false,,rule_fallback_v0,2914,4095,2494,3139,33,58,69,28.5,64.7,true,unclassified,1780479163806
8498,node_01,1780479165,data_collection,cooking_fume,exposure,,false,false,,rule_fallback_v0,2906,4095,2495,3139,33,58,69,28.5,64.7,true,unclassified,1780479164847
8499,node_01,1780479166,data_collection,cooking_fume,exposure,,false,false,,rule_fallback_v0,2916,4095,2495,3139,33,57,69,28.5,64.4,true,unclassified,1780479165900
8500,node_01,1780479167,data_collection,cooking_fume,exposure,,false,false,,rule_fallback_v0,2911,4095,2495,3139,32,56,67,28.5,64.4,true,unclassified,1780479166941
8501,node_01,1780479168,data_collection,cooking_fume,exposure,,false,false,,rule_fallback_v0,2914,4095,2494,3139,32,55,67,28.5,64.4,true,unclassified,1780479167985
8502,node_01,1780479169,data_collection,cooking_fume,exposure,,false,false,,rule_fallback_v0,2909,4095,2497,3139,31,55,66,28.5,64.3,true,unclassified,1780479169026
8503,node_01,1780479170,data_collection,cooking_fume,exposure,,false,false,,rule_fallback_v0,2915,4095,2493,3139,31,55,66,28.5,64.3,true,unclassified,1780479170075
8504,node_01,1780479171,data_collection,cooking_fume,exposure,,false,false,,rule_fallback_v0,2907,4095,2495,3139,31,54,66,28.5,64.3,true,unclassified,1780479171123
8505,node_01,1780479172,data_collection,cooking_fume,exposure,,false,false,,rule_fallback_v0,2917,4095,2494,3139,30,54,66,28.5,64.2,true,unclassified,1780479172167
8506,node_01,1780479173,data_collection,cooking_fume,exposure,,false,false,,rule_fallback_v0,2909,4095,2496,3139,31,54,67,28.5,64.2,true,unclassified,1780479173206
8507,node_01,1780479174,data_collection,cooking_fume,exposure,,false,false,,rule_fallback_v0,2914,4095,2494,3139,31,53,66,28.5,64.2,true,unclassified,1780479174252
8508,node_01,1780479175,data_collection,cooking_fume,exposure,,false,false,,rule_fallback_v0,2907,4095,2495,3139,31,53,66,28.5,64.1,true,unclassified,1780479175298
8509,node_01,1780479176,data_collection,cooking_fume,exposure,,false,false,,rule_fallback_v0,2911,4095,2493,3139,31,53,66,28.5,64.1,true,unclassified,1780479176342
8510,node_01,1780479177,data_collection,cooking_fume,exposure,,false,false,,rule_fallback_v0,2908,4095,2496,3139,31,52,66,28.5,64.1,true,unclassified,1780479177410
8511,node_01,1780479178,data_collection,cooking_fume,exposure,,false,false,,rule_fallback_v0,2910,4095,2495,3139,31,52,65,28.5,64.1,true,unclassified,1780479178433
8512,node_01,1780479179,data_collection,cooking_fume,exposure,,false,false,,rule_fallback_v0,2914,4095,2493,3139,31,52,64,28.5,64.1,true,unclassified,1780479179476
8513,node_01,1780479180,data_collection,cooking_fume,exposure,,false,false,,rule_fallback_v0,2910,4095,2494,3139,31,52,64,28.5,64.1,true,unclassified,1780479180523
8514,node_01,1780479182,data_collection,cooking_fume,exposure,,false,false,,rule_fallback_v0,2912,4095,2495,3139,31,52,64,28.5,64.1,true,unclassified,1780479181568
8515,node_01,1780479183,data_collection,cooking_fume,exposure,,false,false,,rule_fallback_v0,2908,4095,2494,3139,31,51,63,28.5,64.1,true,unclassified,1780479182612
8516,node_01,1780479184,data_collection,cooking_fume,exposure,,false,false,,rule_fallback_v0,2907,4095,2497,3139,31,51,63,28.5,64.1,true,unclassified,1780479183659
8517,node_01,1780479185,data_collection,cooking_fume,exposure,,false,false,,rule_fallback_v0,2915,4095,2496,3139,30,50,62,28.5,64.1,true,unclassified,1780479184703
8518,node_01,1780479186,data_collection,cooking_fume,exposure,,false,false,,rule_fallback_v0,2908,4095,2497,3139,30,50,61,28.5,64.1,true,unclassified,1780479185747
8519,node_01,1780479187,data_collection,cooking_fume,exposure,,false,false,,rule_fallback_v0,2916,4095,2497,3139,30,50,61,28.5,64.1,true,unclassified,1780479186789
8520,node_01,1780479188,data_collection,cooking_fume,exposure,,false,false,,rule_fallback_v0,2905,4095,2495,3139,30,49,61,28.5,64.1,true,unclassified,1780479187836
8521,node_01,1780479189,data_collection,cooking_fume,exposure,,false,false,,rule_fallback_v0,2913,4095,2495,3139,30,49,61,28.5,64.1,true,unclassified,1780479188881
8522,node_01,1780479190,data_collection,cooking_fume,exposure,,false,false,,rule_fallback_v0,2904,4095,2494,3139,29,49,60,28.5,64.1,true,unclassified,1780479189926
8523,node_01,1780479191,data_collection,cooking_fume,exposure,,false,false,,rule_fallback_v0,2912,4095,2496,3139,30,50,61,28.5,64.1,true,unclassified,1780479190976
8524,node_01,1780479192,data_collection,cooking_fume,exposure,,false,false,,rule_fallback_v0,2909,4095,2495,3139,30,50,61,28.5,64.1,true,unclassified,1780479192022
8525,node_01,1780479193,data_collection,cooking_fume,exposure,,false,false,,rule_fallback_v0,2914,4095,2495,3139,30,50,61,28.5,64.1,true,unclassified,1780479193061
8526,node_01,1780479194,data_collection,cooking_fume,exposure,,false,false,,rule_fallback_v0,2910,4095,2494,3139,29,49,60,28.5,64,true,unclassified,1780479194109
8527,node_01,1780479195,data_collection,cooking_fume,exposure,,false,false,,rule_fallback_v0,2911,4095,2496,3139,29,49,60,28.5,64,true,unclassified,1780479195147
8528,node_01,1780479196,data_collection,cooking_fume,exposure,,false,false,,rule_fallback_v0,2906,4095,2494,3139,30,49,61,28.5,64,true,unclassified,1780479196195
8529,node_01,1780479197,data_collection,cooking_fume,exposure,,false,false,,rule_fallback_v0,2914,4095,2494,3139,30,49,61,28.5,64,true,unclassified,1780479197239
8530,node_01,1780479198,data_collection,cooking_fume,exposure,,false,false,,rule_fallback_v0,2907,4095,2494,3139,30,49,60,28.5,64,true,unclassified,1780479198285
8531,node_01,1780479199,data_collection,cooking_fume,exposure,,false,false,,rule_fallback_v0,2909,4095,2493,3139,30,49,61,28.5,64,true,unclassified,1780479199389
8532,node_01,1780479200,data_collection,cooking_fume,exposure,,false,false,,rule_fallback_v0,2908,4095,2494,3139,30,49,61,28.6,63.9,true,unclassified,1780479200377
8533,node_01,1780479201,data_collection,cooking_fume,exposure,,false,false,,rule_fallback_v0,2913,4095,2494,3139,30,49,61,28.6,63.9,true,unclassified,1780479201437
8534,node_01,1780479202,data_collection,cooking_fume,exposure,,false,false,,rule_fallback_v0,2907,4095,2495,3139,29,48,60,28.6,63.9,true,unclassified,1780479202465
8535,node_01,1780479203,data_collection,cooking_fume,exposure,,false,false,,rule_fallback_v0,2917,4095,2494,3139,29,48,60,28.5,63.9,true,unclassified,1780479203508
8536,node_01,1780479205,data_collection,cooking_fume,exposure,,false,false,,rule_fallback_v0,2910,4095,2494,3139,28,48,60,28.5,63.9,true,unclassified,1780479204555
8537,node_01,1780479206,data_collection,cooking_fume,exposure,,false,false,,rule_fallback_v0,2915,4095,2492,3139,29,50,61,28.5,63.9,true,unclassified,1780479205599
8538,node_01,1780479207,data_collection,cooking_fume,exposure,,false,false,,rule_fallback_v0,2909,4095,2495,3139,29,50,61,28.5,64,true,unclassified,1780479206653
8539,node_01,1780479208,data_collection,cooking_fume,exposure,,false,false,,rule_fallback_v0,2913,4095,2496,3139,29,50,61,28.5,64,true,unclassified,1780479207689
8540,node_01,1780479209,data_collection,cooking_fume,exposure,,false,false,,rule_fallback_v0,2907,4095,2495,3139,28,49,60,28.5,64,true,unclassified,1780479208732
8541,node_01,1780479210,data_collection,cooking_fume,exposure,,false,false,,rule_fallback_v0,2917,4095,2496,3139,28,49,60,28.5,63.9,true,unclassified,1780479209777
8542,node_01,1780479211,data_collection,cooking_fume,exposure,,false,false,,rule_fallback_v0,2906,4095,2493,3139,28,49,60,28.5,63.9,true,unclassified,1780479210824
8543,node_01,1780479212,data_collection,cooking_fume,exposure,,false,false,,rule_fallback_v0,2916,4095,2496,3139,29,50,61,28.5,63.9,true,unclassified,1780479211876
8544,node_01,1780479213,data_collection,cooking_fume,exposure,,false,false,,rule_fallback_v0,2907,4095,2495,3139,29,50,61,28.5,63.7,true,unclassified,1780479212912
8545,node_01,1780479214,data_collection,cooking_fume,exposure,,false,false,,rule_fallback_v0,2913,4095,2494,3139,29,50,60,28.5,63.7,true,unclassified,1780479213959
8546,node_01,1780479215,data_collection,cooking_fume,exposure,,false,false,,rule_fallback_v0,2909,4095,2495,3139,29,49,60,28.5,63.7,true,unclassified,1780479215002
8547,node_01,1780479216,data_collection,cooking_fume,exposure,,false,false,,rule_fallback_v0,2919,4095,2496,3139,30,49,60,28.5,64.1,true,unclassified,1780479216046
8548,node_01,1780479217,data_collection,cooking_fume,exposure,,false,false,,rule_fallback_v0,2909,4095,2497,3139,29,48,59,28.5,64.1,true,unclassified,1780479217094
8549,node_01,1780479218,data_collection,cooking_fume,exposure,,false,false,,rule_fallback_v0,2914,4095,2497,3139,29,48,59,28.5,64.1,true,unclassified,1780479218139
8550,node_01,1780479219,data_collection,cooking_fume,exposure,,false,false,,rule_fallback_v0,2906,4095,2496,3139,29,48,59,28.5,64.2,true,unclassified,1780479219185
8551,node_01,1780479220,data_collection,cooking_fume,exposure,,false,false,,rule_fallback_v0,2917,4095,2498,3139,30,50,60,28.5,64.2,true,unclassified,1780479220231
8552,node_01,1780479221,data_collection,cooking_fume,exposure,,false,false,,rule_fallback_v0,2909,4095,2494,3139,30,50,60,28.5,64.2,true,unclassified,1780479221273
8553,node_01,1780479222,data_collection,cooking_fume,exposure,,false,false,,rule_fallback_v0,2915,4095,2498,3139,29,49,60,28.5,64.5,true,unclassified,1780479222321
8554,node_01,1780479223,data_collection,cooking_fume,exposure,,false,false,,rule_fallback_v0,2909,4095,2494,3139,28,48,59,28.5,64.5,true,unclassified,1780479223366
8555,node_01,1780479224,data_collection,cooking_fume,exposure,,false,false,,rule_fallback_v0,2909,4095,2495,3139,28,48,59,28.5,64.5,true,unclassified,1780479224406
8556,node_01,1780479225,data_collection,cooking_fume,exposure,,false,false,,rule_fallback_v0,2908,4095,2495,3139,28,47,59,28.5,64.9,true,unclassified,1780479225453
8557,node_01,1780479226,data_collection,cooking_fume,exposure,,false,false,,rule_fallback_v0,2912,4095,2495,3139,29,48,59,28.5,64.9,true,unclassified,1780479226501
8558,node_01,1780479228,data_collection,cooking_fume,exposure,,false,false,,rule_fallback_v0,2909,4095,2494,3139,29,48,59,28.5,64.9,true,unclassified,1780479227549
8559,node_01,1780479229,data_collection,cooking_fume,exposure,,false,false,,rule_fallback_v0,2923,4095,2497,3139,29,48,58,28.6,65,true,unclassified,1780479228585
8560,node_01,1780479230,data_collection,cooking_fume,exposure,,false,false,,rule_fallback_v0,2908,4095,2497,3139,29,48,58,28.6,65,true,unclassified,1780479229630
8561,node_01,1780479231,data_collection,cooking_fume,exposure,,false,false,,rule_fallback_v0,2918,4095,2497,3139,29,47,57,28.6,65,true,unclassified,1780479230675
8562,node_01,1780479232,data_collection,cooking_fume,exposure,,false,false,,rule_fallback_v0,2911,4095,2494,3139,29,47,57,28.5,65,true,unclassified,1780479231725
8563,node_01,1780479233,data_collection,cooking_fume,exposure,,false,false,,rule_fallback_v0,2915,4095,2495,3139,29,47,57,28.5,65,true,unclassified,1780479232769
8564,node_01,1780479234,data_collection,cooking_fume,exposure,,false,false,,rule_fallback_v0,2907,4095,2495,3139,29,47,56,28.5,65,true,unclassified,1780479233814
8565,node_01,1780479235,data_collection,cooking_fume,exposure,,false,false,,rule_fallback_v0,2913,4095,2495,3139,29,47,56,28.6,64.9,true,unclassified,1780479234856
8566,node_01,1780479236,data_collection,cooking_fume,exposure,,false,false,,rule_fallback_v0,2906,4095,2496,3139,28,45,55,28.6,64.9,true,unclassified,1780479235928
8567,node_01,1780479237,data_collection,cooking_fume,exposure,,false,false,,rule_fallback_v0,2909,4095,2494,3139,28,45,55,28.6,64.9,true,unclassified,1780479236952
8568,node_01,1780479238,data_collection,cooking_fume,exposure,,false,false,,rule_fallback_v0,2911,4095,2494,3139,29,46,56,28.6,64.7,true,unclassified,1780479237997
8569,node_01,1780479239,data_collection,cooking_fume,exposure,,false,false,,rule_fallback_v0,2907,4095,2493,3139,29,46,55,28.6,64.7,true,unclassified,1780479239037
8570,node_01,1780479240,data_collection,cooking_fume,exposure,,false,false,,rule_fallback_v0,2911,4095,2495,3139,29,46,55,28.6,64.7,true,unclassified,1780479240083
8571,node_01,1780479241,data_collection,cooking_fume,exposure,,false,false,,rule_fallback_v0,2915,4095,2495,3139,29,46,55,28.5,64.7,true,unclassified,1780479241127
8572,node_01,1780479242,data_collection,cooking_fume,exposure,,false,false,,rule_fallback_v0,2909,4095,2497,3139,29,46,55,28.5,64.7,true,unclassified,1780479242169
8573,node_01,1780479243,data_collection,cooking_fume,exposure,,false,false,,rule_fallback_v0,2920,4095,2492,3139,29,46,55,28.5,64.7,true,unclassified,1780479243219
8574,node_01,1780479244,data_collection,cooking_fume,exposure,,false,false,,rule_fallback_v0,2908,4095,2498,3139,27,44,54,28.6,64.4,true,unclassified,1780479244261
8575,node_01,1780479245,data_collection,cooking_fume,exposure,,false,false,,rule_fallback_v0,2918,4095,2494,3139,27,44,54,28.6,64.4,true,unclassified,1780479245305
8576,node_01,1780479246,data_collection,cooking_fume,exposure,,false,false,,rule_fallback_v0,2916,4095,2497,3139,27,44,54,28.6,64.4,true,unclassified,1780479246355
8577,node_01,1780479247,data_collection,cooking_fume,exposure,,false,false,,rule_fallback_v0,2914,4095,2497,3139,27,44,54,28.6,64.4,true,unclassified,1780479247394
8578,node_01,1780479248,data_collection,cooking_fume,exposure,,false,false,,rule_fallback_v0,2919,4095,2494,3139,27,44,53,28.6,64.4,true,unclassified,1780479248438
8579,node_01,1780479249,data_collection,cooking_fume,exposure,,false,false,,rule_fallback_v0,2914,4095,2495,3139,27,43,53,28.6,64.4,true,unclassified,1780479249484
8580,node_01,1780479251,data_collection,cooking_fume,exposure,,false,false,,rule_fallback_v0,2910,4095,2498,3139,28,44,53,28.6,64.1,true,unclassified,1780479250533
8581,node_01,1780479252,data_collection,cooking_fume,exposure,,false,false,,rule_fallback_v0,2917,4095,2494,3139,28,44,53,28.6,64.1,true,unclassified,1780479251572
8582,node_01,1780479253,data_collection,cooking_fume,exposure,,false,false,,rule_fallback_v0,2905,4095,2494,3139,28,44,53,28.6,64.1,true,unclassified,1780479252620
8583,node_01,1780479254,data_collection,cooking_fume,exposure,,false,false,,rule_fallback_v0,2917,4095,2496,3139,26,43,52,28.6,64.2,true,unclassified,1780479253661
8584,node_01,1780479255,data_collection,cooking_fume,exposure,,false,false,,rule_fallback_v0,2908,4095,2498,3139,26,42,51,28.6,64.2,true,unclassified,1780479254712
8585,node_01,1780479256,data_collection,cooking_fume,exposure,,false,false,,rule_fallback_v0,2919,4095,2494,3139,26,42,51,28.6,64.2,true,unclassified,1780479255757
8586,node_01,1780479257,data_collection,cooking_fume,exposure,,false,false,,rule_fallback_v0,2904,4095,2497,3139,26,42,51,28.6,64.1,true,unclassified,1780479256804
8587,node_01,1780479258,data_collection,cooking_fume,exposure,,false,false,,rule_fallback_v0,2909,4095,2494,3139,25,42,51,28.6,64.1,true,unclassified,1780479257847
8588,node_01,1780479259,data_collection,cooking_fume,exposure,,false,false,,rule_fallback_v0,2912,4095,2494,3139,25,42,50,28.6,64.1,true,unclassified,1780479258893
8589,node_01,1780479260,data_collection,cooking_fume,exposure,,false,false,,rule_fallback_v0,2911,4095,2494,3139,25,42,50,28.6,64.1,true,unclassified,1780479259935
8590,node_01,1780479261,data_collection,cooking_fume,exposure,,false,false,,rule_fallback_v0,2908,4095,2497,3139,25,42,50,28.6,64.1,true,unclassified,1780479260978
8591,node_01,1780479262,data_collection,cooking_fume,exposure,,false,false,,rule_fallback_v0,2916,4095,2495,3139,25,42,50,28.6,64.1,true,unclassified,1780479262020
8592,node_01,1780479263,data_collection,cooking_fume,exposure,,false,false,,rule_fallback_v0,2907,4095,2496,3139,25,42,50,28.6,64,true,unclassified,1780479263076
8593,node_01,1780479264,data_collection,cooking_fume,exposure,,false,false,,rule_fallback_v0,2915,4095,2493,3139,25,42,50,28.6,64,true,unclassified,1780479264110
8594,node_01,1780479265,data_collection,cooking_fume,exposure,,false,false,,rule_fallback_v0,2909,4095,2494,3139,25,41,49,28.6,64,true,unclassified,1780479265155
8595,node_01,1780479266,data_collection,cooking_fume,exposure,,false,false,,rule_fallback_v0,2915,4095,2495,3139,25,41,49,28.6,64.1,true,unclassified,1780479266201
8596,node_01,1780479267,data_collection,cooking_fume,exposure,,false,false,,rule_fallback_v0,2909,4095,2497,3139,25,41,50,28.6,64.1,true,unclassified,1780479267249
8597,node_01,1780479268,data_collection,cooking_fume,exposure,,false,false,,rule_fallback_v0,2914,4095,2496,3139,25,42,50,28.6,64.1,true,unclassified,1780479268290
8598,node_01,1780479269,data_collection,cooking_fume,exposure,,false,false,,rule_fallback_v0,2907,4095,2493,3139,25,42,50,28.6,64.2,true,unclassified,1780479269334
8599,node_01,1780479270,data_collection,cooking_fume,exposure,,false,false,,rule_fallback_v0,2912,4095,2496,3139,25,42,50,28.6,64.2,true,unclassified,1780479270382
8600,node_01,1780479271,data_collection,cooking_fume,exposure,,false,false,,rule_fallback_v0,2910,4095,2492,3139,26,43,51,28.6,64.2,true,unclassified,1780479271422
8601,node_01,1780479272,data_collection,cooking_fume,exposure,,false,false,,rule_fallback_v0,2910,4095,2496,3139,26,43,52,28.6,64.1,true,unclassified,1780479272470
8602,node_01,1780479273,data_collection,cooking_fume,exposure,,false,false,,rule_fallback_v0,2909,4095,2496,3139,26,43,52,28.6,64.1,true,unclassified,1780479273517
8603,node_01,1780479275,data_collection,cooking_fume,exposure,,false,false,,rule_fallback_v0,2915,4095,2495,3139,26,43,52,28.6,64.1,true,unclassified,1780479274564
8604,node_01,1780479276,data_collection,cooking_fume,exposure,,false,false,,rule_fallback_v0,2910,4095,2497,3139,26,43,52,28.6,64.1,true,unclassified,1780479275606
8605,node_01,1780479277,data_collection,cooking_fume,exposure,,false,false,,rule_fallback_v0,2916,4095,2495,3139,26,42,51,28.6,64.1,true,unclassified,1780479276655
8606,node_01,1780479278,data_collection,cooking_fume,exposure,,false,false,,rule_fallback_v0,2911,4095,2493,3139,25,41,50,28.6,64.1,true,unclassified,1780479277693
8607,node_01,1780479279,data_collection,cooking_fume,exposure,,false,false,,rule_fallback_v0,2911,4095,2494,3139,25,41,50,28.6,64.1,true,unclassified,1780479278739
8608,node_01,1780479280,data_collection,cooking_fume,exposure,,false,false,,rule_fallback_v0,2909,4095,2494,3139,25,41,50,28.6,64.1,true,unclassified,1780479279784
8609,node_01,1780479281,data_collection,cooking_fume,exposure,,false,false,,rule_fallback_v0,2913,4095,2496,3139,25,41,49,28.6,64.1,true,unclassified,1780479280829
8610,node_01,1780479282,data_collection,cooking_fume,exposure,,false,false,,rule_fallback_v0,2910,4095,2491,3139,25,41,49,28.6,64.1,true,unclassified,1780479281873
8611,node_01,1780479283,data_collection,cooking_fume,exposure,,false,false,,rule_fallback_v0,2914,4095,2495,3139,26,42,50,28.6,64.1,true,unclassified,1780479282915
8612,node_01,1780479284,data_collection,cooking_fume,exposure,,false,false,,rule_fallback_v0,2906,4095,2491,3139,26,42,50,28.6,64.1,true,unclassified,1780479283969
8613,node_01,1780479285,data_collection,cooking_fume,exposure,,false,false,,rule_fallback_v0,2921,4095,2497,3139,26,41,50,28.6,64.2,true,unclassified,1780479285007
8614,node_01,1780479286,data_collection,cooking_fume,exposure,,false,false,,rule_fallback_v0,2905,4095,2492,3139,25,40,49,28.6,64.2,true,unclassified,1780479286051
8615,node_01,1780479287,data_collection,cooking_fume,exposure,,false,false,,rule_fallback_v0,2917,4095,2495,3139,25,40,48,28.6,64.2,true,unclassified,1780479287098
8616,node_01,1780479288,data_collection,cooking_fume,exposure,,false,false,,rule_fallback_v0,2908,4095,2492,3139,25,40,48,28.6,64.3,true,unclassified,1780479288145
8617,node_01,1780479289,data_collection,cooking_fume,exposure,,false,false,,rule_fallback_v0,2917,4095,2494,3139,26,41,49,28.6,64.3,true,unclassified,1780479289192
8618,node_01,1780479290,data_collection,cooking_fume,exposure,,false,false,,rule_fallback_v0,2909,4095,2498,3139,26,41,49,28.6,64.3,true,unclassified,1780479290231
8619,node_01,1780479291,data_collection,cooking_fume,exposure,,false,false,,rule_fallback_v0,2917,4095,2495,3139,26,41,49,28.6,64.4,true,unclassified,1780479291275
8620,node_01,1780479292,data_collection,cooking_fume,exposure,,false,false,,rule_fallback_v0,2909,4095,2496,3139,26,41,49,28.6,64.4,true,unclassified,1780479292324
8621,node_01,1780479293,data_collection,cooking_fume,exposure,,false,false,,rule_fallback_v0,2914,4095,2494,3139,26,41,49,28.6,64.4,true,unclassified,1780479293368
8622,node_01,1780479294,data_collection,cooking_fume,exposure,,false,false,,rule_fallback_v0,2908,4095,2493,3139,26,41,49,28.6,64.4,true,unclassified,1780479294411
8623,node_01,1780479295,data_collection,cooking_fume,exposure,,false,false,,rule_fallback_v0,2913,4095,2495,3139,25,40,48,28.6,64.4,true,unclassified,1780479295458
8624,node_01,1780479296,data_collection,cooking_fume,exposure,,false,false,,rule_fallback_v0,2910,4095,2495,3139,25,40,48,28.6,64.4,true,unclassified,1780479296507
8625,node_01,1780479298,data_collection,cooking_fume,exposure,,false,false,,rule_fallback_v0,2911,4095,2496,3139,25,40,48,28.6,64.6,true,unclassified,1780479297545
8626,node_01,1780479299,data_collection,cooking_fume,exposure,,false,false,,rule_fallback_v0,2909,4095,2494,3139,25,40,48,28.6,64.6,true,unclassified,1780479298617
8627,node_01,1780479300,data_collection,cooking_fume,exposure,,false,false,,rule_fallback_v0,2916,4095,2499,3139,25,40,48,28.6,64.6,true,unclassified,1780479299635
8628,node_01,1780479301,data_collection,cooking_fume,exposure,,false,false,,rule_fallback_v0,2904,4095,2494,3139,26,41,49,28.6,64.8,true,unclassified,1780479300680
8629,node_01,1780479302,data_collection,cooking_fume,exposure,,false,false,,rule_fallback_v0,2913,4095,2493,3139,26,41,49,28.6,64.8,true,unclassified,1780479301730
8630,node_01,1780479303,data_collection,cooking_fume,exposure,,false,false,,rule_fallback_v0,2906,4095,2493,3139,26,41,48,28.6,64.8,true,unclassified,1780479302771
8631,node_01,1780479304,data_collection,cooking_fume,exposure,,false,false,,rule_fallback_v0,2917,4095,2497,3139,26,40,48,28.6,64.6,true,unclassified,1780479303816
8632,node_01,1780479305,data_collection,cooking_fume,exposure,,false,false,,rule_fallback_v0,2909,4095,2496,3139,26,40,48,28.6,64.6,true,unclassified,1780479304858
8633,node_01,1780479306,data_collection,cooking_fume,exposure,,false,false,,rule_fallback_v0,2912,4095,2493,3139,26,40,48,28.6,64.6,true,unclassified,1780479305907
8634,node_01,1780479307,data_collection,cooking_fume,exposure,,false,false,,rule_fallback_v0,2911,4095,2496,3139,25,39,47,28.6,64.8,true,unclassified,1780479306946
8635,node_01,1780479308,data_collection,cooking_fume,exposure,,false,false,,rule_fallback_v0,2909,4095,2498,3139,25,39,46,28.6,64.8,true,unclassified,1780479307995
8636,node_01,1780479309,data_collection,cooking_fume,exposure,,false,false,,rule_fallback_v0,2911,4095,2495,3139,24,39,46,28.6,64.8,true,unclassified,1780479309037
8637,node_01,1780479310,data_collection,cooking_fume,exposure,,false,false,,rule_fallback_v0,2912,4095,2495,3139,25,40,47,28.6,64.9,true,unclassified,1780479310081
8638,node_01,1780479311,data_collection,cooking_fume,exposure,,false,false,,rule_fallback_v0,2913,4095,2496,3139,25,40,47,28.6,64.9,true,unclassified,1780479311124
8639,node_01,1780479312,data_collection,cooking_fume,exposure,,false,false,,rule_fallback_v0,2914,4095,2497,3139,25,40,47,28.6,64.9,true,unclassified,1780479312170
8640,node_01,1780479313,data_collection,cooking_fume,exposure,,false,false,,rule_fallback_v0,2903,4095,2492,3139,24,39,46,28.6,64.8,true,unclassified,1780479313505
8641,node_01,1780479314,data_collection,cooking_fume,exposure,,false,false,,rule_fallback_v0,2915,4095,2493,3139,24,39,47,28.6,64.8,true,unclassified,1780479314260
8642,node_01,1780479315,data_collection,cooking_fume,exposure,,false,false,,rule_fallback_v0,2907,4095,2498,3139,24,39,47,28.6,64.8,true,unclassified,1780479315309
8643,node_01,1780479316,data_collection,cooking_fume,exposure,,false,false,,rule_fallback_v0,2914,4095,2498,3139,24,40,48,28.6,64.8,true,unclassified,1780479316351
8644,node_01,1780479317,data_collection,cooking_fume,exposure,,false,false,,rule_fallback_v0,2912,4095,2494,3139,24,41,48,28.6,64.8,true,unclassified,1780479317394
8645,node_01,1780479318,data_collection,cooking_fume,exposure,,false,false,,rule_fallback_v0,2917,4095,2493,3139,24,41,48,28.6,64.8,true,unclassified,1780479318439
8646,node_01,1780479319,data_collection,cooking_fume,exposure,,false,false,,rule_fallback_v0,2909,4095,2496,3139,25,41,49,28.6,64.8,true,unclassified,1780479319484
8647,node_01,1780479321,data_collection,cooking_fume,exposure,,false,false,,rule_fallback_v0,2915,4095,2494,3139,25,41,49,28.6,64.8,true,unclassified,1780479320532
8648,node_01,1780479322,data_collection,cooking_fume,exposure,,false,false,,rule_fallback_v0,2910,4095,2494,3139,25,41,49,28.6,64.8,true,unclassified,1780479321575
8649,node_01,1780479323,data_collection,cooking_fume,exposure,,false,false,,rule_fallback_v0,2913,4095,2499,3139,25,41,49,28.7,65,true,unclassified,1780479322621
8650,node_01,1780479324,data_collection,cooking_fume,exposure,,false,false,,rule_fallback_v0,2911,4095,2493,3139,25,41,49,28.7,65,true,unclassified,1780479323664
8651,node_01,1780479325,data_collection,cooking_fume,exposure,,false,false,,rule_fallback_v0,2913,4095,2493,3139,24,40,48,28.7,65,true,unclassified,1780479324708
8652,node_01,1780479326,data_collection,cooking_fume,exposure,,false,false,,rule_fallback_v0,2909,4095,2497,3139,24,40,48,28.7,64.9,true,unclassified,1780479325752
8653,node_01,1780479327,data_collection,cooking_fume,exposure,,false,false,,rule_fallback_v0,2919,4095,2493,3139,23,40,48,28.7,64.9,true,unclassified,1780479326800
8654,node_01,1780479328,data_collection,cooking_fume,exposure,,false,false,,rule_fallback_v0,2910,4095,2493,3139,23,40,48,28.7,64.9,true,unclassified,1780479327846
8655,node_01,1780479329,data_collection,cooking_fume,exposure,,false,false,,rule_fallback_v0,2912,4095,2496,3139,23,40,48,28.6,64.5,true,unclassified,1780479328889
8656,node_01,1780479330,data_collection,cooking_fume,exposure,,false,false,,rule_fallback_v0,2906,4095,2495,3139,23,40,48,28.6,64.5,true,unclassified,1780479329930
8657,node_01,1780479331,data_collection,cooking_fume,exposure,,false,false,,rule_fallback_v0,2913,4095,2496,3139,23,40,48,28.6,64.5,true,unclassified,1780479330978
8658,node_01,1780479332,data_collection,cooking_fume,exposure,,false,false,,rule_fallback_v0,2905,4095,2494,3139,23,40,48,28.7,64.4,true,unclassified,1780479332020
8659,node_01,1780479333,data_collection,cooking_fume,exposure,,false,false,,rule_fallback_v0,2915,4095,2495,3139,23,40,48,28.7,64.4,true,unclassified,1780479333070
8660,node_01,1780479334,data_collection,cooking_fume,exposure,,false,false,,rule_fallback_v0,2908,4095,2492,3139,23,40,48,28.7,64.4,true,unclassified,1780479334134
8661,node_01,1780479335,data_collection,cooking_fume,exposure,,false,false,,rule_fallback_v0,2914,4095,2497,3139,23,40,48,28.7,64.3,true,unclassified,1780479335153
8662,node_01,1780479336,data_collection,cooking_fume,exposure,,false,false,,rule_fallback_v0,2911,4095,2496,3139,23,40,48,28.7,64.3,true,unclassified,1780479336200
8663,node_01,1780479337,data_collection,cooking_fume,exposure,,false,false,,rule_fallback_v0,2913,4095,2492,3139,24,41,49,28.7,64.3,true,unclassified,1780479337247
8664,node_01,1780479338,data_collection,cooking_fume,exposure,,false,false,,rule_fallback_v0,2906,4095,2497,3139,24,41,49,28.7,64.2,true,unclassified,1780479338292
8665,node_01,1780479339,data_collection,cooking_fume,exposure,,false,false,,rule_fallback_v0,2914,4095,2494,3139,24,41,49,28.7,64.2,true,unclassified,1780479339339
8666,node_01,1780479340,data_collection,cooking_fume,exposure,,false,false,,rule_fallback_v0,2908,4095,2498,3139,24,41,49,28.7,64.2,true,unclassified,1780479340380
8667,node_01,1780479341,data_collection,cooking_fume,exposure,,false,false,,rule_fallback_v0,2916,4095,2494,3139,24,41,49,28.7,64.4,true,unclassified,1780479341420
8668,node_01,1780479342,data_collection,cooking_fume,exposure,,false,false,,rule_fallback_v0,2907,4095,2491,3139,24,41,49,28.7,64.4,true,unclassified,1780479342466
8669,node_01,1780479343,data_collection,cooking_fume,exposure,,false,false,,rule_fallback_v0,2915,4095,2492,3139,24,41,49,28.7,64.4,true,unclassified,1780479343514
8670,node_01,1780479345,data_collection,cooking_fume,exposure,,false,false,,rule_fallback_v0,2903,4095,2496,3139,24,41,49,28.6,64.5,true,unclassified,1780479344559
8671,node_01,1780479346,data_collection,cooking_fume,exposure,,false,false,,rule_fallback_v0,2915,4095,2490,3139,23,40,48,28.6,64.5,true,unclassified,1780479345609
8672,node_01,1780479347,data_collection,cooking_fume,exposure,,false,false,,rule_fallback_v0,2913,4095,2491,3139,23,40,48,28.6,64.5,true,unclassified,1780479346647
8673,node_01,1780479348,data_collection,cooking_fume,exposure,,false,false,,rule_fallback_v0,2913,4095,2498,3139,23,40,48,28.7,64.5,true,unclassified,1780479347692
8674,node_01,1780479349,data_collection,cooking_fume,exposure,,false,false,,rule_fallback_v0,2907,4095,2496,3139,23,40,48,28.7,64.5,true,unclassified,1780479348735
8675,node_01,1780479350,data_collection,cooking_fume,exposure,,false,false,,rule_fallback_v0,2915,4095,2491,3139,23,40,48,28.7,64.5,true,unclassified,1780479349780
8676,node_01,1780479351,data_collection,cooking_fume,exposure,,false,false,,rule_fallback_v0,2905,4095,2497,3139,23,40,48,28.6,64.3,true,unclassified,1780479350824
8677,node_01,1780479352,data_collection,cooking_fume,exposure,,false,false,,rule_fallback_v0,2915,4095,2498,3139,24,40,49,28.6,64.3,true,unclassified,1780479351871
8678,node_01,1780479353,data_collection,cooking_fume,exposure,,false,false,,rule_fallback_v0,2910,4095,2500,3139,24,40,49,28.6,64.3,true,unclassified,1780479352916
8679,node_01,1780479354,data_collection,cooking_fume,exposure,,false,false,,rule_fallback_v0,2919,4095,2498,3139,24,40,49,28.7,64.1,true,unclassified,1780479353961
8680,node_01,1780479355,data_collection,cooking_fume,exposure,,false,false,,rule_fallback_v0,2905,4095,2496,3139,23,39,48,28.7,64.1,true,unclassified,1780479355004
8681,node_01,1780479356,data_collection,cooking_fume,exposure,,false,false,,rule_fallback_v0,2915,4095,2497,3139,23,39,48,28.7,64.1,true,unclassified,1780479356056
8682,node_01,1780479357,data_collection,cooking_fume,exposure,,false,false,,rule_fallback_v0,2901,4095,2494,3139,23,39,48,28.7,63.8,true,unclassified,1780479357095
8683,node_01,1780479358,data_collection,cooking_fume,exposure,,false,false,,rule_fallback_v0,2912,4095,2490,3139,24,40,48,28.7,63.8,true,unclassified,1780479358138
8684,node_01,1780479359,data_collection,cooking_fume,exposure,,false,false,,rule_fallback_v0,2907,4095,2497,3139,24,40,48,28.7,63.8,true,unclassified,1780479359180
8685,node_01,1780479360,data_collection,cooking_fume,exposure,,false,false,,rule_fallback_v0,2913,4095,2498,3139,24,40,48,28.7,63.9,true,unclassified,1780479360224
8686,node_01,1780479361,data_collection,cooking_fume,exposure,,false,false,,rule_fallback_v0,2914,4095,2491,3139,24,40,47,28.7,63.9,true,unclassified,1780479361269
8687,node_01,1780479362,data_collection,cooking_fume,exposure,,false,false,,rule_fallback_v0,2912,4095,2497,3139,24,40,47,28.7,63.9,true,unclassified,1780479362314
8688,node_01,1780479363,data_collection,cooking_fume,exposure,,false,false,,rule_fallback_v0,2905,4095,2495,3139,23,39,46,28.7,63.8,true,unclassified,1780479363361
8689,node_01,1780479364,data_collection,cooking_fume,exposure,,false,false,,rule_fallback_v0,2910,4095,2494,3139,23,39,46,28.7,63.8,true,unclassified,1780479364403
8690,node_01,1780479365,data_collection,cooking_fume,exposure,,false,false,,rule_fallback_v0,2906,4095,2494,3139,23,39,46,28.7,63.8,true,unclassified,1780479365448
8691,node_01,1780479366,data_collection,cooking_fume,exposure,,false,false,,rule_fallback_v0,2915,4095,2495,3139,23,39,46,28.7,63.9,true,unclassified,1780479366500
8692,node_01,1780479368,data_collection,cooking_fume,exposure,,false,false,,rule_fallback_v0,2909,4095,2495,3139,23,39,46,28.7,63.9,true,unclassified,1780479367535
8693,node_01,1780479369,data_collection,cooking_fume,exposure,,false,false,,rule_fallback_v0,2917,4095,2490,3139,23,39,47,28.7,63.9,true,unclassified,1780479368582
8694,node_01,1780479370,data_collection,cooking_fume,exposure,,false,false,,rule_fallback_v0,2907,4095,2492,3139,24,40,48,28.7,64.1,true,unclassified,1780479369636
8695,node_01,1780479371,data_collection,cooking_fume,exposure,,false,false,,rule_fallback_v0,2914,4095,2494,3139,24,40,47,28.7,64.1,true,unclassified,1780479370674
8696,node_01,1780479372,data_collection,cooking_fume,exposure,,false,false,,rule_fallback_v0,2905,4095,2496,3139,24,40,47,28.7,64.1,true,unclassified,1780479371723
8697,node_01,1780479373,data_collection,cooking_fume,exposure,,false,false,,rule_fallback_v0,2913,4095,2496,3139,24,39,47,28.7,63.8,true,unclassified,1780479372760
8698,node_01,1780479374,data_collection,cooking_fume,exposure,,false,false,,rule_fallback_v0,2908,4095,2496,3139,24,39,47,28.7,63.8,true,unclassified,1780479373806
8699,node_01,1780479375,data_collection,cooking_fume,exposure,,false,false,,rule_fallback_v0,2913,4095,2493,3139,24,39,47,28.7,63.8,true,unclassified,1780479374851
8700,node_01,1780479376,data_collection,cooking_fume,exposure,,false,false,,rule_fallback_v0,2908,4095,2494,3139,24,39,47,28.7,63.8,true,unclassified,1780479375902
8701,node_01,1780479377,data_collection,cooking_fume,exposure,,false,false,,rule_fallback_v0,2915,4095,2493,3139,24,39,47,28.7,63.8,true,unclassified,1780479376944
8702,node_01,1780479378,data_collection,cooking_fume,exposure,,false,false,,rule_fallback_v0,2903,4095,2495,3139,24,39,47,28.7,63.8,true,unclassified,1780479377988
8703,node_01,1780479379,data_collection,cooking_fume,exposure,,false,false,,rule_fallback_v0,2916,4095,2498,3139,24,39,47,28.7,63.9,true,unclassified,1780479379031
8704,node_01,1780479380,data_collection,cooking_fume,exposure,,false,false,,rule_fallback_v0,2905,4095,2495,3139,24,39,47,28.7,63.9,true,unclassified,1780479380101
8705,node_01,1780479381,data_collection,cooking_fume,exposure,,false,false,,rule_fallback_v0,2906,4095,2497,3139,24,39,47,28.7,63.9,true,unclassified,1780479381122
8706,node_01,1780479382,data_collection,cooking_fume,exposure,,false,false,,rule_fallback_v0,2904,4095,2500,3139,24,39,47,28.7,63.9,true,unclassified,1780479382168
8707,node_01,1780479383,data_collection,cooking_fume,exposure,,false,false,,rule_fallback_v0,2920,4095,2492,3139,24,39,47,28.7,63.9,true,unclassified,1780479383209
8708,node_01,1780479384,data_collection,cooking_fume,exposure,,false,false,,rule_fallback_v0,2907,4095,2494,3139,24,39,47,28.7,63.9,true,unclassified,1780479384254
8709,node_01,1780479385,data_collection,cooking_fume,exposure,,false,false,,rule_fallback_v0,2921,4095,2495,3139,25,39,47,28.7,64.1,true,unclassified,1780479385299
8710,node_01,1780479386,data_collection,cooking_fume,exposure,,false,false,,rule_fallback_v0,2909,4095,2496,3139,25,39,47,28.7,64.1,true,unclassified,1780479386344
8711,node_01,1780479387,data_collection,cooking_fume,exposure,,false,false,,rule_fallback_v0,2917,4095,2497,3139,24,38,46,28.7,64.1,true,unclassified,1780479387384
8712,node_01,1780479388,data_collection,cooking_fume,exposure,,false,false,,rule_fallback_v0,2912,4095,2492,3139,24,38,46,28.7,64.1,true,unclassified,1780479388432
8713,node_01,1780479389,data_collection,cooking_fume,exposure,,false,false,,rule_fallback_v0,2916,4095,2493,3139,24,38,46,28.7,64.1,true,unclassified,1780479389474
8714,node_01,1780479390,data_collection,cooking_fume,exposure,,false,false,,rule_fallback_v0,2915,4095,2496,3139,24,38,46,28.7,64.1,true,unclassified,1780479390517
8715,node_01,1780479392,data_collection,cooking_fume,exposure,,false,false,,rule_fallback_v0,2912,4095,2495,3139,24,38,46,28.7,64,true,unclassified,1780479391563
8716,node_01,1780479393,data_collection,cooking_fume,exposure,,false,false,,rule_fallback_v0,2913,4095,2499,3139,24,38,45,28.7,64,true,unclassified,1780479392616
8717,node_01,1780479394,data_collection,cooking_fume,exposure,,false,false,,rule_fallback_v0,2918,4095,2498,3139,25,39,46,28.7,64,true,unclassified,1780479393654
8718,node_01,1780479395,data_collection,cooking_fume,exposure,,false,false,,rule_fallback_v0,2910,4095,2498,3139,25,39,46,28.7,63.8,true,unclassified,1780479394700
8719,node_01,1780479396,data_collection,cooking_fume,exposure,,false,false,,rule_fallback_v0,2918,4095,2491,3139,25,39,46,28.7,63.8,true,unclassified,1780479395742
8720,node_01,1780479397,data_collection,cooking_fume,exposure,,false,false,,rule_fallback_v0,2912,4095,2499,3139,25,39,46,28.7,63.8,true,unclassified,1780479396787
8721,node_01,1780479398,data_collection,cooking_fume,exposure,,false,false,,rule_fallback_v0,2918,4095,2495,3139,25,39,46,28.7,63.8,true,unclassified,1780479397836
8722,node_01,1780479399,data_collection,cooking_fume,exposure,,false,false,,rule_fallback_v0,2902,4095,2497,3139,25,39,46,28.7,63.8,true,unclassified,1780479398880
8723,node_01,1780479400,data_collection,cooking_fume,exposure,,false,false,,rule_fallback_v0,2916,4095,2494,3139,25,39,46,28.7,63.8,true,unclassified,1780479399923
8724,node_01,1780479401,data_collection,cooking_fume,exposure,,false,false,,rule_fallback_v0,2905,4095,2493,3139,25,39,46,28.7,63.7,true,unclassified,1780479400966
8725,node_01,1780479402,data_collection,cooking_fume,exposure,,false,false,,rule_fallback_v0,2920,4095,2495,3139,25,39,46,28.7,63.7,true,unclassified,1780479402013
8726,node_01,1780479403,data_collection,cooking_fume,exposure,,false,false,,rule_fallback_v0,2911,4095,2496,3139,24,38,45,28.7,63.7,true,unclassified,1780479403056
8727,node_01,1780479404,data_collection,cooking_fume,exposure,,false,false,,rule_fallback_v0,2912,4095,2499,3139,24,38,46,28.7,63.7,true,unclassified,1780479404103
8728,node_01,1780479405,data_collection,cooking_fume,exposure,,false,false,,rule_fallback_v0,2914,4095,2492,3139,25,39,47,28.7,63.7,true,unclassified,1780479405151
8729,node_01,1780479406,data_collection,cooking_fume,exposure,,false,false,,rule_fallback_v0,2916,4095,2493,3139,25,40,47,28.7,63.7,true,unclassified,1780479406195
8730,node_01,1780479407,data_collection,cooking_fume,exposure,,false,false,,rule_fallback_v0,2911,4095,2493,3139,25,40,47,28.7,63.8,true,unclassified,1780479407234
8731,node_01,1780479408,data_collection,cooking_fume,exposure,,false,false,,rule_fallback_v0,2914,4095,2494,3139,24,39,46,28.7,63.8,true,unclassified,1780479408280
8732,node_01,1780479409,data_collection,cooking_fume,exposure,,false,false,,rule_fallback_v0,2910,4095,2495,3139,24,39,46,28.7,63.8,true,unclassified,1780479409328
8733,node_01,1780479410,data_collection,cooking_fume,exposure,,false,false,,rule_fallback_v0,2913,4095,2493,3139,24,39,46,28.7,63.6,true,unclassified,1780479410369
8734,node_01,1780479411,data_collection,cooking_fume,exposure,,false,false,,rule_fallback_v0,2908,4095,2500,3139,25,40,48,28.7,63.6,true,unclassified,1780479411413
8735,node_01,1780479412,data_collection,cooking_fume,exposure,,false,false,,rule_fallback_v0,2913,4095,2493,3139,25,40,48,28.7,63.6,true,unclassified,1780479412460
8736,node_01,1780479413,data_collection,cooking_fume,exposure,,false,false,,rule_fallback_v0,2906,4095,2494,3139,25,40,48,28.8,63.7,true,unclassified,1780479413505
8737,node_01,1780479415,data_collection,cooking_fume,exposure,,false,false,,rule_fallback_v0,2915,4095,2492,3139,25,40,48,28.8,63.7,true,unclassified,1780479414547
8738,node_01,1780479416,data_collection,cooking_fume,exposure,,false,false,,rule_fallback_v0,2913,4095,2496,3139,25,39,47,28.8,63.7,true,unclassified,1780479415595
8739,node_01,1780479417,data_collection,cooking_fume,exposure,,false,false,,rule_fallback_v0,2911,4095,2499,3139,25,39,47,28.7,63.9,true,unclassified,1780479416637
8740,node_01,1780479418,data_collection,cooking_fume,exposure,,false,false,,rule_fallback_v0,2910,4095,2498,3139,25,39,47,28.7,63.9,true,unclassified,1780479417684
8741,node_01,1780479419,data_collection,cooking_fume,exposure,,false,false,,rule_fallback_v0,2914,4095,2497,3139,25,39,47,28.7,63.9,true,unclassified,1780479418726
8742,node_01,1780479420,data_collection,cooking_fume,exposure,,false,false,,rule_fallback_v0,2908,4095,2494,3139,25,39,47,28.7,63.9,true,unclassified,1780479419770
8743,node_01,1780479421,data_collection,cooking_fume,exposure,,false,false,,rule_fallback_v0,2912,4095,2493,3139,24,38,46,28.7,63.9,true,unclassified,1780479420819
8744,node_01,1780479422,data_collection,cooking_fume,exposure,,false,false,,rule_fallback_v0,2910,4095,2494,3139,24,38,46,28.7,63.9,true,unclassified,1780479421864
8745,node_01,1780479423,data_collection,cooking_fume,exposure,,false,false,,rule_fallback_v0,2919,4095,2497,3139,24,38,46,28.7,64.2,true,unclassified,1780479422906
8746,node_01,1780479424,data_collection,cooking_fume,exposure,,false,false,,rule_fallback_v0,2907,4095,2498,3139,24,38,45,28.7,64.2,true,unclassified,1780479423951
8747,node_01,1780479425,data_collection,cooking_fume,exposure,,false,false,,rule_fallback_v0,2915,4095,2497,3139,24,38,45,28.7,64.2,true,unclassified,1780479424995
8748,node_01,1780479426,data_collection,cooking_fume,exposure,,false,false,,rule_fallback_v0,2911,4095,2498,3139,25,39,46,28.7,64.4,true,unclassified,1780479426045
8749,node_01,1780479427,data_collection,cooking_fume,exposure,,false,false,,rule_fallback_v0,2918,4095,2493,3139,25,39,46,28.7,64.4,true,unclassified,1780479427084
8750,node_01,1780479428,data_collection,cooking_fume,exposure,,false,false,,rule_fallback_v0,2909,4095,2492,3139,25,39,46,28.7,64.4,true,unclassified,1780479428132
8751,node_01,1780479429,data_collection,cooking_fume,exposure,,false,false,,rule_fallback_v0,2915,4095,2494,3139,24,38,46,28.7,64.7,true,unclassified,1780479429174
8752,node_01,1780479430,data_collection,cooking_fume,exposure,,false,false,,rule_fallback_v0,2916,4095,2495,3139,24,38,46,28.7,64.7,true,unclassified,1780479430221
8753,node_01,1780479431,data_collection,cooking_fume,exposure,,false,false,,rule_fallback_v0,2913,4095,2493,3139,24,38,46,28.7,64.7,true,unclassified,1780479431265
8754,node_01,1780479432,data_collection,cooking_fume,exposure,,false,false,,rule_fallback_v0,2917,4095,2491,3139,25,39,47,28.7,64.4,true,unclassified,1780479432309
8755,node_01,1780479433,data_collection,cooking_fume,exposure,,false,false,,rule_fallback_v0,2913,4095,2493,3139,25,39,47,28.7,64.4,true,unclassified,1780479433355
8756,node_01,1780479434,data_collection,cooking_fume,exposure,,false,false,,rule_fallback_v0,2906,4095,2497,3139,24,39,47,28.7,64.4,true,unclassified,1780479434398
8757,node_01,1780479435,data_collection,cooking_fume,exposure,,false,false,,rule_fallback_v0,2913,4095,2498,3139,24,39,47,28.7,64.4,true,unclassified,1780479435444
8758,node_01,1780479436,data_collection,cooking_fume,exposure,,false,false,,rule_fallback_v0,2913,4095,2496,3139,24,39,47,28.7,64.4,true,unclassified,1780479436493
8759,node_01,1780479438,data_collection,cooking_fume,exposure,,false,false,,rule_fallback_v0,2913,4095,2493,3139,24,39,47,28.7,64.4,true,unclassified,1780479437536
8760,node_01,1780479439,data_collection,cooking_fume,exposure,,false,false,,rule_fallback_v0,2912,4095,2494,3139,24,39,47,28.7,64.3,true,unclassified,1780479438578
8761,node_01,1780479440,data_collection,cooking_fume,exposure,,false,false,,rule_fallback_v0,2918,4095,2500,3139,24,39,47,28.7,64.3,true,unclassified,1780479439620
8762,node_01,1780479441,data_collection,cooking_fume,exposure,,false,false,,rule_fallback_v0,2906,4095,2495,3139,24,40,47,28.7,64.3,true,unclassified,1780479440666
8763,node_01,1780479442,data_collection,cooking_fume,exposure,,false,false,,rule_fallback_v0,2913,4095,2496,3139,24,40,47,28.7,64.2,true,unclassified,1780479441714
8764,node_01,1780479443,data_collection,cooking_fume,exposure,,false,false,,rule_fallback_v0,2904,4095,2496,3139,24,40,47,28.7,64.2,true,unclassified,1780479442762
8765,node_01,1780479444,data_collection,cooking_fume,exposure,,false,false,,rule_fallback_v0,2917,4095,2497,3139,24,40,47,28.7,64.2,true,unclassified,1780479443800
8766,node_01,1780479445,data_collection,cooking_fume,exposure,,false,false,,rule_fallback_v0,2909,4095,2495,3139,23,39,46,28.7,64.1,true,unclassified,1780479444847
8767,node_01,1780479446,data_collection,cooking_fume,exposure,,false,false,,rule_fallback_v0,2915,4095,2498,3139,23,39,46,28.7,64.1,true,unclassified,1780479445889
8768,node_01,1780479447,data_collection,cooking_fume,exposure,,false,false,,rule_fallback_v0,2902,4095,2496,3139,23,39,46,28.7,64.1,true,unclassified,1780479446935
8769,node_01,1780479448,data_collection,cooking_fume,exposure,,false,false,,rule_fallback_v0,2912,4095,2497,3139,23,39,46,28.7,63.8,true,unclassified,1780479447980
8770,node_01,1780479449,data_collection,cooking_fume,exposure,,false,false,,rule_fallback_v0,2914,4095,2497,3139,23,39,46,28.7,63.8,true,unclassified,1780479449031
8771,node_01,1780479450,data_collection,cooking_fume,exposure,,false,false,,rule_fallback_v0,2908,4095,2492,3139,24,40,47,28.7,63.8,true,unclassified,1780479450071
8772,node_01,1780479451,data_collection,cooking_fume,exposure,,false,false,,rule_fallback_v0,2910,4095,2494,3139,24,40,47,28.7,63.6,true,unclassified,1780479451117
8773,node_01,1780479452,data_collection,cooking_fume,exposure,,false,false,,rule_fallback_v0,2912,4095,2495,3139,24,40,47,28.7,63.6,true,unclassified,1780479452159
8774,node_01,1780479453,data_collection,cooking_fume,exposure,,false,false,,rule_fallback_v0,2905,4095,2496,3139,24,40,47,28.7,63.6,true,unclassified,1780479453206
8775,node_01,1780479454,data_collection,cooking_fume,exposure,,false,false,,rule_fallback_v0,2915,4095,2496,3139,23,40,47,28.8,63.9,true,unclassified,1780479454255
8776,node_01,1780479455,data_collection,cooking_fume,exposure,,false,false,,rule_fallback_v0,2911,4095,2496,3139,23,40,47,28.8,63.9,true,unclassified,1780479455293
8777,node_01,1780479456,data_collection,cooking_fume,exposure,,false,false,,rule_fallback_v0,2915,4095,2494,3139,22,39,46,28.8,63.9,true,unclassified,1780479456336
8778,node_01,1780479457,data_collection,cooking_fume,exposure,,false,false,,rule_fallback_v0,2906,4095,2497,3139,22,39,46,28.7,64.1,true,unclassified,1780479457382
8779,node_01,1780479458,data_collection,cooking_fume,exposure,,false,false,,rule_fallback_v0,2919,4095,2497,3139,22,39,46,28.7,64.1,true,unclassified,1780479458426
8780,node_01,1780479459,data_collection,cooking_fume,exposure,,false,false,,rule_fallback_v0,2905,4095,2495,3139,22,39,46,28.7,64.1,true,unclassified,1780479459479
8781,node_01,1780479460,data_collection,cooking_fume,exposure,,false,false,,rule_fallback_v0,2917,4095,2498,3139,22,39,46,28.7,64,true,unclassified,1780479460520
8782,node_01,1780479462,data_collection,cooking_fume,exposure,,false,false,,rule_fallback_v0,2909,4095,2498,3139,22,39,46,28.7,64,true,unclassified,1780479461560
8783,node_01,1780479463,data_collection,cooking_fume,exposure,,false,false,,rule_fallback_v0,2917,4095,2497,3139,22,39,46,28.7,64,true,unclassified,1780479462604
8784,node_01,1780479464,data_collection,cooking_fume,exposure,,false,false,,rule_fallback_v0,2910,4095,2496,3139,22,39,46,28.7,64,true,unclassified,1780479463652
8785,node_01,1780479465,data_collection,cooking_fume,exposure,,false,false,,rule_fallback_v0,2911,4095,2494,3139,23,39,46,28.7,64,true,unclassified,1780479464700
8786,node_01,1780479466,data_collection,cooking_fume,exposure,,false,false,,rule_fallback_v0,2913,4095,2495,3139,24,40,47,28.7,64,true,unclassified,1780479465739
8787,node_01,1780479467,data_collection,cooking_fume,exposure,,false,false,,rule_fallback_v0,2913,4095,2498,3139,24,40,47,28.7,64.1,true,unclassified,1780479466784
8788,node_01,1780479468,data_collection,cooking_fume,exposure,,false,false,,rule_fallback_v0,2910,4095,2500,3139,23,39,46,28.7,64.1,true,unclassified,1780479467829
8789,node_01,1780479469,data_collection,cooking_fume,exposure,,false,false,,rule_fallback_v0,2910,4095,2493,3139,23,40,46,28.7,64.1,true,unclassified,1780479468874
8790,node_01,1780479470,data_collection,cooking_fume,exposure,,false,false,,rule_fallback_v0,2909,4095,2496,3139,23,40,46,28.7,64,true,unclassified,1780479469919
8791,node_01,1780479471,data_collection,cooking_fume,exposure,,false,false,,rule_fallback_v0,2914,4095,2499,3139,24,41,48,28.7,64,true,unclassified,1780479470965
8792,node_01,1780479472,data_collection,cooking_fume,exposure,,false,false,,rule_fallback_v0,2912,4095,2495,3139,25,41,48,28.7,64,true,unclassified,1780479472010
8793,node_01,1780479473,data_collection,cooking_fume,exposure,,false,false,,rule_fallback_v0,2921,4095,2499,3139,25,41,49,28.7,63.9,true,unclassified,1780479473054
8794,node_01,1780479474,data_collection,cooking_fume,exposure,,false,false,,rule_fallback_v0,2908,4095,2495,3139,24,41,48,28.7,63.9,true,unclassified,1780479474097
8795,node_01,1780479475,data_collection,cooking_fume,exposure,,false,false,,rule_fallback_v0,2918,4095,2493,3139,25,41,48,28.7,63.9,true,unclassified,1780479475143
8796,node_01,1780479476,data_collection,cooking_fume,exposure,,false,false,,rule_fallback_v0,2907,4095,2497,3139,25,41,49,28.7,63.7,true,unclassified,1780479476193
8797,node_01,1780479477,data_collection,cooking_fume,exposure,,false,false,,rule_fallback_v0,2915,4095,2498,3139,25,42,49,28.7,63.7,true,unclassified,1780479477238
8798,node_01,1780479478,data_collection,cooking_fume,exposure,,false,false,,rule_fallback_v0,2908,4095,2491,3139,25,42,50,28.7,63.7,true,unclassified,1780479478278
8799,node_01,1780479479,data_collection,cooking_fume,exposure,,false,false,,rule_fallback_v0,2912,4095,2499,3139,25,43,51,28.7,63.3,true,unclassified,1780479479320
8800,node_01,1780479480,data_collection,cooking_fume,exposure,,false,false,,rule_fallback_v0,2906,4095,2499,3139,27,44,52,28.7,63.3,true,unclassified,1780479480372
8801,node_01,1780479481,data_collection,cooking_fume,exposure,,false,false,,rule_fallback_v0,2911,4095,2496,3139,27,44,53,28.7,63.3,true,unclassified,1780479481408
8802,node_01,1780479482,data_collection,cooking_fume,exposure,,false,false,,rule_fallback_v0,2907,4095,2497,3139,28,44,53,28.7,63.1,true,unclassified,1780479482455
8803,node_01,1780479483,data_collection,cooking_fume,exposure,,false,false,,rule_fallback_v0,2915,4095,2494,3139,27,44,52,28.7,63.1,true,unclassified,1780479483499
8804,node_01,1780479485,data_collection,cooking_fume,exposure,,false,false,,rule_fallback_v0,2911,4095,2493,3139,27,44,53,28.7,63.1,true,unclassified,1780479484546
8805,node_01,1780479486,data_collection,cooking_fume,exposure,,false,false,,rule_fallback_v0,2918,4095,2496,3139,27,44,53,28.8,63.1,true,unclassified,1780479485593
8806,node_01,1780479487,data_collection,cooking_fume,exposure,,false,false,,rule_fallback_v0,2911,4095,2497,3139,27,45,54,28.8,63.1,true,unclassified,1780479486631
8807,node_01,1780479488,data_collection,cooking_fume,exposure,,false,false,,rule_fallback_v0,2916,4095,2492,3139,27,45,54,28.8,63.1,true,unclassified,1780479487677
8808,node_01,1780479489,data_collection,cooking_fume,exposure,,false,false,,rule_fallback_v0,2905,4095,2496,3139,27,45,55,28.8,63.1,true,unclassified,1780479488724
8809,node_01,1780479490,data_collection,cooking_fume,exposure,,false,false,,rule_fallback_v0,2917,4095,2499,3139,27,46,56,28.8,63.1,true,unclassified,1780479489769
8810,node_01,1780479491,data_collection,cooking_fume,exposure,,false,false,,rule_fallback_v0,2904,4095,2497,3139,28,46,56,28.8,63.1,true,unclassified,1780479490816
8811,node_01,1780479492,data_collection,cooking_fume,exposure,,false,false,,rule_fallback_v0,2915,4095,2501,3139,29,48,59,28.8,63.1,true,unclassified,1780479491856
8812,node_01,1780479493,data_collection,cooking_fume,exposure,,false,false,,rule_fallback_v0,2911,4095,2494,3139,29,48,60,28.8,63.1,true,unclassified,1780479492905
8813,node_01,1780479494,data_collection,cooking_fume,exposure,,false,false,,rule_fallback_v0,2918,4095,2496,3139,30,50,61,28.8,63.1,true,unclassified,1780479493946
8814,node_01,1780479495,data_collection,cooking_fume,exposure,,false,false,,rule_fallback_v0,2912,4095,2499,3139,29,49,61,28.8,63,true,unclassified,1780479494995
8815,node_01,1780479496,data_collection,cooking_fume,exposure,,false,false,,rule_fallback_v0,2914,4095,2495,3139,30,50,62,28.8,63,true,unclassified,1780479496040
8816,node_01,1780479497,data_collection,cooking_fume,exposure,,false,false,,rule_fallback_v0,2905,4095,2496,3139,30,51,63,28.8,63,true,unclassified,1780479497082
8817,node_01,1780479498,data_collection,cooking_fume,exposure,,false,false,,rule_fallback_v0,2912,4095,2497,3139,30,51,65,28.7,63,true,unclassified,1780479498138
8818,node_01,1780479499,data_collection,cooking_fume,exposure,,false,false,,rule_fallback_v0,2907,4095,2498,3139,31,52,66,28.7,63,true,unclassified,1780479499173
8819,node_01,1780479500,data_collection,cooking_fume,exposure,,false,false,,rule_fallback_v0,2918,4095,2497,3139,32,53,66,28.7,63,true,unclassified,1780479500219
8820,node_01,1780479501,data_collection,cooking_fume,exposure,,false,false,,rule_fallback_v0,2903,4095,2495,3139,33,56,68,28.7,63.1,true,unclassified,1780479501285
8821,node_01,1780479502,data_collection,cooking_fume,exposure,,false,false,,rule_fallback_v0,2917,4095,2499,3139,33,56,69,28.7,63.1,true,unclassified,1780479502303
8822,node_01,1780479503,data_collection,cooking_fume,exposure,,false,false,,rule_fallback_v0,2904,4095,2496,3139,33,58,70,28.7,63.1,true,unclassified,1780479503350
8823,node_01,1780479504,data_collection,cooking_fume,exposure,,false,false,,rule_fallback_v0,2915,4095,2497,3139,33,58,70,28.8,63.1,true,unclassified,1780479504394
8824,node_01,1780479505,data_collection,cooking_fume,exposure,,false,false,,rule_fallback_v0,2910,4095,2496,3139,34,59,70,28.8,63.1,true,unclassified,1780479505440
8825,node_01,1780479506,data_collection,cooking_fume,exposure,,false,false,,rule_fallback_v0,2916,4095,2492,3139,34,60,71,28.8,63.1,true,unclassified,1780479506481
8826,node_01,1780479508,data_collection,cooking_fume,exposure,,false,false,,rule_fallback_v0,2908,4095,2491,3139,34,60,72,28.8,63.2,true,unclassified,1780479507527
8827,node_01,1780479509,data_collection,cooking_fume,exposure,,false,false,,rule_fallback_v0,2913,4095,2493,3139,34,60,72,28.8,63.2,true,unclassified,1780479508581
8828,node_01,1780479510,data_collection,cooking_fume,exposure,,false,false,,rule_fallback_v0,2913,4095,2496,3139,34,60,72,28.8,63.2,true,unclassified,1780479509624
8829,node_01,1780479511,data_collection,cooking_fume,exposure,,false,false,,rule_fallback_v0,2913,4095,2494,3139,34,60,72,28.8,63,true,unclassified,1780479510664
8830,node_01,1780479512,data_collection,cooking_fume,exposure,,false,false,,rule_fallback_v0,2909,4095,2496,3139,34,60,72,28.8,63,true,unclassified,1780479511705
8831,node_01,1780479513,data_collection,cooking_fume,exposure,,false,false,,rule_fallback_v0,2919,4095,2495,3139,33,59,71,28.8,63,true,unclassified,1780479512755
8832,node_01,1780479514,data_collection,cooking_fume,exposure,,false,false,,rule_fallback_v0,2909,4095,2497,3139,33,59,71,28.8,63,true,unclassified,1780479513802
8833,node_01,1780479515,data_collection,cooking_fume,exposure,,false,false,,rule_fallback_v0,2917,4095,2494,3139,33,59,71,28.8,63,true,unclassified,1780479514845
8834,node_01,1780479516,data_collection,cooking_fume,exposure,,false,false,,rule_fallback_v0,2904,4095,2498,3139,34,60,72,28.8,63,true,unclassified,1780479515885
8835,node_01,1780479517,data_collection,cooking_fume,exposure,,false,false,,rule_fallback_v0,2917,4095,2499,3139,34,60,72,28.8,63,true,unclassified,1780479516930
8836,node_01,1780479518,data_collection,cooking_fume,exposure,,false,false,,rule_fallback_v0,2909,4095,2498,3139,34,59,71,28.8,63,true,unclassified,1780479517975
8837,node_01,1780479519,data_collection,cooking_fume,exposure,,false,false,,rule_fallback_v0,2914,4095,2493,3139,33,58,70,28.8,63,true,unclassified,1780479519020
8838,node_01,1780479520,data_collection,cooking_fume,exposure,,false,false,,rule_fallback_v0,2913,4095,2497,3139,33,58,70,28.7,62.9,true,unclassified,1780479520068
8839,node_01,1780479521,data_collection,cooking_fume,exposure,,false,false,,rule_fallback_v0,2908,4095,2496,3139,33,57,70,28.7,62.9,true,unclassified,1780479521115
8840,node_01,1780479522,data_collection,cooking_fume,exposure,,false,false,,rule_fallback_v0,2916,4095,2499,3139,33,58,70,28.7,62.9,true,unclassified,1780479522156
8841,node_01,1780479523,data_collection,cooking_fume,exposure,,false,false,,rule_fallback_v0,2909,4095,2497,3139,33,58,70,28.8,62.8,true,unclassified,1780479523200
8842,node_01,1780479524,data_collection,cooking_fume,exposure,,false,false,,rule_fallback_v0,2911,4095,2495,3139,33,58,71,28.8,62.8,true,unclassified,1780479524246
8843,node_01,1780479525,data_collection,cooking_fume,exposure,,false,false,,rule_fallback_v0,2911,4095,2495,3139,34,59,71,28.8,62.8,true,unclassified,1780479525295
8844,node_01,1780479526,data_collection,cooking_fume,exposure,,false,false,,rule_fallback_v0,2910,4095,2495,3139,34,59,71,28.7,62.9,true,unclassified,1780479526337
8845,node_01,1780479527,data_collection,cooking_fume,exposure,,false,false,,rule_fallback_v0,2916,4095,2500,3139,34,58,71,28.7,62.9,true,unclassified,1780479527379
8846,node_01,1780479528,data_collection,cooking_fume,exposure,,false,false,,rule_fallback_v0,2906,4095,2498,3139,33,57,69,28.7,62.9,true,unclassified,1780479528422
8847,node_01,1780479529,data_collection,cooking_fume,exposure,,false,false,,rule_fallback_v0,2921,4095,2495,3139,33,57,69,28.8,62.8,true,unclassified,1780479529467
8848,node_01,1780479530,data_collection,cooking_fume,exposure,,false,false,,rule_fallback_v0,2910,4095,2496,3139,34,58,70,28.8,62.8,true,unclassified,1780479530516
8849,node_01,1780479532,data_collection,cooking_fume,exposure,,false,false,,rule_fallback_v0,2915,4095,2496,3139,34,58,70,28.8,62.8,true,unclassified,1780479531558
8850,node_01,1780479533,data_collection,cooking_fume,exposure,,false,false,,rule_fallback_v0,2902,4095,2497,3139,34,58,70,28.8,62.9,true,unclassified,1780479532601
8851,node_01,1780479534,data_collection,cooking_fume,exposure,,false,false,,rule_fallback_v0,2912,4095,2492,3139,34,58,70,28.8,62.9,true,unclassified,1780479533650
8852,node_01,1780479535,data_collection,cooking_fume,exposure,,false,false,,rule_fallback_v0,2909,4095,2495,3139,34,58,70,28.8,62.9,true,unclassified,1780479534690
8853,node_01,1780479536,data_collection,cooking_fume,exposure,,false,false,,rule_fallback_v0,2913,4095,2498,3139,34,58,70,28.8,62.9,true,unclassified,1780479535732
8854,node_01,1780479537,data_collection,cooking_fume,exposure,,false,false,,rule_fallback_v0,2906,4095,2493,3139,33,56,69,28.8,62.9,true,unclassified,1780479536781
8855,node_01,1780479538,data_collection,cooking_fume,exposure,,false,false,,rule_fallback_v0,2915,4095,2494,3139,33,56,69,28.8,62.9,true,unclassified,1780479537821
8856,node_01,1780479539,data_collection,cooking_fume,exposure,,false,false,,rule_fallback_v0,2905,4095,2494,3139,32,55,68,28.8,62.9,true,unclassified,1780479538868
8857,node_01,1780479540,data_collection,cooking_fume,exposure,,false,false,,rule_fallback_v0,2914,4095,2494,3139,32,55,68,28.8,62.9,true,unclassified,1780479539918
8858,node_01,1780479541,data_collection,cooking_fume,exposure,,false,false,,rule_fallback_v0,2905,4095,2497,3139,32,55,68,28.8,62.9,true,unclassified,1780479540961
8859,node_01,1780479542,data_collection,cooking_fume,exposure,,false,false,,rule_fallback_v0,2919,4095,2496,3139,32,54,67,28.8,62.9,true,unclassified,1780479542012
8860,node_01,1780479543,data_collection,cooking_fume,exposure,,false,false,,rule_fallback_v0,2905,4095,2496,3139,33,55,68,28.8,62.9,true,unclassified,1780479543047
8861,node_01,1780479544,data_collection,cooking_fume,exposure,,false,false,,rule_fallback_v0,2914,4095,2495,3139,33,54,68,28.8,62.9,true,unclassified,1780479544093
8862,node_01,1780479545,data_collection,cooking_fume,exposure,,false,false,,rule_fallback_v0,2912,4095,2496,3139,33,54,67,28.8,62.7,true,unclassified,1780479545139
8863,node_01,1780479546,data_collection,cooking_fume,exposure,,false,false,,rule_fallback_v0,2911,4095,2497,3139,32,52,66,28.8,62.7,true,unclassified,1780479546184
8864,node_01,1780479547,data_collection,cooking_fume,exposure,,false,false,,rule_fallback_v0,2906,4095,2498,3139,32,52,66,28.8,62.7,true,unclassified,1780479547224
8865,node_01,1780479548,data_collection,cooking_fume,exposure,,false,false,,rule_fallback_v0,2912,4095,2497,3139,32,52,66,28.8,62.9,true,unclassified,1780479548272
8866,node_01,1780479549,data_collection,cooking_fume,exposure,,false,false,,rule_fallback_v0,2915,4095,2496,3139,33,53,67,28.8,62.9,true,unclassified,1780479549316
8867,node_01,1780479550,data_collection,cooking_fume,exposure,,false,false,,rule_fallback_v0,2913,4095,2497,3139,33,53,67,28.8,62.9,true,unclassified,1780479550359
8868,node_01,1780479551,data_collection,cooking_fume,exposure,,false,false,,rule_fallback_v0,2911,4095,2498,3139,33,53,67,28.8,62.7,true,unclassified,1780479551404
8869,node_01,1780479552,data_collection,cooking_fume,exposure,,false,false,,rule_fallback_v0,2912,4095,2494,3139,33,53,67,28.8,62.7,true,unclassified,1780479552447
8870,node_01,1780479553,data_collection,cooking_fume,exposure,,false,false,,rule_fallback_v0,2904,4095,2497,3139,33,53,67,28.8,62.7,true,unclassified,1780479553494
8871,node_01,1780479555,data_collection,cooking_fume,exposure,,false,false,,rule_fallback_v0,2918,4095,2495,3139,33,52,67,28.8,62.8,true,unclassified,1780479554537
8872,node_01,1780479556,data_collection,cooking_fume,exposure,,false,false,,rule_fallback_v0,2907,4095,2493,3139,32,52,66,28.8,62.8,true,unclassified,1780479555583
8873,node_01,1780479557,data_collection,cooking_fume,exposure,,false,false,,rule_fallback_v0,2916,4095,2498,3139,32,52,66,28.8,62.8,true,unclassified,1780479556630
8874,node_01,1780479558,data_collection,cooking_fume,exposure,,false,false,,rule_fallback_v0,2908,4095,2495,3139,30,51,65,28.8,62.6,true,unclassified,1780479557676
8875,node_01,1780479559,data_collection,cooking_fume,exposure,,false,false,,rule_fallback_v0,2916,4095,2498,3139,30,50,64,28.8,62.6,true,unclassified,1780479558716
8876,node_01,1780479560,data_collection,cooking_fume,exposure,,false,false,,rule_fallback_v0,2908,4095,2495,3139,30,50,64,28.8,62.6,true,unclassified,1780479559761
8877,node_01,1780479561,data_collection,cooking_fume,exposure,,false,false,,rule_fallback_v0,2913,4095,2496,3139,30,50,62,28.8,62.6,true,unclassified,1780479560807
8878,node_01,1780479562,data_collection,cooking_fume,exposure,,false,false,,rule_fallback_v0,2910,4095,2496,3139,30,50,62,28.8,62.6,true,unclassified,1780479561852
8879,node_01,1780479563,data_collection,cooking_fume,exposure,,false,false,,rule_fallback_v0,2915,4095,2496,3139,30,50,62,28.8,62.6,true,unclassified,1780479562898
8880,node_01,1780479564,data_collection,cooking_fume,exposure,,false,false,,rule_fallback_v0,2903,4095,2497,3139,31,50,63,28.8,62.7,true,unclassified,1780479563940
8881,node_01,1780479565,data_collection,cooking_fume,exposure,,false,false,,rule_fallback_v0,2915,4095,2495,3139,31,50,63,28.8,62.7,true,unclassified,1780479564984
8882,node_01,1780479566,data_collection,cooking_fume,exposure,,false,false,,rule_fallback_v0,2909,4095,2496,3139,30,50,62,28.8,62.7,true,unclassified,1780479566039
8883,node_01,1780479567,data_collection,cooking_fume,exposure,,false,false,,rule_fallback_v0,2921,4095,2497,3139,30,50,62,28.8,62.7,true,unclassified,1780479567078
8884,node_01,1780479568,data_collection,cooking_fume,exposure,,false,false,,rule_fallback_v0,2907,4095,2496,3139,30,50,62,28.8,62.7,true,unclassified,1780479568122
8885,node_01,1780479569,data_collection,cooking_fume,exposure,,false,false,,rule_fallback_v0,2915,4095,2495,3139,30,50,62,28.8,62.7,true,unclassified,1780479569168
8886,node_01,1780479570,data_collection,cooking_fume,exposure,,false,false,,rule_fallback_v0,2910,4095,2495,3139,30,49,62,28.8,62.7,true,unclassified,1780479570213
8887,node_01,1780479571,data_collection,cooking_fume,exposure,,false,false,,rule_fallback_v0,2911,4095,2494,3139,30,49,61,28.8,62.7,true,unclassified,1780479571259
8888,node_01,1780479572,data_collection,cooking_fume,exposure,,false,false,,rule_fallback_v0,2910,4095,2496,3139,30,48,61,28.8,62.7,true,unclassified,1780479572299
8889,node_01,1780479573,data_collection,cooking_fume,exposure,,false,false,,rule_fallback_v0,2914,4095,2496,3139,29,48,61,28.8,62.9,true,unclassified,1780479573345
8890,node_01,1780479574,data_collection,cooking_fume,exposure,,false,false,,rule_fallback_v0,2908,4095,2497,3139,29,48,61,28.8,62.9,true,unclassified,1780479574388
8891,node_01,1780479575,data_collection,cooking_fume,exposure,,false,false,,rule_fallback_v0,2909,4095,2493,3139,29,48,60,28.8,62.9,true,unclassified,1780479575433
8892,node_01,1780479576,data_collection,cooking_fume,exposure,,false,false,,rule_fallback_v0,2904,4095,2496,3139,29,48,60,28.8,63,true,unclassified,1780479576478
8893,node_01,1780479578,data_collection,cooking_fume,exposure,,false,false,,rule_fallback_v0,2913,4095,2493,3139,29,48,60,28.8,63,true,unclassified,1780479577522
8894,node_01,1780479579,data_collection,cooking_fume,exposure,,false,false,,rule_fallback_v0,2909,4095,2497,3139,28,47,59,28.8,63,true,unclassified,1780479578574
8895,node_01,1780479580,data_collection,cooking_fume,exposure,,false,false,,rule_fallback_v0,2919,4095,2496,3139,28,47,59,28.8,63,true,unclassified,1780479579618
8896,node_01,1780479581,data_collection,cooking_fume,exposure,,false,false,,rule_fallback_v0,2907,4095,2495,3139,28,46,58,28.8,63,true,unclassified,1780479580660
8897,node_01,1780479582,data_collection,cooking_fume,exposure,,false,false,,rule_fallback_v0,2915,4095,2496,3139,28,46,58,28.8,63,true,unclassified,1780479581704
8898,node_01,1780479583,data_collection,cooking_fume,exposure,,false,false,,rule_fallback_v0,2901,4095,2496,3139,28,46,58,28.8,63.4,true,unclassified,1780479582747
8899,node_01,1780479584,data_collection,cooking_fume,exposure,,false,false,,rule_fallback_v0,2911,4095,2495,3139,27,46,58,28.8,63.4,true,unclassified,1780479583795
8900,node_01,1780479585,data_collection,cooking_fume,exposure,,false,false,,rule_fallback_v0,2907,4095,2493,3139,28,47,58,28.8,63.4,true,unclassified,1780479584836
8901,node_01,1780479586,data_collection,cooking_fume,exposure,,false,false,,rule_fallback_v0,2911,4095,2498,3139,28,47,58,28.8,63.2,true,unclassified,1780479585886
8902,node_01,1780479587,data_collection,cooking_fume,exposure,,false,false,,rule_fallback_v0,2909,4095,2492,3139,28,47,58,28.8,63.2,true,unclassified,1780479586926
8903,node_01,1780479588,data_collection,cooking_fume,exposure,,false,false,,rule_fallback_v0,2915,4095,2494,3139,28,47,58,28.8,63.2,true,unclassified,1780479587971
8904,node_01,1780479589,data_collection,cooking_fume,exposure,,false,false,,rule_fallback_v0,2904,4095,2494,3139,28,47,58,28.8,63.4,true,unclassified,1780479589016
8905,node_01,1780479590,data_collection,cooking_fume,exposure,,false,false,,rule_fallback_v0,2915,4095,2496,3139,28,47,58,28.8,63.4,true,unclassified,1780479590064
8906,node_01,1780479591,data_collection,cooking_fume,exposure,,false,false,,rule_fallback_v0,2907,4095,2495,3139,28,46,58,28.8,63.4,true,unclassified,1780479591107
8907,node_01,1780479592,data_collection,cooking_fume,exposure,,false,false,,rule_fallback_v0,2919,4095,2493,3139,28,46,58,28.8,63.4,true,unclassified,1780479592151
8908,node_01,1780479593,data_collection,cooking_fume,exposure,,false,false,,rule_fallback_v0,2903,4095,2496,3139,27,45,57,28.8,63.4,true,unclassified,1780479593196
8909,node_01,1780479594,data_collection,cooking_fume,exposure,,false,false,,rule_fallback_v0,2916,4095,2495,3139,27,45,57,28.8,63.4,true,unclassified,1780479594242
8910,node_01,1780479595,data_collection,cooking_fume,exposure,,false,false,,rule_fallback_v0,2903,4095,2496,3139,27,45,57,28.8,63.4,true,unclassified,1780479595282
8911,node_01,1780479596,data_collection,cooking_fume,exposure,,false,false,,rule_fallback_v0,2913,4095,2496,3139,28,47,58,28.8,63.4,true,unclassified,1780479596324
8912,node_01,1780479597,data_collection,cooking_fume,exposure,,false,false,,rule_fallback_v0,2907,4095,2493,3139,28,47,58,28.8,63.4,true,unclassified,1780479597370
8913,node_01,1780479598,data_collection,cooking_fume,exposure,,false,false,,rule_fallback_v0,2909,4095,2499,3139,28,47,58,28.8,63.2,true,unclassified,1780479598415
8914,node_01,1780479599,data_collection,cooking_fume,exposure,,false,false,,rule_fallback_v0,2910,4095,2495,3139,28,47,58,28.8,63.2,true,unclassified,1780479599458
8915,node_01,1780479600,data_collection,cooking_fume,exposure,,false,false,,rule_fallback_v0,2910,4095,2495,3139,28,47,59,28.8,63.2,true,unclassified,1780479600507
8916,node_01,1780479602,data_collection,cooking_fume,exposure,,false,false,,rule_fallback_v0,2911,4095,2495,3139,28,47,59,28.8,62.9,true,unclassified,1780479601548
8917,node_01,1780479603,data_collection,cooking_fume,exposure,,false,false,,rule_fallback_v0,2914,4095,2494,3139,27,46,58,28.8,62.9,true,unclassified,1780479602593
8918,node_01,1780479604,data_collection,cooking_fume,exposure,,false,false,,rule_fallback_v0,2911,4095,2496,3139,27,46,57,28.8,62.9,true,unclassified,1780479603638
8919,node_01,1780479605,data_collection,cooking_fume,exposure,,false,false,,rule_fallback_v0,2913,4095,2496,3139,27,46,57,28.8,62.9,true,unclassified,1780479604688
8920,node_01,1780479606,data_collection,cooking_fume,exposure,,false,false,,rule_fallback_v0,2906,4095,2497,3139,27,46,57,28.8,62.9,true,unclassified,1780479605731
8921,node_01,1780479607,data_collection,cooking_fume,exposure,,false,false,,rule_fallback_v0,2913,4095,2496,3139,27,46,57,28.8,62.9,true,unclassified,1780479606778
8922,node_01,1780479608,data_collection,cooking_fume,exposure,,false,false,,rule_fallback_v0,2908,4095,2495,3139,27,46,57,28.8,63,true,unclassified,1780479607820
8923,node_01,1780479609,data_collection,cooking_fume,exposure,,false,false,,rule_fallback_v0,2920,4095,2495,3139,28,47,58,28.8,63,true,unclassified,1780479608861
8924,node_01,1780479610,data_collection,cooking_fume,exposure,,false,false,,rule_fallback_v0,2905,4095,2497,3139,28,47,58,28.8,63,true,unclassified,1780479609907
8925,node_01,1780479611,data_collection,cooking_fume,exposure,,false,false,,rule_fallback_v0,2919,4095,2497,3139,28,47,58,28.8,62.9,true,unclassified,1780479610954
8926,node_01,1780479612,data_collection,cooking_fume,exposure,,false,false,,rule_fallback_v0,2910,4095,2495,3139,27,46,57,28.8,62.9,true,unclassified,1780479612000
8927,node_01,1780479613,data_collection,cooking_fume,exposure,,false,false,,rule_fallback_v0,2918,4095,2496,3139,27,46,57,28.8,62.9,true,unclassified,1780479613046
8928,node_01,1780479614,data_collection,cooking_fume,exposure,,false,false,,rule_fallback_v0,2910,4095,2495,3139,28,47,58,28.8,63,true,unclassified,1780479614085
8929,node_01,1780479615,data_collection,cooking_fume,exposure,,false,false,,rule_fallback_v0,2918,4095,2495,3139,28,46,57,28.8,63,true,unclassified,1780479615135
8930,node_01,1780479616,data_collection,cooking_fume,exposure,,false,false,,rule_fallback_v0,2910,4095,2496,3139,28,46,57,28.8,63,true,unclassified,1780479616180
8931,node_01,1780479617,data_collection,cooking_fume,exposure,,false,false,,rule_fallback_v0,2915,4095,2495,3139,27,45,56,28.8,62.9,true,unclassified,1780479617225
8932,node_01,1780479618,data_collection,cooking_fume,exposure,,false,false,,rule_fallback_v0,2911,4095,2497,3139,27,45,56,28.8,62.9,true,unclassified,1780479618269
8933,node_01,1780479619,data_collection,cooking_fume,exposure,,false,false,,rule_fallback_v0,2913,4095,2495,3139,27,45,55,28.8,62.9,true,unclassified,1780479619315
8934,node_01,1780479620,data_collection,cooking_fume,exposure,,false,false,,rule_fallback_v0,2906,4095,2497,3139,28,46,56,28.8,62.9,true,unclassified,1780479620360
8935,node_01,1780479621,data_collection,cooking_fume,exposure,,false,false,,rule_fallback_v0,2916,4095,2495,3139,28,46,56,28.8,62.9,true,unclassified,1780479621400
8936,node_01,1780479622,data_collection,cooking_fume,exposure,,false,false,,rule_fallback_v0,2906,4095,2495,3139,27,45,56,28.8,62.9,true,unclassified,1780479622449
8937,node_01,1780479623,data_collection,cooking_fume,exposure,,false,false,,rule_fallback_v0,2916,4095,2495,3139,27,45,56,28.8,62.6,true,unclassified,1780479623503
8938,node_01,1780479625,data_collection,cooking_fume,exposure,,false,false,,rule_fallback_v0,2906,4095,2493,3139,27,45,56,28.8,62.6,true,unclassified,1780479624543
8939,node_01,1780479626,data_collection,cooking_fume,exposure,,false,false,,rule_fallback_v0,2920,4095,2494,3139,27,45,55,28.8,62.6,true,unclassified,1780479625579
8940,node_01,1780479627,data_collection,cooking_fume,exposure,,false,false,,rule_fallback_v0,2908,4095,2493,3139,27,45,55,28.8,62.5,true,unclassified,1780479626622
8941,node_01,1780479628,data_collection,cooking_fume,exposure,,false,false,,rule_fallback_v0,2917,4095,2493,3139,27,45,55,28.8,62.5,true,unclassified,1780479627670
8942,node_01,1780479629,data_collection,cooking_fume,exposure,,false,false,,rule_fallback_v0,2904,4095,2492,3139,26,45,55,28.8,62.5,true,unclassified,1780479628715
8943,node_01,1780479630,data_collection,cooking_fume,exposure,,false,false,,rule_fallback_v0,2917,4095,2495,3139,25,44,54,28.8,62.5,true,unclassified,1780479629762
8944,node_01,1780479631,data_collection,cooking_fume,exposure,,false,false,,rule_fallback_v0,2912,4095,2495,3139,25,44,54,28.8,62.5,true,unclassified,1780479630805
8945,node_01,1780479632,data_collection,cooking_fume,exposure,,false,false,,rule_fallback_v0,2915,4095,2495,3139,25,44,53,28.8,62.5,true,unclassified,1780479631850
8946,node_01,1780479633,data_collection,cooking_fume,exposure,,false,false,,rule_fallback_v0,2904,4095,2492,3139,25,44,53,28.8,62.6,true,unclassified,1780479632892
8947,node_01,1780479634,data_collection,cooking_fume,exposure,,false,false,,rule_fallback_v0,2914,4095,2493,3139,25,44,53,28.8,62.6,true,unclassified,1780479633957
8948,node_01,1780479635,data_collection,cooking_fume,exposure,,false,false,,rule_fallback_v0,2910,4095,2497,3139,26,45,53,28.8,62.6,true,unclassified,1780479634981
8949,node_01,1780479636,data_collection,cooking_fume,exposure,,false,false,,rule_fallback_v0,2913,4095,2499,3139,26,45,53,28.8,62.5,true,unclassified,1780479636027
8950,node_01,1780479637,data_collection,cooking_fume,exposure,,false,false,,rule_fallback_v0,2912,4095,2494,3139,26,45,53,28.8,62.5,true,unclassified,1780479637072
8951,node_01,1780479638,data_collection,cooking_fume,exposure,,false,false,,rule_fallback_v0,2916,4095,2494,3139,26,45,53,28.8,62.5,true,unclassified,1780479638114
8952,node_01,1780479639,data_collection,cooking_fume,exposure,,false,false,,rule_fallback_v0,2906,4095,2495,3139,26,45,53,28.8,62.6,true,unclassified,1780479639157
8953,node_01,1780479640,data_collection,cooking_fume,exposure,,false,false,,rule_fallback_v0,2917,4095,2496,3139,26,45,53,28.8,62.6,true,unclassified,1780479640204
8954,node_01,1780479641,data_collection,cooking_fume,exposure,,false,false,,rule_fallback_v0,2906,4095,2494,3139,25,43,52,28.8,62.6,true,unclassified,1780479641251
8955,node_01,1780479642,data_collection,cooking_fume,exposure,,false,false,,rule_fallback_v0,2917,4095,2495,3139,25,43,52,28.9,62.5,true,unclassified,1780479642294
8956,node_01,1780479643,data_collection,cooking_fume,exposure,,false,false,,rule_fallback_v0,2900,4095,2495,3139,25,43,51,28.9,62.5,true,unclassified,1780479643342
8957,node_01,1780479644,data_collection,cooking_fume,exposure,,false,false,,rule_fallback_v0,2916,4095,2496,3139,25,43,51,28.9,62.5,true,unclassified,1780479644385
8958,node_01,1780479645,data_collection,cooking_fume,exposure,,false,false,,rule_fallback_v0,2905,4095,2494,3139,25,43,51,28.8,62.4,true,unclassified,1780479645545
8959,node_01,1780479646,data_collection,cooking_fume,exposure,,false,false,,rule_fallback_v0,2912,4095,2494,3139,25,43,51,28.8,62.4,true,unclassified,1780479646472
8960,node_01,1780479647,data_collection,cooking_fume,exposure,,false,false,,rule_fallback_v0,2909,4095,2497,3139,26,44,52,28.8,62.4,true,unclassified,1780479647518
8961,node_01,1780479649,data_collection,cooking_fume,exposure,,false,false,,rule_fallback_v0,2915,4095,2497,3139,26,43,51,28.8,62.5,true,unclassified,1780479648563
8962,node_01,1780479650,data_collection,cooking_fume,exposure,,false,false,,rule_fallback_v0,2905,4095,2496,3139,26,43,51,28.8,62.5,true,unclassified,1780479649612
8963,node_01,1780479651,data_collection,cooking_fume,exposure,,false,false,,rule_fallback_v0,2917,4095,2495,3139,26,43,51,28.8,62.5,true,unclassified,1780479650656
8964,node_01,1780479652,data_collection,cooking_fume,exposure,,false,false,,rule_fallback_v0,2908,4095,2495,3139,26,43,51,28.8,62.4,true,unclassified,1780479651696
8965,node_01,1780479653,data_collection,cooking_fume,exposure,,false,false,,rule_fallback_v0,2908,4095,2491,3139,26,43,51,28.8,62.4,true,unclassified,1780479652740
8966,node_01,1780479654,data_collection,cooking_fume,exposure,,false,false,,rule_fallback_v0,2910,4095,2495,3139,26,43,51,28.8,62.4,true,unclassified,1780479653787
8967,node_01,1780479655,data_collection,cooking_fume,exposure,,false,false,,rule_fallback_v0,2915,4095,2496,3139,26,43,51,28.8,62.3,true,unclassified,1780479654830
8968,node_01,1780479656,data_collection,cooking_fume,exposure,,false,false,,rule_fallback_v0,2912,4095,2494,3139,24,42,49,28.8,62.3,true,unclassified,1780479655883
8969,node_01,1780479657,data_collection,cooking_fume,exposure,,false,false,,rule_fallback_v0,2916,4095,2495,3139,24,42,49,28.8,62.3,true,unclassified,1780479656921
8970,node_01,1780479658,data_collection,cooking_fume,exposure,,false,false,,rule_fallback_v0,2912,4095,2498,3139,24,42,49,28.9,62.3,true,unclassified,1780479657966
8971,node_01,1780479659,data_collection,cooking_fume,exposure,,false,false,,rule_fallback_v0,2916,4095,2494,3139,24,42,49,28.9,62.3,true,unclassified,1780479659006
8972,node_01,1780479660,data_collection,cooking_fume,exposure,,false,false,,rule_fallback_v0,2907,4095,2496,3139,24,42,49,28.9,62.3,true,unclassified,1780479660050
8973,node_01,1780479661,data_collection,cooking_fume,exposure,,false,false,,rule_fallback_v0,2918,4095,2496,3139,24,42,49,28.9,62.2,true,unclassified,1780479661098
8974,node_01,1780479662,data_collection,cooking_fume,exposure,,false,false,,rule_fallback_v0,2902,4095,2494,3139,24,42,49,28.9,62.2,true,unclassified,1780479662145
8975,node_01,1780479663,data_collection,cooking_fume,exposure,,false,false,,rule_fallback_v0,2919,4095,2494,3139,24,42,49,28.9,62.2,true,unclassified,1780479663185
8976,node_01,1780479664,data_collection,cooking_fume,exposure,,false,false,,rule_fallback_v0,2904,4095,2496,3139,24,42,49,28.8,62.2,true,unclassified,1780479664236
8977,node_01,1780479665,data_collection,cooking_fume,exposure,,false,false,,rule_fallback_v0,2913,4095,2496,3139,24,42,49,28.8,62.2,true,unclassified,1780479665273
8978,node_01,1780479666,data_collection,cooking_fume,exposure,,false,false,,rule_fallback_v0,2913,4095,2495,3139,24,42,49,28.8,62.2,true,unclassified,1780479666324
8979,node_01,1780479667,data_collection,cooking_fume,exposure,,false,false,,rule_fallback_v0,2914,4095,2499,3139,24,42,49,28.8,62.3,true,unclassified,1780479667365
8980,node_01,1780479668,data_collection,cooking_fume,exposure,,false,false,,rule_fallback_v0,2908,4095,2499,3139,24,42,49,28.8,62.3,true,unclassified,1780479668408
8981,node_01,1780479669,data_collection,cooking_fume,exposure,,false,false,,rule_fallback_v0,2915,4095,2494,3139,24,42,49,28.8,62.3,true,unclassified,1780479669451
8982,node_01,1780479670,data_collection,cooking_fume,exposure,,false,false,,rule_fallback_v0,2909,4095,2499,3139,24,42,49,28.8,62.2,true,unclassified,1780479670497
8983,node_01,1780479672,data_collection,cooking_fume,exposure,,false,false,,rule_fallback_v0,2919,4095,2493,3139,25,43,50,28.8,62.2,true,unclassified,1780479671545
8984,node_01,1780479673,data_collection,cooking_fume,exposure,,false,false,,rule_fallback_v0,2905,4095,2495,3139,25,43,50,28.8,62.2,true,unclassified,1780479672588
8985,node_01,1780479674,data_collection,cooking_fume,exposure,,false,false,,rule_fallback_v0,2915,4095,2496,3139,25,43,50,28.9,62.2,true,unclassified,1780479673633
8986,node_01,1780479675,data_collection,cooking_fume,exposure,,false,false,,rule_fallback_v0,2908,4095,2497,3139,25,43,50,28.9,62.2,true,unclassified,1780479674679
8987,node_01,1780479676,data_collection,cooking_fume,exposure,,false,false,,rule_fallback_v0,2913,4095,2493,3139,25,43,50,28.9,62.2,true,unclassified,1780479675721
8988,node_01,1780479677,data_collection,cooking_fume,exposure,,false,false,,rule_fallback_v0,2912,4095,2494,3139,24,42,49,28.9,62.1,true,unclassified,1780479676772
8989,node_01,1780479678,data_collection,cooking_fume,exposure,,false,false,,rule_fallback_v0,2914,4095,2493,3139,25,42,49,28.9,62.1,true,unclassified,1780479677811
8990,node_01,1780479679,data_collection,cooking_fume,exposure,,false,false,,rule_fallback_v0,2912,4095,2498,3139,25,41,48,28.9,62.1,true,unclassified,1780479678860
8991,node_01,1780479680,data_collection,cooking_fume,exposure,,false,false,,rule_fallback_v0,2913,4095,2496,3139,26,42,49,28.9,62,true,unclassified,1780479679903
8992,node_01,1780479681,data_collection,cooking_fume,exposure,,false,false,,rule_fallback_v0,2911,4095,2496,3139,26,42,49,28.9,62,true,unclassified,1780479680948
8993,node_01,1780479682,data_collection,cooking_fume,exposure,,false,false,,rule_fallback_v0,2913,4095,2496,3139,26,42,49,28.9,62,true,unclassified,1780479681997
8994,node_01,1780479683,data_collection,cooking_fume,exposure,,false,false,,rule_fallback_v0,2905,4095,2496,3139,26,42,49,28.8,62,true,unclassified,1780479683038
8995,node_01,1780479684,data_collection,cooking_fume,exposure,,false,false,,rule_fallback_v0,2918,4095,2496,3139,26,42,49,28.8,62,true,unclassified,1780479684082
8996,node_01,1780479685,data_collection,cooking_fume,exposure,,false,false,,rule_fallback_v0,2907,4095,2497,3139,26,42,49,28.8,62,true,unclassified,1780479685125
8997,node_01,1780479686,data_collection,cooking_fume,exposure,,false,false,,rule_fallback_v0,2918,4095,2499,3139,26,42,49,28.8,62.1,true,unclassified,1780479686171
8998,node_01,1780479687,data_collection,cooking_fume,exposure,,false,false,,rule_fallback_v0,2906,4095,2496,3139,26,43,50,28.8,62.1,true,unclassified,1780479687220
8999,node_01,1780479688,data_collection,cooking_fume,exposure,,false,false,,rule_fallback_v0,2924,4095,2494,3139,26,43,50,28.8,62.1,true,unclassified,1780479688259
9000,node_01,1780479689,data_collection,cooking_fume,exposure,,false,false,,rule_fallback_v0,2907,4095,2493,3139,25,42,49,28.9,62.2,true,unclassified,1780479689301
9001,node_01,1780479690,data_collection,cooking_fume,exposure,,false,false,,rule_fallback_v0,2916,4095,2497,3139,25,42,49,28.9,62.2,true,unclassified,1780479690346
9002,node_01,1780479691,data_collection,cooking_fume,exposure,,false,false,,rule_fallback_v0,2905,4095,2494,3139,25,42,49,28.9,62.2,true,unclassified,1780479691392
9003,node_01,1780479692,data_collection,cooking_fume,exposure,,false,false,,rule_fallback_v0,2911,4095,2498,3139,25,42,49,28.9,62.2,true,unclassified,1780479692440
9004,node_01,1780479693,data_collection,cooking_fume,exposure,,false,false,,rule_fallback_v0,2910,4095,2498,3139,25,41,48,28.9,62.2,true,unclassified,1780479693480
9005,node_01,1780479695,data_collection,cooking_fume,exposure,,false,false,,rule_fallback_v0,2913,4095,2495,3139,25,41,48,28.9,62.2,true,unclassified,1780479694524
9006,node_01,1780479696,data_collection,cooking_fume,exposure,,false,false,,rule_fallback_v0,2914,4095,2498,3139,26,42,49,28.9,62.1,true,unclassified,1780479695569
9007,node_01,1780479697,data_collection,cooking_fume,exposure,,false,false,,rule_fallback_v0,2917,4095,2494,3139,26,42,49,28.9,62.1,true,unclassified,1780479696613
9008,node_01,1780479698,data_collection,cooking_fume,exposure,,false,false,,rule_fallback_v0,2911,4095,2498,3139,25,41,48,28.9,62.1,true,unclassified,1780479697661
9009,node_01,1780479699,data_collection,cooking_fume,exposure,,false,false,,rule_fallback_v0,2920,4095,2496,3139,25,41,48,28.9,62.3,true,unclassified,1780479698706
9010,node_01,1780479700,data_collection,cooking_fume,exposure,,false,false,,rule_fallback_v0,2905,4095,2498,3139,25,41,48,28.9,62.3,true,unclassified,1780479699748
9011,node_01,1780479701,data_collection,cooking_fume,exposure,,false,false,,rule_fallback_v0,2920,4095,2493,3139,26,42,49,28.9,62.3,true,unclassified,1780479700791
9012,node_01,1780479702,data_collection,cooking_fume,exposure,,false,false,,rule_fallback_v0,2910,4095,2497,3139,26,42,49,28.9,62.1,true,unclassified,1780479701836
9013,node_01,1780479703,data_collection,cooking_fume,exposure,,false,false,,rule_fallback_v0,2913,4095,2493,3139,26,42,49,28.9,62.1,true,unclassified,1780479702879
9014,node_01,1780479704,data_collection,cooking_fume,exposure,,false,false,,rule_fallback_v0,2907,4095,2496,3139,25,41,48,28.9,62.1,true,unclassified,1780479703929
9015,node_01,1780479705,data_collection,cooking_fume,exposure,,false,false,,rule_fallback_v0,2916,4095,2497,3139,25,41,48,28.9,61.9,true,unclassified,1780479704967
9016,node_01,1780479706,data_collection,cooking_fume,exposure,,false,false,,rule_fallback_v0,2911,4095,2494,3139,25,41,48,28.9,61.9,true,unclassified,1780479706013
9017,node_01,1780479707,data_collection,cooking_fume,exposure,,false,false,,rule_fallback_v0,2913,4095,2496,3139,25,42,49,28.9,61.9,true,unclassified,1780479707058
9018,node_01,1780479708,data_collection,cooking_fume,exposure,,false,false,,rule_fallback_v0,2913,4095,2496,3139,25,42,49,28.8,62.1,true,unclassified,1780479708106
9019,node_01,1780479709,data_collection,cooking_fume,exposure,,false,false,,rule_fallback_v0,2915,4095,2498,3139,25,42,49,28.8,62.1,true,unclassified,1780479709146
9020,node_01,1780479710,data_collection,cooking_fume,exposure,,false,false,,rule_fallback_v0,2914,4095,2494,3139,24,41,48,28.8,62.1,true,unclassified,1780479710189
9021,node_01,1780479711,data_collection,cooking_fume,exposure,,false,false,,rule_fallback_v0,2913,4095,2497,3139,24,41,48,28.9,62.1,true,unclassified,1780479711237
9022,node_01,1780479712,data_collection,cooking_fume,exposure,,false,false,,rule_fallback_v0,2909,4095,2496,3139,24,41,48,28.9,62.1,true,unclassified,1780479712280
9023,node_01,1780479713,data_collection,cooking_fume,exposure,,false,false,,rule_fallback_v0,2918,4095,2496,3139,25,42,49,28.9,62.1,true,unclassified,1780479713329
9024,node_01,1780479714,data_collection,cooking_fume,exposure,,false,false,,rule_fallback_v0,2907,4095,2495,3139,25,42,49,28.9,62.4,true,unclassified,1780479714368
9025,node_01,1780479715,data_collection,cooking_fume,exposure,,false,false,,rule_fallback_v0,2915,4095,2497,3139,24,42,49,28.9,62.4,true,unclassified,1780479715410
9026,node_01,1780479716,data_collection,cooking_fume,exposure,,false,false,,rule_fallback_v0,2907,4095,2494,3139,24,42,49,28.9,62.4,true,unclassified,1780479716455
9027,node_01,1780479717,data_collection,cooking_fume,exposure,,false,false,,rule_fallback_v0,2915,4095,2495,3139,24,42,49,28.9,62.3,true,unclassified,1780479717501
9028,node_01,1780479719,data_collection,cooking_fume,exposure,,false,false,,rule_fallback_v0,2907,4095,2497,3139,24,42,49,28.9,62.3,true,unclassified,1780479718553
9029,node_01,1780479720,data_collection,cooking_fume,exposure,,false,false,,rule_fallback_v0,2915,4095,2496,3139,24,42,49,28.9,62.3,true,unclassified,1780479719589
9030,node_01,1780479721,data_collection,cooking_fume,exposure,,false,false,,rule_fallback_v0,2912,4095,2494,3139,24,42,49,28.9,62.3,true,unclassified,1780479720637
9031,node_01,1780479722,data_collection,cooking_fume,exposure,,false,false,,rule_fallback_v0,2909,4095,2496,3139,23,41,48,28.9,62.3,true,unclassified,1780479721680
9032,node_01,1780479723,data_collection,cooking_fume,exposure,,false,false,,rule_fallback_v0,2909,4095,2499,3139,23,41,48,28.9,62.3,true,unclassified,1780479722722
9033,node_01,1780479724,data_collection,cooking_fume,exposure,,false,false,,rule_fallback_v0,2914,4095,2497,3139,23,40,48,28.8,62.3,true,unclassified,1780479723766
9034,node_01,1780479725,data_collection,cooking_fume,exposure,,false,false,,rule_fallback_v0,2910,4095,2498,3139,23,40,48,28.8,62.3,true,unclassified,1780479724811
9035,node_01,1780479726,data_collection,cooking_fume,exposure,,false,false,,rule_fallback_v0,2910,4095,2495,3139,23,40,48,28.8,62.3,true,unclassified,1780479725856
9036,node_01,1780479727,data_collection,cooking_fume,exposure,,false,false,,rule_fallback_v0,2910,4095,2492,3139,23,40,48,28.9,62.3,true,unclassified,1780479726901
9037,node_01,1780479728,data_collection,cooking_fume,exposure,,false,false,,rule_fallback_v0,2916,4095,2496,3139,24,41,49,28.9,62.3,true,unclassified,1780479727972
9038,node_01,1780479729,data_collection,cooking_fume,exposure,,false,false,,rule_fallback_v0,2911,4095,2497,3139,24,41,49,28.9,62.3,true,unclassified,1780479728994
9039,node_01,1780479730,data_collection,cooking_fume,exposure,,false,false,,rule_fallback_v0,2919,4095,2495,3139,24,41,49,28.9,62.4,true,unclassified,1780479730038
9040,node_01,1780479731,data_collection,cooking_fume,exposure,,false,false,,rule_fallback_v0,2908,4095,2493,3139,23,40,48,28.9,62.4,true,unclassified,1780479731079
9041,node_01,1780479732,data_collection,cooking_fume,exposure,,false,false,,rule_fallback_v0,2918,4095,2496,3139,23,40,49,28.9,62.4,true,unclassified,1780479732123
9042,node_01,1780479733,data_collection,cooking_fume,exposure,,false,false,,rule_fallback_v0,2912,4095,2496,3139,23,40,49,28.9,62.3,true,unclassified,1780479733168
9043,node_01,1780479734,data_collection,cooking_fume,exposure,,false,false,,rule_fallback_v0,2918,4095,2496,3139,23,41,49,28.9,62.3,true,unclassified,1780479734212
9044,node_01,1780479735,data_collection,cooking_fume,exposure,,false,false,,rule_fallback_v0,2906,4095,2497,3139,23,41,49,28.9,62.3,true,unclassified,1780479735263
9045,node_01,1780479736,data_collection,cooking_fume,exposure,,false,false,,rule_fallback_v0,2913,4095,2498,3139,24,41,49,28.9,62.3,true,unclassified,1780479736301
9046,node_01,1780479737,data_collection,cooking_fume,exposure,,false,false,,rule_fallback_v0,2913,4095,2494,3139,24,41,49,28.9,62.3,true,unclassified,1780479737345
9047,node_01,1780479738,data_collection,cooking_fume,exposure,,false,false,,rule_fallback_v0,2916,4095,2495,3139,24,41,49,28.9,62.3,true,unclassified,1780479738389
9048,node_01,1780479739,data_collection,cooking_fume,exposure,,false,false,,rule_fallback_v0,2911,4095,2497,3139,25,42,50,28.9,62.1,true,unclassified,1780479739438
9049,node_01,1780479740,data_collection,cooking_fume,exposure,,false,false,,rule_fallback_v0,2915,4095,2497,3139,25,42,50,28.9,62.1,true,unclassified,1780479740480
9050,node_01,1780479742,data_collection,cooking_fume,exposure,,false,false,,rule_fallback_v0,2913,4095,2497,3139,25,42,50,28.9,62.1,true,unclassified,1780479741523
9051,node_01,1780479743,data_collection,cooking_fume,exposure,,false,false,,rule_fallback_v0,2912,4095,2497,3139,24,41,49,28.8,62.1,true,unclassified,1780479742565
9052,node_01,1780479744,data_collection,cooking_fume,exposure,,false,false,,rule_fallback_v0,2914,4095,2497,3139,24,41,49,28.8,62.1,true,unclassified,1780479743611
9053,node_01,1780479745,data_collection,cooking_fume,exposure,,false,false,,rule_fallback_v0,2917,4095,2494,3139,24,41,49,28.8,62.1,true,unclassified,1780479744655
9054,node_01,1780479746,data_collection,cooking_fume,exposure,,false,false,,rule_fallback_v0,2908,4095,2496,3139,25,42,50,28.9,62,true,unclassified,1780479745706
9055,node_01,1780479747,data_collection,cooking_fume,exposure,,false,false,,rule_fallback_v0,2921,4095,2496,3139,25,42,50,28.9,62,true,unclassified,1780479746745
9056,node_01,1780479748,data_collection,cooking_fume,exposure,,false,false,,rule_fallback_v0,2910,4095,2496,3139,25,42,50,28.9,62,true,unclassified,1780479747798
9057,node_01,1780479749,data_collection,cooking_fume,exposure,,false,false,,rule_fallback_v0,2913,4095,2497,3139,25,42,50,28.9,62.1,true,unclassified,1780479748836
9058,node_01,1780479750,data_collection,cooking_fume,exposure,,false,false,,rule_fallback_v0,2913,4095,2496,3139,25,42,50,28.9,62.1,true,unclassified,1780479749884
9059,node_01,1780479751,data_collection,cooking_fume,exposure,,false,false,,rule_fallback_v0,2915,4095,2491,3139,25,42,50,28.9,62.1,true,unclassified,1780479750925
9060,node_01,1780479752,data_collection,cooking_fume,exposure,,false,false,,rule_fallback_v0,2909,4095,2495,3139,25,42,49,28.9,62.1,true,unclassified,1780479751972
9061,node_01,1780479753,data_collection,cooking_fume,exposure,,false,false,,rule_fallback_v0,2918,4095,2494,3139,25,41,49,28.9,62.1,true,unclassified,1780479753016
9062,node_01,1780479754,data_collection,cooking_fume,exposure,,false,false,,rule_fallback_v0,2910,4095,2497,3139,25,41,50,28.9,62.1,true,unclassified,1780479754056
9063,node_01,1780479755,data_collection,cooking_fume,exposure,,false,false,,rule_fallback_v0,2917,4095,2496,3139,25,41,50,28.9,61.9,true,unclassified,1780479755108
9064,node_01,1780479756,data_collection,cooking_fume,exposure,,false,false,,rule_fallback_v0,2913,4095,2498,3139,25,41,50,28.9,61.9,true,unclassified,1780479756145
9065,node_01,1780479757,data_collection,cooking_fume,exposure,,false,false,,rule_fallback_v0,2916,4095,2497,3139,25,41,50,28.9,61.9,true,unclassified,1780479757191
9066,node_01,1780479758,data_collection,cooking_fume,exposure,,false,false,,rule_fallback_v0,2912,4095,2496,3139,24,40,49,28.9,62,true,unclassified,1780479758232
9067,node_01,1780479759,data_collection,cooking_fume,exposure,,false,false,,rule_fallback_v0,2918,4095,2496,3139,24,40,49,28.9,62,true,unclassified,1780479759279
9068,node_01,1780479760,data_collection,cooking_fume,exposure,,false,false,,rule_fallback_v0,2911,4095,2496,3139,25,41,50,28.9,62,true,unclassified,1780479760328
9069,node_01,1780479761,data_collection,cooking_fume,exposure,,false,false,,rule_fallback_v0,2916,4095,2498,3139,25,41,50,28.9,61.9,true,unclassified,1780479761371
9070,node_01,1780479762,data_collection,cooking_fume,exposure,,false,false,,rule_fallback_v0,2912,4095,2495,3139,24,41,50,28.9,61.9,true,unclassified,1780479762410
9071,node_01,1780479763,data_collection,cooking_fume,exposure,,false,false,,rule_fallback_v0,2915,4095,2497,3139,24,41,50,28.9,61.9,true,unclassified,1780479763456
9072,node_01,1780479764,data_collection,cooking_fume,exposure,,false,false,,rule_fallback_v0,2904,4095,2495,3139,24,41,50,28.9,61.9,true,unclassified,1780479764500
9073,node_01,1780479766,data_collection,cooking_fume,exposure,,false,false,,rule_fallback_v0,2916,4095,2496,3139,24,41,49,28.9,61.9,true,unclassified,1780479765554
9074,node_01,1780479767,data_collection,cooking_fume,exposure,,false,false,,rule_fallback_v0,2909,4095,2495,3139,23,40,48,28.9,61.9,true,unclassified,1780479766592
9075,node_01,1780479768,data_collection,cooking_fume,exposure,,false,false,,rule_fallback_v0,2914,4095,2497,3139,23,40,48,28.9,61.8,true,unclassified,1780479767636
9076,node_01,1780479769,data_collection,cooking_fume,exposure,,false,false,,rule_fallback_v0,2911,4095,2498,3139,23,40,48,28.9,61.8,true,unclassified,1780479768676
9077,node_01,1780479770,data_collection,cooking_fume,exposure,,false,false,,rule_fallback_v0,2912,4095,2496,3139,23,40,48,28.9,61.8,true,unclassified,1780479769724
9078,node_01,1780479771,data_collection,cooking_fume,exposure,,false,false,,rule_fallback_v0,2911,4095,2495,3139,23,40,48,28.9,62.1,true,unclassified,1780479770775
9079,node_01,1780479772,data_collection,cooking_fume,exposure,,false,false,,rule_fallback_v0,2913,4095,2497,3139,23,40,48,28.9,62.1,true,unclassified,1780479771813
9080,node_01,1780479773,data_collection,cooking_fume,exposure,,false,false,,rule_fallback_v0,2914,4095,2498,3139,25,41,49,28.9,62.1,true,unclassified,1780479772855
9081,node_01,1780479774,data_collection,cooking_fume,exposure,,false,false,,rule_fallback_v0,2915,4095,2496,3139,25,41,49,28.9,62.2,true,unclassified,1780479773897
9082,node_01,1780479775,data_collection,cooking_fume,exposure,,false,false,,rule_fallback_v0,2908,4095,2495,3139,25,41,49,28.9,62.2,true,unclassified,1780479774945
9083,node_01,1780479776,data_collection,cooking_fume,exposure,,false,false,,rule_fallback_v0,2920,4095,2495,3139,24,40,48,28.9,62.2,true,unclassified,1780479775997
9084,node_01,1780479777,data_collection,cooking_fume,exposure,,false,false,,rule_fallback_v0,2907,4095,2497,3139,24,40,48,28.9,62.2,true,unclassified,1780479777038
9085,node_01,1780479778,data_collection,cooking_fume,exposure,,false,false,,rule_fallback_v0,2922,4095,2494,3139,25,40,48,28.9,62.2,true,unclassified,1780479778081
9086,node_01,1780479779,data_collection,cooking_fume,exposure,,false,false,,rule_fallback_v0,2907,4095,2496,3139,26,41,49,28.9,62.2,true,unclassified,1780479779124
9087,node_01,1780479780,data_collection,cooking_fume,exposure,,false,false,,rule_fallback_v0,2921,4095,2495,3139,26,41,49,28.9,62.1,true,unclassified,1780479780164
9088,node_01,1780479781,data_collection,cooking_fume,exposure,,false,false,,rule_fallback_v0,2907,4095,2497,3139,26,41,49,28.9,62.1,true,unclassified,1780479781213
9089,node_01,1780479782,data_collection,cooking_fume,exposure,,false,false,,rule_fallback_v0,2916,4095,2495,3139,26,41,49,28.9,62.1,true,unclassified,1780479782256
9090,node_01,1780479783,data_collection,cooking_fume,exposure,,false,false,,rule_fallback_v0,2909,4095,2496,3139,26,41,49,28.9,62.4,true,unclassified,1780479783304
9091,node_01,1780479784,data_collection,cooking_fume,exposure,,false,false,,rule_fallback_v0,2915,4095,2494,3139,26,41,49,28.9,62.4,true,unclassified,1780479784351
9092,node_01,1780479785,data_collection,cooking_fume,exposure,,false,false,,rule_fallback_v0,2909,4095,2498,3139,26,41,49,28.9,62.4,true,unclassified,1780479785394
9093,node_01,1780479786,data_collection,cooking_fume,exposure,,false,false,,rule_fallback_v0,2916,4095,2497,3139,26,41,49,28.9,62.3,true,unclassified,1780479786441
9094,node_01,1780479787,data_collection,cooking_fume,exposure,,false,false,,rule_fallback_v0,2908,4095,2495,3139,25,40,48,28.9,62.3,true,unclassified,1780479787484
9095,node_01,1780479789,data_collection,cooking_fume,exposure,,false,false,,rule_fallback_v0,2915,4095,2493,3139,24,40,47,28.9,62.3,true,unclassified,1780479788523
9096,node_01,1780479790,data_collection,cooking_fume,exposure,,false,false,,rule_fallback_v0,2904,4095,2496,3139,24,40,47,28.9,62.1,true,unclassified,1780479789567
9097,node_01,1780479791,data_collection,cooking_fume,exposure,,false,false,,rule_fallback_v0,2914,4095,2496,3139,24,40,47,28.9,62.1,true,unclassified,1780479790612
9098,node_01,1780479792,data_collection,cooking_fume,exposure,,false,false,,rule_fallback_v0,2908,4095,2496,3139,24,40,47,28.9,62.1,true,unclassified,1780479791658
9099,node_01,1780479793,data_collection,cooking_fume,exposure,,false,false,,rule_fallback_v0,2917,4095,2495,3139,24,40,47,28.9,62.3,true,unclassified,1780479792699
9100,node_01,1780479794,data_collection,cooking_fume,exposure,,false,false,,rule_fallback_v0,2907,4095,2494,3139,25,41,47,28.9,62.3,true,unclassified,1780479793748
9101,node_01,1780479795,data_collection,cooking_fume,exposure,,false,false,,rule_fallback_v0,2917,4095,2498,3139,25,40,47,28.9,62.3,true,unclassified,1780479794791
9102,node_01,1780479796,data_collection,cooking_fume,exposure,,false,false,,rule_fallback_v0,2914,4095,2495,3139,25,40,47,28.9,62.2,true,unclassified,1780479795833
9103,node_01,1780479797,data_collection,cooking_fume,exposure,,false,false,,rule_fallback_v0,2919,4095,2496,3139,25,40,47,28.9,62.2,true,unclassified,1780479796882
9104,node_01,1780479798,data_collection,cooking_fume,exposure,,false,false,,rule_fallback_v0,2918,4095,2496,3139,25,40,47,28.9,62.2,true,unclassified,1780479797921
9105,node_01,1780479799,data_collection,cooking_fume,exposure,,false,false,,rule_fallback_v0,2913,4095,2497,3139,24,40,47,28.9,62.2,true,unclassified,1780479798968
9106,node_01,1780479800,data_collection,cooking_fume,exposure,,false,false,,rule_fallback_v0,2910,4095,2498,3139,24,40,47,28.9,62.2,true,unclassified,1780479800014
9107,node_01,1780479801,data_collection,cooking_fume,exposure,,false,false,,rule_fallback_v0,2914,4095,2494,3139,24,39,46,28.9,62.2,true,unclassified,1780479801058
9108,node_01,1780479802,data_collection,cooking_fume,exposure,,false,false,,rule_fallback_v0,2908,4095,2497,3139,23,38,45,28.9,62.2,true,unclassified,1780479802103
9109,node_01,1780479803,data_collection,cooking_fume,exposure,,false,false,,rule_fallback_v0,2917,4095,2497,3139,23,38,46,28.9,62.2,true,unclassified,1780479803146
9110,node_01,1780479804,data_collection,cooking_fume,exposure,,false,false,,rule_fallback_v0,2913,4095,2495,3139,23,38,46,28.9,62.2,true,unclassified,1780479804194
9111,node_01,1780479805,data_collection,cooking_fume,exposure,,false,false,,rule_fallback_v0,2910,4095,2497,3139,24,39,47,28.9,62.3,true,unclassified,1780479805234
9112,node_01,1780479806,data_collection,cooking_fume,exposure,,false,false,,rule_fallback_v0,2911,4095,2496,3139,24,39,47,28.9,62.3,true,unclassified,1780479806278
9113,node_01,1780479807,data_collection,cooking_fume,exposure,,false,false,,rule_fallback_v0,2914,4095,2495,3139,24,40,47,28.9,62.3,true,unclassified,1780479807320
9114,node_01,1780479808,data_collection,cooking_fume,exposure,,false,false,,rule_fallback_v0,2908,4095,2497,3139,23,39,46,28.9,62.4,true,unclassified,1780479808366
9115,node_01,1780479809,data_collection,cooking_fume,exposure,,false,false,,rule_fallback_v0,2912,4095,2497,3139,23,39,46,28.9,62.4,true,unclassified,1780479809410
9116,node_01,1780479810,data_collection,cooking_fume,exposure,,false,false,,rule_fallback_v0,2914,4095,2497,3139,23,39,46,28.9,62.4,true,unclassified,1780479810453
9117,node_01,1780479811,data_collection,cooking_fume,exposure,,false,false,,rule_fallback_v0,2913,4095,2497,3139,23,39,46,28.9,62.3,true,unclassified,1780479811495
9118,node_01,1780479813,data_collection,cooking_fume,exposure,,false,false,,rule_fallback_v0,2909,4095,2494,3139,23,39,46,28.9,62.3,true,unclassified,1780479812543
9119,node_01,1780479814,data_collection,cooking_fume,exposure,,false,false,,rule_fallback_v0,2916,4095,2496,3139,23,39,47,28.9,62.3,true,unclassified,1780479813590
9120,node_01,1780479815,data_collection,cooking_fume,exposure,,false,false,,rule_fallback_v0,2907,4095,2497,3139,23,39,47,28.9,62.2,true,unclassified,1780479814630
9121,node_01,1780479816,data_collection,cooking_fume,exposure,,false,false,,rule_fallback_v0,2917,4095,2497,3139,23,39,47,28.9,62.2,true,unclassified,1780479815673
9122,node_01,1780479817,data_collection,cooking_fume,exposure,,false,false,,rule_fallback_v0,2911,4095,2494,3139,23,39,47,28.9,62.2,true,unclassified,1780479816720
9123,node_01,1780479818,data_collection,cooking_fume,exposure,,false,false,,rule_fallback_v0,2913,4095,2496,3139,24,40,48,28.9,62.1,true,unclassified,1780479817762
9124,node_01,1780479819,data_collection,cooking_fume,exposure,,false,false,,rule_fallback_v0,2911,4095,2494,3139,24,40,48,28.9,62.1,true,unclassified,1780479818811
9125,node_01,1780479820,data_collection,cooking_fume,exposure,,false,false,,rule_fallback_v0,2913,4095,2497,3139,24,40,48,28.9,62.1,true,unclassified,1780479819856
9126,node_01,1780479821,data_collection,cooking_fume,exposure,,false,false,,rule_fallback_v0,2907,4095,2496,3139,24,40,48,28.9,62.2,true,unclassified,1780479820905
9127,node_01,1780479822,data_collection,cooking_fume,exposure,,false,false,,rule_fallback_v0,2915,4095,2495,3139,24,40,48,28.9,62.2,true,unclassified,1780479821939
9128,node_01,1780479823,data_collection,cooking_fume,exposure,,false,false,,rule_fallback_v0,2908,4095,2494,3139,23,39,47,28.9,62.2,true,unclassified,1780479822986
9129,node_01,1780479824,data_collection,cooking_fume,exposure,,false,false,,rule_fallback_v0,2916,4095,2499,3139,23,39,47,28.9,62.1,true,unclassified,1780479824029
9130,node_01,1780479825,data_collection,cooking_fume,exposure,,false,false,,rule_fallback_v0,2905,4095,2493,3139,23,39,47,28.9,62.1,true,unclassified,1780479825075
9131,node_01,1780479826,data_collection,cooking_fume,exposure,,false,false,,rule_fallback_v0,2918,4095,2496,3139,24,40,48,28.9,62.1,true,unclassified,1780479826116
9132,node_01,1780479827,data_collection,cooking_fume,exposure,,false,false,,rule_fallback_v0,2909,4095,2496,3139,24,40,49,28.9,62,true,unclassified,1780479827165
9133,node_01,1780479828,data_collection,cooking_fume,exposure,,false,false,,rule_fallback_v0,2917,4095,2496,3139,24,40,49,28.9,62,true,unclassified,1780479828207
9134,node_01,1780479829,data_collection,cooking_fume,exposure,,false,false,,rule_fallback_v0,2907,4095,2496,3139,24,41,49,28.9,62,true,unclassified,1780479829250
9135,node_01,1780479830,data_collection,cooking_fume,exposure,,false,false,,rule_fallback_v0,2914,4095,2497,3139,24,41,49,28.9,61.9,true,unclassified,1780479830296
9136,node_01,1780479831,data_collection,cooking_fume,exposure,,false,false,,rule_fallback_v0,2908,4095,2498,3139,24,41,49,28.9,61.9,true,unclassified,1780479831341
9137,node_01,1780479832,data_collection,cooking_fume,exposure,,false,false,,rule_fallback_v0,2915,4095,2497,3139,23,40,49,28.9,61.9,true,unclassified,1780479832390
9138,node_01,1780479833,data_collection,cooking_fume,exposure,,false,false,,rule_fallback_v0,2912,4095,2494,3139,23,40,49,28.9,62.1,true,unclassified,1780479833430
9139,node_01,1780479834,data_collection,cooking_fume,exposure,,false,false,,rule_fallback_v0,2912,4095,2497,3139,23,40,49,28.9,62.1,true,unclassified,1780479834473
9140,node_01,1780479836,data_collection,cooking_fume,exposure,,false,false,,rule_fallback_v0,2909,4095,2497,3139,23,40,49,28.9,62.1,true,unclassified,1780479835520
9141,node_01,1780479837,data_collection,cooking_fume,exposure,,false,false,,rule_fallback_v0,2913,4095,2495,3139,23,40,49,28.9,61.9,true,unclassified,1780479836563
9142,node_01,1780479838,data_collection,cooking_fume,exposure,,false,false,,rule_fallback_v0,2911,4095,2495,3139,23,40,49,28.9,61.9,true,unclassified,1780479837609
9143,node_01,1780479839,data_collection,cooking_fume,exposure,,false,false,,rule_fallback_v0,2920,4095,2493,3139,23,40,49,28.9,61.9,true,unclassified,1780479838654
9144,node_01,1780479840,data_collection,cooking_fume,exposure,,false,false,,rule_fallback_v0,2908,4095,2497,3139,23,40,49,28.9,61.8,true,unclassified,1780479839705
9145,node_01,1780479841,data_collection,cooking_fume,exposure,,false,false,,rule_fallback_v0,2914,4095,2496,3139,23,40,48,28.9,61.8,true,unclassified,1780479840746
9146,node_01,1780479842,data_collection,cooking_fume,exposure,,false,false,,rule_fallback_v0,2910,4095,2497,3139,24,41,49,28.9,61.8,true,unclassified,1780479841784
9147,node_01,1780479843,data_collection,cooking_fume,exposure,,false,false,,rule_fallback_v0,2914,4095,2495,3139,24,41,49,28.9,61.9,true,unclassified,1780479842828
9148,node_01,1780479844,data_collection,cooking_fume,exposure,,false,false,,rule_fallback_v0,2908,4095,2496,3139,24,41,49,28.9,61.9,true,unclassified,1780479843873
9149,node_01,1780479845,data_collection,cooking_fume,exposure,,false,false,,rule_fallback_v0,2913,4095,2498,3139,24,41,49,28.9,61.9,true,unclassified,1780479844918
9150,node_01,1780479846,data_collection,cooking_fume,exposure,,false,false,,rule_fallback_v0,2912,4095,2494,3139,24,41,49,28.9,61.9,true,unclassified,1780479845963
9151,node_01,1780479847,data_collection,cooking_fume,exposure,,false,false,,rule_fallback_v0,2915,4095,2495,3139,24,41,49,28.9,61.9,true,unclassified,1780479847006
9152,node_01,1780479848,data_collection,cooking_fume,exposure,,false,false,,rule_fallback_v0,2913,4095,2496,3139,24,41,49,28.9,61.9,true,unclassified,1780479848048
9153,node_01,1780479849,data_collection,cooking_fume,exposure,,false,false,,rule_fallback_v0,2914,4095,2492,3139,24,41,49,28.9,61.7,true,unclassified,1780479849096
9154,node_01,1780479850,data_collection,cooking_fume,exposure,,false,false,,rule_fallback_v0,2916,4095,2497,3139,24,40,49,28.9,61.7,true,unclassified,1780479850137
9155,node_01,1780479851,data_collection,cooking_fume,exposure,,false,false,,rule_fallback_v0,2913,4095,2494,3139,24,40,49,28.9,61.7,true,unclassified,1780479851185
9156,node_01,1780479852,data_collection,cooking_fume,exposure,,false,false,,rule_fallback_v0,2907,4095,2493,3139,24,40,49,29,61.8,true,unclassified,1780479852231
9157,node_01,1780479853,data_collection,cooking_fume,exposure,,false,false,,rule_fallback_v0,2916,4095,2495,3139,23,39,48,29,61.8,true,unclassified,1780479853269
9158,node_01,1780479854,data_collection,cooking_fume,exposure,,false,false,,rule_fallback_v0,2907,4095,2495,3139,23,39,48,29,61.8,true,unclassified,1780479854318
9159,node_01,1780479855,data_collection,cooking_fume,exposure,,false,false,,rule_fallback_v0,2918,4095,2495,3139,23,39,48,28.9,61.7,true,unclassified,1780479855358
9160,node_01,1780479856,data_collection,cooking_fume,exposure,,false,false,,rule_fallback_v0,2905,4095,2495,3139,23,39,48,28.9,61.7,true,unclassified,1780479856408
9161,node_01,1780479857,data_collection,cooking_fume,exposure,,false,false,,rule_fallback_v0,2920,4095,2497,3139,23,38,48,28.9,61.7,true,unclassified,1780479857451
9162,node_01,1780479858,data_collection,cooking_fume,exposure,,false,false,,rule_fallback_v0,2912,4095,2493,3139,23,38,48,28.9,61.7,true,unclassified,1780479858491
9163,node_01,1780479860,data_collection,cooking_fume,exposure,,false,false,,rule_fallback_v0,2913,4095,2496,3139,24,39,48,28.9,61.7,true,unclassified,1780479859540
9164,node_01,1780479861,data_collection,cooking_fume,exposure,,false,false,,rule_fallback_v0,2912,4095,2496,3139,24,39,48,28.9,61.7,true,unclassified,1780479860584
9165,node_01,1780479862,data_collection,cooking_fume,exposure,,false,false,,rule_fallback_v0,2913,4095,2496,3139,24,39,48,28.9,61.6,true,unclassified,1780479861625
9166,node_01,1780479863,data_collection,cooking_fume,exposure,,false,false,,rule_fallback_v0,2912,4095,2493,3139,24,39,48,28.9,61.6,true,unclassified,1780479862673
9167,node_01,1780479864,data_collection,cooking_fume,exposure,,false,false,,rule_fallback_v0,2910,4095,2497,3139,25,39,48,28.9,61.6,true,unclassified,1780479863714
9168,node_01,1780479865,data_collection,cooking_fume,exposure,,false,false,,rule_fallback_v0,2912,4095,2495,3139,24,38,47,28.9,61.7,true,unclassified,1780479864763
9169,node_01,1780479866,data_collection,cooking_fume,exposure,,false,false,,rule_fallback_v0,2915,4095,2495,3139,24,39,47,28.9,61.7,true,unclassified,1780479865803
9170,node_01,1780479867,data_collection,cooking_fume,exposure,,false,false,,rule_fallback_v0,2911,4095,2494,3139,24,39,48,28.9,61.7,true,unclassified,1780479866846
9171,node_01,1780479868,data_collection,cooking_fume,exposure,,false,false,,rule_fallback_v0,2915,4095,2498,3139,25,40,49,28.9,61.5,true,unclassified,1780479867892
9172,node_01,1780479869,data_collection,cooking_fume,exposure,,false,false,,rule_fallback_v0,2906,4095,2494,3139,25,40,49,28.9,61.5,true,unclassified,1780479868977
9173,node_01,1780479870,data_collection,cooking_fume,exposure,,false,false,,rule_fallback_v0,2910,4095,2495,3139,25,41,49,28.9,61.5,true,unclassified,1780479869984
9174,node_01,1780479871,data_collection,cooking_fume,exposure,,false,false,,rule_fallback_v0,2909,4095,2497,3139,25,41,49,29,61.4,true,unclassified,1780479871026
9175,node_01,1780479872,data_collection,cooking_fume,exposure,,false,false,,rule_fallback_v0,2910,4095,2496,3139,25,41,50,29,61.4,true,unclassified,1780479872080
9176,node_01,1780479873,data_collection,cooking_fume,exposure,,false,false,,rule_fallback_v0,2914,4095,2494,3139,26,42,50,29,61.4,true,unclassified,1780479873117
9177,node_01,1780479874,data_collection,cooking_fume,exposure,,false,false,,rule_fallback_v0,2917,4095,2495,3139,26,42,50,28.9,61.6,true,unclassified,1780479874157
9178,node_01,1780479875,data_collection,cooking_fume,exposure,,false,false,,rule_fallback_v0,2907,4095,2495,3139,26,42,50,28.9,61.6,true,unclassified,1780479875201
9179,node_01,1780479876,data_collection,cooking_fume,exposure,,false,false,,rule_fallback_v0,2916,4095,2495,3139,26,42,50,28.9,61.6,true,unclassified,1780479876249
9180,node_01,1780479877,data_collection,cooking_fume,exposure,,false,false,,rule_fallback_v0,2910,4095,2496,3139,25,41,49,28.9,61.5,true,unclassified,1780479877297
9181,node_01,1780479878,data_collection,cooking_fume,exposure,,false,false,,rule_fallback_v0,2914,4095,2497,3139,25,41,49,28.9,61.5,true,unclassified,1780479878339
9182,node_01,1780479879,data_collection,cooking_fume,exposure,,false,false,,rule_fallback_v0,2906,4095,2496,3139,24,41,49,28.9,61.5,true,unclassified,1780479879380
9183,node_01,1780479880,data_collection,cooking_fume,exposure,,false,false,,rule_fallback_v0,2920,4095,2496,3139,25,42,50,28.9,61.6,true,unclassified,1780479880432
9184,node_01,1780479881,data_collection,cooking_fume,exposure,,false,false,,rule_fallback_v0,2906,4095,2493,3139,25,41,49,28.9,61.6,true,unclassified,1780479881470
9185,node_01,1780479883,data_collection,cooking_fume,exposure,,false,false,,rule_fallback_v0,2919,4095,2494,3139,25,41,49,28.9,61.6,true,unclassified,1780479882514
9186,node_01,1780479884,data_collection,cooking_fume,exposure,,false,false,,rule_fallback_v0,2907,4095,2497,3139,25,41,49,28.9,61.8,true,unclassified,1780479883559
9187,node_01,1780479885,data_collection,cooking_fume,exposure,,false,false,,rule_fallback_v0,2916,4095,2494,3139,25,41,49,28.9,61.8,true,unclassified,1780479884605
9188,node_01,1780479886,data_collection,cooking_fume,exposure,,false,false,,rule_fallback_v0,2910,4095,2495,3139,24,39,48,28.9,61.8,true,unclassified,1780479885651
9189,node_01,1780479887,data_collection,cooking_fume,exposure,,false,false,,rule_fallback_v0,2913,4095,2497,3139,24,39,48,28.9,61.8,true,unclassified,1780479886691
9190,node_01,1780479888,data_collection,cooking_fume,exposure,,false,false,,rule_fallback_v0,2912,4095,2496,3139,23,39,48,28.9,61.8,true,unclassified,1780479887740
9191,node_01,1780479889,data_collection,cooking_fume,exposure,,false,false,,rule_fallback_v0,2911,4095,2496,3139,24,40,48,28.9,61.8,true,unclassified,1780479888786
9192,node_01,1780479890,data_collection,cooking_fume,exposure,,false,false,,rule_fallback_v0,2909,4095,2496,3139,24,40,48,29,61.6,true,unclassified,1780479889829
9193,node_01,1780479891,data_collection,cooking_fume,exposure,,false,false,,rule_fallback_v0,2911,4095,2494,3139,24,40,48,29,61.6,true,unclassified,1780479890871
9194,node_01,1780479892,data_collection,cooking_fume,exposure,,false,false,,rule_fallback_v0,2909,4095,2496,3139,23,39,47,29,61.6,true,unclassified,1780479891912
9195,node_01,1780479893,data_collection,cooking_fume,exposure,,false,false,,rule_fallback_v0,2918,4095,2493,3139,23,39,47,28.9,61.5,true,unclassified,1780479892962
9196,node_01,1780479894,data_collection,cooking_fume,exposure,,false,false,,rule_fallback_v0,2908,4095,2495,3139,23,39,47,28.9,61.5,true,unclassified,1780479894001
9197,node_01,1780479895,data_collection,cooking_fume,exposure,,false,false,,rule_fallback_v0,2915,4095,2496,3139,24,40,48,28.9,61.5,true,unclassified,1780479895046
9198,node_01,1780479896,data_collection,cooking_fume,exposure,,false,false,,rule_fallback_v0,2910,4095,2496,3139,24,40,48,28.9,61.5,true,unclassified,1780479896204
9199,node_01,1780479897,data_collection,cooking_fume,exposure,,false,false,,rule_fallback_v0,2913,4095,2496,3139,24,41,48,28.9,61.5,true,unclassified,1780479897137
9200,node_01,1780479898,data_collection,cooking_fume,exposure,,false,false,,rule_fallback_v0,2910,4095,2497,3139,23,40,47,28.9,61.5,true,unclassified,1780479898180
9201,node_01,1780479899,data_collection,cooking_fume,exposure,,false,false,,rule_fallback_v0,2913,4095,2495,3139,23,40,47,28.9,61.7,true,unclassified,1780479899225
9202,node_01,1780479900,data_collection,cooking_fume,exposure,,false,false,,rule_fallback_v0,2912,4095,2496,3139,23,40,47,28.9,61.7,true,unclassified,1780479900268
9203,node_01,1780479901,data_collection,cooking_fume,exposure,,false,false,,rule_fallback_v0,2913,4095,2496,3139,23,40,47,28.9,61.7,true,unclassified,1780479901315
9204,node_01,1780479902,data_collection,cooking_fume,exposure,,false,false,,rule_fallback_v0,2911,4095,2495,3139,23,40,47,28.9,61.6,true,unclassified,1780479902359
9205,node_01,1780479903,data_collection,cooking_fume,exposure,,false,false,,rule_fallback_v0,2911,4095,2494,3139,23,39,46,28.9,61.6,true,unclassified,1780479903405
9206,node_01,1780479904,data_collection,cooking_fume,exposure,,false,false,,rule_fallback_v0,2905,4095,2497,3139,24,40,47,28.9,61.6,true,unclassified,1780479904450
9207,node_01,1780479905,data_collection,cooking_fume,exposure,,false,false,,rule_fallback_v0,2915,4095,2497,3139,24,40,47,28.9,61.6,true,unclassified,1780479905490
9208,node_01,1780479907,data_collection,cooking_fume,exposure,,false,false,,rule_fallback_v0,2904,4095,2498,3139,23,39,46,28.9,61.6,true,unclassified,1780479906560
9209,node_01,1780479908,data_collection,cooking_fume,exposure,,false,false,,rule_fallback_v0,2919,4095,2497,3139,23,38,46,28.9,61.6,true,unclassified,1780479907579
9210,node_01,1780479909,data_collection,cooking_fume,exposure,,false,false,,rule_fallback_v0,2909,4095,2494,3139,23,38,45,28.9,61.6,true,unclassified,1780479908623
9211,node_01,1780479910,data_collection,cooking_fume,exposure,,false,false,,rule_fallback_v0,2916,4095,2494,3139,24,39,46,28.9,61.6,true,unclassified,1780479909669
9212,node_01,1780479911,data_collection,cooking_fume,exposure,,false,false,,rule_fallback_v0,2905,4095,2495,3139,24,39,46,28.9,61.6,true,unclassified,1780479910713
9213,node_01,1780479912,data_collection,cooking_fume,exposure,,false,false,,rule_fallback_v0,2911,4095,2497,3139,23,38,45,28.9,61.8,true,unclassified,1780479911761
9214,node_01,1780479913,data_collection,cooking_fume,exposure,,false,false,,rule_fallback_v0,2909,4095,2495,3139,23,38,45,28.9,61.8,true,unclassified,1780479912808
9215,node_01,1780479914,data_collection,cooking_fume,exposure,,false,false,,rule_fallback_v0,2916,4095,2493,3139,23,38,45,28.9,61.8,true,unclassified,1780479913848
9216,node_01,1780479915,data_collection,cooking_fume,exposure,,false,false,,rule_fallback_v0,2909,4095,2494,3139,23,38,45,28.9,61.8,true,unclassified,1780479914891
9217,node_01,1780479916,data_collection,cooking_fume,exposure,,false,false,,rule_fallback_v0,2912,4095,2494,3139,22,36,44,28.9,61.8,true,unclassified,1780479915936
