id,node_id,timestamp,mode,collection_label,trial_state,inference_class,event_marker,cigarette_detected,inference_score,model_version,voc_raw,co_raw,voc_mv,co_mv,pm1_0,pm2_5,pm10,temperature,humidity,pms_valid,classification,received_at
11767,node_01,1781250814,inference,,,normal_air,,false,0,backend_rule_v0,2629,3587,2272,2913,8,12,13,22.6,51.7,true,normal_air,1781250815675
11768,node_01,1781250815,inference,,,normal_air,,false,0,backend_rule_v0,2653,3641,2283,2910,8,13,14,22.5,51.7,true,normal_air,1781250816727
11769,node_01,1781250816,inference,,,normal_air,,false,0,backend_rule_v0,2631,3586,2273,2907,9,15,16,22.5,51.7,true,normal_air,1781250817784
11770,node_01,1781250817,inference,,,normal_air,,false,0,backend_rule_v0,2652,3640,2279,2911,11,16,18,22.5,51.7,true,normal_air,1781250818811
11771,node_01,1781250818,inference,,,normal_air,,false,0,backend_rule_v0,2638,3585,2271,2910,12,18,19,22.5,51.6,true,normal_air,1781250819854
11772,node_01,1781250819,inference,,,normal_air,,false,0,backend_rule_v0,2653,3643,2283,2908,13,20,22,22.5,51.6,true,normal_air,1781250820895
11773,node_01,1781250820,inference,,,normal_air,,false,0,backend_rule_v0,2634,3595,2274,2909,14,22,23,22.5,51.6,true,normal_air,1781250821941
11774,node_01,1781250821,inference,,,normal_air,,false,0.016,backend_rule_v0,2655,3648,2286,2912,17,27,28,22.5,51.7,true,normal_air,1781250822986
11775,node_01,1781250822,inference,,,normal_air,,false,0.05600000000000001,backend_rule_v0,2633,3600,2274,2908,21,32,35,22.5,51.7,true,normal_air,1781250824034
11776,node_01,1781250823,inference,,,normal_air,,false,0.08000000000000002,backend_rule_v0,2651,3639,2279,2909,23,35,41,22.5,51.7,true,normal_air,1781250825089
11777,node_01,1781250824,inference,,,normal_air,,false,0.11200000000000002,backend_rule_v0,2638,3596,2276,2913,26,39,46,22.5,51.6,true,normal_air,1781250826138
11778,node_01,1781250825,inference,,,normal_air,,false,0.12,backend_rule_v0,2654,3647,2281,2910,27,40,48,22.5,51.6,true,normal_air,1781250827170
11779,node_01,1781250826,inference,,,normal_air,,false,0.136,backend_rule_v0,2632,3596,2274,2909,28,42,51,22.5,51.6,true,normal_air,1781250828217
11780,node_01,1781250827,inference,,,normal_air,,false,0.15200000000000002,backend_rule_v0,2649,3648,2286,2907,29,44,53,22.5,51.5,true,normal_air,1781250829274
11781,node_01,1781250828,inference,,,normal_air,,false,0.16000000000000003,backend_rule_v0,2631,3592,2273,2911,30,45,54,22.5,51.5,true,normal_air,1781250830313
11782,node_01,1781250829,inference,,,normal_air,,false,0.168,backend_rule_v0,2646,3647,2276,2910,31,46,56,22.5,51.5,true,normal_air,1781250831355
11783,node_01,1781250830,inference,,,normal_air,,false,0.17600000000000002,backend_rule_v0,2637,3585,2274,2911,32,47,57,22.5,51.5,true,normal_air,1781250832403
11784,node_01,1781250831,inference,,,normal_air,,false,0.18400000000000002,backend_rule_v0,2651,3646,2280,2912,33,48,57,22.5,51.5,true,normal_air,1781250833453
11785,node_01,1781250832,inference,,,normal_air,,false,0.17600000000000002,backend_rule_v0,2628,3557,2273,2910,32,47,56,22.5,51.5,true,normal_air,1781250834503
11786,node_01,1781250833,inference,,,normal_air,,false,0.168,backend_rule_v0,2649,3640,2284,2913,31,46,55,22.5,51.5,true,normal_air,1781250835541
11787,node_01,1781250834,inference,,,normal_air,,false,0.16000000000000003,backend_rule_v0,2632,3589,2276,2908,31,45,53,22.5,51.5,true,normal_air,1781250836594
11788,node_01,1781250836,inference,,,normal_air,,false,0.15200000000000002,backend_rule_v0,2654,3641,2277,2905,30,44,52,22.5,51.5,true,normal_air,1781250837636
11789,node_01,1781250837,inference,,,normal_air,,false,0.144,backend_rule_v0,2635,3591,2275,2905,29,43,50,22.5,51.5,true,normal_air,1781250838684
11790,node_01,1781250838,inference,,,normal_air,,false,0.136,backend_rule_v0,2650,3643,2277,2909,29,42,49,22.5,51.5,true,normal_air,1781250839725
11791,node_01,1781250839,inference,,,normal_air,,false,0.128,backend_rule_v0,2630,3594,2275,2910,28,41,48,22.5,51.5,true,normal_air,1781250840772
11792,node_01,1781250840,inference,,,normal_air,,false,0.12,backend_rule_v0,2649,3649,2288,2909,28,40,47,22.4,51.4,true,normal_air,1781250841817
11793,node_01,1781250841,inference,,,normal_air,,false,0.12,backend_rule_v0,2630,3594,2276,2910,28,40,46,22.4,51.4,true,normal_air,1781250842866
11794,node_01,1781250842,inference,,,normal_air,,false,0.11200000000000002,backend_rule_v0,2649,3646,2279,2910,27,39,45,22.4,51.4,true,normal_air,1781250843927
11795,node_01,1781250843,inference,,,normal_air,,false,0.096,backend_rule_v0,2641,3597,2275,2912,25,37,42,22.4,51.6,true,normal_air,1781250844961
11796,node_01,1781250844,inference,,,normal_air,,false,0.08800000000000001,backend_rule_v0,2650,3637,2282,2910,25,36,41,22.4,51.6,true,normal_air,1781250846006
11797,node_01,1781250845,inference,,,normal_air,,false,0.08000000000000002,backend_rule_v0,2631,3580,2273,2914,25,35,40,22.4,51.6,true,normal_air,1781250847050
11798,node_01,1781250846,inference,,,normal_air,,false,0.08800000000000001,backend_rule_v0,2653,3640,2285,2911,25,36,40,22.4,51.6,true,normal_air,1781250848101
11799,node_01,1781250847,inference,,,normal_air,,false,0.08000000000000002,backend_rule_v0,2630,3587,2274,2910,25,35,39,22.4,51.6,true,normal_air,1781250849144
11800,node_01,1781250848,inference,,,normal_air,,false,0.08000000000000002,backend_rule_v0,2649,3648,2281,2913,24,35,38,22.4,51.6,true,normal_air,1781250850196
11801,node_01,1781250849,inference,,,normal_air,,false,0.072,backend_rule_v0,2638,3595,2274,2906,24,34,37,22.4,51.9,true,normal_air,1781250851241
11802,node_01,1781250850,inference,,,normal_air,,false,0.072,backend_rule_v0,2649,3639,2281,2914,24,34,37,22.4,51.9,true,normal_air,1781250852282
11803,node_01,1781250851,inference,,,normal_air,,false,0.08000000000000002,backend_rule_v0,2635,3586,2276,2911,24,35,38,22.4,51.9,true,normal_air,1781250853336
11804,node_01,1781250852,inference,,,normal_air,,false,0.08000000000000002,backend_rule_v0,2655,3649,2286,2908,24,35,39,22.4,51.8,true,normal_air,1781250854380
11805,node_01,1781250853,inference,,,normal_air,,false,0.096,backend_rule_v0,2626,3598,2276,2910,25,37,42,22.4,51.8,true,normal_air,1781250855423
11806,node_01,1781250854,inference,,,normal_air,,false,0.10400000000000001,backend_rule_v0,2654,3649,2280,2911,26,38,44,22.4,51.8,true,normal_air,1781250856467
11807,node_01,1781250855,inference,,,normal_air,,false,0.128,backend_rule_v0,2637,3594,2273,2908,28,41,47,22.4,52,true,normal_air,1781250857548
11808,node_01,1781250856,inference,,,normal_air,,false,0.136,backend_rule_v0,2655,3645,2279,2909,28,42,49,22.4,52,true,normal_air,1781250858585
11809,node_01,1781250857,inference,,,normal_air,,false,0.136,backend_rule_v0,2617,3593,2274,2911,28,42,49,22.4,52,true,normal_air,1781250859606
11810,node_01,1781250859,inference,,,normal_air,,false,0.15200000000000002,backend_rule_v0,2651,3638,2285,2910,29,44,52,22.4,52.1,true,normal_air,1781250860656
11811,node_01,1781250860,inference,,,normal_air,,false,0.16000000000000003,backend_rule_v0,2631,3591,2274,2906,30,45,54,22.4,52.1,true,normal_air,1781250861698
11812,node_01,1781250861,inference,,,normal_air,,false,0.168,backend_rule_v0,2651,3644,2280,2913,31,46,55,22.4,52.1,true,normal_air,1781250862751
11813,node_01,1781250862,inference,,,normal_air,,false,0.168,backend_rule_v0,2636,3594,2275,2909,31,46,55,22.4,52.2,true,normal_air,1781250863809
11814,node_01,1781250863,inference,,,normal_air,,false,0.168,backend_rule_v0,2654,3650,2281,2916,31,46,54,22.4,52.2,true,normal_air,1781250864841
11815,node_01,1781250864,inference,,,normal_air,,false,0.15200000000000002,backend_rule_v0,2629,3593,2271,2909,30,44,52,22.4,52.2,true,normal_air,1781250865921
11816,node_01,1781250865,inference,,,normal_air,,false,0.15200000000000002,backend_rule_v0,2652,3644,2289,2915,29,44,52,22.4,52.2,true,normal_air,1781250866936
11817,node_01,1781250866,inference,,,normal_air,,false,0.144,backend_rule_v0,2630,3582,2278,2910,29,43,50,22.4,52.2,true,normal_air,1781250867976
11818,node_01,1781250867,inference,,,normal_air,,false,0.136,backend_rule_v0,2650,3644,2279,2909,28,42,49,22.4,52.2,true,normal_air,1781250869044
11819,node_01,1781250868,inference,,,normal_air,,false,0.144,backend_rule_v0,2636,3589,2275,2911,29,43,50,22.3,52.4,true,normal_air,1781250870079
11820,node_01,1781250869,inference,,,normal_air,,false,0.16000000000000003,backend_rule_v0,2654,3642,2277,2907,30,45,54,22.3,52.4,true,normal_air,1781250871113
11821,node_01,1781250870,inference,,,normal_air,,false,0.2,backend_rule_v0,2628,3594,2277,2914,34,50,60,22.3,52.4,true,normal_air,1781250872164
11822,node_01,1781250871,inference,,,normal_air,,false,0.2,backend_rule_v0,2651,3646,2284,2912,36,52,63,22.3,52.5,true,normal_air,1781250873212
11823,node_01,1781250872,inference,,,normal_air,,false,0.2,backend_rule_v0,2630,3590,2274,2912,41,58,68,22.3,52.5,true,normal_air,1781250874258
11824,node_01,1781250873,inference,,,normal_air,,false,0.2,backend_rule_v0,2652,3637,2279,2906,47,66,73,22.3,52.5,true,normal_air,1781250875300
11825,node_01,1781250874,inference,,,normal_air,,false,0.2,backend_rule_v0,2634,3592,2275,2911,55,78,79,22.4,52.7,true,normal_air,1781250876350
11826,node_01,1781250875,inference,,,normal_air,,false,0.2,backend_rule_v0,2653,3645,2279,2909,62,90,90,22.4,52.7,true,normal_air,1781250877395
11827,node_01,1781250876,inference,,,normal_air,,false,0.2,backend_rule_v0,2631,3590,2274,2912,69,99,99,22.4,52.7,true,normal_air,1781250878444
11828,node_01,1781250877,inference,,,normal_air,,false,0.2,backend_rule_v0,2649,3639,2285,2909,76,109,109,22.3,52.8,true,normal_air,1781250879500
11829,node_01,1781250878,inference,,,normal_air,,false,0.2,backend_rule_v0,2630,3597,2276,2910,80,117,117,22.3,52.8,true,normal_air,1781250880533
11830,node_01,1781250879,inference,,,normal_air,,false,0.2,backend_rule_v0,2653,3649,2278,2913,83,120,120,22.3,52.8,true,normal_air,1781250881623
11831,node_01,1781250881,inference,,,normal_air,,false,0.2,backend_rule_v0,2637,3591,2275,2915,83,121,122,22.3,52.9,true,normal_air,1781250882631
11832,node_01,1781250882,inference,,,normal_air,,false,0.2,backend_rule_v0,2654,3616,2280,2912,85,124,124,22.3,52.9,true,normal_air,1781250883672
11833,node_01,1781250883,inference,,,normal_air,,false,0.2,backend_rule_v0,2633,3591,2276,2912,84,123,123,22.3,52.9,true,normal_air,1781250884719
11834,node_01,1781250884,inference,,,normal_air,,false,0.2,backend_rule_v0,2653,3642,2288,2907,83,122,122,22.3,53,true,normal_air,1781250885765
11835,node_01,1781250885,inference,,,normal_air,,false,0.2,backend_rule_v0,2629,3594,2276,2912,78,116,117,22.3,53,true,normal_air,1781250886809
11836,node_01,1781250886,inference,,,normal_air,,false,0.2,backend_rule_v0,2650,3644,2279,2914,75,111,111,22.3,53,true,normal_air,1781250887858
11837,node_01,1781250887,inference,,,normal_air,,false,0.2,backend_rule_v0,2624,3590,2275,2911,72,107,107,22.3,53,true,normal_air,1781250888906
11838,node_01,1781250888,inference,,,normal_air,,false,0.2,backend_rule_v0,2651,3640,2278,2908,69,104,104,22.3,53,true,normal_air,1781250889951
11839,node_01,1781250889,inference,,,normal_air,,false,0.2,backend_rule_v0,2630,3596,2275,2912,67,99,100,22.3,53,true,normal_air,1781250891001
11840,node_01,1781250890,inference,,,normal_air,,false,0.2,backend_rule_v0,2654,3641,2286,2906,64,96,96,22.3,53.2,true,normal_air,1781250892042
11841,node_01,1781250891,inference,,,normal_air,,false,0.2,backend_rule_v0,2628,3584,2274,2913,62,92,93,22.3,53.2,true,normal_air,1781250893091
11842,node_01,1781250892,inference,,,normal_air,,false,0.2,backend_rule_v0,2655,3646,2281,2913,60,89,89,22.3,53.2,true,normal_air,1781250894144
11843,node_01,1781250893,inference,,,normal_air,,false,0.2,backend_rule_v0,2635,3589,2276,2915,58,86,86,22.3,53.2,true,normal_air,1781250895188
11844,node_01,1781250894,inference,,,normal_air,,false,0.2,backend_rule_v0,2652,3651,2279,2914,56,82,83,22.3,53.2,true,normal_air,1781250896228
11845,node_01,1781250895,inference,,,normal_air,,false,0.2,backend_rule_v0,2633,3593,2275,2911,52,78,79,22.3,53.2,true,normal_air,1781250897278
11846,node_01,1781250896,inference,,,normal_air,,false,0.2,backend_rule_v0,2652,3647,2287,2909,50,74,77,22.3,53.4,true,normal_air,1781250898322
11847,node_01,1781250897,inference,,,normal_air,,false,0.2,backend_rule_v0,2636,3604,2275,2914,47,70,75,22.3,53.4,true,normal_air,1781250899370
11848,node_01,1781250898,inference,,,normal_air,,false,0.2,backend_rule_v0,2650,3646,2282,2909,44,66,73,22.3,53.4,true,normal_air,1781250900419
11849,node_01,1781250899,inference,,,normal_air,,false,0.2,backend_rule_v0,2640,3603,2274,2914,41,61,70,22.3,53.4,true,normal_air,1781250901466
11850,node_01,1781250900,inference,,,normal_air,,false,0.2,backend_rule_v0,2652,3645,2282,2908,39,59,68,22.3,53.4,true,normal_air,1781250902510
11851,node_01,1781250901,inference,,,normal_air,,false,0.2,backend_rule_v0,2633,3589,2279,2915,38,56,66,22.3,53.4,true,normal_air,1781250903562
11852,node_01,1781250902,inference,,,normal_air,,false,0.2,backend_rule_v0,2651,3650,2287,2913,36,54,65,22.3,53.7,true,normal_air,1781250904598
11853,node_01,1781250904,inference,,,normal_air,,false,0.2,backend_rule_v0,2631,3586,2273,2909,35,52,63,22.3,53.7,true,normal_air,1781250905672
11854,node_01,1781250905,inference,,,normal_air,,false,0.2,backend_rule_v0,2654,3651,2282,2913,34,51,62,22.3,53.7,true,normal_air,1781250906693
11855,node_01,1781250906,inference,,,normal_air,,false,0.192,backend_rule_v0,2637,3593,2275,2913,33,49,59,22.3,53.8,true,normal_air,1781250907743
11856,node_01,1781250907,inference,,,normal_air,,false,0.17600000000000002,backend_rule_v0,2654,3648,2279,2912,32,47,56,22.3,53.8,true,normal_air,1781250908789
11857,node_01,1781250908,inference,,,normal_air,,false,0.168,backend_rule_v0,2628,3593,2274,2912,31,46,55,22.3,53.8,true,normal_air,1781250909832
11858,node_01,1781250909,inference,,,normal_air,,false,0.16000000000000003,backend_rule_v0,2651,3641,2288,2909,30,45,54,22.3,53.8,true,normal_air,1781250910880
11859,node_01,1781250910,inference,,,normal_air,,false,0.16000000000000003,backend_rule_v0,2629,3594,2274,2907,30,45,53,22.3,53.8,true,normal_air,1781250911925
11860,node_01,1781250911,inference,,,normal_air,,false,0.16000000000000003,backend_rule_v0,2649,3642,2277,2913,30,45,54,22.3,53.8,true,normal_air,1781250912989
11861,node_01,1781250912,inference,,,normal_air,,false,0.16000000000000003,backend_rule_v0,2637,3591,2276,2911,30,45,54,22.2,54,true,normal_air,1781250914023
11862,node_01,1781250913,inference,,,normal_air,,false,0.168,backend_rule_v0,2651,3642,2281,2909,31,46,55,22.2,54,true,normal_air,1781250915063
11863,node_01,1781250914,inference,,,normal_air,,false,0.168,backend_rule_v0,2632,3591,2272,2910,31,46,55,22.2,54,true,normal_air,1781250916110
11864,node_01,1781250915,inference,,,normal_air,,false,0.18400000000000002,backend_rule_v0,2650,3647,2289,2911,33,48,57,22.3,54.1,true,normal_air,1781250917171
11865,node_01,1781250916,inference,,,normal_air,,false,0.18400000000000002,backend_rule_v0,2631,3591,2274,2908,33,48,58,22.3,54.1,true,normal_air,1781250918209
11866,node_01,1781250917,inference,,,normal_air,,false,0.2,backend_rule_v0,2651,3644,2280,2912,34,50,61,22.3,54.1,true,normal_air,1781250919258
11867,node_01,1781250918,inference,,,normal_air,,false,0.2,backend_rule_v0,2638,3592,2275,2909,35,51,62,22.2,54.2,true,normal_air,1781250920314
11868,node_01,1781250919,inference,,,normal_air,,false,0.2,backend_rule_v0,2655,3641,2280,2912,39,54,65,22.2,54.2,true,normal_air,1781250921351
11869,node_01,1781250920,inference,,,normal_air,,false,0.2,backend_rule_v0,2627,3598,2275,2907,41,56,66,22.2,54.2,true,normal_air,1781250922388
11870,node_01,1781250921,inference,,,normal_air,,false,0.2,backend_rule_v0,2652,3645,2282,2909,42,57,67,22.2,54.2,true,normal_air,1781250923434
11871,node_01,1781250922,inference,,,normal_air,,false,0.2,backend_rule_v0,2632,3596,2276,2912,43,58,68,22.2,54.2,true,normal_air,1781250924483
11872,node_01,1781250923,inference,,,normal_air,,false,0.2,backend_rule_v0,2654,3651,2280,2910,46,61,70,22.2,54.2,true,normal_air,1781250925532
11873,node_01,1781250924,inference,,,normal_air,,false,0.2,backend_rule_v0,2637,3591,2275,2913,48,64,72,22.2,54.4,true,normal_air,1781250926610
11874,node_01,1781250925,inference,,,normal_air,,false,0.2,backend_rule_v0,2650,3645,2282,2913,49,65,73,22.2,54.4,true,normal_air,1781250927626
11875,node_01,1781250927,inference,,,normal_air,,false,0.2,backend_rule_v0,2630,3592,2273,2910,49,65,72,22.2,54.4,true,normal_air,1781250928668
11876,node_01,1781250928,inference,,,normal_air,,false,0.2,backend_rule_v0,2654,3643,2291,2911,49,65,72,22.2,54.5,true,normal_air,1781250929750
11877,node_01,1781250929,inference,,,normal_air,,false,0.2,backend_rule_v0,2632,3588,2274,2912,47,63,71,22.2,54.5,true,normal_air,1781250930757
11878,node_01,1781250930,inference,,,normal_air,,false,0.2,backend_rule_v0,2656,3647,2279,2914,47,62,71,22.2,54.5,true,normal_air,1781250931805
11879,node_01,1781250931,inference,,,normal_air,,false,0.2,backend_rule_v0,2630,3591,2271,2911,46,60,70,22.2,54.5,true,normal_air,1781250932850
11880,node_01,1781250932,inference,,,normal_air,,false,0.2,backend_rule_v0,2650,3642,2281,2910,46,61,70,22.2,54.5,true,normal_air,1781250933905
11881,node_01,1781250933,inference,,,normal_air,,false,0.2,backend_rule_v0,2632,3597,2274,2912,48,64,73,22.2,54.5,true,normal_air,1781250934945
11882,node_01,1781250934,inference,,,normal_air,,false,0.2,backend_rule_v0,2653,3644,2289,2912,50,68,74,22.2,54.6,true,normal_air,1781250935993
11883,node_01,1781250935,inference,,,normal_air,,false,0.2,backend_rule_v0,2632,3592,2275,2908,52,70,76,22.2,54.6,true,normal_air,1781250937047
11884,node_01,1781250936,inference,,,normal_air,,false,0.2,backend_rule_v0,2654,3645,2278,2907,53,73,76,22.2,54.6,true,normal_air,1781250938087
11885,node_01,1781250937,inference,,,normal_air,,false,0.2,backend_rule_v0,2638,3606,2277,2913,55,75,77,22.2,54.9,true,normal_air,1781250939127
11886,node_01,1781250938,inference,,,normal_air,,false,0.2,backend_rule_v0,2650,3640,2275,2909,57,77,79,22.2,54.9,true,normal_air,1781250940183
11887,node_01,1781250939,inference,,,normal_air,,false,0.2,backend_rule_v0,2630,3595,2277,2912,61,83,84,22.2,54.9,true,normal_air,1781250941226
11888,node_01,1781250940,inference,,,normal_air,,false,0.2,backend_rule_v0,2652,3648,2290,2912,65,88,88,22.2,55,true,normal_air,1781250942268
11889,node_01,1781250941,inference,,,normal_air,,false,0.2,backend_rule_v0,2627,3598,2273,2913,67,91,92,22.2,55,true,normal_air,1781250943315
11890,node_01,1781250942,inference,,,normal_air,,false,0.2,backend_rule_v0,2654,3648,2279,2914,69,93,94,22.2,55,true,normal_air,1781250944364
11891,node_01,1781250943,inference,,,normal_air,,false,0.2,backend_rule_v0,2639,3593,2277,2913,69,92,93,22.2,55,true,normal_air,1781250946332
11892,node_01,1781250944,inference,,,normal_air,,false,0.2,backend_rule_v0,2650,3647,2279,2911,69,91,91,22.2,55,true,normal_air,1781250946459
11893,node_01,1781250945,inference,,,normal_air,,false,0.2,backend_rule_v0,2630,3595,2275,2912,68,90,90,22.2,55,true,normal_air,1781250947501
11894,node_01,1781250946,inference,,,normal_air,,false,0.2,backend_rule_v0,2650,3647,2286,2911,68,88,88,22.2,55.2,true,normal_air,1781250948548
11895,node_01,1781250947,inference,,,normal_air,,false,0.2,backend_rule_v0,2629,3589,2277,2913,66,86,86,22.2,55.2,true,normal_air,1781250949598
11896,node_01,1781250949,inference,,,normal_air,,false,0.2,backend_rule_v0,2649,3647,2281,2909,65,84,84,22.2,55.2,true,normal_air,1781250950640
11897,node_01,1781250950,inference,,,normal_air,,false,0.2,backend_rule_v0,2635,3592,2274,2911,63,81,81,22.2,55.2,true,normal_air,1781250951691
11898,node_01,1781250951,inference,,,normal_air,,false,0.2,backend_rule_v0,2651,3642,2279,2911,59,77,78,22.2,55.2,true,normal_air,1781250952742
11899,node_01,1781250952,inference,,,normal_air,,false,0.2,backend_rule_v0,2631,3587,2274,2911,57,73,76,22.2,55.2,true,normal_air,1781250953782
11900,node_01,1781250953,inference,,,normal_air,,false,0.2,backend_rule_v0,2650,3633,2284,2910,54,69,74,22.2,55.3,true,normal_air,1781250954869
11901,node_01,1781250954,inference,,,normal_air,,false,0.2,backend_rule_v0,2631,3592,2277,2912,55,73,76,22.2,55.3,true,normal_air,1781250955876
11902,node_01,1781250955,inference,,,normal_air,,false,0.2,backend_rule_v0,2632,3651,2280,2913,56,76,78,22.2,55.3,true,normal_air,1781250956916
11903,node_01,1781250956,inference,,,normal_air,,false,0.2,backend_rule_v0,2635,3590,2273,2908,59,84,84,22.2,55.2,true,normal_air,1781250957971
11904,node_01,1781250957,inference,,,normal_air,,false,0.2,backend_rule_v0,2650,3644,2279,2912,61,89,90,22.2,55.2,true,normal_air,1781250959013
11905,node_01,1781250958,inference,,,normal_air,,false,0.2,backend_rule_v0,2632,3593,2275,2912,66,97,98,22.2,55.2,true,normal_air,1781250960058
11906,node_01,1781250959,inference,,,normal_air,,false,0.2,backend_rule_v0,2652,3645,2287,2910,70,105,106,22.2,55.4,true,normal_air,1781250961112
11907,node_01,1781250960,inference,,,normal_air,,false,0.2,backend_rule_v0,2633,3599,2274,2913,74,112,113,22.2,55.4,true,normal_air,1781250962153
11908,node_01,1781250961,inference,,,normal_air,,false,0.2,backend_rule_v0,2655,3648,2277,2912,77,119,120,22.2,55.4,true,normal_air,1781250963197
11909,node_01,1781250962,inference,,,normal_air,,false,0.2,backend_rule_v0,2638,3591,2273,2910,83,126,128,22.2,55.5,true,normal_air,1781250964247
11910,node_01,1781250963,inference,,,normal_air,,false,0.2,backend_rule_v0,2650,3640,2279,2912,86,133,134,22.2,55.5,true,normal_air,1781250965290
11911,node_01,1781250964,inference,,,normal_air,,false,0.2,backend_rule_v0,2628,3588,2274,2913,87,134,134,22.2,55.5,true,normal_air,1781250966338
11912,node_01,1781250965,inference,,,normal_air,,false,0.2,backend_rule_v0,2649,3653,2289,2911,85,131,132,22.2,55.7,true,normal_air,1781250967390
11913,node_01,1781250966,inference,,,normal_air,,false,0.2,backend_rule_v0,2629,3602,2274,2911,85,129,129,22.2,55.7,true,normal_air,1781250968431
11914,node_01,1781250967,inference,,,normal_air,,false,0.2,backend_rule_v0,2653,3640,2281,2910,83,127,127,22.2,55.7,true,normal_air,1781250969476
11915,node_01,1781250968,inference,,,normal_air,,false,0.2,backend_rule_v0,2636,3593,2272,2910,82,123,123,22.1,55.7,true,normal_air,1781250970531
11916,node_01,1781250969,inference,,,normal_air,,false,0.2,backend_rule_v0,2652,3650,2282,2912,80,120,120,22.1,55.7,true,normal_air,1781250971570
11917,node_01,1781250970,inference,,,normal_air,,false,0.2,backend_rule_v0,2629,3592,2276,2915,79,117,117,22.1,55.7,true,normal_air,1781250972613
11918,node_01,1781250972,inference,,,normal_air,,false,0.2,backend_rule_v0,2651,3643,2285,2911,78,115,115,22.2,55.8,true,normal_air,1781250973662
11919,node_01,1781250973,inference,,,normal_air,,false,0.2,backend_rule_v0,2626,3591,2271,2912,76,111,111,22.2,55.8,true,normal_air,1781250974715
11920,node_01,1781250974,inference,,,normal_air,,false,0.2,backend_rule_v0,2654,3647,2280,2912,75,108,108,22.2,55.8,true,normal_air,1781250975756
11921,node_01,1781250975,inference,,,normal_air,,false,0.2,backend_rule_v0,2637,3602,2274,2913,73,106,106,22.1,56,true,normal_air,1781250976808
11922,node_01,1781250976,inference,,,normal_air,,false,0.2,backend_rule_v0,2647,3645,2280,2909,71,102,102,22.1,56,true,normal_air,1781250977846
11923,node_01,1781250977,inference,,,normal_air,,false,0.2,backend_rule_v0,2629,3593,2273,2908,68,98,98,22.1,56,true,normal_air,1781250978909
11924,node_01,1781250978,inference,,,normal_air,,false,0.2,backend_rule_v0,2654,3638,2286,2907,63,91,91,22.2,56,true,normal_air,1781250979944
11925,node_01,1781250979,inference,,,normal_air,,false,0.2,backend_rule_v0,2628,3588,2273,2908,59,86,86,22.2,56,true,normal_air,1781250980987
11926,node_01,1781250980,inference,,,normal_air,,false,0.2,backend_rule_v0,2654,3650,2278,2911,56,81,81,22.2,56,true,normal_air,1781250982038
11927,node_01,1781250981,inference,,,normal_air,,false,0.2,backend_rule_v0,2635,3594,2273,2907,54,78,79,22.2,56.1,true,normal_air,1781250983084
11928,node_01,1781250982,inference,,,normal_air,,false,0.2,backend_rule_v0,2649,3602,2277,2910,52,74,77,22.2,56.1,true,normal_air,1781250984131
11929,node_01,1781250983,inference,,,normal_air,,false,0.2,backend_rule_v0,2629,3591,2275,2915,50,70,75,22.2,56.1,true,normal_air,1781250985195
11930,node_01,1781250984,inference,,,normal_air,,false,0.2,backend_rule_v0,2623,3643,2285,2909,47,67,73,22.1,56.2,true,normal_air,1781250986237
11931,node_01,1781250985,inference,,,normal_air,,false,0.2,backend_rule_v0,2629,3591,2272,2908,46,64,71,22.1,56.2,true,normal_air,1781250987308
11932,node_01,1781250986,inference,,,normal_air,,false,0.2,backend_rule_v0,2655,3646,2281,2908,43,60,69,22.1,56.2,true,normal_air,1781250988318
11933,node_01,1781250987,inference,,,normal_air,,false,0.2,backend_rule_v0,2636,3589,2273,2911,41,58,68,22.1,56.1,true,normal_air,1781250989359
11934,node_01,1781250988,inference,,,normal_air,,false,0.2,backend_rule_v0,2649,3640,2278,2912,40,56,66,22.1,56.1,true,normal_air,1781250990406
11935,node_01,1781250989,inference,,,normal_air,,false,0.2,backend_rule_v0,2606,3587,2273,2912,38,53,64,22.1,56.1,true,normal_air,1781250991905
11936,node_01,1781250990,inference,,,normal_air,,false,0.2,backend_rule_v0,2652,3640,2286,2908,36,52,63,22.1,56.3,true,normal_air,1781250992515
11937,node_01,1781250991,inference,,,normal_air,,false,0.2,backend_rule_v0,2613,3597,2274,2914,35,51,61,22.1,56.3,true,normal_air,1781250993554
11938,node_01,1781250992,inference,,,normal_air,,false,0.192,backend_rule_v0,2650,3634,2277,2911,33,49,59,22.1,56.3,true,normal_air,1781250994597
11939,node_01,1781250994,inference,,,normal_air,,false,0.17600000000000002,backend_rule_v0,2635,3592,2272,2907,32,47,56,22.1,56.3,true,normal_air,1781250995678
11940,node_01,1781250995,inference,,,normal_air,,false,0.168,backend_rule_v0,2633,3643,2279,2912,32,46,55,22.1,56.3,true,normal_air,1781250996712
11941,node_01,1781250996,inference,,,normal_air,,false,0.168,backend_rule_v0,2632,3595,2274,2913,31,46,55,22.1,56.3,true,normal_air,1781250997891
11942,node_01,1781250997,inference,,,normal_air,,false,0.16000000000000003,backend_rule_v0,2653,3651,2288,2912,31,45,53,22.2,56.4,true,normal_air,1781250998826
11943,node_01,1781250998,inference,,,normal_air,,false,0.15200000000000002,backend_rule_v0,2626,3593,2274,2907,30,44,52,22.2,56.4,true,normal_air,1781250999832
11944,node_01,1781250999,inference,,,normal_air,,false,0.144,backend_rule_v0,2647,3644,2277,2906,29,43,50,22.2,56.4,true,normal_air,1781251001005
11945,node_01,1781251000,inference,,,normal_air,,false,0.136,backend_rule_v0,2632,3591,2273,2911,29,42,49,22.1,56.5,true,normal_air,1781251001924
11946,node_01,1781251001,inference,,,normal_air,,false,0.136,backend_rule_v0,2651,3645,2277,2909,29,42,49,22.1,56.5,true,normal_air,1781251002960
11947,node_01,1781251002,inference,,,normal_air,,false,0.136,backend_rule_v0,2628,3589,2270,2911,29,42,49,22.1,56.5,true,normal_air,1781251004009
11948,node_01,1781251003,inference,,,normal_air,,false,0.136,backend_rule_v0,2649,3641,2284,2906,29,42,49,22.1,56.6,true,normal_air,1781251005053
11949,node_01,1781251004,inference,,,normal_air,,false,0.136,backend_rule_v0,2614,3597,2275,2911,29,42,49,22.1,56.6,true,normal_air,1781251006177
11950,node_01,1781251005,inference,,,normal_air,,false,0.136,backend_rule_v0,2653,3650,2275,2911,29,42,49,22.1,56.6,true,normal_air,1781251007148
11951,node_01,1781251006,inference,,,normal_air,,false,0.136,backend_rule_v0,2635,3591,2275,2910,29,42,49,22.1,56.6,true,normal_air,1781251008218
11952,node_01,1781251007,inference,,,normal_air,,false,0.136,backend_rule_v0,2651,3643,2279,2910,30,42,49,22.1,56.6,true,normal_air,1781251009240
11953,node_01,1781251008,inference,,,normal_air,,false,0.144,backend_rule_v0,2630,3592,2272,2910,30,43,50,22.1,56.6,true,normal_air,1781251010294
11954,node_01,1781251009,inference,,,normal_air,,false,0.144,backend_rule_v0,2653,3646,2286,2914,30,43,50,22.1,56.7,true,normal_air,1781251011336
11955,node_01,1781251010,inference,,,normal_air,,false,0.15200000000000002,backend_rule_v0,2629,3590,2274,2910,31,44,51,22.1,56.7,true,normal_air,1781251012403
11956,node_01,1781251011,inference,,,normal_air,,false,0.15200000000000002,backend_rule_v0,2652,3644,2279,2911,31,44,51,22.1,56.7,true,normal_air,1781251014737
11957,node_01,1781251012,inference,,,normal_air,,false,0.15200000000000002,backend_rule_v0,2636,3588,2272,2912,31,44,51,22.2,56.8,true,normal_air,1781251014767
11958,node_01,1781251013,inference,,,normal_air,,false,0.136,backend_rule_v0,2652,3650,2280,2912,30,42,49,22.2,56.8,true,normal_air,1781251016330
11959,node_01,1781251014,inference,,,normal_air,,false,0.136,backend_rule_v0,2630,3588,2272,2910,30,42,49,22.2,56.8,true,normal_air,1781251016631
11960,node_01,1781251015,inference,,,normal_air,,false,0.136,backend_rule_v0,2655,3644,2288,2909,29,42,49,22.1,56.9,true,normal_air,1781251017788
11961,node_01,1781251017,inference,,,normal_air,,false,0.128,backend_rule_v0,2629,3600,2275,2914,29,41,48,22.1,56.9,true,normal_air,1781251018661
11962,node_01,1781251018,inference,,,normal_air,,false,0.128,backend_rule_v0,2648,3639,2280,2914,29,41,48,22.1,56.9,true,normal_air,1781251019706
11963,node_01,1781251019,inference,,,normal_air,,false,0.12,backend_rule_v0,2634,3592,2274,2914,28,40,47,22.1,56.8,true,normal_air,1781251020764
11964,node_01,1781251020,inference,,,normal_air,,false,0.128,backend_rule_v0,2632,3646,2280,2912,29,41,47,22.1,56.8,true,normal_air,1781251021799
11965,node_01,1781251021,inference,,,normal_air,,false,0.12,backend_rule_v0,2629,3589,2275,2913,28,40,46,22.1,56.8,true,normal_air,1781251022845
11966,node_01,1781251022,inference,,,normal_air,,false,0.11200000000000002,backend_rule_v0,2652,3646,2278,2914,28,39,45,22.1,57,true,normal_air,1781251023914
11967,node_01,1781251023,inference,,,normal_air,,false,0.11200000000000002,backend_rule_v0,2628,3594,2274,2907,28,39,45,22.1,57,true,normal_air,1781251025103
11968,node_01,1781251024,inference,,,normal_air,,false,0.11200000000000002,backend_rule_v0,2652,3651,2279,2908,28,39,45,22.1,57,true,normal_air,1781251028716
11969,node_01,1781251025,inference,,,normal_air,,false,0.11200000000000002,backend_rule_v0,2636,3595,2273,2908,28,39,45,22.1,57,true,normal_air,1781251028744
11970,node_01,1781251026,inference,,,normal_air,,false,0.11200000000000002,backend_rule_v0,2653,3648,2281,2916,28,39,45,22.1,57,true,normal_air,1781251029387
11971,node_01,1781251027,inference,,,normal_air,,false,0.11200000000000002,backend_rule_v0,2630,3595,2274,2909,28,39,45,22.1,57,true,normal_air,1781251029443
11972,node_01,1781251028,inference,,,normal_air,,false,0.12,backend_rule_v0,2649,3646,2282,2911,28,40,47,22.1,57.1,true,normal_air,1781251030182
11973,node_01,1781251029,inference,,,normal_air,,false,0.136,backend_rule_v0,2609,3593,2270,2906,30,42,50,22.1,57.1,true,normal_air,1781251031217
11974,node_01,1781251030,inference,,,normal_air,,false,0.16000000000000003,backend_rule_v0,2651,3643,2279,2910,31,45,54,22.1,57.1,true,normal_air,1781251032265
11975,node_01,1781251031,inference,,,normal_air,,false,0.17600000000000002,backend_rule_v0,2637,3594,2274,2908,32,47,56,22.1,57.2,true,normal_air,1781251033305
11976,node_01,1781251032,inference,,,normal_air,,false,0.192,backend_rule_v0,2646,3639,2274,2908,33,49,59,22.1,57.2,true,normal_air,1781251034355
11977,node_01,1781251033,inference,,,normal_air,,false,0.2,backend_rule_v0,2623,3578,2269,2906,34,50,61,22.1,57.2,true,normal_air,1781251036476
11978,node_01,1781251034,inference,,,normal_air,,false,0.2,backend_rule_v0,2644,3635,2283,2905,36,52,63,22.1,57.2,true,normal_air,1781251036506
11979,node_01,1781251035,inference,,,normal_air,,false,0.2,backend_rule_v0,2619,3582,2271,2904,38,53,65,22.1,57.2,true,normal_air,1781251037502
11980,node_01,1781251036,inference,,,normal_air,,false,0.2,backend_rule_v0,2644,3636,2275,2906,39,55,66,22.1,57.2,true,normal_air,1781251038561
11981,node_01,1781251037,inference,,,normal_air,,false,0.2,backend_rule_v0,2633,3578,2269,2904,40,56,67,22.1,57.3,true,normal_air,1781251039587
11982,node_01,1781251039,inference,,,normal_air,,false,0.2,backend_rule_v0,2646,3629,2273,2906,39,56,67,22.1,57.3,true,normal_air,1781251041310
11983,node_01,1781251040,inference,,,normal_air,,false,0.2,backend_rule_v0,2629,3596,2273,2908,38,53,65,22.1,57.3,true,normal_air,1781251041812
11984,node_01,1781251041,inference,,,normal_air,,false,0.2,backend_rule_v0,2644,3636,2283,2907,35,51,62,22.1,57.4,true,normal_air,1781251042723
11985,node_01,1781251042,inference,,,normal_air,,false,0.2,backend_rule_v0,2626,3581,2268,2907,34,50,61,22.1,57.4,true,normal_air,1781251044827
11986,node_01,1781251043,inference,,,normal_air,,false,0.192,backend_rule_v0,2645,3634,2279,2907,33,49,60,22.1,57.4,true,normal_air,1781251044897
11987,node_01,1781251044,inference,,,normal_air,,false,0.2,backend_rule_v0,2633,3583,2273,2907,35,53,64,22.1,57.4,true,normal_air,1781251045909
11988,node_01,1781251045,inference,,,normal_air,,false,0.2,backend_rule_v0,2651,3636,2275,2907,38,60,69,22.1,57.4,true,normal_air,1781251046907
11989,node_01,1781251046,inference,,,normal_air,,false,0.2,backend_rule_v0,2629,3583,2270,2908,41,67,73,22.1,57.4,true,normal_air,1781251047954
11990,node_01,1781251047,inference,,,normal_air,,false,0.2,backend_rule_v0,2646,3637,2281,2905,44,74,77,22.1,57.5,true,normal_air,1781251049006
11991,node_01,1781251048,inference,,,normal_air,,false,0.2,backend_rule_v0,2624,3583,2270,2909,48,80,80,22.1,57.5,true,normal_air,1781251050055
11992,node_01,1781251049,inference,,,normal_air,,false,0.2,backend_rule_v0,2647,3639,2277,2909,50,86,86,22.1,57.5,true,normal_air,1781251051102
11993,node_01,1781251050,inference,,,normal_air,,false,0.2,backend_rule_v0,2632,3586,2271,2906,52,91,92,22.1,57.6,true,normal_air,1781251052208
11994,node_01,1781251051,inference,,,normal_air,,false,0.2,backend_rule_v0,2648,3640,2277,2907,56,96,97,22.1,57.6,true,normal_air,1781251053804
11995,node_01,1781251052,inference,,,normal_air,,false,0.2,backend_rule_v0,2628,3583,2272,2906,57,101,101,22.1,57.6,true,normal_air,1781251054235
11996,node_01,1781251053,inference,,,normal_air,,false,0.2,backend_rule_v0,2647,3629,2281,2902,60,106,107,22.1,57.5,true,normal_air,1781251055289
11997,node_01,1781251054,inference,,,normal_air,,false,0.2,backend_rule_v0,2623,3589,2270,2908,60,104,105,22.1,57.5,true,normal_air,1781251056330
11998,node_01,1781251055,inference,,,normal_air,,false,0.2,backend_rule_v0,2644,3637,2275,2903,59,99,101,22.1,57.5,true,normal_air,1781251057372
11999,node_01,1781251056,inference,,,normal_air,,false,0.2,backend_rule_v0,2632,3575,2270,2907,57,95,97,22.1,57.7,true,normal_air,1781251058420
12000,node_01,1781251057,inference,,,normal_air,,false,0.2,backend_rule_v0,2645,3632,2272,2903,55,92,93,22.1,57.7,true,normal_air,1781251059511
12001,node_01,1781251058,inference,,,normal_air,,false,0.2,backend_rule_v0,2624,3581,2270,2907,53,88,89,22.1,57.7,true,normal_air,1781251060516
12002,node_01,1781251059,inference,,,normal_air,,false,0.2,backend_rule_v0,2646,3641,2281,2909,51,85,86,22.1,57.7,true,normal_air,1781251061558
12003,node_01,1781251060,inference,,,normal_air,,false,0.2,backend_rule_v0,2627,3580,2271,2908,50,82,83,22.1,57.7,true,normal_air,1781251062603
12004,node_01,1781251062,inference,,,normal_air,,false,0.2,backend_rule_v0,2650,3638,2276,2906,48,79,79,22.1,57.7,true,normal_air,1781251063654
12005,node_01,1781251063,inference,,,normal_air,,false,0.2,backend_rule_v0,2631,3586,2271,2902,47,75,78,22.1,57.8,true,normal_air,1781251064699
12006,node_01,1781251064,inference,,,normal_air,,false,0.2,backend_rule_v0,2646,3637,2276,2904,45,73,76,22.1,57.8,true,normal_air,1781251065768
12007,node_01,1781251065,inference,,,normal_air,,false,0.2,backend_rule_v0,2627,3583,2269,2905,44,70,75,22.1,57.8,true,normal_air,1781251066805
12008,node_01,1781251066,inference,,,normal_air,,false,0.2,backend_rule_v0,2648,3642,2280,2907,42,66,73,22.1,57.7,true,normal_air,1781251067839
12009,node_01,1781251067,inference,,,normal_air,,false,0.2,backend_rule_v0,2627,3583,2270,2909,39,63,71,22.1,57.7,true,normal_air,1781251068897
12010,node_01,1781251068,inference,,,normal_air,,false,0.2,backend_rule_v0,2646,3634,2277,2909,38,61,69,22.1,57.7,true,normal_air,1781251069932
12011,node_01,1781251069,inference,,,normal_air,,false,0.2,backend_rule_v0,2633,3588,2271,2906,37,59,68,22.1,57.9,true,normal_air,1781251071011
12012,node_01,1781251070,inference,,,normal_air,,false,0.2,backend_rule_v0,2647,3636,2274,2904,38,60,69,22.1,57.9,true,normal_air,1781251072023
12013,node_01,1781251071,inference,,,normal_air,,false,0.2,backend_rule_v0,2627,3584,2269,2906,39,60,70,22.1,57.9,true,normal_air,1781251073071
12014,node_01,1781251072,inference,,,normal_air,,false,0.2,backend_rule_v0,2647,3645,2284,2906,40,62,70,22.1,57.9,true,normal_air,1781251074115
12015,node_01,1781251073,inference,,,normal_air,,false,0.2,backend_rule_v0,2626,3586,2271,2907,40,62,71,22.1,57.9,true,normal_air,1781251075169
12016,node_01,1781251074,inference,,,normal_air,,false,0.2,backend_rule_v0,2647,3642,2277,2908,42,64,72,22.1,57.9,true,normal_air,1781251076208
12017,node_01,1781251075,inference,,,normal_air,,false,0.2,backend_rule_v0,2631,3586,2270,2906,44,70,75,22.1,58.1,true,normal_air,1781251077254
12018,node_01,1781251076,inference,,,normal_air,,false,0.2,backend_rule_v0,2648,3643,2276,2908,47,77,78,22.1,58.1,true,normal_air,1781251078316
12019,node_01,1781251077,inference,,,normal_air,,false,0.2,backend_rule_v0,2625,3584,2271,2905,50,83,85,22.1,58.1,true,normal_air,1781251079350
12020,node_01,1781251078,inference,,,normal_air,,false,0.2,backend_rule_v0,2648,3636,2280,2906,53,89,91,22.1,57.9,true,normal_air,1781251080411
12021,node_01,1781251079,inference,,,normal_air,,false,0.2,backend_rule_v0,2627,3583,2271,2904,57,97,99,22.1,57.9,true,normal_air,1781251081441
12022,node_01,1781251080,inference,,,normal_air,,false,0.2,backend_rule_v0,2649,3638,2278,2892,58,100,102,22.1,57.9,true,normal_air,1781251082490
12023,node_01,1781251081,inference,,,normal_air,,false,0.2,backend_rule_v0,2635,3586,2274,2909,59,103,105,22.1,58.1,true,normal_air,1781251083537
12024,node_01,1781251082,inference,,,normal_air,,false,0.2,backend_rule_v0,2646,3634,2274,2906,60,104,106,22.1,58.1,true,normal_air,1781251084578
12025,node_01,1781251084,inference,,,normal_air,,false,0.2,backend_rule_v0,2623,3583,2272,2904,60,106,107,22.1,58.1,true,normal_air,1781251085630
12026,node_01,1781251085,inference,,,normal_air,,false,0.2,backend_rule_v0,2650,3634,2284,2906,60,107,109,22.1,58,true,normal_air,1781251086673
12027,node_01,1781251086,inference,,,normal_air,,false,0.2,backend_rule_v0,2626,3578,2270,2905,59,103,104,22.1,58,true,normal_air,1781251087723
12028,node_01,1781251087,inference,,,normal_air,,false,0.2,backend_rule_v0,2647,3639,2276,2904,56,97,99,22.1,58,true,normal_air,1781251088768
12029,node_01,1781251088,inference,,,normal_air,,false,0.2,backend_rule_v0,2634,3586,2272,2907,53,93,94,22.1,58.1,true,normal_air,1781251089813
12030,node_01,1781251089,inference,,,normal_air,,false,0.2,backend_rule_v0,2649,3643,2278,2910,51,87,89,22.1,58.1,true,normal_air,1781251090861
12031,node_01,1781251090,inference,,,normal_air,,false,0.2,backend_rule_v0,2624,3549,2273,2910,48,83,84,22.1,58.1,true,normal_air,1781251093340
12032,node_01,1781251091,inference,,,normal_air,,false,0.2,backend_rule_v0,2649,3644,2282,2906,46,79,79,22.1,58.2,true,normal_air,1781251093364
12033,node_01,1781251092,inference,,,normal_air,,false,0.2,backend_rule_v0,2627,3590,2273,2903,43,75,77,22.1,58.2,true,normal_air,1781251093996
12034,node_01,1781251093,inference,,,normal_air,,false,0.2,backend_rule_v0,2650,3641,2276,2908,41,72,76,22.1,58.2,true,normal_air,1781251095043
12035,node_01,1781251094,inference,,,normal_air,,false,0.2,backend_rule_v0,2631,3583,2272,2910,41,68,74,22.1,58.3,true,normal_air,1781251096112
12036,node_01,1781251095,inference,,,normal_air,,false,0.2,backend_rule_v0,2650,3637,2278,2909,39,66,72,22.1,58.3,true,normal_air,1781251097146
12037,node_01,1781251096,inference,,,normal_air,,false,0.2,backend_rule_v0,2627,3583,2268,2906,38,62,70,22.1,58.3,true,normal_air,1781251098184
12038,node_01,1781251097,inference,,,normal_air,,false,0.2,backend_rule_v0,2644,3631,2285,2905,36,59,69,22.1,58.3,true,normal_air,1781251099233
12039,node_01,1781251098,inference,,,normal_air,,false,0.2,backend_rule_v0,2626,3577,2269,2909,35,56,67,22.1,58.3,true,normal_air,1781251100347
12040,node_01,1781251099,inference,,,normal_air,,false,0.2,backend_rule_v0,2652,3605,2276,2908,34,54,65,22.1,58.3,true,normal_air,1781251101325
12041,node_01,1781251100,inference,,,normal_air,,false,0.2,backend_rule_v0,2632,3589,2271,2903,32,51,62,22.1,58.2,true,normal_air,1781251102370
12042,node_01,1781251101,inference,,,normal_air,,false,0.2,backend_rule_v0,2652,3641,2277,2907,32,50,61,22.1,58.2,true,normal_air,1781251103414
12043,node_01,1781251102,inference,,,normal_air,,false,0.192,backend_rule_v0,2626,3581,2270,2905,30,49,60,22.1,58.2,true,normal_air,1781251104467
12044,node_01,1781251103,inference,,,normal_air,,false,0.18400000000000002,backend_rule_v0,2647,3636,2282,2908,31,48,59,22.1,58.3,true,normal_air,1781251105506
12045,node_01,1781251104,inference,,,normal_air,,false,0.18400000000000002,backend_rule_v0,2627,3588,2273,2905,30,48,57,22.1,58.3,true,normal_air,1781251106553
12046,node_01,1781251105,inference,,,normal_air,,false,0.168,backend_rule_v0,2644,3640,2276,2909,29,46,56,22.1,58.3,true,normal_air,1781251107602
12047,node_01,1781251107,inference,,,normal_air,,false,0.16000000000000003,backend_rule_v0,2634,3595,2272,2907,27,45,53,22.1,58.3,true,normal_air,1781251108708
12048,node_01,1781251108,inference,,,normal_air,,false,0.15200000000000002,backend_rule_v0,2648,3635,2278,2908,27,44,52,22.1,58.3,true,normal_air,1781251109695
12049,node_01,1781251109,inference,,,normal_air,,false,0.16000000000000003,backend_rule_v0,2626,3584,2271,2909,28,45,53,22.1,58.3,true,normal_air,1781251110738
12050,node_01,1781251110,inference,,,normal_air,,false,0.16000000000000003,backend_rule_v0,2649,3641,2283,2907,29,45,54,22.2,58.3,true,normal_air,1781251111786
12051,node_01,1781251111,inference,,,normal_air,,false,0.168,backend_rule_v0,2630,3558,2271,2909,30,46,55,22.2,58.3,true,normal_air,1781251112853
12052,node_01,1781251112,inference,,,normal_air,,false,0.18400000000000002,backend_rule_v0,2650,3640,2278,2908,31,48,57,22.2,58.3,true,normal_air,1781251113878
12053,node_01,1781251113,inference,,,normal_air,,false,0.18400000000000002,backend_rule_v0,2633,3594,2273,2911,33,48,58,22.1,58.4,true,normal_air,1781251114925
12054,node_01,1781251114,inference,,,normal_air,,false,0.192,backend_rule_v0,2652,3638,2277,2906,33,49,60,22.1,58.4,true,normal_air,1781251115970
12055,node_01,1781251115,inference,,,normal_air,,false,0.2,backend_rule_v0,2626,3577,2273,2909,34,50,60,22.1,58.4,true,normal_air,1781251117024
12056,node_01,1781251116,inference,,,normal_air,,false,0.2,backend_rule_v0,2649,3638,2283,2908,34,50,61,22.1,58.5,true,normal_air,1781251118073
12057,node_01,1781251117,inference,,,normal_air,,false,0.2,backend_rule_v0,2627,3582,2271,2907,35,51,62,22.1,58.5,true,normal_air,1781251119116
12058,node_01,1781251118,inference,,,normal_air,,false,0.2,backend_rule_v0,2650,3632,2275,2907,34,50,61,22.1,58.5,true,normal_air,1781251120168
12059,node_01,1781251119,inference,,,normal_air,,false,0.192,backend_rule_v0,2634,3588,2271,2906,33,49,60,22.2,58.3,true,normal_air,1781251121202
12060,node_01,1781251120,inference,,,normal_air,,false,0.17600000000000002,backend_rule_v0,2647,3640,2276,2904,33,47,58,22.2,58.3,true,normal_air,1781251122254
12061,node_01,1781251121,inference,,,normal_air,,false,0.18400000000000002,backend_rule_v0,2627,3592,2272,2907,33,48,57,22.2,58.3,true,normal_air,1781251123297
12062,node_01,1781251122,inference,,,normal_air,,false,0.168,backend_rule_v0,2649,3642,2284,2906,32,46,56,22.2,58.4,true,normal_air,1781251124342
12063,node_01,1781251123,inference,,,normal_air,,false,0.168,backend_rule_v0,2628,3582,2271,2909,31,46,54,22.2,58.4,true,normal_air,1781251125388
12064,node_01,1781251124,inference,,,normal_air,,false,0.16000000000000003,backend_rule_v0,2651,3639,2277,2907,31,45,53,22.2,58.4,true,normal_air,1781251126436
12065,node_01,1781251125,inference,,,normal_air,,false,0.15200000000000002,backend_rule_v0,2631,3584,2271,2906,30,44,52,22.1,58.4,true,normal_air,1781251127483
12066,node_01,1781251126,inference,,,normal_air,,false,0.144,backend_rule_v0,2648,3639,2272,2906,30,43,50,22.1,58.4,true,normal_air,1781251128528
12067,node_01,1781251127,inference,,,normal_air,,false,0.128,backend_rule_v0,2627,3586,2270,2905,28,41,49,22.1,58.4,true,normal_air,1781251129579
12068,node_01,1781251129,inference,,,normal_air,,false,0.128,backend_rule_v0,2646,3637,2281,2905,28,41,48,22.1,58.4,true,normal_air,1781251130622
12069,node_01,1781251130,inference,,,normal_air,,false,0.12,backend_rule_v0,2627,3583,2269,2906,27,40,48,22.1,58.4,true,normal_air,1781251131666
12070,node_01,1781251131,inference,,,normal_air,,false,0.12,backend_rule_v0,2646,3642,2276,2906,27,40,47,22.1,58.4,true,normal_air,1781251132715
12071,node_01,1781251132,inference,,,normal_air,,false,0.11200000000000002,backend_rule_v0,2635,3588,2271,2906,27,39,46,22.2,58.6,true,normal_air,1781251133770
12072,node_01,1781251133,inference,,,normal_air,,false,0.12,backend_rule_v0,2647,3641,2278,2911,28,40,47,22.2,58.6,true,normal_air,1781251134810
12073,node_01,1781251134,inference,,,normal_air,,false,0.12,backend_rule_v0,2630,3594,2272,2911,28,40,47,22.2,58.6,true,normal_air,1781251135853
12074,node_01,1781251135,inference,,,normal_air,,false,0.11200000000000002,backend_rule_v0,2649,3643,2285,2909,27,39,46,22.2,58.6,true,normal_air,1781251136902
12075,node_01,1781251136,inference,,,normal_air,,false,0.11200000000000002,backend_rule_v0,2625,3580,2272,2906,26,39,46,22.2,58.6,true,normal_air,1781251137963
12076,node_01,1781251137,inference,,,normal_air,,false,0.12,backend_rule_v0,2648,3641,2276,2906,27,40,47,22.2,58.6,true,normal_air,1781251138988
12077,node_01,1781251138,inference,,,normal_air,,false,0.128,backend_rule_v0,2632,3576,2271,2908,27,41,49,22.2,58.6,true,normal_air,1781251140041
12078,node_01,1781251139,inference,,,normal_air,,false,0.16000000000000003,backend_rule_v0,2652,3638,2276,2911,30,45,54,22.2,58.6,true,normal_air,1781251141086
12079,node_01,1781251140,inference,,,normal_air,,false,0.17600000000000002,backend_rule_v0,2628,3588,2272,2906,31,47,57,22.2,58.6,true,normal_air,1781251142137
12080,node_01,1781251141,inference,,,normal_air,,false,0.2,backend_rule_v0,2648,3641,2283,2912,33,50,61,22.1,58.6,true,normal_air,1781251143183
12081,node_01,1781251142,inference,,,normal_air,,false,0.2,backend_rule_v0,2623,3593,2272,2910,34,52,63,22.1,58.6,true,normal_air,1781251144223
12082,node_01,1781251143,inference,,,normal_air,,false,0.2,backend_rule_v0,2651,3651,2277,2907,38,56,67,22.1,58.6,true,normal_air,1781251145276
12083,node_01,1781251144,inference,,,normal_air,,false,0.2,backend_rule_v0,2630,3588,2269,2907,41,62,71,22.1,58.6,true,normal_air,1781251146319
12084,node_01,1781251145,inference,,,normal_air,,false,0.2,backend_rule_v0,2650,3641,2277,2907,44,68,74,22.1,58.6,true,normal_air,1781251147376
12085,node_01,1781251146,inference,,,normal_air,,false,0.2,backend_rule_v0,2614,3596,2274,2906,48,72,77,22.1,58.6,true,normal_air,1781251148413
12086,node_01,1781251147,inference,,,normal_air,,false,0.2,backend_rule_v0,2652,3640,2282,2911,50,76,78,22.2,58.6,true,normal_air,1781251149458
12087,node_01,1781251148,inference,,,normal_air,,false,0.2,backend_rule_v0,2627,3581,2270,2907,52,79,80,22.2,58.6,true,normal_air,1781251150565
12088,node_01,1781251149,inference,,,normal_air,,false,0.2,backend_rule_v0,2649,3634,2280,2908,53,79,81,22.2,58.6,true,normal_air,1781251151575
12089,node_01,1781251150,inference,,,normal_air,,false,0.2,backend_rule_v0,2634,3591,2269,2906,55,81,83,22.2,58.6,true,normal_air,1781251152601
12090,node_01,1781251152,inference,,,normal_air,,false,0.2,backend_rule_v0,2644,3636,2277,2908,60,88,90,22.2,58.6,true,normal_air,1781251153645
12091,node_01,1781251153,inference,,,normal_air,,false,0.2,backend_rule_v0,2627,3584,2270,2910,65,96,98,22.2,58.6,true,normal_air,1781251154692
12092,node_01,1781251154,inference,,,normal_air,,false,0.2,backend_rule_v0,2648,3641,2284,2908,66,100,102,22.2,58.6,true,normal_air,1781251155738
12093,node_01,1781251155,inference,,,normal_air,,false,0.2,backend_rule_v0,2626,3586,2273,2905,68,106,108,22.2,58.6,true,normal_air,1781251156784
12094,node_01,1781251156,inference,,,normal_air,,false,0.2,backend_rule_v0,2647,3639,2277,2907,70,110,112,22.2,58.6,true,normal_air,1781251157831
12095,node_01,1781251157,inference,,,normal_air,,false,0.2,backend_rule_v0,2634,3594,2271,2906,73,115,117,22.2,58.6,true,normal_air,1781251158882
12096,node_01,1781251158,inference,,,normal_air,,false,0.2,backend_rule_v0,2648,3632,2278,2907,75,118,120,22.2,58.6,true,normal_air,1781251159926
12097,node_01,1781251159,inference,,,normal_air,,false,0.2,backend_rule_v0,2622,3579,2273,2909,76,121,124,22.2,58.6,true,normal_air,1781251160981
12098,node_01,1781251160,inference,,,normal_air,,false,0.2,backend_rule_v0,2650,3645,2285,2911,77,124,126,22.1,58.6,true,normal_air,1781251162019
12099,node_01,1781251161,inference,,,normal_air,,false,0.2,backend_rule_v0,2627,3590,2273,2905,76,124,128,22.1,58.6,true,normal_air,1781251163064
12100,node_01,1781251162,inference,,,normal_air,,false,0.2,backend_rule_v0,2648,3644,2278,2909,74,120,122,22.1,58.6,true,normal_air,1781251164112
12101,node_01,1781251163,inference,,,normal_air,,false,0.2,backend_rule_v0,2634,3580,2270,2912,70,115,117,22.1,58.6,true,normal_air,1781251165160
12102,node_01,1781251164,inference,,,normal_air,,false,0.2,backend_rule_v0,2646,3638,2277,2907,66,108,110,22.1,58.6,true,normal_air,1781251166217
12103,node_01,1781251165,inference,,,normal_air,,false,0.2,backend_rule_v0,2628,3591,2269,2908,62,102,104,22.1,58.6,true,normal_air,1781251167251
12104,node_01,1781251166,inference,,,normal_air,,false,0.2,backend_rule_v0,2648,3638,2282,2907,58,95,97,22.1,58.5,true,normal_air,1781251168300
12105,node_01,1781251167,inference,,,normal_air,,false,0.2,backend_rule_v0,2624,3585,2271,2910,55,90,92,22.1,58.5,true,normal_air,1781251169348
12106,node_01,1781251168,inference,,,normal_air,,false,0.2,backend_rule_v0,2651,3648,2280,2912,52,85,87,22.1,58.5,true,normal_air,1781251170393
12107,node_01,1781251169,inference,,,normal_air,,false,0.2,backend_rule_v0,2633,3589,2272,2910,51,82,84,22.2,58.6,true,normal_air,1781251171442
12108,node_01,1781251170,inference,,,normal_air,,false,0.2,backend_rule_v0,2647,3645,2275,2911,49,78,80,22.2,58.6,true,normal_air,1781251172482
12109,node_01,1781251171,inference,,,normal_air,,false,0.2,backend_rule_v0,2622,3583,2271,2910,48,79,80,22.2,58.6,true,normal_air,1781251173533
12110,node_01,1781251172,inference,,,normal_air,,false,0.2,backend_rule_v0,2648,3637,2284,2908,49,79,80,22.2,58.7,true,normal_air,1781251174577
12111,node_01,1781251174,inference,,,normal_air,,false,0.2,backend_rule_v0,2629,3591,2271,2908,50,79,81,22.2,58.7,true,normal_air,1781251175646
12112,node_01,1781251175,inference,,,normal_air,,false,0.2,backend_rule_v0,2649,3644,2277,2909,49,78,79,22.2,58.7,true,normal_air,1781251176712
12113,node_01,1781251176,inference,,,normal_air,,false,0.2,backend_rule_v0,2633,3583,2269,2906,50,79,80,22.1,58.6,true,normal_air,1781251177717
12114,node_01,1781251177,inference,,,normal_air,,false,0.2,backend_rule_v0,2647,3636,2275,2907,51,79,81,22.1,58.6,true,normal_air,1781251178785
12115,node_01,1781251178,inference,,,normal_air,,false,0.2,backend_rule_v0,2628,3591,2272,2909,51,79,82,22.1,58.6,true,normal_air,1781251179824
12116,node_01,1781251179,inference,,,normal_air,,false,0.2,backend_rule_v0,2648,3647,2283,2908,52,80,82,22.2,58.6,true,normal_air,1781251180862
12117,node_01,1781251180,inference,,,normal_air,,false,0.2,backend_rule_v0,2629,3558,2271,2909,52,80,82,22.2,58.6,true,normal_air,1781251181902
12118,node_01,1781251181,inference,,,normal_air,,false,0.2,backend_rule_v0,2646,3637,2276,2909,52,80,82,22.2,58.6,true,normal_air,1781251182952
12119,node_01,1781251182,inference,,,normal_air,,false,0.2,backend_rule_v0,2632,3583,2272,2908,51,78,79,22.2,58.6,true,normal_air,1781251184343
12120,node_01,1781251183,inference,,,normal_air,,false,0.2,backend_rule_v0,2649,3647,2280,2908,49,75,77,22.2,58.6,true,normal_air,1781251185045
12121,node_01,1781251184,inference,,,normal_air,,false,0.2,backend_rule_v0,2627,3589,2273,2910,48,72,76,22.2,58.6,true,normal_air,1781251186089
12122,node_01,1781251185,inference,,,normal_air,,false,0.2,backend_rule_v0,2650,3637,2284,2908,48,72,76,22.2,58.6,true,normal_air,1781251187136
12123,node_01,1781251186,inference,,,normal_air,,false,0.2,backend_rule_v0,2630,3587,2271,2909,48,72,77,22.2,58.6,true,normal_air,1781251188211
12124,node_01,1781251187,inference,,,normal_air,,false,0.2,backend_rule_v0,2647,3639,2274,2907,48,72,76,22.2,58.6,true,normal_air,1781251189229
12125,node_01,1781251188,inference,,,normal_air,,false,0.2,backend_rule_v0,2629,3586,2270,2903,48,73,76,22.2,58.6,true,normal_air,1781251190282
12126,node_01,1781251189,inference,,,normal_air,,false,0.2,backend_rule_v0,2642,3639,2276,2908,49,73,77,22.2,58.6,true,normal_air,1781251191327
12127,node_01,1781251190,inference,,,normal_air,,false,0.2,backend_rule_v0,2627,3577,2271,2906,50,74,76,22.2,58.6,true,normal_air,1781251192374
12128,node_01,1781251191,inference,,,normal_air,,false,0.2,backend_rule_v0,2648,3640,2284,2909,51,74,77,22.2,58.6,true,normal_air,1781251193424
12129,node_01,1781251192,inference,,,normal_air,,false,0.2,backend_rule_v0,2626,3581,2274,2907,54,78,79,22.2,58.6,true,normal_air,1781251194486
12130,node_01,1781251193,inference,,,normal_air,,false,0.2,backend_rule_v0,2645,3641,2276,2906,55,79,80,22.2,58.6,true,normal_air,1781251195508
12131,node_01,1781251194,inference,,,normal_air,,false,0.2,backend_rule_v0,2637,3585,2273,2913,58,83,85,22.2,58.5,true,normal_air,1781251196608
12132,node_01,1781251195,inference,,,normal_air,,false,0.2,backend_rule_v0,2647,3644,2277,2908,59,84,86,22.2,58.5,true,normal_air,1781251197603
12133,node_01,1781251197,inference,,,normal_air,,false,0.2,backend_rule_v0,2627,3592,2271,2909,60,84,86,22.2,58.5,true,normal_air,1781251198649
12134,node_01,1781251198,inference,,,normal_air,,false,0.2,backend_rule_v0,2646,3642,2280,2907,60,84,86,22.2,58.6,true,normal_air,1781251199703
12135,node_01,1781251199,inference,,,normal_air,,false,0.2,backend_rule_v0,2625,3593,2271,2909,60,85,86,22.2,58.6,true,normal_air,1781251200744
12136,node_01,1781251200,inference,,,normal_air,,false,0.2,backend_rule_v0,2647,3641,2278,2909,64,88,90,22.2,58.6,true,normal_air,1781251201792
12137,node_01,1781251201,inference,,,normal_air,,false,0.2,backend_rule_v0,2598,3592,2242,2911,66,91,93,22.2,58.6,true,normal_air,1781251202845
12138,node_01,1781251202,inference,,,normal_air,,false,0.2,backend_rule_v0,2610,3612,2248,2907,67,94,95,22.2,58.6,true,normal_air,1781251203885
12139,node_01,1781251203,inference,,,normal_air,,false,0.2,backend_rule_v0,2591,3592,2238,2909,69,97,98,22.2,58.6,true,normal_air,1781251204929
12140,node_01,1781251204,inference,,,normal_air,,false,0.2,backend_rule_v0,2612,3642,2253,2911,71,100,101,22.2,58.5,true,normal_air,1781251205975
12141,node_01,1781251205,inference,,,normal_air,,false,0.2,backend_rule_v0,2587,3590,2236,2905,72,101,103,22.2,58.5,true,normal_air,1781251207023
12142,node_01,1781251206,inference,,,normal_air,,false,0.2,backend_rule_v0,2611,3641,2243,2907,73,103,103,22.2,58.5,true,normal_air,1781251208070
12143,node_01,1781251207,inference,,,normal_air,,false,0.2,backend_rule_v0,2594,3583,2240,2906,75,114,117,22.2,58.7,true,normal_air,1781251209129
12144,node_01,1781251208,inference,,,normal_air,,false,0.2,backend_rule_v0,2612,3637,2243,2911,78,128,134,22.2,58.7,true,normal_air,1781251210163
12145,node_01,1781251209,inference,,,normal_air,,false,0.2,backend_rule_v0,2589,3585,2235,2906,82,141,149,22.2,58.7,true,normal_air,1781251211214
12146,node_01,1781251210,inference,,,normal_air,,false,0.2,backend_rule_v0,2608,3638,2248,2903,83,150,160,22.2,58.5,true,normal_air,1781251212258
12147,node_01,1781251211,inference,,,normal_air,,false,0.2,backend_rule_v0,2590,3593,2235,2908,83,156,168,22.2,58.5,true,normal_air,1781251213301
12148,node_01,1781251212,inference,,,normal_air,,false,0.2,backend_rule_v0,2608,3636,2244,2908,83,163,178,22.2,58.5,true,normal_air,1781251214354
12149,node_01,1781251213,inference,,,normal_air,,false,0.2,backend_rule_v0,2595,3591,2238,2907,84,169,186,22.2,58.6,true,normal_air,1781251215396
12150,node_01,1781251214,inference,,,normal_air,,false,0.2,backend_rule_v0,2610,3646,2246,2905,85,177,196,22.2,58.6,true,normal_air,1781251216442
12151,node_01,1781251215,inference,,,normal_air,,false,0.2,backend_rule_v0,2580,3589,2233,2906,87,184,203,22.2,58.6,true,normal_air,1781251217527
12152,node_01,1781251216,inference,,,normal_air,,false,0.2,backend_rule_v0,2593,3646,2251,2905,87,189,210,22.2,58.6,true,normal_air,1781251218546
12153,node_01,1781251217,inference,,,normal_air,,false,0.2,backend_rule_v0,2582,3591,2238,2908,87,184,204,22.2,58.6,true,normal_air,1781251219587
12154,node_01,1781251219,inference,,,normal_air,,false,0.2,backend_rule_v0,2610,3639,2246,2905,85,177,195,22.2,58.6,true,normal_air,1781251220631
12155,node_01,1781251220,inference,,,normal_air,,false,0.2,backend_rule_v0,2591,3585,2230,2908,84,170,188,22.2,58.6,true,normal_air,1781251221674
12156,node_01,1781251221,inference,,,normal_air,,false,0.2,backend_rule_v0,2611,3644,2242,2909,80,163,179,22.2,58.6,true,normal_air,1781251222724
12157,node_01,1781251222,inference,,,normal_air,,false,0.2,backend_rule_v0,2582,3591,2237,2909,78,156,170,22.2,58.6,true,normal_air,1781251223771
12158,node_01,1781251223,inference,,,normal_air,,false,0.2,backend_rule_v0,2609,3645,2248,2908,75,148,161,22.2,58.7,true,normal_air,1781251224819
12159,node_01,1781251224,inference,,,normal_air,,false,0.2,backend_rule_v0,2585,3588,2241,2911,73,142,154,22.2,58.7,true,normal_air,1781251225865
12160,node_01,1781251225,inference,,,normal_air,,false,0.2,backend_rule_v0,2608,3618,2243,2908,69,133,145,22.2,58.7,true,normal_air,1781251226910
12161,node_01,1781251226,inference,,,normal_air,,false,0.2,backend_rule_v0,2593,3589,2235,2908,66,126,138,22.2,58.6,true,normal_air,1781251227953
12162,node_01,1781251227,inference,,,normal_air,,false,0.2,backend_rule_v0,2612,3652,2245,2911,62,120,130,22.2,58.6,true,normal_air,1781251229003
12163,node_01,1781251228,inference,,,normal_air,,false,0.2,backend_rule_v0,2590,3584,2237,2905,60,113,122,22.2,58.6,true,normal_air,1781251230078
12164,node_01,1781251229,inference,,,normal_air,,false,0.2,backend_rule_v0,2611,3648,2253,2908,55,106,115,22.2,58.5,true,normal_air,1781251231119
12165,node_01,1781251230,inference,,,normal_air,,false,0.2,backend_rule_v0,2585,3595,2242,2910,52,99,108,22.2,58.5,true,normal_air,1781251232142
12166,node_01,1781251231,inference,,,normal_air,,false,0.2,backend_rule_v0,2607,3644,2243,2911,50,95,103,22.2,58.5,true,normal_air,1781251233190
12167,node_01,1781251232,inference,,,normal_air,,false,0.2,backend_rule_v0,2592,3584,2238,2911,48,90,98,22.2,58.4,true,normal_air,1781251234246
12168,node_01,1781251233,inference,,,normal_air,,false,0.2,backend_rule_v0,2611,3642,2245,2913,46,85,92,22.2,58.4,true,normal_air,1781251235292
12169,node_01,1781251234,inference,,,normal_air,,false,0.2,backend_rule_v0,2588,3586,2239,2910,43,79,86,22.2,58.4,true,normal_air,1781251236435
12170,node_01,1781251235,inference,,,normal_air,,false,0.2,backend_rule_v0,2610,3637,2248,2906,41,75,82,22.2,58.6,true,normal_air,1781251237383
12171,node_01,1781251236,inference,,,normal_air,,false,0.2,backend_rule_v0,2588,3582,2237,2909,39,72,78,22.2,58.6,true,normal_air,1781251238428
12172,node_01,1781251237,inference,,,normal_air,,false,0.2,backend_rule_v0,2612,3640,2238,2908,38,68,76,22.2,58.6,true,normal_air,1781251239505
12173,node_01,1781251238,inference,,,normal_air,,false,0.2,backend_rule_v0,2596,3585,2241,2909,35,65,74,22.2,58.6,true,normal_air,1781251240519
12174,node_01,1781251239,inference,,,normal_air,,false,0.2,backend_rule_v0,2612,3643,2245,2907,34,61,72,22.2,58.6,true,normal_air,1781251241564
12175,node_01,1781251240,inference,,,normal_air,,false,0.2,backend_rule_v0,2583,3589,2239,2907,34,59,70,22.2,58.6,true,normal_air,1781251242615
12176,node_01,1781251242,inference,,,normal_air,,false,0.2,backend_rule_v0,2615,3643,2250,2910,33,57,68,22.2,58.6,true,normal_air,1781251243658
12177,node_01,1781251243,inference,,,normal_air,,false,0.2,backend_rule_v0,2589,3582,2240,2908,32,55,67,22.2,58.6,true,normal_air,1781251244704
12178,node_01,1781251244,inference,,,normal_air,,false,0.2,backend_rule_v0,2609,3647,2244,2910,33,53,66,22.2,58.6,true,normal_air,1781251245749
12179,node_01,1781251245,inference,,,normal_air,,false,0.2,backend_rule_v0,2592,3591,2236,2902,32,52,64,22.2,58.6,true,normal_air,1781251246807
12180,node_01,1781251246,inference,,,normal_air,,false,0.2,backend_rule_v0,2608,3637,2247,2910,31,51,62,22.2,58.6,true,normal_air,1781251247842
12181,node_01,1781251247,inference,,,normal_air,,false,0.192,backend_rule_v0,2589,3591,2238,2907,30,49,60,22.2,58.6,true,normal_air,1781251248890
12182,node_01,1781251248,inference,,,normal_air,,false,0.18400000000000002,backend_rule_v0,2612,3640,2253,2909,29,48,59,22.2,58.5,true,normal_air,1781251249946
12183,node_01,1781251249,inference,,,normal_air,,false,0.17600000000000002,backend_rule_v0,2590,3588,2232,2907,29,47,57,22.2,58.5,true,normal_air,1781251250984
12184,node_01,1781251250,inference,,,normal_air,,false,0.168,backend_rule_v0,2612,3644,2249,2911,28,46,55,22.2,58.5,true,normal_air,1781251252034
12185,node_01,1781251251,inference,,,normal_air,,false,0.16000000000000003,backend_rule_v0,2592,3589,2239,2910,28,45,54,22.3,58.6,true,normal_air,1781251253092
12186,node_01,1781251252,inference,,,normal_air,,false,0.15200000000000002,backend_rule_v0,2609,3639,2249,2907,27,44,53,22.3,58.6,true,normal_air,1781251254139
12187,node_01,1781251253,inference,,,normal_air,,false,0.144,backend_rule_v0,2593,3583,2242,2904,27,43,52,22.3,58.6,true,normal_air,1781251255175
12188,node_01,1781251254,inference,,,normal_air,,false,0.136,backend_rule_v0,2615,3635,2255,2913,27,42,50,22.3,58.5,true,normal_air,1781251256226
12189,node_01,1781251255,inference,,,normal_air,,false,0.128,backend_rule_v0,2576,3588,2246,2909,26,41,49,22.3,58.5,true,normal_air,1781251257265
12190,node_01,1781251256,inference,,,normal_air,,false,0.12,backend_rule_v0,2620,3643,2249,2909,25,40,48,22.3,58.5,true,normal_air,1781251258311
12191,node_01,1781251257,inference,,,normal_air,,false,0.12,backend_rule_v0,2595,3579,2242,2908,25,40,47,22.2,58.5,true,normal_air,1781251259365
12192,node_01,1781251258,inference,,,normal_air,,false,0.11200000000000002,backend_rule_v0,2615,3640,2252,2908,24,39,46,22.2,58.5,true,normal_air,1781251260407
12193,node_01,1781251259,inference,,,normal_air,,false,0.10400000000000001,backend_rule_v0,2600,3590,2250,2909,23,38,45,22.2,58.5,true,normal_air,1781251261456
12194,node_01,1781251260,inference,,,normal_air,,false,0.144,backend_rule_v0,2625,3644,2262,2904,25,43,52,22.2,58.4,true,normal_air,1781251262499
12195,node_01,1781251261,inference,,,normal_air,,false,0.192,backend_rule_v0,2603,3589,2251,2905,27,49,60,22.2,58.4,true,normal_air,1781251263555
12196,node_01,1781251262,inference,,,normal_air,,false,0.2,backend_rule_v0,2626,3637,2256,2909,29,55,66,22.2,58.4,true,normal_air,1781251264595
12197,node_01,1781251264,inference,,,normal_air,,false,0.2,backend_rule_v0,2609,3586,2253,2907,30,64,73,22.2,58.5,true,normal_air,1781251265651
12198,node_01,1781251265,inference,,,normal_air,,false,0.2,backend_rule_v0,2606,3647,2260,2908,32,75,78,22.2,58.5,true,normal_air,1781251266685
12199,node_01,1781251266,inference,,,normal_air,,false,0.2,backend_rule_v0,2604,3585,2252,2911,34,83,87,22.2,58.5,true,normal_air,1781251267748
12200,node_01,1781251267,inference,,,normal_air,,false,0.2,backend_rule_v0,2626,3641,2261,2908,37,90,96,22.3,58.6,true,normal_air,1781251268792
12201,node_01,1781251268,inference,,,normal_air,,false,0.2,backend_rule_v0,2602,3583,2251,2904,40,99,105,22.3,58.6,true,normal_air,1781251269856
12202,node_01,1781251269,inference,,,normal_air,,false,0.2,backend_rule_v0,2626,3635,2238,2906,42,106,112,22.3,58.6,true,normal_air,1781251271395
12203,node_01,1781251270,inference,,,normal_air,,false,0.2,backend_rule_v0,2612,3585,2255,2906,44,112,118,22.2,58.4,true,normal_air,1781251271920
12204,node_01,1781251271,inference,,,normal_air,,false,0.2,backend_rule_v0,2624,3636,2257,2909,44,110,117,22.2,58.4,true,normal_air,1781251272983
12205,node_01,1781251272,inference,,,normal_air,,false,0.2,backend_rule_v0,2588,3586,2254,2909,43,106,112,22.2,58.4,true,normal_air,1781251274048
12206,node_01,1781251273,inference,,,normal_air,,false,0.2,backend_rule_v0,2625,3646,2265,2904,42,100,106,22.3,58.5,true,normal_air,1781251275079
12207,node_01,1781251274,inference,,,normal_air,,false,0.2,backend_rule_v0,2605,3585,2254,2904,40,95,100,22.3,58.5,true,normal_air,1781251276104
12208,node_01,1781251275,inference,,,normal_air,,false,0.2,backend_rule_v0,2623,3634,2258,2903,38,90,95,22.3,58.5,true,normal_air,1781251277164
12209,node_01,1781251276,inference,,,normal_air,,false,0.2,backend_rule_v0,2610,3588,2255,2910,36,86,89,22.3,58.3,true,normal_air,1781251278223
12210,node_01,1781251277,inference,,,normal_air,,false,0.2,backend_rule_v0,2623,3639,2254,2909,35,81,85,22.3,58.3,true,normal_air,1781251279255
12211,node_01,1781251278,inference,,,normal_air,,false,0.2,backend_rule_v0,2602,3572,2252,2909,34,77,80,22.3,58.3,true,normal_air,1781251280362
12212,node_01,1781251279,inference,,,normal_air,,false,0.2,backend_rule_v0,2625,3639,2263,2906,33,73,77,22.3,58.3,true,normal_air,1781251281344
12213,node_01,1781251280,inference,,,normal_air,,false,0.2,backend_rule_v0,2605,3589,2252,2907,32,69,75,22.3,58.3,true,normal_air,1781251282391
12214,node_01,1781251281,inference,,,normal_air,,false,0.2,backend_rule_v0,2623,3633,2255,2904,32,66,73,22.3,58.3,true,normal_air,1781251283438
12215,node_01,1781251282,inference,,,normal_air,,false,0.2,backend_rule_v0,2613,3590,2252,2900,31,63,72,22.3,58.4,true,normal_air,1781251284482
12216,node_01,1781251283,inference,,,normal_air,,false,0.2,backend_rule_v0,2626,3644,2258,2907,30,61,70,22.3,58.4,true,normal_air,1781251285527
12217,node_01,1781251284,inference,,,normal_air,,false,0.2,backend_rule_v0,2603,3592,2254,2908,30,58,68,22.3,58.4,true,normal_air,1781251286571
12218,node_01,1781251286,inference,,,normal_air,,false,0.2,backend_rule_v0,2626,3642,2266,2908,31,57,68,22.3,58.5,true,normal_air,1781251287624
12219,node_01,1781251287,inference,,,normal_air,,false,0.2,backend_rule_v0,2605,3592,2255,2908,30,55,67,22.3,58.5,true,normal_air,1781251288673
12220,node_01,1781251288,inference,,,normal_air,,false,0.2,backend_rule_v0,2625,3635,2258,2905,30,53,65,22.3,58.5,true,normal_air,1781251289716
12221,node_01,1781251289,inference,,,normal_air,,false,0.2,backend_rule_v0,2613,3590,2251,2904,29,51,62,22.3,58.4,true,normal_air,1781251290761
12222,node_01,1781251290,inference,,,normal_air,,false,0.2,backend_rule_v0,2625,3642,2257,2907,28,50,61,22.3,58.4,true,normal_air,1781251291830
12223,node_01,1781251291,inference,,,normal_air,,false,0.192,backend_rule_v0,2605,3588,2254,2909,28,49,60,22.3,58.4,true,normal_air,1781251292875
12224,node_01,1781251292,inference,,,normal_air,,false,0.18400000000000002,backend_rule_v0,2627,3641,2267,2913,28,48,59,22.3,58.5,true,normal_air,1781251293896
12225,node_01,1781251293,inference,,,normal_air,,false,0.18400000000000002,backend_rule_v0,2604,3588,2254,2908,28,48,57,22.3,58.5,true,normal_air,1781251294943
12226,node_01,1781251294,inference,,,normal_air,,false,0.17600000000000002,backend_rule_v0,2627,3645,2257,2910,28,47,56,22.3,58.5,true,normal_air,1781251295997
12227,node_01,1781251295,inference,,,normal_air,,false,0.168,backend_rule_v0,2612,3593,2252,2909,28,46,55,22.3,58.4,true,normal_air,1781251297043
12228,node_01,1781251296,inference,,,normal_air,,false,0.16000000000000003,backend_rule_v0,2622,3647,2259,2908,28,45,54,22.3,58.4,true,normal_air,1781251298093
12229,node_01,1781251297,inference,,,normal_air,,false,0.144,backend_rule_v0,2607,3582,2253,2908,27,43,52,22.3,58.4,true,normal_air,1781251299133
12230,node_01,1781251298,inference,,,normal_air,,false,0.144,backend_rule_v0,2626,3641,2266,2913,26,43,51,22.3,58.3,true,normal_air,1781251300181
12231,node_01,1781251299,inference,,,normal_air,,false,0.136,backend_rule_v0,2604,3587,2255,2907,26,42,50,22.3,58.3,true,normal_air,1781251301224
12232,node_01,1781251300,inference,,,normal_air,,false,0.128,backend_rule_v0,2625,3614,2260,2908,26,41,49,22.3,58.3,true,normal_air,1781251302272
12233,node_01,1781251301,inference,,,normal_air,,false,0.128,backend_rule_v0,2610,3585,2253,2909,25,41,48,22.3,58.3,true,normal_air,1781251303318
12234,node_01,1781251302,inference,,,normal_air,,false,0.12,backend_rule_v0,2625,3634,2257,2911,25,40,48,22.3,58.3,true,normal_air,1781251304364
12235,node_01,1781251303,inference,,,normal_air,,false,0.128,backend_rule_v0,2604,3593,2250,2908,26,41,48,22.3,58.3,true,normal_air,1781251305418
12236,node_01,1781251304,inference,,,normal_air,,false,0.12,backend_rule_v0,2625,3615,2262,2906,26,40,47,22.3,58.3,true,normal_air,1781251306470
12237,node_01,1781251305,inference,,,normal_air,,false,0.12,backend_rule_v0,2605,3596,2253,2908,26,40,47,22.3,58.3,true,normal_air,1781251307514
12238,node_01,1781251306,inference,,,normal_air,,false,0.11200000000000002,backend_rule_v0,2625,3635,2260,2909,25,39,46,22.3,58.3,true,normal_air,1781251308571
12239,node_01,1781251307,inference,,,normal_air,,false,0.11200000000000002,backend_rule_v0,2614,3596,2255,2906,25,39,46,22.3,58.1,true,normal_air,1781251309594
12240,node_01,1781251309,inference,,,normal_air,,false,0.12,backend_rule_v0,2622,3645,2259,2905,26,40,47,22.3,58.1,true,normal_air,1781251310650
12241,node_01,1781251310,inference,,,normal_air,,false,0.128,backend_rule_v0,2603,3581,2253,2911,28,41,49,22.3,58.1,true,normal_air,1781251311691
12242,node_01,1781251311,inference,,,normal_air,,false,0.136,backend_rule_v0,2625,3643,2263,2909,28,42,49,22.3,58.1,true,normal_air,1781251312737
12243,node_01,1781251312,inference,,,normal_air,,false,0.136,backend_rule_v0,2605,3589,2255,2907,28,42,49,22.3,58.1,true,normal_air,1781251313790
12244,node_01,1781251313,inference,,,normal_air,,false,0.136,backend_rule_v0,2625,3649,2259,2906,28,42,50,22.3,58.1,true,normal_air,1781251314845
12245,node_01,1781251314,inference,,,normal_air,,false,0.144,backend_rule_v0,2610,3582,2253,2907,28,43,50,22.3,58.1,true,normal_air,1781251315882
12246,node_01,1781251315,inference,,,normal_air,,false,0.144,backend_rule_v0,2625,3636,2252,2909,29,43,51,22.3,58.1,true,normal_air,1781251316923
12247,node_01,1781251316,inference,,,normal_air,,false,0.136,backend_rule_v0,2599,3588,2254,2910,27,42,50,22.3,58.1,true,normal_air,1781251317977
12248,node_01,1781251317,inference,,,normal_air,,false,0.128,backend_rule_v0,2615,3649,2266,2910,27,41,49,22.3,57.8,true,normal_air,1781251319016
12249,node_01,1781251318,inference,,,normal_air,,false,0.136,backend_rule_v0,2603,3585,2252,2907,28,42,51,22.3,57.8,true,normal_air,1781251320090
12250,node_01,1781251319,inference,,,normal_air,,false,0.128,backend_rule_v0,2628,3651,2259,2909,28,41,50,22.3,57.8,true,normal_air,1781251321107
12251,node_01,1781251320,inference,,,normal_air,,false,0.128,backend_rule_v0,2611,3585,2254,2911,27,41,50,22.3,57.8,true,normal_air,1781251322158
12252,node_01,1781251321,inference,,,normal_air,,false,0.12,backend_rule_v0,2624,3651,2261,2909,26,40,47,22.3,57.8,true,normal_air,1781251323200
12253,node_01,1781251322,inference,,,normal_air,,false,0.11200000000000002,backend_rule_v0,2606,3590,2253,2911,25,39,46,22.3,57.8,true,normal_air,1781251324251
12254,node_01,1781251323,inference,,,normal_air,,false,0.11200000000000002,backend_rule_v0,2624,3645,2267,2909,25,39,46,22.3,57.6,true,normal_air,1781251325305
12255,node_01,1781251324,inference,,,normal_air,,false,0.11200000000000002,backend_rule_v0,2601,3579,2252,2909,25,39,46,22.3,57.6,true,normal_air,1781251326346
12256,node_01,1781251325,inference,,,normal_air,,false,0.10400000000000001,backend_rule_v0,2623,3643,2257,2912,25,38,46,22.3,57.6,true,normal_air,1781251327389
12257,node_01,1781251326,inference,,,normal_air,,false,0.10400000000000001,backend_rule_v0,2606,3581,2252,2911,25,38,45,22.3,57.6,true,normal_air,1781251328438
12258,node_01,1781251327,inference,,,normal_air,,false,0.11200000000000002,backend_rule_v0,2626,3640,2258,2908,26,39,46,22.3,57.6,true,normal_air,1781251329529
12259,node_01,1781251328,inference,,,normal_air,,false,0.11200000000000002,backend_rule_v0,2607,3588,2256,2911,26,39,45,22.3,57.6,true,normal_air,1781251330567
12260,node_01,1781251329,inference,,,normal_air,,false,0.10400000000000001,backend_rule_v0,2621,3638,2264,2907,26,38,45,22.3,57.4,true,normal_air,1781251331597
12261,node_01,1781251331,inference,,,normal_air,,false,0.10400000000000001,backend_rule_v0,2605,3590,2252,2909,25,38,44,22.3,57.4,true,normal_air,1781251332619
12262,node_01,1781251332,inference,,,normal_air,,false,0.10400000000000001,backend_rule_v0,2621,3634,2258,2909,25,38,44,22.3,57.4,true,normal_air,1781251333669
12263,node_01,1781251333,inference,,,normal_air,,false,0.10400000000000001,backend_rule_v0,2611,3585,2251,2907,26,38,44,22.3,57.4,true,normal_air,1781251334719
12264,node_01,1781251334,inference,,,normal_air,,false,0.10400000000000001,backend_rule_v0,2627,3643,2259,2912,26,38,44,22.3,57.4,true,normal_air,1781251335762
12265,node_01,1781251335,inference,,,normal_air,,false,0.10400000000000001,backend_rule_v0,2601,3585,2254,2910,26,38,44,22.3,57.4,true,normal_air,1781251336821
12266,node_01,1781251336,inference,,,normal_air,,false,0.10400000000000001,backend_rule_v0,2625,3632,2263,2907,27,38,44,22.3,57.2,true,normal_air,1781251337856
12267,node_01,1781251337,inference,,,normal_air,,false,0.10400000000000001,backend_rule_v0,2604,3587,2254,2906,27,38,44,22.3,57.2,true,normal_air,1781251338908
12268,node_01,1781251338,inference,,,normal_air,,false,0.10400000000000001,backend_rule_v0,2624,3614,2257,2907,27,38,44,22.3,57.2,true,normal_air,1781251339953
12269,node_01,1781251339,inference,,,normal_air,,false,0.10400000000000001,backend_rule_v0,2608,3583,2250,2906,27,38,44,22.3,57.2,true,normal_air,1781251340995
12270,node_01,1781251340,inference,,,normal_air,,false,0.10400000000000001,backend_rule_v0,2620,3641,2256,2907,27,38,44,22.3,57.2,true,normal_air,1781251342048
12271,node_01,1781251341,inference,,,normal_air,,false,0.10400000000000001,backend_rule_v0,2608,3580,2252,2906,27,38,44,22.3,57.2,true,normal_air,1781251343090
12272,node_01,1781251342,inference,,,normal_air,,false,0.11200000000000002,backend_rule_v0,2625,3648,2265,2909,28,39,45,22.4,57.1,true,normal_air,1781251344138
12273,node_01,1781251343,inference,,,normal_air,,false,0.10400000000000001,backend_rule_v0,2599,3584,2252,2907,28,38,43,22.4,57.1,true,normal_air,1781251345184
12274,node_01,1781251344,inference,,,normal_air,,false,0.096,backend_rule_v0,2625,3635,2254,2906,27,37,42,22.4,57.1,true,normal_air,1781251346254
12275,node_01,1781251345,inference,,,normal_air,,false,0.08800000000000001,backend_rule_v0,2610,3594,2254,2909,26,36,41,22.3,56.8,true,normal_air,1781251347276
12276,node_01,1781251346,inference,,,normal_air,,false,0.08000000000000002,backend_rule_v0,2625,3646,2256,2908,25,35,40,22.3,56.8,true,normal_air,1781251348322
12277,node_01,1781251347,inference,,,normal_air,,false,0.08000000000000002,backend_rule_v0,2606,3587,2253,2909,25,35,40,22.3,56.8,true,normal_air,1781251349367
12278,node_01,1781251348,inference,,,normal_air,,false,0.08000000000000002,backend_rule_v0,2626,3640,2265,2911,25,35,39,22.3,56.9,true,normal_air,1781251350419
12279,node_01,1781251349,inference,,,normal_air,,false,0.072,backend_rule_v0,2605,3596,2254,2908,25,34,39,22.3,56.9,true,normal_air,1781251351463
12280,node_01,1781251350,inference,,,normal_air,,false,0.072,backend_rule_v0,2626,3641,2260,2912,24,34,38,22.3,56.9,true,normal_air,1781251352509
12281,node_01,1781251351,inference,,,normal_air,,false,0.08000000000000002,backend_rule_v0,2612,3561,2252,2911,25,35,38,22.3,56.8,true,normal_air,1781251353837
12282,node_01,1781251352,inference,,,normal_air,,false,0.072,backend_rule_v0,2625,3634,2259,2911,24,34,38,22.3,56.8,true,normal_air,1781251354603
12283,node_01,1781251354,inference,,,normal_air,,false,0.072,backend_rule_v0,2603,3585,2254,2909,24,34,37,22.3,56.8,true,normal_air,1781251355655
12284,node_01,1781251355,inference,,,normal_air,,false,0.064,backend_rule_v0,2625,3640,2266,2910,24,33,37,22.4,56.7,true,normal_air,1781251356695
12285,node_01,1781251356,inference,,,normal_air,,false,0.064,backend_rule_v0,2596,3587,2254,2911,24,33,36,22.4,56.7,true,normal_air,1781251357741
12286,node_01,1781251357,inference,,,normal_air,,false,0.064,backend_rule_v0,2623,3642,2260,2910,24,33,36,22.4,56.7,true,normal_air,1781251358786
12287,node_01,1781251358,inference,,,normal_air,,false,0.05600000000000001,backend_rule_v0,2611,3586,2256,2910,24,32,35,22.3,56.6,true,normal_air,1781251359867
12288,node_01,1781251359,inference,,,normal_air,,false,0.05600000000000001,backend_rule_v0,2629,3616,2257,2911,24,32,34,22.3,56.6,true,normal_air,1781251360885
12289,node_01,1781251360,inference,,,normal_air,,false,0.05600000000000001,backend_rule_v0,2600,3593,2252,2911,23,32,35,22.3,56.6,true,normal_air,1781251361930
12290,node_01,1781251361,inference,,,normal_air,,false,0.064,backend_rule_v0,2626,3642,2264,2908,24,33,37,22.3,56.7,true,normal_air,1781251362975
12291,node_01,1781251362,inference,,,normal_air,,false,0.072,backend_rule_v0,2605,3585,2251,2910,25,34,39,22.3,56.7,true,normal_air,1781251364022
12292,node_01,1781251363,inference,,,normal_air,,false,0.096,backend_rule_v0,2627,3645,2258,2909,27,37,43,22.3,56.7,true,normal_air,1781251365141
12293,node_01,1781251364,inference,,,normal_air,,false,0.12,backend_rule_v0,2612,3590,2253,2908,28,40,46,22.3,56.5,true,normal_air,1781251366114
12294,node_01,1781251365,inference,,,normal_air,,false,0.136,backend_rule_v0,2625,3642,2258,2910,29,42,49,22.3,56.5,true,normal_air,1781251367176
12295,node_01,1781251366,inference,,,normal_air,,false,0.144,backend_rule_v0,2602,3585,2254,2909,30,43,50,22.3,56.5,true,normal_air,1781251368212
12296,node_01,1781251367,inference,,,normal_air,,false,0.16000000000000003,backend_rule_v0,2624,3636,2263,2910,31,45,53,22.3,56.3,true,normal_air,1781251369257
12297,node_01,1781251368,inference,,,normal_air,,false,0.168,backend_rule_v0,2604,3593,2255,2910,32,46,55,22.3,56.3,true,normal_air,1781251370314
12298,node_01,1781251369,inference,,,normal_air,,false,0.18400000000000002,backend_rule_v0,2627,3649,2262,2912,34,48,58,22.3,56.3,true,normal_air,1781251371356
12299,node_01,1781251370,inference,,,normal_air,,false,0.2,backend_rule_v0,2611,3582,2253,2909,35,50,60,22.3,56.4,true,normal_air,1781251372392
12300,node_01,1781251371,inference,,,normal_air,,false,0.2,backend_rule_v0,2625,3643,2258,2908,35,50,60,22.3,56.4,true,normal_air,1781251373441
12301,node_01,1781251372,inference,,,normal_air,,false,0.192,backend_rule_v0,2606,3595,2255,2911,34,49,59,22.3,56.4,true,normal_air,1781251374503
12302,node_01,1781251373,inference,,,normal_air,,false,0.192,backend_rule_v0,2600,3638,2265,2911,34,49,59,22.3,56.2,true,normal_air,1781251375533
12303,node_01,1781251374,inference,,,normal_air,,false,0.18400000000000002,backend_rule_v0,2602,3581,2253,2909,34,48,58,22.3,56.2,true,normal_air,1781251376580
12304,node_01,1781251376,inference,,,normal_air,,false,0.18400000000000002,backend_rule_v0,2623,3646,2260,2909,34,48,58,22.3,56.2,true,normal_air,1781251377915
12305,node_01,1781251377,inference,,,normal_air,,false,0.192,backend_rule_v0,2612,3589,2253,2913,35,49,59,22.4,56.2,true,normal_air,1781251378676
12306,node_01,1781251378,inference,,,normal_air,,false,0.2,backend_rule_v0,2621,3645,2258,2914,36,50,60,22.4,56.2,true,normal_air,1781251379725
12307,node_01,1781251379,inference,,,normal_air,,false,0.2,backend_rule_v0,2600,3589,2254,2910,36,50,61,22.4,56.2,true,normal_air,1781251380813
12308,node_01,1781251380,inference,,,normal_air,,false,0.2,backend_rule_v0,2625,3650,2267,2913,38,51,62,22.3,56.2,true,normal_air,1781251381818
12309,node_01,1781251381,inference,,,normal_air,,false,0.2,backend_rule_v0,2605,3594,2255,2907,39,51,62,22.3,56.2,true,normal_air,1781251382861
12310,node_01,1781251382,inference,,,normal_air,,false,0.2,backend_rule_v0,2624,3638,2259,2913,40,52,63,22.3,56.2,true,normal_air,1781251383911
12311,node_01,1781251383,inference,,,normal_air,,false,0.2,backend_rule_v0,2609,3584,2253,2911,40,52,63,22.3,55.9,true,normal_air,1781251384991
12312,node_01,1781251384,inference,,,normal_air,,false,0.2,backend_rule_v0,2627,3646,2260,2910,41,52,64,22.3,55.9,true,normal_air,1781251386003
12313,node_01,1781251385,inference,,,normal_air,,false,0.2,backend_rule_v0,2605,3594,2254,2911,42,53,64,22.3,55.9,true,normal_air,1781251387052
12314,node_01,1781251386,inference,,,normal_air,,false,0.2,backend_rule_v0,2625,3644,2262,2908,42,53,65,22.3,56,true,normal_air,1781251388097
12315,node_01,1781251387,inference,,,normal_air,,false,0.2,backend_rule_v0,2605,3589,2252,2907,40,51,63,22.3,56,true,normal_air,1781251389142
12316,node_01,1781251388,inference,,,normal_air,,false,0.2,backend_rule_v0,2621,3646,2257,2912,39,50,61,22.3,56,true,normal_air,1781251390194
12317,node_01,1781251389,inference,,,normal_air,,false,0.192,backend_rule_v0,2614,3594,2253,2907,37,49,61,22.3,56,true,normal_air,1781251391234
12318,node_01,1781251390,inference,,,normal_air,,false,0.2,backend_rule_v0,2625,3647,2260,2908,36,50,60,22.3,56,true,normal_air,1781251392285
12319,node_01,1781251391,inference,,,normal_air,,false,0.18400000000000002,backend_rule_v0,2605,3594,2252,2905,35,48,59,22.3,56,true,normal_air,1781251393341
12320,node_01,1781251392,inference,,,normal_air,,false,0.17600000000000002,backend_rule_v0,2624,3639,2264,2908,34,47,57,22.3,55.8,true,normal_air,1781251394374
12321,node_01,1781251393,inference,,,normal_air,,false,0.168,backend_rule_v0,2606,3590,2253,2908,32,46,55,22.3,55.8,true,normal_air,1781251396340
12322,node_01,1781251394,inference,,,normal_air,,false,0.16000000000000003,backend_rule_v0,2627,3642,2256,2908,32,45,55,22.3,55.8,true,normal_air,1781251396483
12323,node_01,1781251395,inference,,,normal_air,,false,0.15200000000000002,backend_rule_v0,2614,3590,2253,2912,31,44,54,22.3,55.7,true,normal_air,1781251397558
12324,node_01,1781251396,inference,,,normal_air,,false,0.16000000000000003,backend_rule_v0,2626,3646,2257,2913,31,45,53,22.3,55.7,true,normal_air,1781251398563
12325,node_01,1781251397,inference,,,normal_air,,false,0.15200000000000002,backend_rule_v0,2605,3588,2250,2910,31,44,53,22.3,55.7,true,normal_air,1781251399629
12326,node_01,1781251399,inference,,,normal_air,,false,0.144,backend_rule_v0,2624,3638,2264,2910,30,43,51,22.3,55.6,true,normal_air,1781251400656
12327,node_01,1781251400,inference,,,normal_air,,false,0.136,backend_rule_v0,2603,3589,2253,2907,30,42,50,22.3,55.6,true,normal_air,1781251401703
12328,node_01,1781251401,inference,,,normal_air,,false,0.136,backend_rule_v0,2623,3650,2257,2912,29,42,49,22.3,55.6,true,normal_air,1781251402753
12329,node_01,1781251402,inference,,,normal_air,,false,0.128,backend_rule_v0,2611,3591,2250,2909,29,41,49,22.3,55.5,true,normal_air,1781251403795
12330,node_01,1781251403,inference,,,normal_air,,false,0.128,backend_rule_v0,2627,3640,2258,2910,28,41,48,22.3,55.5,true,normal_air,1781251404839
12331,node_01,1781251404,inference,,,normal_air,,false,0.12,backend_rule_v0,2606,3580,2251,2910,28,40,47,22.3,55.5,true,normal_air,1781251405888
12332,node_01,1781251405,inference,,,normal_air,,false,0.12,backend_rule_v0,2625,3642,2264,2908,28,40,47,22.3,55.5,true,normal_air,1781251406940
12333,node_01,1781251406,inference,,,normal_air,,false,0.12,backend_rule_v0,2602,3592,2255,2911,28,40,47,22.3,55.5,true,normal_air,1781251407986
12334,node_01,1781251407,inference,,,normal_air,,false,0.11200000000000002,backend_rule_v0,2627,3636,2259,2909,28,39,46,22.3,55.5,true,normal_air,1781251409030
12335,node_01,1781251408,inference,,,normal_air,,false,0.11200000000000002,backend_rule_v0,2612,3599,2253,2904,27,39,45,22.3,55.5,true,normal_air,1781251410076
12336,node_01,1781251409,inference,,,normal_air,,false,0.11200000000000002,backend_rule_v0,2624,3645,2257,2910,27,39,45,22.3,55.5,true,normal_air,1781251411123
12337,node_01,1781251410,inference,,,normal_air,,false,0.10400000000000001,backend_rule_v0,2602,3597,2253,2912,26,38,45,22.3,55.5,true,normal_air,1781251412172
12338,node_01,1781251411,inference,,,normal_air,,false,0.10400000000000001,backend_rule_v0,2624,3643,2260,2908,26,38,43,22.3,55.4,true,normal_air,1781251413241
12339,node_01,1781251412,inference,,,normal_air,,false,0.096,backend_rule_v0,2580,3588,2255,2914,26,37,43,22.3,55.4,true,normal_air,1781251414264
12340,node_01,1781251413,inference,,,normal_air,,false,0.08800000000000001,backend_rule_v0,2626,3646,2260,2911,26,36,42,22.3,55.4,true,normal_air,1781251415314
12341,node_01,1781251414,inference,,,normal_air,,false,0.08000000000000002,backend_rule_v0,2609,3588,2255,2909,24,35,40,22.3,55.3,true,normal_air,1781251416360
12342,node_01,1781251415,inference,,,normal_air,,false,0.08000000000000002,backend_rule_v0,2626,3634,2259,2911,23,35,39,22.3,55.3,true,normal_air,1781251418840
12343,node_01,1781251416,inference,,,normal_air,,false,0.096,backend_rule_v0,2604,3589,2253,2912,25,37,42,22.3,55.3,true,normal_air,1781251418927
12344,node_01,1781251417,inference,,,normal_air,,false,0.12,backend_rule_v0,2620,3644,2265,2912,28,40,46,22.3,55.3,true,normal_air,1781251419498
12345,node_01,1781251418,inference,,,normal_air,,false,0.136,backend_rule_v0,2602,3588,2254,2912,28,42,49,22.3,55.3,true,normal_air,1781251420541
12346,node_01,1781251419,inference,,,normal_air,,false,0.144,backend_rule_v0,2624,3647,2257,2909,29,43,50,22.3,55.3,true,normal_air,1781251421588
12347,node_01,1781251421,inference,,,normal_air,,false,0.16000000000000003,backend_rule_v0,2607,3592,2252,2912,30,45,53,22.2,55.3,true,normal_air,1781251422632
12348,node_01,1781251422,inference,,,normal_air,,false,0.168,backend_rule_v0,2628,3647,2258,2910,31,46,55,22.2,55.3,true,normal_air,1781251423680
12349,node_01,1781251423,inference,,,normal_air,,false,0.18400000000000002,backend_rule_v0,2589,3592,2255,2913,33,48,58,22.2,55.3,true,normal_air,1781251424731
12350,node_01,1781251424,inference,,,normal_air,,false,0.2,backend_rule_v0,2624,3637,2265,2910,34,50,61,22.3,55,true,normal_air,1781251425773
12351,node_01,1781251425,inference,,,normal_air,,false,0.2,backend_rule_v0,2601,3591,2254,2914,35,51,62,22.3,55,true,normal_air,1781251426825
12352,node_01,1781251426,inference,,,normal_air,,false,0.2,backend_rule_v0,2622,3640,2256,2908,35,52,63,22.3,55,true,normal_air,1781251427867
12353,node_01,1781251427,inference,,,normal_air,,false,0.2,backend_rule_v0,2610,3591,2253,2910,35,52,63,22.3,55.1,true,normal_air,1781251428912
12354,node_01,1781251428,inference,,,normal_air,,false,0.2,backend_rule_v0,2624,3639,2255,2896,35,51,63,22.3,55.1,true,normal_air,1781251429958
12355,node_01,1781251429,inference,,,normal_air,,false,0.2,backend_rule_v0,2608,3588,2254,2912,35,51,62,22.3,55.1,true,normal_air,1781251431004
12356,node_01,1781251430,inference,,,normal_air,,false,0.2,backend_rule_v0,2624,3644,2264,2907,34,50,61,22.3,54.9,true,normal_air,1781251432050
12357,node_01,1781251431,inference,,,normal_air,,false,0.2,backend_rule_v0,2603,3595,2253,2910,34,50,61,22.3,54.9,true,normal_air,1781251433096
12358,node_01,1781251432,inference,,,normal_air,,false,0.2,backend_rule_v0,2625,3642,2258,2909,34,50,60,22.3,54.9,true,normal_air,1781251434146
12359,node_01,1781251433,inference,,,normal_air,,false,0.192,backend_rule_v0,2612,3594,2254,2908,33,49,59,22.3,54.9,true,normal_air,1781251435211
12360,node_01,1781251434,inference,,,normal_air,,false,0.17600000000000002,backend_rule_v0,2621,3637,2257,2909,32,47,57,22.3,54.9,true,normal_air,1781251436240
12361,node_01,1781251435,inference,,,normal_air,,false,0.17600000000000002,backend_rule_v0,2604,3590,2252,2908,33,47,57,22.3,54.9,true,normal_air,1781251437284
12362,node_01,1781251436,inference,,,normal_air,,false,0.168,backend_rule_v0,2623,3641,2264,2911,32,46,55,22.2,54.8,true,normal_air,1781251438343
12363,node_01,1781251437,inference,,,normal_air,,false,0.168,backend_rule_v0,2603,3587,2252,2908,31,46,54,22.2,54.8,true,normal_air,1781251439378
12364,node_01,1781251438,inference,,,normal_air,,false,0.16000000000000003,backend_rule_v0,2620,3641,2258,2910,31,45,53,22.2,54.8,true,normal_air,1781251440429
12365,node_01,1781251439,inference,,,normal_air,,false,0.15200000000000002,backend_rule_v0,2610,3599,2251,2910,30,44,51,22.2,54.7,true,normal_air,1781251441478
12366,node_01,1781251440,inference,,,normal_air,,false,0.144,backend_rule_v0,2625,3639,2257,2908,30,43,50,22.2,54.7,true,normal_air,1781251442523
12367,node_01,1781251441,inference,,,normal_air,,false,0.136,backend_rule_v0,2604,3589,2251,2907,29,42,50,22.2,54.7,true,normal_air,1781251443568
12368,node_01,1781251442,inference,,,normal_air,,false,0.168,backend_rule_v0,2625,3643,2264,2910,30,46,54,22.2,54.7,true,normal_air,1781251444609
12369,node_01,1781251444,inference,,,normal_air,,false,0.2,backend_rule_v0,2607,3595,2253,2908,32,50,61,22.2,54.7,true,normal_air,1781251445656
12370,node_01,1781251445,inference,,,normal_air,,false,0.2,backend_rule_v0,2624,3641,2255,2911,33,53,65,22.2,54.7,true,normal_air,1781251447834
12371,node_01,1781251446,inference,,,normal_air,,false,0.2,backend_rule_v0,2608,3584,2252,2912,37,60,69,22.2,54.9,true,normal_air,1781251447892
12372,node_01,1781251447,inference,,,normal_air,,false,0.2,backend_rule_v0,2623,3642,2257,2906,41,69,75,22.2,54.9,true,normal_air,1781251448833
12373,node_01,1781251448,inference,,,normal_air,,false,0.2,backend_rule_v0,2604,3587,2253,2913,46,77,79,22.2,54.9,true,normal_air,1781251449847
12374,node_01,1781251449,inference,,,normal_air,,false,0.2,backend_rule_v0,2626,3645,2265,2911,49,84,86,22.2,54.6,true,normal_air,1781251450888
12375,node_01,1781251450,inference,,,normal_air,,false,0.2,backend_rule_v0,2606,3587,2250,2909,52,90,92,22.2,54.6,true,normal_air,1781251451938
12376,node_01,1781251451,inference,,,normal_air,,false,0.2,backend_rule_v0,2624,3644,2256,2910,56,97,98,22.2,54.6,true,normal_air,1781251452982
12377,node_01,1781251452,inference,,,normal_air,,false,0.2,backend_rule_v0,2611,3581,2250,2913,58,102,104,22.2,54.6,true,normal_air,1781251454061
12378,node_01,1781251453,inference,,,normal_air,,false,0.2,backend_rule_v0,2623,3645,2256,2910,59,102,105,22.2,54.6,true,normal_air,1781251455085
12379,node_01,1781251454,inference,,,normal_air,,false,0.2,backend_rule_v0,2601,3590,2252,2908,58,99,100,22.2,54.6,true,normal_air,1781251456127
12380,node_01,1781251455,inference,,,normal_air,,false,0.2,backend_rule_v0,2624,3646,2265,2910,56,95,97,22.2,54.4,true,normal_air,1781251457171
12381,node_01,1781251456,inference,,,normal_air,,false,0.2,backend_rule_v0,2599,3590,2252,2910,53,90,92,22.2,54.4,true,normal_air,1781251458215
12382,node_01,1781251457,inference,,,normal_air,,false,0.2,backend_rule_v0,2626,3645,2256,2909,50,86,87,22.2,54.4,true,normal_air,1781251459271
12383,node_01,1781251458,inference,,,normal_air,,false,0.2,backend_rule_v0,2613,3592,2251,2910,48,82,83,22.2,54.5,true,normal_air,1781251460313
12384,node_01,1781251459,inference,,,normal_air,,false,0.2,backend_rule_v0,2624,3645,2256,2907,46,77,79,22.2,54.5,true,normal_air,1781251461357
12385,node_01,1781251460,inference,,,normal_air,,false,0.2,backend_rule_v0,2603,3587,2251,2908,43,73,77,22.2,54.5,true,normal_air,1781251462403
12386,node_01,1781251461,inference,,,normal_air,,false,0.2,backend_rule_v0,2626,3644,2262,2907,42,69,75,22.2,54.4,true,normal_air,1781251463450
12387,node_01,1781251462,inference,,,normal_air,,false,0.2,backend_rule_v0,2605,3594,2251,2912,40,67,73,22.2,54.4,true,normal_air,1781251464499
12388,node_01,1781251463,inference,,,normal_air,,false,0.2,backend_rule_v0,2622,3646,2259,2912,39,64,71,22.2,54.4,true,normal_air,1781251465542
12389,node_01,1781251464,inference,,,normal_air,,false,0.2,backend_rule_v0,2603,3590,2254,2910,38,62,70,22.2,54.4,true,normal_air,1781251466588
12390,node_01,1781251466,inference,,,normal_air,,false,0.2,backend_rule_v0,2624,3639,2257,2911,38,60,69,22.2,54.4,true,normal_air,1781251467648
12391,node_01,1781251467,inference,,,normal_air,,false,0.2,backend_rule_v0,2607,3584,2253,2912,36,57,67,22.2,54.4,true,normal_air,1781251468686
12392,node_01,1781251468,inference,,,normal_air,,false,0.2,backend_rule_v0,2620,3636,2264,2912,35,55,66,22.2,54.2,true,normal_air,1781251469730
12393,node_01,1781251469,inference,,,normal_air,,false,0.2,backend_rule_v0,2602,3590,2251,2912,34,53,64,22.2,54.2,true,normal_air,1781251470791
12394,node_01,1781251470,inference,,,normal_air,,false,0.2,backend_rule_v0,2625,3642,2255,2910,34,52,63,22.2,54.2,true,normal_air,1781251471826
12395,node_01,1781251471,inference,,,normal_air,,false,0.2,backend_rule_v0,2609,3593,2253,2909,34,51,62,22.2,54.2,true,normal_air,1781251472869
12396,node_01,1781251472,inference,,,normal_air,,false,0.2,backend_rule_v0,2620,3635,2256,2912,33,51,62,22.2,54.2,true,normal_air,1781251473918
12397,node_01,1781251473,inference,,,normal_air,,false,0.2,backend_rule_v0,2602,3594,2253,2907,33,50,61,22.2,54.2,true,normal_air,1781251474962
12398,node_01,1781251474,inference,,,normal_air,,false,0.2,backend_rule_v0,2622,3643,2262,2908,33,50,61,22.2,54.2,true,normal_air,1781251476071
12399,node_01,1781251475,inference,,,normal_air,,false,0.2,backend_rule_v0,2606,3592,2250,2911,33,50,60,22.2,54.2,true,normal_air,1781251477080
12400,node_01,1781251476,inference,,,normal_air,,false,0.192,backend_rule_v0,2622,3635,2257,2907,33,49,60,22.2,54.2,true,normal_air,1781251478104
12401,node_01,1781251477,inference,,,normal_air,,false,0.18400000000000002,backend_rule_v0,2609,3597,2253,2906,33,48,60,22.1,54.1,true,normal_air,1781251479240
12402,node_01,1781251478,inference,,,normal_air,,false,0.192,backend_rule_v0,2623,3642,2254,2908,33,49,60,22.1,54.1,true,normal_air,1781251480243
12403,node_01,1781251479,inference,,,normal_air,,false,0.2,backend_rule_v0,2605,3593,2252,2913,33,50,61,22.1,54.1,true,normal_air,1781251481244
12404,node_01,1781251480,inference,,,normal_air,,false,0.2,backend_rule_v0,2627,3644,2264,2908,34,50,62,22.1,54.1,true,normal_air,1781251482290
12405,node_01,1781251481,inference,,,normal_air,,false,0.2,backend_rule_v0,2534,3597,2189,2916,34,51,62,22.1,54.1,true,normal_air,1781251483341
12406,node_01,1781251482,inference,,,normal_air,,false,0.2,backend_rule_v0,2555,3648,2205,2910,34,51,62,22.1,54.1,true,normal_air,1781251484382
12407,node_01,1781251483,inference,,,normal_air,,false,0.2,backend_rule_v0,2540,3585,2200,2911,35,51,62,22.1,54.1,true,normal_air,1781251485429
12408,node_01,1781251484,inference,,,normal_air,,false,0.2,backend_rule_v0,2612,3648,2253,2915,35,51,62,22.1,54.1,true,normal_air,1781251486503
12409,node_01,1781251485,inference,,,normal_air,,false,0.2,backend_rule_v0,2571,3592,2245,2913,35,51,62,22.1,54.1,true,normal_air,1781251487528
12410,node_01,1781251486,inference,,,normal_air,,false,0.2,backend_rule_v0,2620,3648,2261,2909,36,51,62,22.1,54.1,true,normal_air,1781251488575
12411,node_01,1781251488,inference,,,normal_air,,false,0.2,backend_rule_v0,2611,3600,2257,2910,36,51,63,22.1,54.1,true,normal_air,1781251489626
12412,node_01,1781251489,inference,,,normal_air,,false,0.2,backend_rule_v0,2628,3644,2262,2912,38,52,64,22.1,54.1,true,normal_air,1781251490673
12413,node_01,1781251490,inference,,,normal_air,,false,0.2,backend_rule_v0,2617,3591,2260,2910,39,55,67,22.1,54,true,normal_air,1781251491712
12414,node_01,1781251491,inference,,,normal_air,,false,0.2,backend_rule_v0,2631,3649,2264,2909,40,57,68,22.1,54,true,normal_air,1781251492755
12415,node_01,1781251492,inference,,,normal_air,,false,0.2,backend_rule_v0,2612,3590,2260,2910,41,58,68,22.1,54,true,normal_air,1781251493801
12416,node_01,1781251493,inference,,,normal_air,,false,0.2,backend_rule_v0,2634,3643,2272,2910,41,59,69,22.1,53.9,true,normal_air,1781251494849
12417,node_01,1781251494,inference,,,normal_air,,false,0.2,backend_rule_v0,2613,3589,2260,2911,42,61,71,22.1,53.9,true,normal_air,1781251495898
12418,node_01,1781251495,inference,,,normal_air,,false,0.2,backend_rule_v0,2634,3639,2264,2908,44,64,72,22.1,53.9,true,normal_air,1781251496948
12419,node_01,1781251496,inference,,,normal_air,,false,0.2,backend_rule_v0,2620,3587,2260,2908,46,66,73,22.1,53.9,true,normal_air,1781251497995
12420,node_01,1781251497,inference,,,normal_air,,false,0.2,backend_rule_v0,2635,3653,2264,2909,46,68,74,22.1,53.9,true,normal_air,1781251499037
12421,node_01,1781251498,inference,,,normal_air,,false,0.2,backend_rule_v0,2610,3592,2263,2908,47,68,75,22.1,53.9,true,normal_air,1781251500085
12422,node_01,1781251499,inference,,,normal_air,,false,0.2,backend_rule_v0,2634,3641,2272,2912,46,66,74,22.1,53.9,true,normal_air,1781251501130
12423,node_01,1781251500,inference,,,normal_air,,false,0.2,backend_rule_v0,2615,3591,2259,2907,44,64,72,22.1,53.9,true,normal_air,1781251502190
12424,node_01,1781251501,inference,,,normal_air,,false,0.2,backend_rule_v0,2636,3651,2265,2909,42,60,70,22.1,53.9,true,normal_air,1781251503223
12425,node_01,1781251502,inference,,,normal_air,,false,0.2,backend_rule_v0,2619,3594,2260,2912,40,58,69,22,53.9,true,normal_air,1781251504269
12426,node_01,1781251503,inference,,,normal_air,,false,0.2,backend_rule_v0,2632,3649,2266,2912,39,56,67,22,53.9,true,normal_air,1781251505324
12427,node_01,1781251504,inference,,,normal_air,,false,0.2,backend_rule_v0,2613,3597,2260,2912,38,55,67,22,53.9,true,normal_air,1781251506371
12428,node_01,1781251505,inference,,,normal_air,,false,0.2,backend_rule_v0,2640,3642,2273,2910,38,53,66,22,53.9,true,normal_air,1781251507414
12429,node_01,1781251506,inference,,,normal_air,,false,0.2,backend_rule_v0,2614,3595,2258,2914,36,52,65,22,53.9,true,normal_air,1781251508459
12430,node_01,1781251507,inference,,,normal_air,,false,0.2,backend_rule_v0,2633,3645,2266,2915,36,52,64,22,53.9,true,normal_air,1781251509983
12431,node_01,1781251508,inference,,,normal_air,,false,0.2,backend_rule_v0,2621,3592,2259,2913,36,52,63,22,53.8,true,normal_air,1781251510571
12432,node_01,1781251509,inference,,,normal_air,,false,0.2,backend_rule_v0,2632,3642,2266,2911,35,51,63,22,53.8,true,normal_air,1781251511600
12433,node_01,1781251511,inference,,,normal_air,,false,0.2,backend_rule_v0,2610,3593,2259,2910,35,51,62,22,53.8,true,normal_air,1781251512702
12434,node_01,1781251512,inference,,,normal_air,,false,0.2,backend_rule_v0,2624,3641,2269,2910,35,51,62,22,53.7,true,normal_air,1781251513688
12435,node_01,1781251513,inference,,,normal_air,,false,0.2,backend_rule_v0,2614,3589,2260,2913,35,51,62,22,53.7,true,normal_air,1781251514738
12436,node_01,1781251514,inference,,,normal_air,,false,0.2,backend_rule_v0,2633,3641,2265,2909,34,50,61,22,53.7,true,normal_air,1781251515815
12437,node_01,1781251515,inference,,,normal_air,,false,0.192,backend_rule_v0,2605,3585,2258,2913,34,49,60,22,53.6,true,normal_air,1781251516836
12438,node_01,1781251516,inference,,,normal_air,,false,0.18400000000000002,backend_rule_v0,2635,3642,2267,2912,33,48,58,22,53.6,true,normal_air,1781251518848
12439,node_01,1781251517,inference,,,normal_air,,false,0.17600000000000002,backend_rule_v0,2615,3597,2262,2914,33,47,57,22,53.6,true,normal_air,1781251518935
12440,node_01,1781251518,inference,,,normal_air,,false,0.168,backend_rule_v0,2634,3643,2271,2909,31,46,56,22,53.6,true,normal_air,1781251519976
12441,node_01,1781251519,inference,,,normal_air,,false,0.168,backend_rule_v0,2613,3597,2261,2911,31,46,55,22,53.6,true,normal_air,1781251521016
12442,node_01,1781251520,inference,,,normal_air,,false,0.16000000000000003,backend_rule_v0,2635,3648,2266,2912,30,45,53,22,53.6,true,normal_air,1781251522063
12443,node_01,1781251521,inference,,,normal_air,,false,0.15200000000000002,backend_rule_v0,2620,3593,2259,2910,30,44,52,22,53.7,true,normal_air,1781251523110
12444,node_01,1781251522,inference,,,normal_air,,false,0.144,backend_rule_v0,2634,3645,2266,2910,29,43,50,22,53.7,true,normal_air,1781251524225
12445,node_01,1781251523,inference,,,normal_air,,false,0.136,backend_rule_v0,2616,3554,2258,2911,28,42,49,22,53.7,true,normal_air,1781251525203
12446,node_01,1781251524,inference,,,normal_air,,false,0.128,backend_rule_v0,2634,3645,2272,2912,28,41,49,22,53.6,true,normal_air,1781251526257
12447,node_01,1781251525,inference,,,normal_air,,false,0.12,backend_rule_v0,2612,3590,2258,2911,28,40,47,22,53.6,true,normal_air,1781251527296
12448,node_01,1781251526,inference,,,normal_air,,false,0.12,backend_rule_v0,2634,3647,2267,2911,27,40,47,22,53.6,true,normal_air,1781251528347
12449,node_01,1781251527,inference,,,normal_air,,false,0.11200000000000002,backend_rule_v0,2620,3584,2260,2907,27,39,46,22,53.7,true,normal_air,1781251529389
12450,node_01,1781251528,inference,,,normal_air,,false,0.10400000000000001,backend_rule_v0,2638,3646,2268,2909,26,38,45,22,53.7,true,normal_air,1781251530436
12451,node_01,1781251529,inference,,,normal_air,,false,0.096,backend_rule_v0,2612,3600,2259,2912,26,37,43,22,53.7,true,normal_air,1781251531479
12452,node_01,1781251530,inference,,,normal_air,,false,0.12,backend_rule_v0,2640,3644,2273,2912,28,40,48,22,53.6,true,normal_air,1781251532529
12453,node_01,1781251531,inference,,,normal_air,,false,0.144,backend_rule_v0,2613,3587,2262,2909,29,43,51,22,53.6,true,normal_air,1781251533573
12454,node_01,1781251533,inference,,,normal_air,,false,0.16000000000000003,backend_rule_v0,2634,3646,2266,2912,30,45,54,22,53.6,true,normal_air,1781251534622
12455,node_01,1781251534,inference,,,normal_air,,false,0.168,backend_rule_v0,2620,3596,2260,2917,31,46,56,21.9,53.8,true,normal_air,1781251535678
12456,node_01,1781251535,inference,,,normal_air,,false,0.18400000000000002,backend_rule_v0,2638,3646,2266,2897,33,48,58,21.9,53.8,true,normal_air,1781251539885
12457,node_01,1781251536,inference,,,normal_air,,false,0.2,backend_rule_v0,2611,3592,2259,2910,33,50,61,21.9,53.8,true,normal_air,1781251539918
12458,node_01,1781251537,inference,,,normal_air,,false,0.2,backend_rule_v0,2633,3646,2272,2911,34,51,62,21.9,53.8,true,normal_air,1781251540023
12459,node_01,1781251538,inference,,,normal_air,,false,0.2,backend_rule_v0,2614,3591,2260,2910,35,52,64,21.9,53.8,true,normal_air,1781251540118
12460,node_01,1781251539,inference,,,normal_air,,false,0.2,backend_rule_v0,2614,3644,2265,2912,36,53,66,21.9,53.8,true,normal_air,1781251541345
12461,node_01,1781251540,inference,,,normal_air,,false,0.2,backend_rule_v0,2617,3590,2259,2911,38,55,67,21.9,53.8,true,normal_air,1781251541950
12462,node_01,1781251541,inference,,,normal_air,,false,0.2,backend_rule_v0,2631,3649,2265,2913,36,53,66,21.9,53.8,true,normal_air,1781251542994
12463,node_01,1781251542,inference,,,normal_air,,false,0.2,backend_rule_v0,2615,3593,2259,2907,35,52,63,21.9,53.8,true,normal_air,1781251544041
12464,node_01,1781251543,inference,,,normal_air,,false,0.2,backend_rule_v0,2634,3649,2272,2909,34,51,62,21.9,54,true,normal_air,1781251545100
12465,node_01,1781251544,inference,,,normal_air,,false,0.2,backend_rule_v0,2612,3565,2261,2913,34,50,61,21.9,54,true,normal_air,1781251546136
12466,node_01,1781251545,inference,,,normal_air,,false,0.18400000000000002,backend_rule_v0,2638,3646,2266,2911,33,48,59,21.9,54,true,normal_air,1781251547190
12467,node_01,1781251546,inference,,,normal_air,,false,0.17600000000000002,backend_rule_v0,2618,3594,2262,2912,33,47,57,21.9,54.1,true,normal_air,1781251548227
12468,node_01,1781251547,inference,,,normal_air,,false,0.168,backend_rule_v0,2633,3652,2267,2910,31,46,56,21.9,54.1,true,normal_air,1781251549277
12469,node_01,1781251548,inference,,,normal_air,,false,0.16000000000000003,backend_rule_v0,2612,3596,2257,2912,31,45,55,21.9,54.1,true,normal_air,1781251550352
12470,node_01,1781251549,inference,,,normal_air,,false,0.15200000000000002,backend_rule_v0,2621,3644,2271,2912,31,44,53,21.9,54.2,true,normal_air,1781251551371
12471,node_01,1781251550,inference,,,normal_air,,false,0.144,backend_rule_v0,2610,3593,2258,2913,30,43,53,21.9,54.2,true,normal_air,1781251552420
12472,node_01,1781251551,inference,,,normal_air,,false,0.144,backend_rule_v0,2635,3644,2266,2909,30,43,51,21.9,54.2,true,normal_air,1781251553468
12473,node_01,1781251552,inference,,,normal_air,,false,0.136,backend_rule_v0,2622,3589,2260,2912,29,42,50,21.9,54.3,true,normal_air,1781251554516
12474,node_01,1781251553,inference,,,normal_air,,false,0.128,backend_rule_v0,2630,3643,2265,2913,29,41,50,21.9,54.3,true,normal_air,1781251555557
12475,node_01,1781251554,inference,,,normal_air,,false,0.128,backend_rule_v0,2613,3592,2259,2906,29,41,49,21.9,54.3,true,normal_air,1781251556605
12476,node_01,1781251556,inference,,,normal_air,,false,0.12,backend_rule_v0,2653,3634,2293,2906,28,40,49,21.9,54.5,true,normal_air,1781251557862
12477,node_01,1781251557,inference,,,normal_air,,false,0.144,backend_rule_v0,2640,3589,2280,2904,29,43,53,21.9,54.5,true,normal_air,1781251558699
12478,node_01,1781251558,inference,,,normal_air,,false,0.17600000000000002,backend_rule_v0,2660,3643,2287,2906,30,47,59,21.9,54.5,true,normal_air,1781251559752
12479,node_01,1781251559,inference,,,normal_air,,false,0.2,backend_rule_v0,2631,3583,2282,2907,31,51,63,21.9,54.6,true,normal_air,1781251560788
12480,node_01,1781251560,inference,,,normal_air,,false,0.2,backend_rule_v0,2665,3646,2286,2908,33,54,68,21.9,54.6,true,normal_air,1781251561859
12481,node_01,1781251561,inference,,,normal_air,,false,0.2,backend_rule_v0,2636,3591,2281,2911,34,59,72,21.9,54.6,true,normal_air,1781251562883
12482,node_01,1781251562,inference,,,normal_air,,false,0.2,backend_rule_v0,2663,3633,2293,2910,36,66,75,21.9,54.8,true,normal_air,1781251563956
12483,node_01,1781251563,inference,,,normal_air,,false,0.2,backend_rule_v0,2640,3587,2283,2913,40,72,79,21.9,54.8,true,normal_air,1781251564977
12484,node_01,1781251564,inference,,,normal_air,,false,0.2,backend_rule_v0,2661,3650,2289,2914,42,79,85,21.9,54.8,true,normal_air,1781251566051
12485,node_01,1781251565,inference,,,normal_air,,false,0.2,backend_rule_v0,2644,3600,2279,2913,46,85,91,21.9,54.8,true,normal_air,1781251567072
12486,node_01,1781251566,inference,,,normal_air,,false,0.2,backend_rule_v0,2661,3652,2288,2911,48,89,96,21.9,54.8,true,normal_air,1781251568123
12487,node_01,1781251567,inference,,,normal_air,,false,0.2,backend_rule_v0,2642,3570,2284,2911,49,89,95,21.9,54.8,true,normal_air,1781251569164
12488,node_01,1781251568,inference,,,normal_air,,false,0.2,backend_rule_v0,2664,3650,2295,2913,49,87,92,21.8,55,true,normal_air,1781251570224
12489,node_01,1781251569,inference,,,normal_air,,false,0.2,backend_rule_v0,2641,3599,2282,2912,48,84,89,21.8,55,true,normal_air,1781251571264
12490,node_01,1781251570,inference,,,normal_air,,false,0.2,backend_rule_v0,2665,3651,2287,2913,48,81,86,21.8,55,true,normal_air,1781251572310
12491,node_01,1781251571,inference,,,normal_air,,false,0.2,backend_rule_v0,2645,3600,2283,2910,48,79,84,21.9,55,true,normal_air,1781251573353
12492,node_01,1781251572,inference,,,normal_air,,false,0.2,backend_rule_v0,2664,3648,2290,2916,46,76,79,21.9,55,true,normal_air,1781251574396
12493,node_01,1781251573,inference,,,normal_air,,false,0.2,backend_rule_v0,2643,3607,2279,2914,44,72,78,21.9,55,true,normal_air,1781251575452
12494,node_01,1781251574,inference,,,normal_air,,false,0.2,backend_rule_v0,2641,3649,2297,2913,42,69,76,21.8,55.1,true,normal_air,1781251576494
12495,node_01,1781251575,inference,,,normal_air,,false,0.2,backend_rule_v0,2640,3595,2281,2915,41,66,75,21.8,55.1,true,normal_air,1781251577561
12496,node_01,1781251576,inference,,,normal_air,,false,0.2,backend_rule_v0,2663,3645,2288,2914,40,62,73,21.8,55.1,true,normal_air,1781251578584
12497,node_01,1781251578,inference,,,normal_air,,false,0.2,backend_rule_v0,2648,3599,2282,2914,38,60,71,21.8,55.3,true,normal_air,1781251579644
12498,node_01,1781251579,inference,,,normal_air,,false,0.2,backend_rule_v0,2664,3643,2288,2914,38,59,70,21.8,55.3,true,normal_air,1781251580734
12499,node_01,1781251580,inference,,,normal_air,,false,0.2,backend_rule_v0,2645,3588,2281,2912,36,57,69,21.8,55.3,true,normal_air,1781251581731
12500,node_01,1781251581,inference,,,normal_air,,false,0.2,backend_rule_v0,2662,3648,2297,2916,35,55,68,21.8,55.3,true,normal_air,1781251582772
12501,node_01,1781251582,inference,,,normal_air,,false,0.2,backend_rule_v0,2645,3597,2283,2914,34,52,65,21.8,55.3,true,normal_air,1781251583819
12502,node_01,1781251583,inference,,,normal_air,,false,0.2,backend_rule_v0,2662,3647,2290,2914,34,52,64,21.8,55.3,true,normal_air,1781251584881
12503,node_01,1781251584,inference,,,normal_air,,false,0.2,backend_rule_v0,2641,3596,2284,2911,33,51,63,21.8,55.4,true,normal_air,1781251585916
12504,node_01,1781251585,inference,,,normal_air,,false,0.2,backend_rule_v0,2663,3650,2290,2912,33,50,62,21.8,55.4,true,normal_air,1781251586982
12505,node_01,1781251586,inference,,,normal_air,,false,0.192,backend_rule_v0,2641,3596,2282,2912,32,49,61,21.8,55.4,true,normal_air,1781251588004
12506,node_01,1781251587,inference,,,normal_air,,false,0.18400000000000002,backend_rule_v0,2664,3644,2291,2909,31,48,60,21.8,55.6,true,normal_air,1781251589053
12507,node_01,1781251588,inference,,,normal_air,,false,0.17600000000000002,backend_rule_v0,2638,3592,2282,2915,31,47,58,21.8,55.6,true,normal_air,1781251590104
12508,node_01,1781251589,inference,,,normal_air,,false,0.168,backend_rule_v0,2662,3649,2288,2913,31,46,57,21.8,55.6,true,normal_air,1781251591150
12509,node_01,1781251590,inference,,,normal_air,,false,0.16000000000000003,backend_rule_v0,2649,3593,2282,2916,30,45,57,21.8,55.6,true,normal_air,1781251592192
12510,node_01,1781251591,inference,,,normal_air,,false,0.16000000000000003,backend_rule_v0,2664,3655,2289,2912,30,45,56,21.8,55.6,true,normal_air,1781251593290
12511,node_01,1781251592,inference,,,normal_air,,false,0.15200000000000002,backend_rule_v0,2641,3605,2282,2915,30,44,55,21.8,55.6,true,normal_air,1781251594376
12512,node_01,1781251593,inference,,,normal_air,,false,0.15200000000000002,backend_rule_v0,2663,3648,2297,2914,30,44,53,21.8,55.7,true,normal_air,1781251595337
12513,node_01,1781251594,inference,,,normal_air,,false,0.15200000000000002,backend_rule_v0,2639,3601,2282,2914,30,44,53,21.8,55.7,true,normal_air,1781251596381
12514,node_01,1781251595,inference,,,normal_air,,false,0.16000000000000003,backend_rule_v0,2664,3648,2289,2915,31,45,55,21.8,55.7,true,normal_air,1781251597426
12515,node_01,1781251596,inference,,,normal_air,,false,0.17600000000000002,backend_rule_v0,2650,3599,2282,2913,33,47,58,21.8,55.8,true,normal_air,1781251598503
12516,node_01,1781251597,inference,,,normal_air,,false,0.2,backend_rule_v0,2668,3649,2288,2915,35,50,62,21.8,55.8,true,normal_air,1781251599519
12517,node_01,1781251598,inference,,,normal_air,,false,0.2,backend_rule_v0,2643,3587,2284,2915,39,52,64,21.8,55.8,true,normal_air,1781251600565
12518,node_01,1781251600,inference,,,normal_air,,false,0.2,backend_rule_v0,2662,3650,2298,2915,42,56,67,21.8,55.9,true,normal_air,1781251601613
12519,node_01,1781251601,inference,,,normal_air,,false,0.2,backend_rule_v0,2639,3593,2285,2910,46,59,69,21.8,55.9,true,normal_air,1781251602658
12520,node_01,1781251602,inference,,,normal_air,,false,0.2,backend_rule_v0,2649,3650,2278,2911,48,62,71,21.8,55.9,true,normal_air,1781251603705
12521,node_01,1781251603,inference,,,normal_air,,false,0.2,backend_rule_v0,2632,3601,2274,2916,49,65,72,21.8,56,true,normal_air,1781251604753
12522,node_01,1781251604,inference,,,normal_air,,false,0.2,backend_rule_v0,2649,3647,2276,2913,51,67,73,21.8,56,true,normal_air,1781251605798
12523,node_01,1781251605,inference,,,normal_air,,false,0.2,backend_rule_v0,2626,3598,2274,2913,52,68,74,21.8,56,true,normal_air,1781251606855
12524,node_01,1781251606,inference,,,normal_air,,false,0.2,backend_rule_v0,2647,3647,2282,2912,53,69,75,21.8,56.1,true,normal_air,1781251607891
12525,node_01,1781251607,inference,,,normal_air,,false,0.2,backend_rule_v0,2631,3596,2273,2914,52,68,74,21.8,56.1,true,normal_air,1781251608940
12526,node_01,1781251608,inference,,,normal_air,,false,0.2,backend_rule_v0,2648,3652,2277,2911,50,66,72,21.8,56.1,true,normal_air,1781251609987
12527,node_01,1781251609,inference,,,normal_air,,false,0.2,backend_rule_v0,2637,3602,2273,2917,48,62,70,21.8,56.2,true,normal_air,1781251611039
12528,node_01,1781251610,inference,,,normal_air,,false,0.2,backend_rule_v0,2645,3647,2276,2911,47,60,69,21.8,56.2,true,normal_air,1781251612079
12529,node_01,1781251611,inference,,,normal_air,,false,0.2,backend_rule_v0,2631,3600,2271,2916,44,58,68,21.8,56.2,true,normal_air,1781251613148
12530,node_01,1781251612,inference,,,normal_air,,false,0.2,backend_rule_v0,2648,3656,2285,2909,43,56,67,21.8,56.4,true,normal_air,1781251614176
12531,node_01,1781251613,inference,,,normal_air,,false,0.2,backend_rule_v0,2629,3595,2274,2911,41,53,65,21.8,56.4,true,normal_air,1781251615222
12532,node_01,1781251614,inference,,,normal_air,,false,0.2,backend_rule_v0,2646,3649,2276,2914,40,52,63,21.8,56.4,true,normal_air,1781251616275
12533,node_01,1781251615,inference,,,normal_air,,false,0.2,backend_rule_v0,2632,3594,2270,2911,38,52,63,21.8,56.4,true,normal_air,1781251617358
12534,node_01,1781251616,inference,,,normal_air,,false,0.2,backend_rule_v0,2646,3647,2275,2911,38,51,62,21.8,56.4,true,normal_air,1781251618380
12535,node_01,1781251617,inference,,,normal_air,,false,0.2,backend_rule_v0,2624,3593,2273,2910,36,51,62,21.8,56.4,true,normal_air,1781251619454
12536,node_01,1781251618,inference,,,normal_air,,false,0.2,backend_rule_v0,2650,3650,2284,2911,35,51,62,21.8,56.4,true,normal_air,1781251620461
12537,node_01,1781251619,inference,,,normal_air,,false,0.2,backend_rule_v0,2625,3600,2275,2912,35,50,62,21.8,56.4,true,normal_air,1781251621519
12538,node_01,1781251620,inference,,,normal_air,,false,0.2,backend_rule_v0,2650,3651,2276,2913,34,50,61,21.8,56.4,true,normal_air,1781251622619
12539,node_01,1781251621,inference,,,normal_air,,false,0.2,backend_rule_v0,2633,3602,2271,2912,34,50,61,21.7,56.6,true,normal_air,1781251623603
12540,node_01,1781251623,inference,,,normal_air,,false,0.2,backend_rule_v0,2647,3643,2277,2916,34,50,61,21.7,56.6,true,normal_air,1781251624640
12541,node_01,1781251624,inference,,,normal_air,,false,0.2,backend_rule_v0,2626,3595,2270,2915,33,50,60,21.7,56.6,true,normal_air,1781251625692
12542,node_01,1781251625,inference,,,normal_air,,false,0.192,backend_rule_v0,2631,3648,2283,2916,33,49,60,21.8,56.7,true,normal_air,1781251626737
12543,node_01,1781251626,inference,,,normal_air,,false,0.18400000000000002,backend_rule_v0,2626,3593,2271,2916,33,48,59,21.8,56.7,true,normal_air,1781251627785
12544,node_01,1781251627,inference,,,normal_air,,false,0.18400000000000002,backend_rule_v0,2650,3650,2277,2913,33,48,57,21.8,56.7,true,normal_air,1781251628833
12545,node_01,1781251628,inference,,,normal_air,,false,0.17600000000000002,backend_rule_v0,2634,3598,2270,2914,31,47,56,21.8,56.7,true,normal_air,1781251629876
12546,node_01,1781251629,inference,,,normal_air,,false,0.168,backend_rule_v0,2647,3642,2276,2916,31,46,55,21.8,56.7,true,normal_air,1781251630925
12547,node_01,1781251630,inference,,,normal_air,,false,0.16000000000000003,backend_rule_v0,2627,3602,2273,2912,31,45,53,21.8,56.7,true,normal_air,1781251631994
12548,node_01,1781251631,inference,,,normal_air,,false,0.15200000000000002,backend_rule_v0,2649,3653,2283,2915,30,44,52,21.7,56.8,true,normal_air,1781251633041
12549,node_01,1781251632,inference,,,normal_air,,false,0.144,backend_rule_v0,2629,3597,2271,2915,30,43,51,21.7,56.8,true,normal_air,1781251634064
12550,node_01,1781251633,inference,,,normal_air,,false,0.144,backend_rule_v0,2647,3648,2276,2919,29,43,50,21.7,56.8,true,normal_air,1781251635109
12551,node_01,1781251634,inference,,,normal_air,,false,0.136,backend_rule_v0,2633,3597,2273,2911,29,42,49,21.7,57,true,normal_air,1781251636157
12552,node_01,1781251635,inference,,,normal_air,,false,0.128,backend_rule_v0,2648,3651,2275,2916,28,41,48,21.7,57,true,normal_air,1781251637302
12553,node_01,1781251636,inference,,,normal_air,,false,0.12,backend_rule_v0,2631,3565,2271,2919,28,40,47,21.7,57,true,normal_air,1781251638261
12554,node_01,1781251637,inference,,,normal_air,,false,0.12,backend_rule_v0,2646,3651,2286,2914,28,40,46,21.7,57,true,normal_air,1781251639297
12555,node_01,1781251638,inference,,,normal_air,,false,0.12,backend_rule_v0,2630,3602,2271,2916,28,40,46,21.7,57,true,normal_air,1781251640342
12556,node_01,1781251639,inference,,,normal_air,,false,0.12,backend_rule_v0,2647,3655,2279,2914,28,40,46,21.7,57,true,normal_air,1781251641458
12557,node_01,1781251640,inference,,,normal_air,,false,0.12,backend_rule_v0,2635,3597,2271,2915,28,40,47,21.7,57.1,true,normal_air,1781251642461
12558,node_01,1781251641,inference,,,normal_air,,false,0.12,backend_rule_v0,2647,3650,2276,2913,28,40,47,21.7,57.1,true,normal_air,1781251643485
12559,node_01,1781251642,inference,,,normal_air,,false,0.128,backend_rule_v0,2626,3607,2271,2915,28,41,47,21.7,57.1,true,normal_air,1781251644535
12560,node_01,1781251643,inference,,,normal_air,,false,0.128,backend_rule_v0,2649,3650,2283,2914,28,41,47,21.7,57.1,true,normal_air,1781251645579
12561,node_01,1781251645,inference,,,normal_air,,false,0.128,backend_rule_v0,2630,3603,2270,2913,29,41,48,21.7,57.1,true,normal_air,1781251646638
12562,node_01,1781251646,inference,,,normal_air,,false,0.128,backend_rule_v0,2643,3649,2275,2912,29,41,48,21.7,57.1,true,normal_air,1781251647673
12563,node_01,1781251647,inference,,,normal_air,,false,0.128,backend_rule_v0,2635,3592,2272,2914,29,41,48,21.7,57.4,true,normal_air,1781251648721
12564,node_01,1781251648,inference,,,normal_air,,false,0.136,backend_rule_v0,2653,3645,2275,2912,29,42,49,21.7,57.4,true,normal_air,1781251649909
12565,node_01,1781251649,inference,,,normal_air,,false,0.128,backend_rule_v0,2625,3597,2272,2914,29,41,48,21.7,57.4,true,normal_air,1781251650942
12566,node_01,1781251650,inference,,,normal_air,,false,0.128,backend_rule_v0,2647,3647,2284,2915,28,41,47,21.7,57.3,true,normal_air,1781251651859
12567,node_01,1781251651,inference,,,normal_air,,false,0.12,backend_rule_v0,2628,3596,2273,2914,28,40,47,21.7,57.3,true,normal_air,1781251653058
12568,node_01,1781251652,inference,,,normal_air,,false,0.11200000000000002,backend_rule_v0,2646,3655,2279,2916,28,39,46,21.7,57.3,true,normal_air,1781251656830
12569,node_01,1781251653,inference,,,normal_air,,false,0.11200000000000002,backend_rule_v0,2636,3604,2273,2918,27,39,45,21.7,57.4,true,normal_air,1781251656912
12570,node_01,1781251654,inference,,,normal_air,,false,0.17600000000000002,backend_rule_v0,2650,3651,2278,2915,28,47,60,21.7,57.4,true,normal_air,1781251674926
12571,node_01,1781251655,inference,,,normal_air,,false,0.2,backend_rule_v0,2631,3600,2274,2915,29,59,74,21.7,57.4,true,normal_air,1781251674973
12572,node_01,1781251656,inference,,,normal_air,,false,0.2,backend_rule_v0,2650,3655,2286,2915,31,78,92,21.7,57.3,true,normal_air,1781251675020
12573,node_01,1781251657,inference,,,normal_air,,false,0.2,backend_rule_v0,2630,3602,2273,2916,33,97,115,21.7,57.3,true,normal_air,1781251675046
12574,node_01,1781251658,inference,,,normal_air,,false,0.2,backend_rule_v0,2650,3652,2278,2914,35,115,136,21.7,57.3,true,normal_air,1781251675089
12575,node_01,1781251664,inference,,,normal_air,,false,0.2,backend_rule_v0,2652,3652,2274,2942,48,185,220,21.7,57.5,true,normal_air,1781251675128
12576,node_01,1781251665,inference,,,normal_air,,false,0.2,backend_rule_v0,2633,3654,2288,2940,50,184,217,21.7,57.5,true,normal_air,1781251675728
12577,node_01,1781251666,inference,,,normal_air,,false,0.2,backend_rule_v0,2629,3657,2292,2940,50,179,209,21.7,57.6,true,normal_air,1781251676156
12578,node_01,1781251674,inference,,,normal_air,,false,0.2,backend_rule_v0,2651,3639,2289,2940,43,119,137,21.7,57.8,true,normal_air,1781251676172
12579,node_01,1781251675,inference,,,normal_air,,false,0.2,backend_rule_v0,2652,3648,2288,2940,42,114,131,21.7,57.9,true,normal_air,1781251677015
12580,node_01,1781251676,inference,,,normal_air,,false,0.2,backend_rule_v0,2651,3653,2289,2938,41,108,125,21.7,57.9,true,normal_air,1781251678155
12581,node_01,1781251677,inference,,,normal_air,,false,0.2,backend_rule_v0,2649,3652,2291,2941,40,104,119,21.7,57.9,true,normal_air,1781251679085
12582,node_01,1781251678,inference,,,normal_air,,false,0.2,backend_rule_v0,2647,3655,2288,2938,43,103,117,21.7,57.9,true,normal_air,1781251680121
12583,node_01,1781251679,inference,,,normal_air,,false,0.2,backend_rule_v0,2646,3653,2287,2938,45,103,116,21.7,57.9,true,normal_air,1781251681168
12584,node_01,1781251680,inference,,,normal_air,,false,0.2,backend_rule_v0,2627,3657,2287,2939,48,103,117,21.7,57.9,true,normal_air,1781251682217
12585,node_01,1781251681,inference,,,normal_air,,false,0.2,backend_rule_v0,2625,3601,2286,2941,50,103,116,21.7,58,true,normal_air,1781251683269
12586,node_01,1781251682,inference,,,normal_air,,false,0.2,backend_rule_v0,2630,3598,2276,2939,52,103,114,21.7,58,true,normal_air,1781251684314
12587,node_01,1781251683,inference,,,normal_air,,false,0.2,backend_rule_v0,2631,3603,2275,2928,54,102,113,21.7,58,true,normal_air,1781251685365
12588,node_01,1781251684,inference,,,normal_air,,false,0.2,backend_rule_v0,2628,3592,2274,2919,56,101,112,21.8,58.2,true,normal_air,1781251686523
12589,node_01,1781251685,inference,,,normal_air,,false,0.2,backend_rule_v0,2625,3609,2271,2918,57,100,111,21.8,58.2,true,normal_air,1781251687452
12590,node_01,1781251686,inference,,,normal_air,,false,0.2,backend_rule_v0,2628,3598,2271,2916,57,99,107,21.8,58.2,true,normal_air,1781251688512
12591,node_01,1781251687,inference,,,normal_air,,false,0.2,backend_rule_v0,2626,3594,2271,2911,59,97,105,21.7,58.1,true,normal_air,1781251689565
12592,node_01,1781251688,inference,,,normal_air,,false,0.2,backend_rule_v0,2629,3602,2272,2913,56,93,100,21.7,58.1,true,normal_air,1781251690609
12593,node_01,1781251690,inference,,,normal_air,,false,0.2,backend_rule_v0,2624,3598,2271,2909,55,90,97,21.7,58.1,true,normal_air,1781251691639
12594,node_01,1781251691,inference,,,normal_air,,false,0.2,backend_rule_v0,2628,3594,2273,2912,52,86,92,21.7,58.2,true,normal_air,1781251692682
12595,node_01,1781251692,inference,,,normal_air,,false,0.2,backend_rule_v0,2629,3599,2273,2915,50,82,88,21.7,58.2,true,normal_air,1781251693742
12596,node_01,1781251693,inference,,,normal_air,,false,0.2,backend_rule_v0,2627,3600,2274,2912,48,78,83,21.7,58.2,true,normal_air,1781251694776
12597,node_01,1781251694,inference,,,normal_air,,false,0.2,backend_rule_v0,2648,3622,2270,2913,46,74,79,21.8,58.4,true,normal_air,1781251695828
12598,node_01,1781251695,inference,,,normal_air,,false,0.2,backend_rule_v0,2627,3593,2272,2915,44,70,77,21.8,58.4,true,normal_air,1781251696874
12599,node_01,1781251696,inference,,,normal_air,,false,0.2,backend_rule_v0,2646,3651,2278,2916,44,70,78,21.8,58.4,true,normal_air,1781251697925
12600,node_01,1781251697,inference,,,normal_air,,false,0.2,backend_rule_v0,2634,3599,2272,2918,44,72,78,21.7,58.3,true,normal_air,1781251699010
12601,node_01,1781251698,inference,,,normal_air,,false,0.2,backend_rule_v0,2633,3654,2265,2913,44,73,79,21.7,58.3,true,normal_air,1781251700024
12602,node_01,1781251699,inference,,,normal_air,,false,0.2,backend_rule_v0,2614,3594,2261,2921,46,76,80,21.7,58.3,true,normal_air,1781251701059
12603,node_01,1781251700,inference,,,normal_air,,false,0.2,backend_rule_v0,2632,3650,2274,2912,50,84,88,21.7,58.4,true,normal_air,1781251702107
12604,node_01,1781251701,inference,,,normal_air,,false,0.2,backend_rule_v0,2613,3592,2261,2916,56,94,99,21.7,58.4,true,normal_air,1781251703358
12605,node_01,1781251702,inference,,,normal_air,,false,0.2,backend_rule_v0,2635,3648,2263,2913,62,105,110,21.7,58.4,true,normal_air,1781251704200
12606,node_01,1781251703,inference,,,normal_air,,false,0.2,backend_rule_v0,2614,3602,2265,2917,68,116,120,21.7,58.4,true,normal_air,1781251705247
12607,node_01,1781251704,inference,,,normal_air,,false,0.2,backend_rule_v0,2636,3653,2265,2914,74,125,130,21.7,58.4,true,normal_air,1781251706296
12608,node_01,1781251705,inference,,,normal_air,,false,0.2,backend_rule_v0,2616,3603,2262,2915,79,134,139,21.7,58.4,true,normal_air,1781251707343
12609,node_01,1781251706,inference,,,normal_air,,false,0.2,backend_rule_v0,2634,3646,2273,2918,82,138,144,21.7,58.5,true,normal_air,1781251708387
12610,node_01,1781251707,inference,,,normal_air,,false,0.2,backend_rule_v0,2614,3594,2259,2917,84,144,148,21.7,58.5,true,normal_air,1781251709482
12611,node_01,1781251708,inference,,,normal_air,,false,0.2,backend_rule_v0,2614,3655,2266,2912,86,147,151,21.7,58.5,true,normal_air,1781251710479
12612,node_01,1781251709,inference,,,normal_air,,false,0.2,backend_rule_v0,2622,3603,2261,2914,89,149,153,21.7,58.5,true,normal_air,1781251711529
12613,node_01,1781251710,inference,,,normal_air,,false,0.2,backend_rule_v0,2637,3652,2267,2914,87,146,150,21.7,58.5,true,normal_air,1781251712576
12614,node_01,1781251712,inference,,,normal_air,,false,0.2,backend_rule_v0,2611,3605,2260,2916,85,140,144,21.7,58.5,true,normal_air,1781251713627
12615,node_01,1781251713,inference,,,normal_air,,false,0.2,backend_rule_v0,2635,3654,2274,2913,81,134,137,21.7,58.7,true,normal_air,1781251714667
12616,node_01,1781251714,inference,,,normal_air,,false,0.2,backend_rule_v0,2613,3599,2260,2918,76,126,130,21.7,58.7,true,normal_air,1781251715716
12617,node_01,1781251715,inference,,,normal_air,,false,0.2,backend_rule_v0,2636,3653,2264,2914,74,119,122,21.7,58.7,true,normal_air,1781251716764
12618,node_01,1781251716,inference,,,normal_air,,false,0.2,backend_rule_v0,2618,3604,2259,2912,69,112,115,21.7,58.7,true,normal_air,1781251717809
12619,node_01,1781251717,inference,,,normal_air,,false,0.2,backend_rule_v0,2633,3650,2266,2915,67,107,110,21.7,58.7,true,normal_air,1781251718860
12620,node_01,1781251718,inference,,,normal_air,,false,0.2,backend_rule_v0,2615,3601,2260,2914,65,103,105,21.7,58.7,true,normal_air,1781251719899
12621,node_01,1781251719,inference,,,normal_air,,false,0.2,backend_rule_v0,2634,3653,2273,2915,65,102,104,21.7,58.6,true,normal_air,1781251720980
12622,node_01,1781251720,inference,,,normal_air,,false,0.2,backend_rule_v0,2611,3597,2260,2914,64,100,102,21.7,58.6,true,normal_air,1781251721995
12623,node_01,1781251721,inference,,,normal_air,,false,0.2,backend_rule_v0,2635,3656,2266,2917,64,97,99,21.7,58.6,true,normal_air,1781251723046
12624,node_01,1781251722,inference,,,normal_air,,false,0.2,backend_rule_v0,2619,3593,2263,2917,64,96,98,21.7,58.6,true,normal_air,1781251724087
12625,node_01,1781251723,inference,,,normal_air,,false,0.2,backend_rule_v0,2635,3655,2267,2915,64,96,98,21.7,58.6,true,normal_air,1781251725157
12626,node_01,1781251724,inference,,,normal_air,,false,0.2,backend_rule_v0,2613,3599,2264,2913,64,96,98,21.7,58.6,true,normal_air,1781251726189
12627,node_01,1781251725,inference,,,normal_air,,false,0.2,backend_rule_v0,2636,3650,2274,2915,65,96,98,21.8,58.7,true,normal_air,1781251727229
12628,node_01,1781251726,inference,,,normal_air,,false,0.2,backend_rule_v0,2614,3590,2262,2915,66,96,98,21.8,58.7,true,normal_air,1781251728282
12629,node_01,1781251727,inference,,,normal_air,,false,0.2,backend_rule_v0,2636,3651,2265,2915,66,96,97,21.8,58.7,true,normal_air,1781251729326
12630,node_01,1781251728,inference,,,normal_air,,false,0.2,backend_rule_v0,2618,3599,2259,2915,66,96,96,21.8,58.8,true,normal_air,1781251730373
12631,node_01,1781251729,inference,,,normal_air,,false,0.2,backend_rule_v0,2637,3653,2267,2916,65,94,94,21.8,58.8,true,normal_air,1781251731417
12632,node_01,1781251730,inference,,,normal_air,,false,0.2,backend_rule_v0,2612,3604,2261,2915,64,91,92,21.8,58.8,true,normal_air,1781251732469
12633,node_01,1781251731,inference,,,normal_air,,false,0.2,backend_rule_v0,2636,3653,2273,2915,62,91,91,21.7,58.8,true,normal_air,1781251733508
12634,node_01,1781251732,inference,,,normal_air,,false,0.2,backend_rule_v0,2612,3593,2260,2918,61,86,87,21.7,58.8,true,normal_air,1781251734562
12635,node_01,1781251733,inference,,,normal_air,,false,0.2,backend_rule_v0,2635,3652,2268,2916,58,83,84,21.7,58.8,true,normal_air,1781251735619
12636,node_01,1781251735,inference,,,normal_air,,false,0.2,backend_rule_v0,2621,3604,2264,2910,55,78,79,21.7,58.8,true,normal_air,1781251736649
12637,node_01,1781251736,inference,,,normal_air,,false,0.2,backend_rule_v0,2638,3653,2268,2915,53,75,77,21.7,58.8,true,normal_air,1781251737703
12638,node_01,1781251737,inference,,,normal_air,,false,0.2,backend_rule_v0,2615,3597,2262,2911,52,72,76,21.7,58.8,true,normal_air,1781251738744
12639,node_01,1781251738,inference,,,normal_air,,false,0.2,backend_rule_v0,2640,3642,2272,2914,50,69,75,21.7,59.1,true,normal_air,1781251739789
12640,node_01,1781251739,inference,,,normal_air,,false,0.2,backend_rule_v0,2618,3599,2267,2914,48,66,73,21.7,59.1,true,normal_air,1781251740836
12641,node_01,1781251740,inference,,,normal_air,,false,0.2,backend_rule_v0,2635,3655,2270,2913,46,64,72,21.7,59.1,true,normal_air,1781251741884
12642,node_01,1781251741,inference,,,normal_air,,false,0.2,backend_rule_v0,2626,3604,2262,2913,43,60,69,21.7,59,true,normal_air,1781251742931
12643,node_01,1781251742,inference,,,normal_air,,false,0.2,backend_rule_v0,2639,3652,2269,2912,44,60,69,21.7,59,true,normal_air,1781251743975
12644,node_01,1781251743,inference,,,normal_air,,false,0.2,backend_rule_v0,2618,3591,2262,2917,44,60,70,21.7,59,true,normal_air,1781251745024
12645,node_01,1781251744,inference,,,normal_air,,false,0.2,backend_rule_v0,2638,3642,2276,2916,46,62,71,21.7,59,true,normal_air,1781251746348
12646,node_01,1781251745,inference,,,normal_air,,false,0.2,backend_rule_v0,2620,3600,2263,2916,49,66,73,21.7,59,true,normal_air,1781251747132
12647,node_01,1781251746,inference,,,normal_air,,false,0.2,backend_rule_v0,2615,3645,2267,2913,53,71,76,21.7,59,true,normal_air,1781251748206
12648,node_01,1781251747,inference,,,normal_air,,false,0.2,backend_rule_v0,2624,3596,2262,2914,58,77,79,21.7,59.1,true,normal_air,1781251749209
12649,node_01,1781251748,inference,,,normal_air,,false,0.2,backend_rule_v0,2637,3651,2270,2914,62,83,84,21.7,59.1,true,normal_air,1781251750287
12650,node_01,1781251749,inference,,,normal_air,,false,0.2,backend_rule_v0,2616,3602,2262,2916,67,88,89,21.7,59.1,true,normal_air,1781251751312
12651,node_01,1781251750,inference,,,normal_air,,false,0.2,backend_rule_v0,2638,3645,2273,2913,71,93,94,21.7,59.1,true,normal_air,1781251752361
12652,node_01,1781251751,inference,,,normal_air,,false,0.2,backend_rule_v0,2616,3601,2262,2913,75,98,98,21.7,59.1,true,normal_air,1781251753405
12653,node_01,1781251752,inference,,,normal_air,,false,0.2,backend_rule_v0,2639,3650,2268,2915,76,100,100,21.7,59.1,true,normal_air,1781251754446
12654,node_01,1781251753,inference,,,normal_air,,false,0.2,backend_rule_v0,2622,3596,2263,2914,77,100,101,21.7,59.2,true,normal_air,1781251755492
12655,node_01,1781251754,inference,,,normal_air,,false,0.2,backend_rule_v0,2638,3649,2266,2913,77,100,101,21.7,59.2,true,normal_air,1781251756540
12656,node_01,1781251755,inference,,,normal_air,,false,0.2,backend_rule_v0,2616,3600,2262,2914,75,97,98,21.7,59.2,true,normal_air,1781251757583
12657,node_01,1781251757,inference,,,normal_air,,false,0.2,backend_rule_v0,2639,3657,2278,2917,72,93,94,21.7,59.2,true,normal_air,1781251758637
12658,node_01,1781251758,inference,,,normal_air,,false,0.2,backend_rule_v0,2615,3596,2263,2914,69,90,90,21.7,59.2,true,normal_air,1781251759679
12659,node_01,1781251759,inference,,,normal_air,,false,0.2,backend_rule_v0,2638,3652,2266,2911,66,86,86,21.7,59.2,true,normal_air,1781251760731
12660,node_01,1781251760,inference,,,normal_air,,false,0.2,backend_rule_v0,2621,3595,2264,2916,64,82,83,21.7,59.2,true,normal_air,1781251761774
12661,node_01,1781251761,inference,,,normal_air,,false,0.2,backend_rule_v0,2639,3651,2267,2914,61,79,79,21.7,59.2,true,normal_air,1781251762819
12662,node_01,1781251762,inference,,,normal_air,,false,0.2,backend_rule_v0,2603,3599,2264,2914,59,77,78,21.7,59.2,true,normal_air,1781251763878
12663,node_01,1781251763,inference,,,normal_air,,false,0.2,backend_rule_v0,2636,3639,2275,2916,57,74,77,21.7,59.3,true,normal_air,1781251764912
12664,node_01,1781251764,inference,,,normal_air,,false,0.2,backend_rule_v0,2619,3597,2260,2913,56,72,76,21.7,59.3,true,normal_air,1781251765958
12665,node_01,1781251765,inference,,,normal_air,,false,0.2,backend_rule_v0,2634,3646,2270,2911,55,69,74,21.7,59.3,true,normal_air,1781251767005
12666,node_01,1781251766,inference,,,normal_air,,false,0.2,backend_rule_v0,2623,3598,2263,2913,53,68,74,21.7,59.3,true,normal_air,1781251768054
12667,node_01,1781251767,inference,,,normal_air,,false,0.2,backend_rule_v0,2636,3647,2268,2909,53,68,74,21.7,59.3,true,normal_air,1781251769370
12668,node_01,1781251768,inference,,,normal_air,,false,0.2,backend_rule_v0,2614,3601,2265,2912,52,67,73,21.7,59.3,true,normal_air,1781251770151
12669,node_01,1781251769,inference,,,normal_air,,false,0.2,backend_rule_v0,2638,3649,2274,2916,52,67,73,21.7,59.2,true,normal_air,1781251771205
12670,node_01,1781251770,inference,,,normal_air,,false,0.2,backend_rule_v0,2614,3595,2262,2914,51,66,73,21.7,59.2,true,normal_air,1781251772240
12671,node_01,1781251771,inference,,,normal_air,,false,0.2,backend_rule_v0,2636,3645,2266,2912,50,64,72,21.7,59.2,true,normal_air,1781251773287
12672,node_01,1781251772,inference,,,normal_air,,false,0.2,backend_rule_v0,2622,3599,2262,2914,51,65,73,21.7,59.4,true,normal_air,1781251774333
12673,node_01,1781251773,inference,,,normal_air,,false,0.2,backend_rule_v0,2634,3650,2264,2911,53,68,75,21.7,59.4,true,normal_air,1781251775385
12674,node_01,1781251774,inference,,,normal_air,,false,0.2,backend_rule_v0,2615,3592,2260,2916,57,73,77,21.7,59.4,true,normal_air,1781251776428
12675,node_01,1781251775,inference,,,normal_air,,false,0.2,backend_rule_v0,2635,3651,2275,2913,60,76,79,21.7,59.5,true,normal_air,1781251777475
12676,node_01,1781251776,inference,,,normal_air,,false,0.2,backend_rule_v0,2614,3601,2263,2915,62,80,81,21.7,59.5,true,normal_air,1781251778529
12677,node_01,1781251777,inference,,,normal_air,,false,0.2,backend_rule_v0,2639,3656,2269,2913,64,83,84,21.7,59.5,true,normal_air,1781251779569
12678,node_01,1781251779,inference,,,normal_air,,false,0.2,backend_rule_v0,2618,3600,2263,2915,65,84,85,21.7,59.4,true,normal_air,1781251780615
12679,node_01,1781251780,inference,,,normal_air,,false,0.2,backend_rule_v0,2636,3651,2270,2916,67,86,87,21.7,59.4,true,normal_air,1781251781659
12680,node_01,1781251781,inference,,,normal_air,,false,0.2,backend_rule_v0,2616,3605,2261,2915,68,87,89,21.7,59.4,true,normal_air,1781251782708
12681,node_01,1781251782,inference,,,normal_air,,false,0.2,backend_rule_v0,2636,3649,2273,2914,70,90,92,21.8,59.5,true,normal_air,1781251783756
12682,node_01,1781251783,inference,,,normal_air,,false,0.2,backend_rule_v0,2616,3607,2264,2917,70,89,90,21.8,59.5,true,normal_air,1781251784816
12683,node_01,1781251784,inference,,,normal_air,,false,0.2,backend_rule_v0,2618,3650,2268,2916,68,87,88,21.8,59.5,true,normal_air,1781251785849
12684,node_01,1781251785,inference,,,normal_air,,false,0.2,backend_rule_v0,2621,3607,2263,2913,66,84,86,21.8,59.5,true,normal_air,1781251786894
12685,node_01,1781251786,inference,,,normal_air,,false,0.2,backend_rule_v0,2637,3656,2269,2914,65,83,84,21.8,59.5,true,normal_air,1781251787942
12686,node_01,1781251787,inference,,,normal_air,,false,0.2,backend_rule_v0,2619,3596,2260,2913,64,81,83,21.8,59.5,true,normal_air,1781251789025
12687,node_01,1781251788,inference,,,normal_air,,false,0.2,backend_rule_v0,2637,3636,2275,2917,62,80,80,21.7,59.6,true,normal_air,1781251790045
12688,node_01,1781251789,inference,,,normal_air,,false,0.2,backend_rule_v0,2614,3591,2261,2917,62,79,80,21.7,59.6,true,normal_air,1781251791084
12689,node_01,1781251790,inference,,,normal_air,,false,0.2,backend_rule_v0,2633,3642,2264,2913,61,78,79,21.7,59.6,true,normal_air,1781251792134
12690,node_01,1781251791,inference,,,normal_air,,false,0.2,backend_rule_v0,2621,3596,2263,2915,60,76,78,21.8,59.6,true,normal_air,1781251793174
12691,node_01,1781251792,inference,,,normal_air,,false,0.2,backend_rule_v0,2641,3652,2268,2913,60,77,79,21.8,59.6,true,normal_air,1781251794243
12692,node_01,1781251793,inference,,,normal_air,,false,0.2,backend_rule_v0,2617,3605,2261,2915,60,78,79,21.8,59.6,true,normal_air,1781251795269
12693,node_01,1781251794,inference,,,normal_air,,false,0.2,backend_rule_v0,2636,3649,2277,2913,59,77,78,21.8,59.6,true,normal_air,1781251796315
12694,node_01,1781251795,inference,,,normal_air,,false,0.2,backend_rule_v0,2617,3596,2264,2915,59,76,78,21.8,59.6,true,normal_air,1781251797364
12695,node_01,1781251796,inference,,,normal_air,,false,0.2,backend_rule_v0,2636,3653,2269,2916,58,75,77,21.8,59.6,true,normal_air,1781251798414
12696,node_01,1781251797,inference,,,normal_air,,false,0.2,backend_rule_v0,2623,3606,2264,2914,58,77,79,21.8,59.5,true,normal_air,1781251799461
12697,node_01,1781251798,inference,,,normal_air,,false,0.2,backend_rule_v0,2638,3650,2266,2915,58,77,79,21.8,59.5,true,normal_air,1781251800503
12698,node_01,1781251799,inference,,,normal_air,,false,0.2,backend_rule_v0,2600,3602,2263,2913,57,75,77,21.8,59.5,true,normal_air,1781251801551
12699,node_01,1781251800,inference,,,normal_air,,false,0.2,backend_rule_v0,2637,3652,2273,2914,57,75,77,21.7,59.7,true,normal_air,1781251802598
12700,node_01,1781251802,inference,,,normal_air,,false,0.2,backend_rule_v0,2615,3594,2262,2915,57,76,77,21.7,59.7,true,normal_air,1781251803647
12701,node_01,1781251803,inference,,,normal_air,,false,0.2,backend_rule_v0,2636,3651,2266,2914,57,75,77,21.7,59.7,true,normal_air,1781251804693
12702,node_01,1781251804,inference,,,normal_air,,false,0.2,backend_rule_v0,2619,3596,2260,2913,58,81,81,21.8,59.6,true,normal_air,1781251805740
12703,node_01,1781251805,inference,,,normal_air,,false,0.2,backend_rule_v0,2637,3654,2267,2914,61,88,88,21.8,59.6,true,normal_air,1781251806783
12704,node_01,1781251806,inference,,,normal_air,,false,0.2,backend_rule_v0,2613,3590,2261,2917,64,95,96,21.8,59.6,true,normal_air,1781251807835
12705,node_01,1781251807,inference,,,normal_air,,false,0.2,backend_rule_v0,2638,3650,2273,2911,67,103,103,21.8,59.6,true,normal_air,1781251808881
12706,node_01,1781251808,inference,,,normal_air,,false,0.2,backend_rule_v0,2616,3600,2264,2913,73,112,113,21.8,59.6,true,normal_air,1781251809972
12707,node_01,1781251809,inference,,,normal_air,,false,0.2,backend_rule_v0,2640,3651,2268,2913,78,123,123,21.8,59.6,true,normal_air,1781251811026
12708,node_01,1781251810,inference,,,normal_air,,false,0.2,backend_rule_v0,2622,3586,2261,2917,84,133,134,21.8,59.8,true,normal_air,1781251812128
12709,node_01,1781251811,inference,,,normal_air,,false,0.2,backend_rule_v0,2635,3648,2267,2915,90,143,145,21.8,59.8,true,normal_air,1781251813389
12710,node_01,1781251812,inference,,,normal_air,,false,0.2,backend_rule_v0,2614,3601,2261,2914,97,153,155,21.8,59.8,true,normal_air,1781251814111
12711,node_01,1781251813,inference,,,normal_air,,false,0.2,backend_rule_v0,2637,3651,2275,2916,103,162,164,21.7,59.7,true,normal_air,1781251815160
12712,node_01,1781251814,inference,,,normal_air,,false,0.2,backend_rule_v0,2614,3598,2258,2914,106,164,166,21.7,59.7,true,normal_air,1781251816214
12713,node_01,1781251815,inference,,,normal_air,,false,0.2,backend_rule_v0,2637,3651,2266,2912,108,166,167,21.7,59.7,true,normal_air,1781251817260
12714,node_01,1781251816,inference,,,normal_air,,false,0.2,backend_rule_v0,2625,3597,2263,2915,108,165,166,21.7,59.8,true,normal_air,1781251818303
12715,node_01,1781251817,inference,,,normal_air,,false,0.2,backend_rule_v0,2635,3637,2265,2912,108,163,164,21.7,59.8,true,normal_air,1781251819347
12716,node_01,1781251818,inference,,,normal_air,,false,0.2,backend_rule_v0,2615,3599,2262,2915,104,155,157,21.7,59.8,true,normal_air,1781251820398
12717,node_01,1781251819,inference,,,normal_air,,false,0.2,backend_rule_v0,2634,3649,2273,2912,100,149,150,21.8,59.9,true,normal_air,1781251821442
12718,node_01,1781251820,inference,,,normal_air,,false,0.2,backend_rule_v0,2614,3594,2260,2918,98,145,146,21.8,59.9,true,normal_air,1781251822487
12719,node_01,1781251821,inference,,,normal_air,,false,0.2,backend_rule_v0,2633,3652,2264,2913,98,145,146,21.8,59.9,true,normal_air,1781251823535
12720,node_01,1781251822,inference,,,normal_air,,false,0.2,backend_rule_v0,2620,3565,2262,2918,93,137,138,21.8,59.9,true,normal_air,1781251824599
12721,node_01,1781251824,inference,,,normal_air,,false,0.2,backend_rule_v0,2635,3646,2267,2911,88,130,131,21.8,59.9,true,normal_air,1781251825697
12722,node_01,1781251825,inference,,,normal_air,,false,0.2,backend_rule_v0,2616,3597,2265,2912,83,122,123,21.8,59.9,true,normal_air,1781251826725
12723,node_01,1781251826,inference,,,normal_air,,false,0.2,backend_rule_v0,2631,3634,2275,2912,78,116,117,21.8,59.8,true,normal_air,1781251827739
12724,node_01,1781251827,inference,,,normal_air,,false,0.2,backend_rule_v0,2615,3605,2261,2916,76,110,111,21.8,59.8,true,normal_air,1781251828769
12725,node_01,1781251828,inference,,,normal_air,,false,0.2,backend_rule_v0,2635,3647,2267,2913,72,106,107,21.8,59.8,true,normal_air,1781251829833
12726,node_01,1781251829,inference,,,normal_air,,false,0.2,backend_rule_v0,2620,3600,2260,2908,70,102,102,21.8,59.8,true,normal_air,1781251830867
12727,node_01,1781251830,inference,,,normal_air,,false,0.2,backend_rule_v0,2637,3643,2267,2916,68,98,99,21.8,59.8,true,normal_air,1781251831909
12728,node_01,1781251831,inference,,,normal_air,,false,0.2,backend_rule_v0,2614,3597,2260,2914,66,94,96,21.8,59.8,true,normal_air,1781251832955
12729,node_01,1781251832,inference,,,normal_air,,false,0.2,backend_rule_v0,2634,3656,2279,2918,64,91,92,21.8,59.9,true,normal_air,1781251834002
12730,node_01,1781251833,inference,,,normal_air,,false,0.2,backend_rule_v0,2611,3593,2261,2915,61,88,89,21.8,59.9,true,normal_air,1781251835056
12731,node_01,1781251834,inference,,,normal_air,,false,0.2,backend_rule_v0,2636,3649,2267,2913,60,85,86,21.8,59.9,true,normal_air,1781251836097
12732,node_01,1781251835,inference,,,normal_air,,false,0.2,backend_rule_v0,2623,3606,2263,2916,58,82,84,21.8,59.8,true,normal_air,1781251837145
12733,node_01,1781251836,inference,,,normal_air,,false,0.2,backend_rule_v0,2638,3656,2268,2915,56,79,80,21.8,59.8,true,normal_air,1781251838380
12734,node_01,1781251837,inference,,,normal_air,,false,0.2,backend_rule_v0,2616,3599,2260,2914,55,77,78,21.8,59.8,true,normal_air,1781251839238
12735,node_01,1781251838,inference,,,normal_air,,false,0.2,backend_rule_v0,2642,3654,2276,2916,54,75,77,21.8,59.9,true,normal_air,1781251840286
12736,node_01,1781251839,inference,,,normal_air,,false,0.2,backend_rule_v0,2615,3594,2263,2915,52,73,76,21.8,59.9,true,normal_air,1781251841327
12737,node_01,1781251840,inference,,,normal_air,,false,0.2,backend_rule_v0,2636,3654,2265,2914,52,73,76,21.8,59.9,true,normal_air,1781251842376
12738,node_01,1781251841,inference,,,normal_air,,false,0.2,backend_rule_v0,2625,3603,2262,2913,55,76,78,21.8,59.9,true,normal_air,1781251843423
12739,node_01,1781251842,inference,,,normal_air,,false,0.2,backend_rule_v0,2638,3656,2268,2910,56,78,80,21.8,59.9,true,normal_air,1781251844468
12740,node_01,1781251843,inference,,,normal_air,,false,0.2,backend_rule_v0,2616,3594,2262,2917,57,81,82,21.8,59.9,true,normal_air,1781251845527
12741,node_01,1781251844,inference,,,normal_air,,false,0.2,backend_rule_v0,2639,3650,2273,2915,58,84,85,21.8,59.9,true,normal_air,1781251846563
12742,node_01,1781251846,inference,,,normal_air,,false,0.2,backend_rule_v0,2615,3603,2262,2915,59,86,87,21.8,59.9,true,normal_air,1781251847610
12743,node_01,1781251847,inference,,,normal_air,,false,0.2,backend_rule_v0,2637,3652,2270,2916,60,87,89,21.8,59.9,true,normal_air,1781251848679
12744,node_01,1781251848,inference,,,normal_air,,false,0.2,backend_rule_v0,2623,3594,2263,2917,61,89,91,21.8,60,true,normal_air,1781251849713
12745,node_01,1781251849,inference,,,normal_air,,false,0.2,backend_rule_v0,2638,3656,2269,2913,63,92,94,21.8,60,true,normal_air,1781251850749
12746,node_01,1781251850,inference,,,normal_air,,false,0.2,backend_rule_v0,2617,3604,2260,2915,65,95,97,21.8,60,true,normal_air,1781251851799
12747,node_01,1781251851,inference,,,normal_air,,false,0.2,backend_rule_v0,2629,3643,2274,2913,65,95,98,21.8,60,true,normal_air,1781251852858
12748,node_01,1781251852,inference,,,normal_air,,false,0.2,backend_rule_v0,2618,3599,2265,2916,65,95,97,21.8,60,true,normal_air,1781251853891
12749,node_01,1781251853,inference,,,normal_air,,false,0.2,backend_rule_v0,2637,3652,2267,2917,65,93,95,21.8,60,true,normal_air,1781251854940
12750,node_01,1781251854,inference,,,normal_air,,false,0.2,backend_rule_v0,2621,3598,2260,2914,66,94,96,21.8,60.1,true,normal_air,1781251855985
12751,node_01,1781251855,inference,,,normal_air,,false,0.2,backend_rule_v0,2635,3648,2269,2916,68,95,96,21.8,60.1,true,normal_air,1781251857031
12752,node_01,1781251856,inference,,,normal_air,,false,0.2,backend_rule_v0,2618,3602,2265,2917,69,96,98,21.8,60.1,true,normal_air,1781251858080
12753,node_01,1781251857,inference,,,normal_air,,false,0.2,backend_rule_v0,2641,3648,2276,2918,69,97,98,21.8,60.1,true,normal_air,1781251859123
12754,node_01,1781251858,inference,,,normal_air,,false,0.2,backend_rule_v0,2616,3596,2262,2913,70,97,98,21.8,60.1,true,normal_air,1781251860170
12755,node_01,1781251859,inference,,,normal_air,,false,0.2,backend_rule_v0,2636,3651,2265,2913,69,96,97,21.8,60.1,true,normal_air,1781251861230
12756,node_01,1781251860,inference,,,normal_air,,false,0.2,backend_rule_v0,2624,3602,2263,2915,70,96,97,21.8,60,true,normal_air,1781251862264
12757,node_01,1781251861,inference,,,normal_air,,false,0.2,backend_rule_v0,2635,3653,2268,2917,69,95,96,21.8,60,true,normal_air,1781251863316
12758,node_01,1781251862,inference,,,normal_air,,false,0.2,backend_rule_v0,2615,3599,2260,2915,68,93,94,21.8,60,true,normal_air,1781251864360
12759,node_01,1781251863,inference,,,normal_air,,false,0.2,backend_rule_v0,2639,3651,2277,2914,67,93,93,21.8,60.2,true,normal_air,1781251865405
12760,node_01,1781251864,inference,,,normal_air,,false,0.2,backend_rule_v0,2616,3601,2262,2913,66,89,90,21.8,60.2,true,normal_air,1781251866452
12761,node_01,1781251865,inference,,,normal_air,,false,0.2,backend_rule_v0,2636,3651,2271,2915,65,87,89,21.8,60.2,true,normal_air,1781251867501
12762,node_01,1781251866,inference,,,normal_air,,false,0.2,backend_rule_v0,2624,3602,2263,2915,62,84,84,21.8,60.1,true,normal_air,1781251868591
12763,node_01,1781251867,inference,,,normal_air,,false,0.2,backend_rule_v0,2636,3656,2266,2914,60,80,80,21.8,60.1,true,normal_air,1781251869611
12764,node_01,1781251869,inference,,,normal_air,,false,0.2,backend_rule_v0,2618,3606,2261,2912,58,77,79,21.8,60.1,true,normal_air,1781251870680
12765,node_01,1781251870,inference,,,normal_air,,false,0.2,backend_rule_v0,2638,3653,2274,2914,56,74,77,21.8,60.1,true,normal_air,1781251871687
12766,node_01,1781251871,inference,,,normal_air,,false,0.2,backend_rule_v0,2613,3588,2261,2911,54,71,76,21.8,60.1,true,normal_air,1781251872771
12767,node_01,1781251872,inference,,,normal_air,,false,0.2,backend_rule_v0,2634,3639,2264,2911,52,69,75,21.8,60.1,true,normal_air,1781251873882
12768,node_01,1781251873,inference,,,normal_air,,false,0.2,backend_rule_v0,2617,3589,2261,2914,51,67,73,21.8,60.1,true,normal_air,1781251874838
12769,node_01,1781251874,inference,,,normal_air,,false,0.2,backend_rule_v0,2631,3646,2263,2910,50,65,72,21.8,60.1,true,normal_air,1781251875953
12770,node_01,1781251875,inference,,,normal_air,,false,0.2,backend_rule_v0,2612,3595,2261,2910,47,63,71,21.8,60.1,true,normal_air,1781251876934
12771,node_01,1781251876,inference,,,normal_air,,false,0.2,backend_rule_v0,2634,3644,2272,2913,47,61,69,21.8,60,true,normal_air,1781251878002
12772,node_01,1781251877,inference,,,normal_air,,false,0.2,backend_rule_v0,2610,3586,2263,2913,45,59,68,21.8,60,true,normal_air,1781251879079
12773,node_01,1781251878,inference,,,normal_air,,false,0.2,backend_rule_v0,2632,3650,2264,2913,43,57,67,21.8,60,true,normal_air,1781251880136
12774,node_01,1781251879,inference,,,normal_air,,false,0.2,backend_rule_v0,2618,3596,2257,2910,43,56,66,21.8,60.2,true,normal_air,1781251881181
12775,node_01,1781251880,inference,,,normal_air,,false,0.2,backend_rule_v0,2636,3642,2267,2914,45,59,68,21.8,60.2,true,normal_air,1781251882164
12776,node_01,1781251881,inference,,,normal_air,,false,0.2,backend_rule_v0,2617,3590,2259,2911,48,65,72,21.8,60.2,true,normal_air,1781251883470
12777,node_01,1781251882,inference,,,normal_air,,false,0.2,backend_rule_v0,2636,3647,2255,2910,51,70,75,21.8,60.1,true,normal_air,1781251884268
12778,node_01,1781251883,inference,,,normal_air,,false,0.2,backend_rule_v0,2614,3600,2259,2908,53,73,76,21.8,60.1,true,normal_air,1781251885332
12779,node_01,1781251884,inference,,,normal_air,,false,0.2,backend_rule_v0,2637,3652,2265,2908,56,77,78,21.8,60.1,true,normal_air,1781251886386
12780,node_01,1781251885,inference,,,normal_air,,false,0.2,backend_rule_v0,2621,3600,2262,2913,58,81,81,21.8,60.1,true,normal_air,1781251887407
12781,node_01,1781251886,inference,,,normal_air,,false,0.2,backend_rule_v0,2634,3621,2265,2912,62,86,86,21.8,60.1,true,normal_air,1781251888445
12782,node_01,1781251887,inference,,,normal_air,,false,0.2,backend_rule_v0,2611,3595,2260,2912,64,89,89,21.8,60.1,true,normal_air,1781251889487
12783,node_01,1781251888,inference,,,normal_air,,false,0.2,backend_rule_v0,2638,3648,2274,2916,66,92,93,21.8,60,true,normal_air,1781251890631
12784,node_01,1781251889,inference,,,normal_air,,false,0.2,backend_rule_v0,2616,3607,2262,2910,67,94,95,21.8,60,true,normal_air,1781251891582
12785,node_01,1781251891,inference,,,normal_air,,false,0.2,backend_rule_v0,2634,3650,2266,2912,66,92,93,21.8,60,true,normal_air,1781251892625
12786,node_01,1781251892,inference,,,normal_air,,false,0.2,backend_rule_v0,2618,3586,2259,2911,64,88,89,21.9,60.2,true,normal_air,1781251893687
12787,node_01,1781251893,inference,,,normal_air,,false,0.2,backend_rule_v0,2639,3653,2266,2910,61,85,85,21.9,60.2,true,normal_air,1781251894784
12788,node_01,1781251894,inference,,,normal_air,,false,0.2,backend_rule_v0,2614,3596,2262,2916,59,82,83,21.9,60.2,true,normal_air,1781251895771
12789,node_01,1781251895,inference,,,normal_air,,false,0.2,backend_rule_v0,2636,3646,2273,2912,57,78,79,21.9,60.2,true,normal_air,1781251896812
12790,node_01,1781251896,inference,,,normal_air,,false,0.2,backend_rule_v0,2616,3590,2263,2911,55,75,77,21.9,60.2,true,normal_air,1781251897879
12791,node_01,1781251897,inference,,,normal_air,,false,0.2,backend_rule_v0,2632,3647,2266,2914,54,73,76,21.9,60.2,true,normal_air,1781251898915
12792,node_01,1781251898,inference,,,normal_air,,false,0.2,backend_rule_v0,2620,3595,2259,2910,54,73,76,21.8,60.3,true,normal_air,1781251899994
12793,node_01,1781251899,inference,,,normal_air,,false,0.2,backend_rule_v0,2636,3648,2267,2911,56,75,78,21.8,60.3,true,normal_air,1781251901028
12794,node_01,1781251900,inference,,,normal_air,,false,0.2,backend_rule_v0,2614,3600,2261,2912,57,76,78,21.8,60.3,true,normal_air,1781251902051
12795,node_01,1781251901,inference,,,normal_air,,false,0.2,backend_rule_v0,2634,3645,2273,2910,58,78,79,21.9,60.1,true,normal_air,1781251903099
12796,node_01,1781251902,inference,,,normal_air,,false,0.2,backend_rule_v0,2595,3594,2260,2915,59,79,80,21.9,60.1,true,normal_air,1781251904218
12797,node_01,1781251903,inference,,,normal_air,,false,0.2,backend_rule_v0,2637,3639,2265,2913,60,80,81,21.9,60.1,true,normal_air,1781251905294
12798,node_01,1781251904,inference,,,normal_air,,false,0.2,backend_rule_v0,2622,3598,2260,2911,60,80,81,21.8,60.2,true,normal_air,1781251906273
12799,node_01,1781251905,inference,,,normal_air,,false,0.2,backend_rule_v0,2637,3646,2267,2913,61,81,83,21.8,60.2,true,normal_air,1781251907282
12800,node_01,1781251906,inference,,,normal_air,,false,0.2,backend_rule_v0,2614,3602,2260,2913,61,83,83,21.8,60.2,true,normal_air,1781251908369
12801,node_01,1781251907,inference,,,normal_air,,false,0.2,backend_rule_v0,2637,3650,2274,2911,62,84,84,21.8,60.1,true,normal_air,1781251909386
12802,node_01,1781251908,inference,,,normal_air,,false,0.2,backend_rule_v0,2615,3584,2260,2907,62,82,83,21.8,60.1,true,normal_air,1781251910447
12803,node_01,1781251909,inference,,,normal_air,,false,0.2,backend_rule_v0,2635,3637,2266,2915,60,79,80,21.8,60.1,true,normal_air,1781251911463
12804,node_01,1781251910,inference,,,normal_air,,false,0.2,backend_rule_v0,2622,3599,2261,2911,58,77,79,21.8,60.1,true,normal_air,1781251912515
12805,node_01,1781251911,inference,,,normal_air,,false,0.2,backend_rule_v0,2637,3656,2264,2913,56,75,78,21.8,60.1,true,normal_air,1781251913561
12806,node_01,1781251912,inference,,,normal_air,,false,0.2,backend_rule_v0,2614,3601,2263,2912,55,74,77,21.8,60.1,true,normal_air,1781251914606
12807,node_01,1781251914,inference,,,normal_air,,false,0.2,backend_rule_v0,2640,3652,2274,2915,56,74,77,21.9,60.2,true,normal_air,1781251915654
12808,node_01,1781251915,inference,,,normal_air,,false,0.2,backend_rule_v0,2614,3605,2261,2916,57,77,79,21.9,60.2,true,normal_air,1781251916698
12809,node_01,1781251916,inference,,,normal_air,,false,0.2,backend_rule_v0,2634,3651,2268,2917,61,82,83,21.9,60.2,true,normal_air,1781251917758
12810,node_01,1781251917,inference,,,normal_air,,false,0.2,backend_rule_v0,2622,3596,2260,2908,65,87,87,21.9,60.1,true,normal_air,1781251918805
12811,node_01,1781251918,inference,,,normal_air,,false,0.2,backend_rule_v0,2636,3643,2265,2913,70,94,94,21.9,60.1,true,normal_air,1781251919860
12812,node_01,1781251919,inference,,,normal_air,,false,0.2,backend_rule_v0,2605,3598,2260,2916,75,100,100,21.9,60.1,true,normal_air,1781251920882
12813,node_01,1781251920,inference,,,normal_air,,false,0.2,backend_rule_v0,2634,3635,2270,2912,80,107,107,21.9,60.2,true,normal_air,1781251921928
12814,node_01,1781251921,inference,,,normal_air,,false,0.2,backend_rule_v0,2612,3600,2261,2912,85,111,111,21.9,60.2,true,normal_air,1781251922976
12815,node_01,1781251922,inference,,,normal_air,,false,0.2,backend_rule_v0,2637,3643,2265,2910,89,117,117,21.9,60.2,true,normal_air,1781251924024
12816,node_01,1781251923,inference,,,normal_air,,false,0.2,backend_rule_v0,2622,3603,2264,2915,95,123,124,21.9,60.1,true,normal_air,1781251925072
12817,node_01,1781251924,inference,,,normal_air,,false,0.2,backend_rule_v0,2634,3653,2265,2911,98,129,129,21.9,60.1,true,normal_air,1781251926114
12818,node_01,1781251925,inference,,,normal_air,,false,0.2,backend_rule_v0,2615,3595,2263,2914,100,130,130,21.9,60.1,true,normal_air,1781251927162
12819,node_01,1781251926,inference,,,normal_air,,false,0.2,backend_rule_v0,2634,3645,2276,2915,100,130,130,21.9,60.1,true,normal_air,1781251928220
12820,node_01,1781251927,inference,,,normal_air,,false,0.2,backend_rule_v0,2616,3594,2259,2909,99,129,129,21.9,60.1,true,normal_air,1781251929262
12821,node_01,1781251928,inference,,,normal_air,,false,0.2,backend_rule_v0,2633,3649,2266,2913,99,127,127,21.9,60.1,true,normal_air,1781251930302
12822,node_01,1781251929,inference,,,normal_air,,false,0.2,backend_rule_v0,2621,3594,2262,2912,97,124,124,21.9,60.2,true,normal_air,1781251931355
12823,node_01,1781251930,inference,,,normal_air,,false,0.2,backend_rule_v0,2638,3646,2269,2913,95,122,122,21.9,60.2,true,normal_air,1781251932395
12824,node_01,1781251931,inference,,,normal_air,,false,0.2,backend_rule_v0,2611,3597,2261,2914,95,122,123,21.9,60.2,true,normal_air,1781251933480
12825,node_01,1781251932,inference,,,normal_air,,false,0.2,backend_rule_v0,2636,3652,2273,2912,93,120,120,21.9,60,true,normal_air,1781251934491
12826,node_01,1781251933,inference,,,normal_air,,false,0.2,backend_rule_v0,2612,3593,2259,2915,90,116,116,21.9,60,true,normal_air,1781251935535
12827,node_01,1781251934,inference,,,normal_air,,false,0.2,backend_rule_v0,2635,3648,2268,2915,84,110,110,21.9,60,true,normal_air,1781251936583
12828,node_01,1781251936,inference,,,normal_air,,false,0.2,backend_rule_v0,2620,3595,2262,2914,83,107,108,21.9,60.2,true,normal_air,1781251937629
12829,node_01,1781251937,inference,,,normal_air,,false,0.2,backend_rule_v0,2638,3649,2267,2913,82,106,106,21.9,60.2,true,normal_air,1781251938677
12830,node_01,1781251938,inference,,,normal_air,,false,0.2,backend_rule_v0,2615,3599,2262,2917,83,106,107,21.9,60.2,true,normal_air,1781251939724
12831,node_01,1781251939,inference,,,normal_air,,false,0.2,backend_rule_v0,2635,3647,2276,2916,85,110,110,21.9,60,true,normal_air,1781251940782
12832,node_01,1781251940,inference,,,normal_air,,false,0.2,backend_rule_v0,2599,3571,2260,2921,87,115,115,21.9,60,true,normal_air,1781251941816
12833,node_01,1781251941,inference,,,normal_air,,false,0.2,backend_rule_v0,2631,3647,2265,2914,92,121,121,21.9,60,true,normal_air,1781251942864
12834,node_01,1781251942,inference,,,normal_air,,false,0.2,backend_rule_v0,2623,3597,2261,2912,95,127,127,21.9,60,true,normal_air,1781251943913
12835,node_01,1781251943,inference,,,normal_air,,false,0.2,backend_rule_v0,2635,3654,2269,2910,99,132,132,21.9,60,true,normal_air,1781251944957
12836,node_01,1781251944,inference,,,normal_air,,false,0.2,backend_rule_v0,2618,3596,2261,2912,102,136,136,21.9,60,true,normal_air,1781251946005
12837,node_01,1781251945,inference,,,normal_air,,false,0.2,backend_rule_v0,2638,3650,2277,2913,107,144,144,21.9,60.1,true,normal_air,1781251947052
12838,node_01,1781251946,inference,,,normal_air,,false,0.2,backend_rule_v0,2615,3598,2260,2915,111,149,149,21.9,60.1,true,normal_air,1781251948358
12839,node_01,1781251947,inference,,,normal_air,,false,0.2,backend_rule_v0,2637,3649,2268,2910,115,154,154,21.9,60.1,true,normal_air,1781251949145
12840,node_01,1781251948,inference,,,normal_air,,false,0.2,backend_rule_v0,2614,3594,2264,2916,117,158,158,21.9,60,true,normal_air,1781251950193
12841,node_01,1781251949,inference,,,normal_air,,false,0.2,backend_rule_v0,2637,3645,2267,2913,119,158,158,21.9,60,true,normal_air,1781251951235
12842,node_01,1781251950,inference,,,normal_air,,false,0.2,backend_rule_v0,2613,3595,2261,2913,118,155,155,21.9,60,true,normal_air,1781251952286
12843,node_01,1781251951,inference,,,normal_air,,false,0.2,backend_rule_v0,2636,3645,2273,2911,115,151,151,21.9,60,true,normal_air,1781251953333
12844,node_01,1781251952,inference,,,normal_air,,false,0.2,backend_rule_v0,2612,3599,2261,2911,111,147,147,21.9,60,true,normal_air,1781251954377
12845,node_01,1781251953,inference,,,normal_air,,false,0.2,backend_rule_v0,2635,3656,2269,2915,108,143,143,21.9,60,true,normal_air,1781251955423
12846,node_01,1781251954,inference,,,normal_air,,false,0.2,backend_rule_v0,2627,3604,2264,2916,105,137,137,21.9,60.1,true,normal_air,1781251956472
12847,node_01,1781251955,inference,,,normal_air,,false,0.2,backend_rule_v0,2637,3652,2270,2907,101,132,132,21.9,60.1,true,normal_air,1781251957520
12848,node_01,1781251956,inference,,,normal_air,,false,0.2,backend_rule_v0,2614,3597,2261,2914,97,126,127,21.9,60.1,true,normal_air,1781251958568
12849,node_01,1781251958,inference,,,normal_air,,false,0.2,backend_rule_v0,2635,3647,2277,2913,93,122,122,21.9,60.1,true,normal_air,1781251959612
12850,node_01,1781251959,inference,,,normal_air,,false,0.2,backend_rule_v0,2616,3601,2262,2913,89,117,118,21.9,60.1,true,normal_air,1781251960674
12851,node_01,1781251960,inference,,,normal_air,,false,0.2,backend_rule_v0,2637,3651,2268,2910,87,113,114,21.9,60.1,true,normal_air,1781251961706
12852,node_01,1781251961,inference,,,normal_air,,false,0.2,backend_rule_v0,2620,3592,2263,2914,85,109,110,21.9,60,true,normal_air,1781251962768
12853,node_01,1781251962,inference,,,normal_air,,false,0.2,backend_rule_v0,2638,3647,2268,2917,83,105,106,21.9,60,true,normal_air,1781251963798
12854,node_01,1781251963,inference,,,normal_air,,false,0.2,backend_rule_v0,2619,3601,2262,2912,80,102,103,21.9,60,true,normal_air,1781251964846
12855,node_01,1781251964,inference,,,normal_air,,false,0.2,backend_rule_v0,2637,3650,2276,2914,78,99,100,21.9,60,true,normal_air,1781251965892
12856,node_01,1781251965,inference,,,normal_air,,false,0.2,backend_rule_v0,2616,3596,2260,2911,77,98,99,21.9,60,true,normal_air,1781251966942
12857,node_01,1781251966,inference,,,normal_air,,false,0.2,backend_rule_v0,2640,3645,2267,2919,75,95,95,21.9,60,true,normal_air,1781251967990
12858,node_01,1781251967,inference,,,normal_air,,false,0.2,backend_rule_v0,2624,3597,2263,2916,73,92,93,21.9,59.9,true,normal_air,1781251969036
12859,node_01,1781251968,inference,,,normal_air,,false,0.2,backend_rule_v0,2638,3654,2269,2912,70,88,89,21.9,59.9,true,normal_air,1781251970087
12860,node_01,1781251969,inference,,,normal_air,,false,0.2,backend_rule_v0,2617,3599,2263,2917,67,85,85,21.9,59.9,true,normal_air,1781251971127
12861,node_01,1781251970,inference,,,normal_air,,false,0.2,backend_rule_v0,2640,3650,2274,2916,65,82,83,21.9,59.9,true,normal_air,1781251972177
12862,node_01,1781251971,inference,,,normal_air,,false,0.2,backend_rule_v0,2615,3597,2264,2914,63,79,79,21.9,59.9,true,normal_air,1781251973219
12863,node_01,1781251972,inference,,,normal_air,,false,0.2,backend_rule_v0,2637,3652,2267,2912,60,76,78,21.9,59.9,true,normal_air,1781251974266
12864,node_01,1781251973,inference,,,normal_air,,false,0.2,backend_rule_v0,2607,3601,2263,2914,59,75,78,21.9,59.9,true,normal_air,1781251975315
12865,node_01,1781251974,inference,,,normal_air,,false,0.2,backend_rule_v0,2638,3646,2270,2916,57,72,76,21.9,59.9,true,normal_air,1781251976367
12866,node_01,1781251975,inference,,,normal_air,,false,0.2,backend_rule_v0,2605,3600,2262,2912,56,71,76,21.9,59.9,true,normal_air,1781251977409
12867,node_01,1781251976,inference,,,normal_air,,false,0.2,backend_rule_v0,2639,3648,2274,2918,55,69,74,21.9,59.8,true,normal_air,1781251978455
12868,node_01,1781251977,inference,,,normal_air,,false,0.2,backend_rule_v0,2616,3600,2263,2913,54,69,74,21.9,59.8,true,normal_air,1781251979498
12869,node_01,1781251978,inference,,,normal_air,,false,0.2,backend_rule_v0,2637,3650,2267,2911,54,68,74,21.9,59.8,true,normal_air,1781251980594
12870,node_01,1781251979,inference,,,normal_air,,false,0.2,backend_rule_v0,2623,3595,2263,2914,53,67,74,21.9,59.9,true,normal_air,1781251981630
12871,node_01,1781251981,inference,,,normal_air,,false,0.2,backend_rule_v0,2640,3643,2266,2911,52,67,73,21.9,59.9,true,normal_air,1781251982652
12872,node_01,1781251982,inference,,,normal_air,,false,0.2,backend_rule_v0,2596,3592,2263,2915,51,65,72,21.9,59.9,true,normal_air,1781251983685
12873,node_01,1781251983,inference,,,normal_air,,false,0.2,backend_rule_v0,2636,3653,2272,2913,51,65,72,21.9,59.8,true,normal_air,1781251984732
12874,node_01,1781251984,inference,,,normal_air,,false,0.2,backend_rule_v0,2617,3596,2264,2913,50,64,72,21.9,59.8,true,normal_air,1781251985782
12875,node_01,1781251985,inference,,,normal_air,,false,0.2,backend_rule_v0,2643,3647,2266,2913,51,65,72,21.9,59.8,true,normal_air,1781251986835
12876,node_01,1781251986,inference,,,normal_air,,false,0.2,backend_rule_v0,2624,3606,2263,2916,50,64,72,21.9,59.8,true,normal_air,1781251987879
12877,node_01,1781251987,inference,,,normal_air,,false,0.2,backend_rule_v0,2636,3657,2270,2909,49,63,71,21.9,59.8,true,normal_air,1781251988919
12878,node_01,1781251988,inference,,,normal_air,,false,0.2,backend_rule_v0,2620,3600,2266,2914,49,65,72,21.9,59.8,true,normal_air,1781251989972
12879,node_01,1781251989,inference,,,normal_air,,false,0.2,backend_rule_v0,2641,3649,2276,2911,51,72,76,22,59.7,true,normal_air,1781251991022
12880,node_01,1781251990,inference,,,normal_air,,false,0.2,backend_rule_v0,2619,3601,2265,2913,55,78,80,22,59.7,true,normal_air,1781251992070
12881,node_01,1781251991,inference,,,normal_air,,false,0.2,backend_rule_v0,2638,3648,2268,2916,57,85,87,22,59.7,true,normal_air,1781251993113
12882,node_01,1781251992,inference,,,normal_air,,false,0.2,backend_rule_v0,2624,3594,2262,2911,60,91,94,21.9,59.7,true,normal_air,1781251994407
12883,node_01,1781251993,inference,,,normal_air,,false,0.2,backend_rule_v0,2640,3650,2267,2914,65,100,104,21.9,59.7,true,normal_air,1781251995202
12884,node_01,1781251994,inference,,,normal_air,,false,0.2,backend_rule_v0,2622,3600,2263,2912,69,112,117,21.9,59.7,true,normal_air,1781251996251
12885,node_01,1781251995,inference,,,normal_air,,false,0.2,backend_rule_v0,2636,3656,2276,2911,73,122,126,22,59.6,true,normal_air,1781251997293
12886,node_01,1781251996,inference,,,normal_air,,false,0.2,backend_rule_v0,2616,3600,2262,2912,77,130,134,22,59.6,true,normal_air,1781251998341
12887,node_01,1781251997,inference,,,normal_air,,false,0.2,backend_rule_v0,2641,3647,2267,2913,80,137,142,22,59.6,true,normal_air,1781251999389
12888,node_01,1781251998,inference,,,normal_air,,false,0.2,backend_rule_v0,2623,3601,2265,2918,85,146,151,22,59.6,true,normal_air,1781252000442
12889,node_01,1781251999,inference,,,normal_air,,false,0.2,backend_rule_v0,2641,3646,2270,2914,89,152,157,22,59.6,true,normal_air,1781252001484
12890,node_01,1781252000,inference,,,normal_air,,false,0.2,backend_rule_v0,2617,3598,2262,2915,93,157,162,22,59.6,true,normal_air,1781252002529
12891,node_01,1781252001,inference,,,normal_air,,false,0.2,backend_rule_v0,2636,3649,2274,2913,96,161,166,22,59.7,true,normal_air,1781252003577
12892,node_01,1781252003,inference,,,normal_air,,false,0.2,backend_rule_v0,2617,3602,2264,2915,98,165,169,22,59.7,true,normal_air,1781252004624
12893,node_01,1781252004,inference,,,normal_air,,false,0.2,backend_rule_v0,2640,3649,2267,2916,99,166,171,22,59.7,true,normal_air,1781252005671
12894,node_01,1781252005,inference,,,normal_air,,false,0.2,backend_rule_v0,2623,3600,2265,2912,99,164,168,21.9,59.6,true,normal_air,1781252006718
12895,node_01,1781252006,inference,,,normal_air,,false,0.2,backend_rule_v0,2634,3647,2267,2911,99,162,166,21.9,59.6,true,normal_air,1781252007763
12896,node_01,1781252007,inference,,,normal_air,,false,0.2,backend_rule_v0,2617,3603,2264,2914,99,160,163,21.9,59.6,true,normal_air,1781252008811
12897,node_01,1781252008,inference,,,normal_air,,false,0.2,backend_rule_v0,2637,3646,2273,2914,98,158,161,22,59.5,true,normal_air,1781252009894
12898,node_01,1781252009,inference,,,normal_air,,false,0.2,backend_rule_v0,2617,3594,2261,2914,95,151,154,22,59.5,true,normal_air,1781252010905
12899,node_01,1781252010,inference,,,normal_air,,false,0.2,backend_rule_v0,2639,3650,2269,2910,91,144,147,22,59.5,true,normal_air,1781252011950
12900,node_01,1781252011,inference,,,normal_air,,false,0.2,backend_rule_v0,2623,3597,2263,2915,87,136,140,22,59.5,true,normal_air,1781252013001
12901,node_01,1781252012,inference,,,normal_air,,false,0.2,backend_rule_v0,2639,3650,2269,2912,82,129,132,22,59.5,true,normal_air,1781252014047
12902,node_01,1781252013,inference,,,normal_air,,false,0.2,backend_rule_v0,2615,3606,2266,2918,79,122,126,22,59.5,true,normal_air,1781252015100
12903,node_01,1781252014,inference,,,normal_air,,false,0.2,backend_rule_v0,2638,3651,2273,2913,78,123,126,22,59.5,true,normal_air,1781252016138
12904,node_01,1781252015,inference,,,normal_air,,false,0.2,backend_rule_v0,2617,3594,2266,2916,81,126,128,22,59.5,true,normal_air,1781252017181
12905,node_01,1781252016,inference,,,normal_air,,false,0.2,backend_rule_v0,2640,3653,2268,2913,82,127,130,22,59.5,true,normal_air,1781252018228
12906,node_01,1781252017,inference,,,normal_air,,false,0.2,backend_rule_v0,2625,3594,2265,2916,83,129,132,22,59.5,true,normal_air,1781252019278
12907,node_01,1781252018,inference,,,normal_air,,false,0.2,backend_rule_v0,2637,3644,2270,2912,83,130,133,22,59.5,true,normal_air,1781252020368
12908,node_01,1781252019,inference,,,normal_air,,false,0.2,backend_rule_v0,2620,3603,2263,2914,84,132,134,22,59.5,true,normal_air,1781252021369
12909,node_01,1781252020,inference,,,normal_air,,false,0.2,backend_rule_v0,2641,3645,2275,2916,85,132,135,22,59.5,true,normal_air,1781252022418
12910,node_01,1781252021,inference,,,normal_air,,false,0.2,backend_rule_v0,2616,3594,2265,2913,85,134,136,22,59.5,true,normal_air,1781252023510
12911,node_01,1781252022,inference,,,normal_air,,false,0.2,backend_rule_v0,2643,3641,2267,2911,85,135,138,22,59.5,true,normal_air,1781252024515
12912,node_01,1781252023,inference,,,normal_air,,false,0.2,backend_rule_v0,2622,3568,2261,2914,87,137,141,22,59.5,true,normal_air,1781252025554
12913,node_01,1781252025,inference,,,normal_air,,false,0.2,backend_rule_v0,2636,3647,2269,2913,86,136,138,22,59.5,true,normal_air,1781252026606
12914,node_01,1781252026,inference,,,normal_air,,false,0.2,backend_rule_v0,2614,3601,2263,2916,85,133,136,22,59.5,true,normal_air,1781252027654
12915,node_01,1781252027,inference,,,normal_air,,false,0.2,backend_rule_v0,2638,3640,2277,2914,85,132,135,22,59.3,true,normal_air,1781252028701
12916,node_01,1781252028,inference,,,normal_air,,false,0.2,backend_rule_v0,2615,3594,2264,2916,85,131,134,22,59.3,true,normal_air,1781252029745
12917,node_01,1781252029,inference,,,normal_air,,false,0.2,backend_rule_v0,2628,3646,2269,2914,86,132,134,22,59.3,true,normal_air,1781252030787
12918,node_01,1781252030,inference,,,normal_air,,false,0.2,backend_rule_v0,2623,3600,2262,2912,89,137,141,22,59.4,true,normal_air,1781252031839
12919,node_01,1781252031,inference,,,normal_air,,false,0.2,backend_rule_v0,2639,3643,2270,2916,93,145,149,22,59.4,true,normal_air,1781252033063
12920,node_01,1781252032,inference,,,normal_air,,false,0.2,backend_rule_v0,2619,3595,2263,2912,97,152,157,22,59.4,true,normal_air,1781252033934
12921,node_01,1781252033,inference,,,normal_air,,false,0.2,backend_rule_v0,2636,3643,2277,2913,99,157,161,22,59.3,true,normal_air,1781252034977
12922,node_01,1781252034,inference,,,normal_air,,false,0.2,backend_rule_v0,2616,3596,2264,2915,102,161,166,22,59.3,true,normal_air,1781252036024
12923,node_01,1781252035,inference,,,normal_air,,false,0.2,backend_rule_v0,2641,3648,2265,2917,105,165,171,22,59.3,true,normal_air,1781252037074
12924,node_01,1781252036,inference,,,normal_air,,false,0.2,backend_rule_v0,2622,3606,2261,2910,107,168,174,22,59.5,true,normal_air,1781252038118
12925,node_01,1781252037,inference,,,normal_air,,false,0.2,backend_rule_v0,2662,3648,2288,2914,105,167,174,22,59.5,true,normal_air,1781252039166
12926,node_01,1781252038,inference,,,normal_air,,false,0.2,backend_rule_v0,2641,3557,2284,2912,103,166,172,22,59.5,true,normal_air,1781252040212
12927,node_01,1781252039,inference,,,normal_air,,false,0.2,backend_rule_v0,2659,3650,2294,2914,99,164,170,22.1,59.4,true,normal_air,1781252041256
12928,node_01,1781252040,inference,,,normal_air,,false,0.2,backend_rule_v0,2641,3589,2280,2913,96,157,163,22.1,59.4,true,normal_air,1781252042302
12929,node_01,1781252041,inference,,,normal_air,,false,0.2,backend_rule_v0,2661,3644,2288,2912,91,148,154,22.1,59.4,true,normal_air,1781252043354
12930,node_01,1781252042,inference,,,normal_air,,false,0.2,backend_rule_v0,2649,3605,2281,2911,88,142,148,22,59.2,true,normal_air,1781252044399
12931,node_01,1781252043,inference,,,normal_air,,false,0.2,backend_rule_v0,2664,3652,2288,2916,84,134,139,22,59.2,true,normal_air,1781252045451
12932,node_01,1781252044,inference,,,normal_air,,false,0.2,backend_rule_v0,2638,3593,2281,2915,79,128,132,22,59.2,true,normal_air,1781252046513
12933,node_01,1781252045,inference,,,normal_air,,false,0.2,backend_rule_v0,2659,3645,2293,2913,74,118,123,22,59.2,true,normal_air,1781252047537
12934,node_01,1781252046,inference,,,normal_air,,false,0.2,backend_rule_v0,2623,3590,2283,2915,71,115,120,22,59.2,true,normal_air,1781252048594
12935,node_01,1781252048,inference,,,normal_air,,false,0.2,backend_rule_v0,2662,3650,2289,2914,68,113,117,22,59.2,true,normal_air,1781252049632
12936,node_01,1781252049,inference,,,normal_air,,false,0.2,backend_rule_v0,2629,3599,2281,2917,68,111,116,22.1,59.2,true,normal_air,1781252050773
12937,node_01,1781252050,inference,,,normal_air,,false,0.2,backend_rule_v0,2658,3619,2287,2912,67,109,115,22.1,59.2,true,normal_air,1781252051744
12938,node_01,1781252051,inference,,,normal_air,,false,0.2,backend_rule_v0,2625,3597,2283,2914,65,107,112,22.1,59.2,true,normal_air,1781252052772
12939,node_01,1781252052,inference,,,normal_air,,false,0.2,backend_rule_v0,2662,3638,2295,2915,64,106,110,22.1,59.2,true,normal_air,1781252053821
12940,node_01,1781252053,inference,,,normal_air,,false,0.2,backend_rule_v0,2643,3597,2280,2912,63,104,109,22.1,59.2,true,normal_air,1781252054893
12941,node_01,1781252054,inference,,,normal_air,,false,0.2,backend_rule_v0,2645,3646,2287,2913,61,103,108,22.1,59.2,true,normal_air,1781252055922
12942,node_01,1781252055,inference,,,normal_air,,false,0.2,backend_rule_v0,2645,3598,2283,2912,64,106,111,22.1,59.2,true,normal_air,1781252056959
12943,node_01,1781252056,inference,,,normal_air,,false,0.2,backend_rule_v0,2663,3650,2289,2912,67,110,116,22.1,59.2,true,normal_air,1781252058008
12944,node_01,1781252057,inference,,,normal_air,,false,0.2,backend_rule_v0,2623,3591,2284,2915,68,113,118,22.1,59.2,true,normal_air,1781252059051
12945,node_01,1781252058,inference,,,normal_air,,false,0.2,backend_rule_v0,2662,3644,2293,2913,72,122,128,22,59.1,true,normal_air,1781252060117
12946,node_01,1781252059,inference,,,normal_air,,false,0.2,backend_rule_v0,2639,3584,2284,2910,77,135,141,22,59.1,true,normal_air,1781252061169
12947,node_01,1781252060,inference,,,normal_air,,false,0.2,backend_rule_v0,2661,3653,2288,2915,84,150,158,22,59.1,true,normal_air,1781252062202
12948,node_01,1781252061,inference,,,normal_air,,false,0.2,backend_rule_v0,2646,3601,2281,2910,88,164,173,22.1,59.2,true,normal_air,1781252063241
12949,node_01,1781252062,inference,,,normal_air,,false,0.2,backend_rule_v0,2661,3643,2286,2912,96,179,189,22.1,59.2,true,normal_air,1781252064289
12950,node_01,1781252063,inference,,,normal_air,,false,0.2,backend_rule_v0,2639,3599,2281,2913,106,197,207,22.1,59.2,true,normal_air,1781252065340
12951,node_01,1781252064,inference,,,normal_air,,false,0.2,backend_rule_v0,2661,3651,2292,2910,114,212,223,22.1,59.1,true,normal_air,1781252066385
12952,node_01,1781252065,inference,,,normal_air,,false,0.2,backend_rule_v0,2640,3596,2282,2912,118,221,234,22.1,59.1,true,normal_air,1781252067473
12953,node_01,1781252066,inference,,,normal_air,,false,0.2,backend_rule_v0,2660,3647,2286,2912,121,229,242,22.1,59.1,true,normal_air,1781252069367
12954,node_01,1781252067,inference,,,normal_air,,false,0.2,backend_rule_v0,2643,3595,2285,2911,125,238,252,22.1,59,true,normal_air,1781252069570
12955,node_01,1781252068,inference,,,normal_air,,false,0.2,backend_rule_v0,2653,3650,2287,2915,129,239,252,22.1,59,true,normal_air,1781252070565
12956,node_01,1781252070,inference,,,normal_air,,false,0.2,backend_rule_v0,2640,3599,2281,2912,130,236,248,22.1,59,true,normal_air,1781252071614
12957,node_01,1781252071,inference,,,normal_air,,false,0.2,backend_rule_v0,2661,3648,2294,2913,130,231,243,22.1,59.1,true,normal_air,1781252072672
12958,node_01,1781252072,inference,,,normal_air,,false,0.2,backend_rule_v0,2616,3602,2282,2913,129,224,235,22.1,59.1,true,normal_air,1781252073706
12959,node_01,1781252073,inference,,,normal_air,,false,0.2,backend_rule_v0,2662,3653,2286,2913,127,217,227,22.1,59.1,true,normal_air,1781252074791
12960,node_01,1781252074,inference,,,normal_air,,false,0.2,backend_rule_v0,2644,3593,2280,2906,124,209,219,22.1,59,true,normal_air,1781252075838
12961,node_01,1781252075,inference,,,normal_air,,false,0.2,backend_rule_v0,2644,3655,2285,2916,123,204,212,22.1,59,true,normal_air,1781252076851
12962,node_01,1781252076,inference,,,normal_air,,false,0.2,backend_rule_v0,2638,3589,2281,2917,122,199,207,22.1,59,true,normal_air,1781252077891
12963,node_01,1781252077,inference,,,normal_air,,false,0.2,backend_rule_v0,2663,3654,2291,2915,120,195,203,22.1,58.9,true,normal_air,1781252078939
12964,node_01,1781252078,inference,,,normal_air,,false,0.2,backend_rule_v0,2639,3596,2282,2914,120,192,200,22.1,58.9,true,normal_air,1781252080002
12965,node_01,1781252079,inference,,,normal_air,,false,0.2,backend_rule_v0,2659,3651,2288,2914,119,189,197,22.1,58.9,true,normal_air,1781252081035
12966,node_01,1781252080,inference,,,normal_air,,false,0.2,backend_rule_v0,2647,3598,2283,2914,120,194,201,22.1,58.9,true,normal_air,1781252082081
12967,node_01,1781252081,inference,,,normal_air,,false,0.2,backend_rule_v0,2659,3653,2285,2912,122,199,206,22.1,58.9,true,normal_air,1781252083124
12968,node_01,1781252082,inference,,,normal_air,,false,0.2,backend_rule_v0,2640,3605,2279,2915,126,205,211,22.1,58.9,true,normal_air,1781252084178
12969,node_01,1781252083,inference,,,normal_air,,false,0.2,backend_rule_v0,2659,3653,2292,2914,128,210,217,22.1,59,true,normal_air,1781252085225
12970,node_01,1781252084,inference,,,normal_air,,false,0.2,backend_rule_v0,2639,3592,2280,2914,129,214,221,22.1,59,true,normal_air,1781252086314
12971,node_01,1781252085,inference,,,normal_air,,false,0.2,backend_rule_v0,2662,3648,2283,2909,132,218,225,22.1,59,true,normal_air,1781252087312
12972,node_01,1781252086,inference,,,normal_air,,false,0.2,backend_rule_v0,2647,3594,2281,2914,135,223,230,22.1,59,true,normal_air,1781252088361
12973,node_01,1781252087,inference,,,normal_air,,false,0.2,backend_rule_v0,2663,3641,2285,2893,139,228,234,22.1,59,true,normal_air,1781252089866
12974,node_01,1781252088,inference,,,normal_air,,false,0.2,backend_rule_v0,2638,3597,2280,2911,139,229,235,22.1,59,true,normal_air,1781252090455
12975,node_01,1781252089,inference,,,normal_air,,false,0.2,backend_rule_v0,2659,3651,2293,2913,139,229,235,22.1,58.9,true,normal_air,1781252091503
12976,node_01,1781252090,inference,,,normal_air,,false,0.2,backend_rule_v0,2639,3602,2277,2913,138,224,230,22.1,58.9,true,normal_air,1781252092547
12977,node_01,1781252091,inference,,,normal_air,,false,0.2,backend_rule_v0,2656,3650,2286,2913,135,215,220,22.1,58.9,true,normal_air,1781252093599
12978,node_01,1781252093,inference,,,normal_air,,false,0.2,backend_rule_v0,2648,3571,2280,2913,132,208,213,22.1,58.8,true,normal_air,1781252094641
12979,node_01,1781252094,inference,,,normal_air,,false,0.2,backend_rule_v0,2644,3649,2287,2912,127,199,204,22.1,58.8,true,normal_air,1781252095690
12980,node_01,1781252095,inference,,,normal_air,,false,0.2,backend_rule_v0,2637,3599,2282,2917,123,190,195,22.1,58.8,true,normal_air,1781252096733
12981,node_01,1781252096,inference,,,normal_air,,false,0.2,backend_rule_v0,2659,3648,2294,2914,117,180,184,22.1,58.9,true,normal_air,1781252097781
12982,node_01,1781252097,inference,,,normal_air,,false,0.2,backend_rule_v0,2640,3598,2281,2916,111,170,174,22.1,58.9,true,normal_air,1781252098830
12983,node_01,1781252098,inference,,,normal_air,,false,0.2,backend_rule_v0,2660,3650,2288,2914,106,162,166,22.1,58.9,true,normal_air,1781252099877
12984,node_01,1781252099,inference,,,normal_air,,false,0.2,backend_rule_v0,2647,3601,2279,2912,100,156,158,22.1,58.9,true,normal_air,1781252100922
12985,node_01,1781252100,inference,,,normal_air,,false,0.2,backend_rule_v0,2658,3640,2287,2915,97,149,152,22.1,58.9,true,normal_air,1781252101964
12986,node_01,1781252101,inference,,,normal_air,,false,0.2,backend_rule_v0,2638,3599,2279,2912,94,144,146,22.1,58.9,true,normal_air,1781252103018
12987,node_01,1781252102,inference,,,normal_air,,false,0.2,backend_rule_v0,2661,3647,2293,2912,93,141,143,22.1,58.8,true,normal_air,1781252104062
12988,node_01,1781252103,inference,,,normal_air,,false,0.2,backend_rule_v0,2640,3598,2281,2912,92,137,139,22.1,58.8,true,normal_air,1781252105110
12989,node_01,1781252104,inference,,,normal_air,,false,0.2,backend_rule_v0,2643,3650,2286,2913,90,133,135,22.1,58.8,true,normal_air,1781252106154
12990,node_01,1781252105,inference,,,normal_air,,false,0.2,backend_rule_v0,2643,3596,2281,2910,92,134,137,22.1,58.8,true,normal_air,1781252107203
12991,node_01,1781252106,inference,,,normal_air,,false,0.2,backend_rule_v0,2658,3646,2287,2913,94,136,138,22.1,58.8,true,normal_air,1781252108259
12992,node_01,1781252107,inference,,,normal_air,,false,0.2,backend_rule_v0,2638,3597,2281,2918,96,138,141,22.1,58.8,true,normal_air,1781252109297
12993,node_01,1781252108,inference,,,normal_air,,false,0.2,backend_rule_v0,2659,3648,2292,2913,96,138,140,22.1,58.8,true,normal_air,1781252110339
12994,node_01,1781252109,inference,,,normal_air,,false,0.2,backend_rule_v0,2638,3602,2281,2914,99,142,144,22.1,58.8,true,normal_air,1781252111387
12995,node_01,1781252110,inference,,,normal_air,,false,0.2,backend_rule_v0,2660,3647,2285,2915,102,144,146,22.1,58.8,true,normal_air,1781252112454
12996,node_01,1781252111,inference,,,normal_air,,false,0.2,backend_rule_v0,2645,3596,2279,2913,107,148,150,22.1,58.7,true,normal_air,1781252113478
12997,node_01,1781252112,inference,,,normal_air,,false,0.2,backend_rule_v0,2660,3650,2289,2915,109,150,152,22.1,58.7,true,normal_air,1781252114526
12998,node_01,1781252113,inference,,,normal_air,,false,0.2,backend_rule_v0,2641,3598,2282,2916,108,150,151,22.1,58.7,true,normal_air,1781252115572
12999,node_01,1781252115,inference,,,normal_air,,false,0.2,backend_rule_v0,2661,3653,2294,2912,109,150,152,22.2,58.7,true,normal_air,1781252116624
13000,node_01,1781252116,inference,,,normal_air,,false,0.2,backend_rule_v0,2640,3599,2282,2912,108,148,150,22.2,58.7,true,normal_air,1781252117665
13001,node_01,1781252117,inference,,,normal_air,,false,0.2,backend_rule_v0,2660,3657,2287,2913,109,148,149,22.2,58.7,true,normal_air,1781252118713
13002,node_01,1781252118,inference,,,normal_air,,false,0.2,backend_rule_v0,2645,3592,2281,2916,106,144,145,22.2,58.5,true,normal_air,1781252119761
13003,node_01,1781252119,inference,,,normal_air,,false,0.2,backend_rule_v0,2660,3654,2286,2910,104,138,139,22.2,58.5,true,normal_air,1781252120806
13004,node_01,1781252120,inference,,,normal_air,,false,0.2,backend_rule_v0,2638,3604,2280,2912,98,132,133,22.2,58.5,true,normal_air,1781252121870
13005,node_01,1781252121,inference,,,normal_air,,false,0.2,backend_rule_v0,2662,3649,2294,2909,94,124,126,22.1,58.7,true,normal_air,1781252122903
13006,node_01,1781252122,inference,,,normal_air,,false,0.2,backend_rule_v0,2639,3595,2280,2913,89,118,120,22.1,58.7,true,normal_air,1781252123946
13007,node_01,1781252123,inference,,,normal_air,,false,0.2,backend_rule_v0,2657,3649,2288,2914,83,111,113,22.1,58.7,true,normal_air,1781252124992
13008,node_01,1781252124,inference,,,normal_air,,false,0.2,backend_rule_v0,2643,3600,2284,2914,79,106,107,22.2,58.7,true,normal_air,1781252126041
13009,node_01,1781252125,inference,,,normal_air,,false,0.2,backend_rule_v0,2661,3648,2286,2912,76,101,103,22.2,58.7,true,normal_air,1781252127087
13010,node_01,1781252126,inference,,,normal_air,,false,0.2,backend_rule_v0,2638,3601,2278,2912,75,100,101,22.2,58.7,true,normal_air,1781252128131
13011,node_01,1781252127,inference,,,normal_air,,false,0.2,backend_rule_v0,2659,3649,2293,2911,74,99,99,22.1,58.6,true,normal_air,1781252129178
13012,node_01,1781252128,inference,,,normal_air,,false,0.2,backend_rule_v0,2639,3593,2282,2916,75,99,99,22.1,58.6,true,normal_air,1781252130225
13013,node_01,1781252129,inference,,,normal_air,,false,0.2,backend_rule_v0,2663,3653,2286,2914,75,99,100,22.1,58.6,true,normal_air,1781252131284
13014,node_01,1781252130,inference,,,normal_air,,false,0.2,backend_rule_v0,2646,3603,2280,2915,75,99,100,22.2,58.5,true,normal_air,1781252132317
13015,node_01,1781252131,inference,,,normal_air,,false,0.2,backend_rule_v0,2659,3648,2287,2916,76,99,101,22.2,58.5,true,normal_air,1781252133365
13016,node_01,1781252132,inference,,,normal_air,,false,0.2,backend_rule_v0,2641,3606,2281,2916,77,101,101,22.2,58.5,true,normal_air,1781252134410
13017,node_01,1781252133,inference,,,normal_air,,false,0.2,backend_rule_v0,2663,3648,2292,2913,79,103,103,22.2,58.5,true,normal_air,1781252135458
13018,node_01,1781252134,inference,,,normal_air,,false,0.2,backend_rule_v0,2639,3601,2282,2911,81,105,106,22.2,58.5,true,normal_air,1781252136518
13019,node_01,1781252135,inference,,,normal_air,,false,0.2,backend_rule_v0,2661,3650,2286,2917,81,105,106,22.2,58.5,true,normal_air,1781252137553
13020,node_01,1781252136,inference,,,normal_air,,false,0.2,backend_rule_v0,2645,3602,2281,2913,80,102,104,22.2,58.5,true,normal_air,1781252138596
13021,node_01,1781252138,inference,,,normal_air,,false,0.2,backend_rule_v0,2664,3649,2286,2918,78,99,100,22.2,58.5,true,normal_air,1781252139649
13022,node_01,1781252139,inference,,,normal_air,,false,0.2,backend_rule_v0,2632,3600,2279,2912,76,96,97,22.2,58.5,true,normal_air,1781252140692
13023,node_01,1781252140,inference,,,normal_air,,false,0.2,backend_rule_v0,2658,3645,2294,2913,74,93,94,22.2,58.5,true,normal_air,1781252141761
13024,node_01,1781252141,inference,,,normal_air,,false,0.2,backend_rule_v0,2637,3595,2283,2911,72,91,91,22.2,58.5,true,normal_air,1781252142788
13025,node_01,1781252142,inference,,,normal_air,,false,0.2,backend_rule_v0,2661,3641,2283,2914,70,88,89,22.2,58.5,true,normal_air,1781252143828
13026,node_01,1781252143,inference,,,normal_air,,false,0.2,backend_rule_v0,2646,3600,2281,2911,68,86,87,22.2,58.4,true,normal_air,1781252144876
13027,node_01,1781252144,inference,,,normal_air,,false,0.2,backend_rule_v0,2664,3650,2288,2911,68,85,86,22.2,58.4,true,normal_air,1781252145931
13028,node_01,1781252145,inference,,,normal_air,,false,0.2,backend_rule_v0,2637,3596,2280,2913,66,84,84,22.2,58.4,true,normal_air,1781252146966
13029,node_01,1781252146,inference,,,normal_air,,false,0.2,backend_rule_v0,2659,3652,2294,2915,65,81,81,22.2,58.4,true,normal_air,1781252148017
13030,node_01,1781252147,inference,,,normal_air,,false,0.2,backend_rule_v0,2639,3598,2281,2913,64,80,80,22.2,58.4,true,normal_air,1781252149060
13031,node_01,1781252148,inference,,,normal_air,,false,0.2,backend_rule_v0,2658,3651,2287,2913,62,78,79,22.2,58.4,true,normal_air,1781252150105
13032,node_01,1781252149,inference,,,normal_air,,false,0.2,backend_rule_v0,2648,3597,2281,2915,62,78,79,22.2,58.4,true,normal_air,1781252151371
13033,node_01,1781252150,inference,,,normal_air,,false,0.2,backend_rule_v0,2659,3653,2286,2914,61,77,78,22.2,58.4,true,normal_air,1781252152199
13034,node_01,1781252151,inference,,,normal_air,,false,0.2,backend_rule_v0,2637,3597,2281,2913,61,78,79,22.2,58.4,true,normal_air,1781252153248
13035,node_01,1781252152,inference,,,normal_air,,false,0.2,backend_rule_v0,2659,3651,2294,2914,64,83,83,22.2,58.4,true,normal_air,1781252154295
13036,node_01,1781252153,inference,,,normal_air,,false,0.2,backend_rule_v0,2638,3596,2281,2912,67,88,88,22.2,58.4,true,normal_air,1781252155345
13037,node_01,1781252154,inference,,,normal_air,,false,0.2,backend_rule_v0,2660,3646,2286,2911,70,95,95,22.2,58.4,true,normal_air,1781252156387
13038,node_01,1781252155,inference,,,normal_air,,false,0.2,backend_rule_v0,2645,3603,2280,2917,75,101,101,22.2,58.4,true,normal_air,1781252157429
13039,node_01,1781252156,inference,,,normal_air,,false,0.2,backend_rule_v0,2658,3612,2284,2910,78,106,107,22.2,58.4,true,normal_air,1781252158477
13040,node_01,1781252157,inference,,,normal_air,,false,0.2,backend_rule_v0,2636,3593,2279,2912,82,112,112,22.2,58.4,true,normal_air,1781252159524
13041,node_01,1781252158,inference,,,normal_air,,false,0.2,backend_rule_v0,2645,3622,2290,2910,86,117,118,22.2,58.3,true,normal_air,1781252160570
13042,node_01,1781252160,inference,,,normal_air,,false,0.2,backend_rule_v0,2641,3605,2281,2911,88,121,122,22.2,58.3,true,normal_air,1781252161616
13043,node_01,1781252161,inference,,,normal_air,,false,0.2,backend_rule_v0,2661,3646,2287,2914,91,125,126,22.2,58.3,true,normal_air,1781252162660
13044,node_01,1781252162,inference,,,normal_air,,false,0.2,backend_rule_v0,2646,3598,2279,2911,95,130,130,22.2,58.5,true,normal_air,1781252163711
13045,node_01,1781252163,inference,,,normal_air,,false,0.2,backend_rule_v0,2661,3653,2287,2915,96,130,130,22.2,58.5,true,normal_air,1781252164757
13046,node_01,1781252164,inference,,,normal_air,,false,0.2,backend_rule_v0,2638,3595,2280,2914,98,130,130,22.2,58.5,true,normal_air,1781252165798
13047,node_01,1781252165,inference,,,normal_air,,false,0.2,backend_rule_v0,2661,3650,2293,2915,97,128,129,22.2,58.3,true,normal_air,1781252166848
13048,node_01,1781252166,inference,,,normal_air,,false,0.2,backend_rule_v0,2638,3595,2282,2915,98,127,128,22.2,58.3,true,normal_air,1781252167895
13049,node_01,1781252167,inference,,,normal_air,,false,0.2,backend_rule_v0,2663,3645,2285,2917,99,127,128,22.2,58.3,true,normal_air,1781252168953
13050,node_01,1781252168,inference,,,normal_air,,false,0.2,backend_rule_v0,2625,3601,2282,2914,100,126,128,22.2,58.3,true,normal_air,1781252169989
13051,node_01,1781252169,inference,,,normal_air,,false,0.2,backend_rule_v0,2663,3653,2286,2909,102,130,131,22.2,58.3,true,normal_air,1781252171036
13052,node_01,1781252170,inference,,,normal_air,,false,0.2,backend_rule_v0,2639,3604,2283,2913,106,134,135,22.2,58.3,true,normal_air,1781252172083
13053,node_01,1781252171,inference,,,normal_air,,false,0.2,backend_rule_v0,2662,3649,2293,2915,108,138,139,22.2,58.3,true,normal_air,1781252173159
13054,node_01,1781252172,inference,,,normal_air,,false,0.2,backend_rule_v0,2639,3601,2281,2913,108,139,141,22.2,58.3,true,normal_air,1781252174225
13055,node_01,1781252173,inference,,,normal_air,,false,0.2,backend_rule_v0,2664,3652,2288,2917,108,140,141,22.2,58.3,true,normal_air,1781252175218
13056,node_01,1781252174,inference,,,normal_air,,false,0.2,backend_rule_v0,2649,3609,2281,2913,105,137,138,22.3,58.3,true,normal_air,1781252176269
13057,node_01,1781252175,inference,,,normal_air,,false,0.2,backend_rule_v0,2661,3651,2283,2918,104,136,137,22.3,58.3,true,normal_air,1781252177314
13058,node_01,1781252176,inference,,,normal_air,,false,0.2,backend_rule_v0,2642,3606,2282,2913,103,136,137,22.3,58.3,true,normal_air,1781252178355
13059,node_01,1781252177,inference,,,normal_air,,false,0.2,backend_rule_v0,2660,3650,2293,2913,101,136,137,22.2,58.2,true,normal_air,1781252179419
13060,node_01,1781252178,inference,,,normal_air,,false,0.2,backend_rule_v0,2641,3603,2281,2913,101,137,137,22.2,58.2,true,normal_air,1781252180451
13061,node_01,1781252179,inference,,,normal_air,,false,0.2,backend_rule_v0,2660,3650,2287,2914,100,135,136,22.2,58.2,true,normal_air,1781252181506
13062,node_01,1781252180,inference,,,normal_air,,false,0.2,backend_rule_v0,2646,3602,2280,2911,99,133,134,22.2,58.2,true,normal_air,1781252182543
13063,node_01,1781252181,inference,,,normal_air,,false,0.2,backend_rule_v0,2660,3649,2286,2914,99,133,134,22.2,58.2,true,normal_air,1781252183591
13064,node_01,1781252183,inference,,,normal_air,,false,0.2,backend_rule_v0,2640,3581,2281,2914,98,131,133,22.2,58.2,true,normal_air,1781252184645
13065,node_01,1781252184,inference,,,normal_air,,false,0.2,backend_rule_v0,2661,3650,2294,2912,99,131,132,22.2,58.1,true,normal_air,1781252185683
13066,node_01,1781252185,inference,,,normal_air,,false,0.2,backend_rule_v0,2640,3592,2281,2914,99,131,132,22.2,58.1,true,normal_air,1781252186732
13067,node_01,1781252186,inference,,,normal_air,,false,0.2,backend_rule_v0,2660,3651,2286,2910,98,130,131,22.2,58.1,true,normal_air,1781252187779
13068,node_01,1781252187,inference,,,normal_air,,false,0.2,backend_rule_v0,2645,3596,2281,2916,97,129,129,22.3,58,true,normal_air,1781252188822
13069,node_01,1781252188,inference,,,normal_air,,false,0.2,backend_rule_v0,2664,3651,2286,2914,97,127,127,22.3,58,true,normal_air,1781252189876
13070,node_01,1781252189,inference,,,normal_air,,false,0.2,backend_rule_v0,2637,3601,2282,2913,96,126,127,22.3,58,true,normal_air,1781252190913
13071,node_01,1781252190,inference,,,normal_air,,false,0.2,backend_rule_v0,2662,3647,2293,2915,94,122,124,22.3,58,true,normal_air,1781252191976
13072,node_01,1781252191,inference,,,normal_air,,false,0.2,backend_rule_v0,2640,3605,2281,2913,93,124,125,22.3,58,true,normal_air,1781252193005
13073,node_01,1781252192,inference,,,normal_air,,false,0.2,backend_rule_v0,2661,3648,2283,2912,92,124,126,22.3,58,true,normal_air,1781252194058
13074,node_01,1781252193,inference,,,normal_air,,false,0.2,backend_rule_v0,2643,3595,2281,2916,91,125,128,22.3,58,true,normal_air,1781252195099
13075,node_01,1781252194,inference,,,normal_air,,false,0.2,backend_rule_v0,2660,3647,2289,2914,90,126,129,22.3,58,true,normal_air,1781252196145
13076,node_01,1781252195,inference,,,normal_air,,false,0.2,backend_rule_v0,2638,3596,2281,2916,90,128,130,22.3,58,true,normal_air,1781252197188
13077,node_01,1781252196,inference,,,normal_air,,false,0.2,backend_rule_v0,2657,3649,2294,2910,89,129,131,22.3,57.9,true,normal_air,1781252198251
13078,node_01,1781252197,inference,,,normal_air,,false,0.2,backend_rule_v0,2641,3602,2279,2914,88,130,132,22.3,57.9,true,normal_air,1781252199290
13079,node_01,1781252198,inference,,,normal_air,,false,0.2,backend_rule_v0,2662,3646,2287,2912,88,131,134,22.3,57.9,true,normal_air,1781252200330
13080,node_01,1781252199,inference,,,normal_air,,false,0.2,backend_rule_v0,2644,3603,2283,2917,88,132,134,22.3,57.9,true,normal_air,1781252201373
13081,node_01,1781252200,inference,,,normal_air,,false,0.2,backend_rule_v0,2662,3648,2289,2914,86,131,134,22.3,57.9,true,normal_air,1781252202421
13082,node_01,1781252201,inference,,,normal_air,,false,0.2,backend_rule_v0,2639,3601,2280,2915,83,127,129,22.3,57.9,true,normal_air,1781252203472
13083,node_01,1781252202,inference,,,normal_air,,false,0.2,backend_rule_v0,2661,3647,2295,2917,79,119,122,22.3,57.9,true,normal_air,1781252204531
13084,node_01,1781252203,inference,,,normal_air,,false,0.2,backend_rule_v0,2640,3607,2281,2914,75,113,115,22.3,57.9,true,normal_air,1781252205563
13085,node_01,1781252205,inference,,,normal_air,,false,0.2,backend_rule_v0,2658,3657,2283,2915,72,109,111,22.3,57.9,true,normal_air,1781252206606
13086,node_01,1781252206,inference,,,normal_air,,false,0.2,backend_rule_v0,2643,3600,2277,2912,70,107,109,22.3,57.8,true,normal_air,1781252207654
13087,node_01,1781252207,inference,,,normal_air,,false,0.2,backend_rule_v0,2658,3648,2284,2916,69,105,107,22.3,57.8,true,normal_air,1781252208697
13088,node_01,1781252208,inference,,,normal_air,,false,0.2,backend_rule_v0,2635,3600,2280,2914,68,103,105,22.3,57.8,true,normal_air,1781252209811
13089,node_01,1781252209,inference,,,normal_air,,false,0.2,backend_rule_v0,2661,3653,2289,2915,67,101,103,22.3,57.9,true,normal_air,1781252210799
13090,node_01,1781252210,inference,,,normal_air,,false,0.2,backend_rule_v0,2619,3598,2279,2912,68,101,102,22.3,57.9,true,normal_air,1781252211838
13091,node_01,1781252211,inference,,,normal_air,,false,0.2,backend_rule_v0,2659,3650,2286,2916,68,100,102,22.3,57.9,true,normal_air,1781252212895
13092,node_01,1781252212,inference,,,normal_air,,false,0.2,backend_rule_v0,2642,3597,2280,2918,68,99,101,22.3,57.8,true,normal_air,1781252213934
13093,node_01,1781252213,inference,,,normal_air,,false,0.2,backend_rule_v0,2657,3652,2282,2908,67,97,99,22.3,57.8,true,normal_air,1781252214977
13094,node_01,1781252214,inference,,,normal_air,,false,0.2,backend_rule_v0,2637,3603,2279,2915,67,97,99,22.3,57.8,true,normal_air,1781252216022
13095,node_01,1781252215,inference,,,normal_air,,false,0.2,backend_rule_v0,2658,3656,2292,2911,65,95,96,22.3,57.9,true,normal_air,1781252217071
13096,node_01,1781252216,inference,,,normal_air,,false,0.2,backend_rule_v0,2635,3599,2277,2910,64,92,94,22.3,57.9,true,normal_air,1781252218118
13097,node_01,1781252217,inference,,,normal_air,,false,0.2,backend_rule_v0,2659,3649,2283,2916,62,88,90,22.3,57.9,true,normal_air,1781252219162
13098,node_01,1781252218,inference,,,normal_air,,false,0.2,backend_rule_v0,2646,3598,2277,2912,60,85,86,22.3,57.8,true,normal_air,1781252220212
13099,node_01,1781252219,inference,,,normal_air,,false,0.2,backend_rule_v0,2658,3652,2285,2914,58,81,83,22.3,57.8,true,normal_air,1781252221258
13100,node_01,1781252220,inference,,,normal_air,,false,0.2,backend_rule_v0,2637,3601,2279,2915,56,78,79,22.3,57.8,true,normal_air,1781252222303
13101,node_01,1781252221,inference,,,normal_air,,false,0.2,backend_rule_v0,2658,3651,2291,2912,52,74,77,22.3,57.8,true,normal_air,1781252223351
13102,node_01,1781252222,inference,,,normal_air,,false,0.2,backend_rule_v0,2636,3595,2279,2915,51,73,76,22.3,57.8,true,normal_air,1781252224395
13103,node_01,1781252223,inference,,,normal_air,,false,0.2,backend_rule_v0,2657,3651,2285,2913,51,71,75,22.3,57.8,true,normal_air,1781252225441
13104,node_01,1781252224,inference,,,normal_air,,false,0.2,backend_rule_v0,2642,3592,2278,2914,51,70,75,22.3,57.7,true,normal_air,1781252226488
13105,node_01,1781252225,inference,,,normal_air,,false,0.2,backend_rule_v0,2658,3652,2279,2913,52,72,76,22.3,57.7,true,normal_air,1781252227536
13106,node_01,1781252226,inference,,,normal_air,,false,0.2,backend_rule_v0,2635,3602,2276,2910,54,74,77,22.3,57.7,true,normal_air,1781252228584
13107,node_01,1781252228,inference,,,normal_air,,false,0.2,backend_rule_v0,2658,3650,2291,2912,55,75,77,22.3,57.8,true,normal_air,1781252229632
13108,node_01,1781252229,inference,,,normal_air,,false,0.2,backend_rule_v0,2637,3599,2276,2914,56,76,78,22.3,57.8,true,normal_air,1781252230674
13109,node_01,1781252230,inference,,,normal_air,,false,0.2,backend_rule_v0,2657,3649,2286,2913,57,77,78,22.3,57.8,true,normal_air,1781252231720
13110,node_01,1781252231,inference,,,normal_air,,false,0.2,backend_rule_v0,2642,3595,2278,2913,60,80,81,22.3,57.6,true,normal_air,1781252232769
13111,node_01,1781252232,inference,,,normal_air,,false,0.2,backend_rule_v0,2656,3648,2282,2918,62,83,84,22.3,57.6,true,normal_air,1781252233814
13112,node_01,1781252233,inference,,,normal_air,,false,0.2,backend_rule_v0,2634,3595,2278,2914,64,85,86,22.3,57.6,true,normal_air,1781252234860
13113,node_01,1781252234,inference,,,normal_air,,false,0.2,backend_rule_v0,2657,3651,2293,2915,65,87,87,22.3,57.6,true,normal_air,1781252235918
13114,node_01,1781252235,inference,,,normal_air,,false,0.2,backend_rule_v0,2633,3599,2277,2915,68,92,93,22.3,57.6,true,normal_air,1781252237011
13115,node_01,1781252236,inference,,,normal_air,,false,0.2,backend_rule_v0,2654,3643,2282,2913,69,95,95,22.3,57.6,true,normal_air,1781252237997
13116,node_01,1781252237,inference,,,normal_air,,false,0.2,backend_rule_v0,2640,3596,2277,2910,71,97,98,22.3,57.6,true,normal_air,1781252239196
13117,node_01,1781252238,inference,,,normal_air,,false,0.2,backend_rule_v0,2659,3642,2282,2909,73,99,101,22.3,57.6,true,normal_air,1781252240088
13118,node_01,1781252239,inference,,,normal_air,,false,0.2,backend_rule_v0,2633,3597,2277,2911,75,103,104,22.3,57.6,true,normal_air,1781252241138
13119,node_01,1781252240,inference,,,normal_air,,false,0.2,backend_rule_v0,2656,3649,2288,2910,77,106,107,22.3,57.6,true,normal_air,1781252242183
13120,node_01,1781252241,inference,,,normal_air,,false,0.2,backend_rule_v0,2636,3605,2277,2912,77,108,109,22.3,57.6,true,normal_air,1781252243233
13121,node_01,1781252242,inference,,,normal_air,,false,0.2,backend_rule_v0,2657,3653,2280,2912,79,109,110,22.3,57.6,true,normal_air,1781252244284
13122,node_01,1781252243,inference,,,normal_air,,false,0.2,backend_rule_v0,2643,3604,2280,2912,81,118,119,22.3,57.6,true,normal_air,1781252245321
13123,node_01,1781252244,inference,,,normal_air,,false,0.2,backend_rule_v0,2656,3652,2285,2913,84,126,128,22.3,57.6,true,normal_air,1781252246370
13124,node_01,1781252245,inference,,,normal_air,,false,0.2,backend_rule_v0,2637,3597,2279,2915,87,135,136,22.3,57.6,true,normal_air,1781252247458
13125,node_01,1781252246,inference,,,normal_air,,false,0.2,backend_rule_v0,2660,3648,2291,2913,91,144,145,22.3,57.6,true,normal_air,1781252248459
13126,node_01,1781252247,inference,,,normal_air,,false,0.2,backend_rule_v0,2638,3600,2277,2910,95,152,154,22.3,57.6,true,normal_air,1781252249507
13127,node_01,1781252248,inference,,,normal_air,,false,0.2,backend_rule_v0,2655,3650,2284,2913,98,160,161,22.3,57.6,true,normal_air,1781252250553
13128,node_01,1781252250,inference,,,normal_air,,false,0.2,backend_rule_v0,2641,3593,2279,2916,100,166,167,22.4,57.6,true,normal_air,1781252251602
13129,node_01,1781252251,inference,,,normal_air,,false,0.2,backend_rule_v0,2660,3651,2283,2911,102,172,173,22.4,57.6,true,normal_air,1781252252649
13130,node_01,1781252252,inference,,,normal_air,,false,0.2,backend_rule_v0,2635,3601,2279,2913,106,179,180,22.4,57.6,true,normal_air,1781252253692
13131,node_01,1781252253,inference,,,normal_air,,false,0.2,backend_rule_v0,2656,3652,2288,2913,109,184,186,22.3,57.4,true,normal_air,1781252254740
13132,node_01,1781252254,inference,,,normal_air,,false,0.2,backend_rule_v0,2638,3589,2278,2915,109,181,182,22.3,57.4,true,normal_air,1781252255782
13133,node_01,1781252255,inference,,,normal_air,,false,0.2,backend_rule_v0,2643,3652,2285,2919,108,178,178,22.3,57.4,true,normal_air,1781252256870
13134,node_01,1781252256,inference,,,normal_air,,false,0.2,backend_rule_v0,2642,3596,2279,2912,106,170,172,22.4,57.6,true,normal_air,1781252257877
13135,node_01,1781252257,inference,,,normal_air,,false,0.2,backend_rule_v0,2656,3653,2285,2910,102,165,166,22.4,57.6,true,normal_air,1781252258927
13136,node_01,1781252258,inference,,,normal_air,,false,0.2,backend_rule_v0,2636,3599,2277,2913,98,159,160,22.4,57.6,true,normal_air,1781252259974
13137,node_01,1781252259,inference,,,normal_air,,false,0.2,backend_rule_v0,2647,3647,2281,2916,96,154,155,22.4,57.5,true,normal_air,1781252264371
13138,node_01,1781252260,inference,,,normal_air,,false,0.2,backend_rule_v0,2631,3600,2273,2913,94,150,152,22.4,57.5,true,normal_air,1781252264388
13139,node_01,1781252261,inference,,,normal_air,,false,0.2,backend_rule_v0,2648,3648,2278,2914,91,146,147,22.4,57.5,true,normal_air,1781252264404
13140,node_01,1781252262,inference,,,normal_air,,false,0.2,backend_rule_v0,2637,3601,2274,2916,88,141,142,22.4,57.5,true,normal_air,1781252264420
13141,node_01,1781252263,inference,,,normal_air,,false,0.2,backend_rule_v0,2652,3649,2281,2915,85,136,138,22.4,57.5,true,normal_air,1781252265223
13142,node_01,1781252264,inference,,,normal_air,,false,0.2,backend_rule_v0,2628,3595,2275,2916,82,132,133,22.4,57.5,true,normal_air,1781252266246
13143,node_01,1781252265,inference,,,normal_air,,false,0.2,backend_rule_v0,2652,3652,2285,2913,79,126,129,22.4,57.2,true,normal_air,1781252267298
13144,node_01,1781252266,inference,,,normal_air,,false,0.2,backend_rule_v0,2629,3605,2272,2914,76,122,124,22.4,57.2,true,normal_air,1781252268351
13145,node_01,1781252267,inference,,,normal_air,,false,0.2,backend_rule_v0,2649,3653,2279,2917,71,116,118,22.4,57.2,true,normal_air,1781252269386
13146,node_01,1781252268,inference,,,normal_air,,false,0.2,backend_rule_v0,2633,3605,2273,2915,68,109,110,22.4,57.2,true,normal_air,1781252270495
13147,node_01,1781252269,inference,,,normal_air,,false,0.2,backend_rule_v0,2651,3655,2280,2914,64,102,104,22.4,57.2,true,normal_air,1781252271481
13148,node_01,1781252270,inference,,,normal_air,,false,0.2,backend_rule_v0,2629,3598,2274,2917,60,96,98,22.4,57.2,true,normal_air,1781252272526
13149,node_01,1781252271,inference,,,normal_air,,false,0.2,backend_rule_v0,2651,3647,2286,2917,56,90,93,22.4,57.1,true,normal_air,1781252273571
13150,node_01,1781252273,inference,,,normal_air,,false,0.2,backend_rule_v0,2631,3593,2273,2915,52,85,86,22.4,57.1,true,normal_air,1781252274617
13151,node_01,1781252274,inference,,,normal_air,,false,0.2,backend_rule_v0,2649,3648,2278,2915,49,79,81,22.4,57.1,true,normal_air,1781252275664
13152,node_01,1781252275,inference,,,normal_air,,false,0.2,backend_rule_v0,2637,3601,2275,2917,47,75,77,22.4,57.1,true,normal_air,1781252276718
13153,node_01,1781252276,inference,,,normal_air,,false,0.2,backend_rule_v0,2647,3636,2281,2912,44,72,76,22.4,57.1,true,normal_air,1781252277755
13154,node_01,1781252277,inference,,,normal_air,,false,0.2,backend_rule_v0,2632,3600,2274,2915,42,68,74,22.4,57.1,true,normal_air,1781252278804
13155,node_01,1781252278,inference,,,normal_air,,false,0.2,backend_rule_v0,2651,3645,2284,2915,40,64,72,22.4,56.9,true,normal_air,1781252279862
13156,node_01,1781252279,inference,,,normal_air,,false,0.2,backend_rule_v0,2612,3588,2271,2912,38,60,70,22.4,56.9,true,normal_air,1781252280897
13157,node_01,1781252280,inference,,,normal_air,,false,0.2,backend_rule_v0,2648,3656,2279,2918,36,58,68,22.4,56.9,true,normal_air,1781252281942
13158,node_01,1781252281,inference,,,normal_air,,false,0.2,backend_rule_v0,2641,3605,2276,2914,34,54,65,22.4,56.7,true,normal_air,1781252282988
13159,node_01,1781252282,inference,,,normal_air,,false,0.2,backend_rule_v0,2651,3657,2278,2916,33,51,63,22.4,56.7,true,normal_air,1781252284043
13160,node_01,1781252283,inference,,,normal_air,,false,0.2,backend_rule_v0,2629,3590,2273,2912,32,50,61,22.4,56.7,true,normal_air,1781252285084
13161,node_01,1781252284,inference,,,normal_air,,false,0.2,backend_rule_v0,2654,3654,2285,2914,32,50,61,22.4,56.5,true,normal_air,1781252286129
13162,node_01,1781252285,inference,,,normal_air,,false,0.18400000000000002,backend_rule_v0,2627,3595,2276,2913,31,48,59,22.4,56.5,true,normal_air,1781252287182
13163,node_01,1781252286,inference,,,normal_air,,false,0.17600000000000002,backend_rule_v0,2652,3652,2279,2913,31,47,57,22.4,56.5,true,normal_air,1781252288218
13164,node_01,1781252287,inference,,,normal_air,,false,0.16000000000000003,backend_rule_v0,2637,3599,2274,2913,29,45,55,22.4,56.5,true,normal_air,1781252289268
13165,node_01,1781252288,inference,,,normal_air,,false,0.15200000000000002,backend_rule_v0,2651,3612,2281,2917,28,44,53,22.4,56.5,true,normal_air,1781252290367
13166,node_01,1781252289,inference,,,normal_air,,false,0.144,backend_rule_v0,2629,3593,2275,2918,28,43,52,22.4,56.5,true,normal_air,1781252291362
13167,node_01,1781252290,inference,,,normal_air,,false,0.136,backend_rule_v0,2648,3657,2286,2917,27,42,50,22.4,56.3,true,normal_air,1781252292431
13168,node_01,1781252291,inference,,,normal_air,,false,0.128,backend_rule_v0,2626,3599,2274,2916,27,41,49,22.4,56.3,true,normal_air,1781252293451
13169,node_01,1781252292,inference,,,normal_air,,false,0.12,backend_rule_v0,2652,3615,2279,2915,27,40,48,22.4,56.3,true,normal_air,1781252294504
13170,node_01,1781252293,inference,,,normal_air,,false,0.11200000000000002,backend_rule_v0,2635,3596,2274,2912,26,39,46,22.4,56.2,true,normal_air,1781252295563
13171,node_01,1781252294,inference,,,normal_air,,false,0.10400000000000001,backend_rule_v0,2653,3644,2279,2914,25,38,45,22.4,56.2,true,normal_air,1781252296588
13172,node_01,1781252296,inference,,,normal_air,,false,0.096,backend_rule_v0,2630,3605,2276,2913,25,37,44,22.4,56.2,true,normal_air,1781252297637
13173,node_01,1781252297,inference,,,normal_air,,false,0.096,backend_rule_v0,2648,3651,2285,2913,25,37,42,22.4,56.1,true,normal_air,1781252298683
13174,node_01,1781252298,inference,,,normal_air,,false,0.08800000000000001,backend_rule_v0,2629,3606,2274,2909,24,36,41,22.4,56.1,true,normal_air,1781252299736
13175,node_01,1781252299,inference,,,normal_air,,false,0.08000000000000002,backend_rule_v0,2653,3656,2278,2911,24,35,39,22.4,56.1,true,normal_air,1781252300773
13176,node_01,1781252300,inference,,,normal_air,,false,0.08000000000000002,backend_rule_v0,2636,3596,2274,2916,24,35,38,22.4,56.2,true,normal_air,1781252301831
13177,node_01,1781252301,inference,,,normal_air,,false,0.072,backend_rule_v0,2652,3661,2278,2912,23,34,37,22.4,56.2,true,normal_air,1781252302872
13178,node_01,1781252302,inference,,,normal_air,,false,0.064,backend_rule_v0,2631,3600,2275,2914,23,33,36,22.4,56.2,true,normal_air,1781252303937
13179,node_01,1781252303,inference,,,normal_air,,false,0.064,backend_rule_v0,2651,3653,2287,2914,23,33,35,22.4,55.9,true,normal_air,1781252304959
13180,node_01,1781252304,inference,,,normal_air,,false,0.05600000000000001,backend_rule_v0,2630,3596,2272,2912,22,32,34,22.4,55.9,true,normal_air,1781252306006
13181,node_01,1781252305,inference,,,normal_air,,false,0.048,backend_rule_v0,2651,3648,2278,2915,21,31,33,22.4,55.9,true,normal_air,1781252307053
13182,node_01,1781252306,inference,,,normal_air,,false,0.048,backend_rule_v0,2630,3597,2275,2916,21,31,32,22.4,55.8,true,normal_air,1781252308098
13183,node_01,1781252307,inference,,,normal_air,,false,0.048,backend_rule_v0,2650,3659,2279,2912,21,31,32,22.4,55.8,true,normal_air,1781252309149
13184,node_01,1781252308,inference,,,normal_air,,false,0.04000000000000001,backend_rule_v0,2630,3602,2274,2913,22,30,31,22.4,55.8,true,normal_air,1781252310197
13185,node_01,1781252309,inference,,,normal_air,,false,0.04000000000000001,backend_rule_v0,2652,3653,2287,2914,22,30,31,22.4,55.7,true,normal_air,1781252311243
13186,node_01,1781252310,inference,,,normal_air,,false,0.04000000000000001,backend_rule_v0,2631,3592,2274,2915,22,30,31,22.4,55.7,true,normal_air,1781252312290
13187,node_01,1781252311,inference,,,normal_air,,false,0.032,backend_rule_v0,2654,3653,2280,2913,21,29,30,22.4,55.7,true,normal_air,1781252313332
13188,node_01,1781252312,inference,,,normal_air,,false,0.032,backend_rule_v0,2635,3597,2275,2911,21,29,30,22.4,55.7,true,normal_air,1781252314383
13189,node_01,1781252313,inference,,,normal_air,,false,0.032,backend_rule_v0,2639,3658,2279,2914,21,29,29,22.4,55.7,true,normal_air,1781252315428
13190,node_01,1781252314,inference,,,normal_air,,false,0.032,backend_rule_v0,2629,3605,2273,2917,21,29,29,22.4,55.7,true,normal_air,1781252316470
13191,node_01,1781252315,inference,,,normal_air,,false,0.032,backend_rule_v0,2654,3661,2284,2909,21,29,29,22.4,55.6,true,normal_air,1781252317516
13192,node_01,1781252316,inference,,,normal_air,,false,0.032,backend_rule_v0,2632,3602,2273,2914,21,29,29,22.4,55.6,true,normal_air,1781252318562
13193,node_01,1781252318,inference,,,normal_air,,false,0.032,backend_rule_v0,2653,3648,2280,2913,22,29,29,22.4,55.6,true,normal_air,1781252319606
13194,node_01,1781252319,inference,,,normal_air,,false,0.032,backend_rule_v0,2636,3600,2273,2916,22,29,29,22.4,55.5,true,normal_air,1781252320662
13195,node_01,1781252320,inference,,,normal_air,,false,0.032,backend_rule_v0,2631,3655,2281,2914,22,29,29,22.4,55.5,true,normal_air,1781252321700
13196,node_01,1781252321,inference,,,normal_air,,false,0.024,backend_rule_v0,2627,3601,2274,2913,21,28,28,22.4,55.5,true,normal_air,1781252322747
13197,node_01,1781252322,inference,,,normal_air,,false,0.016,backend_rule_v0,2651,3652,2286,2915,21,27,27,22.4,55.3,true,normal_air,1781252323795
13198,node_01,1781252323,inference,,,normal_air,,false,0.024,backend_rule_v0,2632,3602,2274,2912,22,28,28,22.4,55.3,true,normal_air,1781252324840
13199,node_01,1781252324,inference,,,normal_air,,false,0.024,backend_rule_v0,2648,3655,2278,2916,22,28,28,22.4,55.3,true,normal_air,1781252325883
13200,node_01,1781252325,inference,,,normal_air,,false,0.024,backend_rule_v0,2636,3602,2275,2919,22,28,28,22.4,55.3,true,normal_air,1781252326933
13201,node_01,1781252326,inference,,,normal_air,,false,0.024,backend_rule_v0,2654,3652,2280,2914,22,28,28,22.4,55.3,true,normal_air,1781252327995
13202,node_01,1781252327,inference,,,normal_air,,false,0.024,backend_rule_v0,2631,3600,2275,2912,22,28,28,22.4,55.3,true,normal_air,1781252329025
13203,node_01,1781252328,inference,,,normal_air,,false,0.024,backend_rule_v0,2650,3654,2287,2917,21,28,28,22.4,55.2,true,normal_air,1781252330071
13204,node_01,1781252329,inference,,,normal_air,,false,0.024,backend_rule_v0,2633,3598,2274,2913,21,28,28,22.4,55.2,true,normal_air,1781252331120
13205,node_01,1781252330,inference,,,normal_air,,false,0.024,backend_rule_v0,2651,3650,2279,2916,21,28,28,22.4,55.2,true,normal_air,1781252332166
13206,node_01,1781252331,inference,,,normal_air,,false,0.024,backend_rule_v0,2639,3594,2274,2915,22,28,28,22.4,55.1,true,normal_air,1781252333213
13207,node_01,1781252332,inference,,,normal_air,,false,0.024,backend_rule_v0,2656,3652,2282,2917,22,28,28,22.4,55.1,true,normal_air,1781252334257
13208,node_01,1781252333,inference,,,normal_air,,false,0.032,backend_rule_v0,2630,3597,2273,2912,22,29,29,22.4,55.1,true,normal_air,1781252335303
13209,node_01,1781252334,inference,,,normal_air,,false,0.032,backend_rule_v0,2652,3654,2288,2915,22,29,29,22.4,55.1,true,normal_air,1781252336353
13210,node_01,1781252335,inference,,,normal_air,,false,0.024,backend_rule_v0,2630,3607,2276,2910,21,28,28,22.4,55.1,true,normal_air,1781252337398
13211,node_01,1781252336,inference,,,normal_air,,false,0.024,backend_rule_v0,2653,3657,2281,2913,21,28,28,22.4,55.1,true,normal_air,1781252338449
13212,node_01,1781252337,inference,,,normal_air,,false,0.024,backend_rule_v0,2636,3605,2274,2913,21,28,28,22.4,54.9,true,normal_air,1781252339490
13213,node_01,1781252338,inference,,,normal_air,,false,0.04000000000000001,backend_rule_v0,2653,3651,2281,2913,22,30,30,22.4,54.9,true,normal_air,1781252340536
13214,node_01,1781252339,inference,,,normal_air,,false,0.04000000000000001,backend_rule_v0,2628,3599,2274,2918,22,30,30,22.4,54.9,true,normal_air,1781252341579
13215,node_01,1781252341,inference,,,normal_air,,false,0.04000000000000001,backend_rule_v0,2654,3659,2290,2911,22,30,30,22.4,54.6,true,normal_air,1781252342633
13216,node_01,1781252342,inference,,,normal_air,,false,0.032,backend_rule_v0,2630,3602,2275,2917,22,29,29,22.4,54.6,true,normal_air,1781252343671
13217,node_01,1781252343,inference,,,normal_air,,false,0.032,backend_rule_v0,2655,3650,2280,2913,22,29,29,22.4,54.6,true,normal_air,1781252344716
13218,node_01,1781252344,inference,,,normal_air,,false,0.024,backend_rule_v0,2637,3601,2277,2917,21,28,28,22.4,54.7,true,normal_air,1781252345765
13219,node_01,1781252345,inference,,,normal_air,,false,0.016,backend_rule_v0,2657,3650,2278,2916,21,27,27,22.4,54.7,true,normal_air,1781252346811
13220,node_01,1781252346,inference,,,normal_air,,false,0.016,backend_rule_v0,2635,3602,2276,2917,21,27,27,22.4,54.7,true,normal_air,1781252347858
13221,node_01,1781252347,inference,,,normal_air,,false,0.024,backend_rule_v0,2651,3656,2287,2917,22,28,28,22.4,54.6,true,normal_air,1781252348903
13222,node_01,1781252348,inference,,,normal_air,,false,0.016,backend_rule_v0,2629,3594,2276,2917,22,27,28,22.4,54.6,true,normal_air,1781252349948
13223,node_01,1781252349,inference,,,normal_air,,false,0.016,backend_rule_v0,2653,3657,2282,2917,22,27,27,22.4,54.6,true,normal_air,1781252350997
13224,node_01,1781252350,inference,,,normal_air,,false,0.016,backend_rule_v0,2636,3608,2276,2916,22,27,27,22.3,54.5,true,normal_air,1781252352049
13225,node_01,1781252351,inference,,,normal_air,,false,0.016,backend_rule_v0,2652,3657,2279,2915,22,27,27,22.3,54.5,true,normal_air,1781252353111
13226,node_01,1781252352,inference,,,normal_air,,false,0.016,backend_rule_v0,2630,3602,2275,2914,22,27,27,22.3,54.5,true,normal_air,1781252354134
13227,node_01,1781252353,inference,,,normal_air,,false,0.016,backend_rule_v0,2653,3649,2286,2917,22,27,27,22.4,54.4,true,normal_air,1781252355185
13228,node_01,1781252354,inference,,,normal_air,,false,0.016,backend_rule_v0,2630,3573,2275,2917,22,27,27,22.4,54.4,true,normal_air,1781252356224
13229,node_01,1781252355,inference,,,normal_air,,false,0.016,backend_rule_v0,2657,3649,2280,2914,22,27,27,22.4,54.4,true,normal_air,1781252357276
13230,node_01,1781252356,inference,,,normal_air,,false,0.008,backend_rule_v0,2640,3601,2274,2915,22,26,27,22.4,54.6,true,normal_air,1781252358321
13231,node_01,1781252357,inference,,,normal_air,,false,0.016,backend_rule_v0,2655,3653,2279,2914,22,27,27,22.4,54.6,true,normal_air,1781252359366
13232,node_01,1781252358,inference,,,normal_air,,false,0.024,backend_rule_v0,2634,3597,2274,2917,22,28,28,22.4,54.6,true,normal_air,1781252360410
13233,node_01,1781252359,inference,,,normal_air,,false,0.024,backend_rule_v0,2651,3658,2287,2914,22,28,28,22.3,54.3,true,normal_air,1781252361459
13234,node_01,1781252360,inference,,,normal_air,,false,0.032,backend_rule_v0,2633,3604,2273,2916,22,29,29,22.3,54.3,true,normal_air,1781252362505
13235,node_01,1781252361,inference,,,normal_air,,false,0.032,backend_rule_v0,2652,3653,2280,2915,22,29,29,22.3,54.3,true,normal_air,1781252363550
13236,node_01,1781252363,inference,,,normal_air,,false,0.032,backend_rule_v0,2638,3601,2276,2920,22,29,29,22.3,54.4,true,normal_air,1781252364599
13237,node_01,1781252364,inference,,,normal_air,,false,0.04000000000000001,backend_rule_v0,2650,3654,2279,2917,23,30,30,22.3,54.4,true,normal_air,1781252365641
13238,node_01,1781252365,inference,,,normal_air,,false,0.04000000000000001,backend_rule_v0,2630,3603,2275,2919,23,30,30,22.3,54.4,true,normal_air,1781252366697
13239,node_01,1781252366,inference,,,normal_air,,false,0.04000000000000001,backend_rule_v0,2653,3653,2288,2913,23,30,30,22.3,54.2,true,normal_air,1781252367735
13240,node_01,1781252367,inference,,,normal_air,,false,0.04000000000000001,backend_rule_v0,2633,3598,2276,2916,23,30,31,22.3,54.2,true,normal_air,1781252368791
13241,node_01,1781252368,inference,,,normal_air,,false,0.04000000000000001,backend_rule_v0,2653,3653,2281,2916,22,30,30,22.3,54.2,true,normal_air,1781252369826
13242,node_01,1781252369,inference,,,normal_air,,false,0.04000000000000001,backend_rule_v0,2639,3605,2276,2916,22,30,30,22.3,54.1,true,normal_air,1781252370875
13243,node_01,1781252370,inference,,,normal_air,,false,0.032,backend_rule_v0,2653,3651,2282,2913,22,29,29,22.3,54.1,true,normal_air,1781252371920
13244,node_01,1781252371,inference,,,normal_air,,false,0.032,backend_rule_v0,2630,3600,2276,2914,22,29,29,22.3,54.1,true,normal_air,1781252372967
13245,node_01,1781252372,inference,,,normal_air,,false,0.032,backend_rule_v0,2654,3652,2288,2918,22,29,29,22.3,54.1,true,normal_air,1781252374013
13246,node_01,1781252373,inference,,,normal_air,,false,0.024,backend_rule_v0,2635,3605,2275,2914,21,28,28,22.3,54.1,true,normal_air,1781252375062
13247,node_01,1781252374,inference,,,normal_air,,false,0.024,backend_rule_v0,2653,3655,2281,2913,21,28,28,22.3,54.1,true,normal_air,1781252376104
13248,node_01,1781252375,inference,,,normal_air,,false,0.016,backend_rule_v0,2634,3605,2274,2915,21,27,27,22.3,54,true,normal_air,1781252377152
13249,node_01,1781252376,inference,,,normal_air,,false,0.016,backend_rule_v0,2653,3655,2283,2912,21,27,27,22.3,54,true,normal_air,1781252378198
13250,node_01,1781252377,inference,,,normal_air,,false,0.008,backend_rule_v0,2631,3599,2276,2916,21,26,26,22.3,54,true,normal_air,1781252379244
13251,node_01,1781252378,inference,,,normal_air,,false,0.008,backend_rule_v0,2652,3658,2285,2917,20,26,26,22.3,54.1,true,normal_air,1781252380293
13252,node_01,1781252379,inference,,,normal_air,,false,0,backend_rule_v0,2631,3598,2273,2917,20,25,25,22.3,54.1,true,normal_air,1781252381345
13253,node_01,1781252380,inference,,,normal_air,,false,0,backend_rule_v0,2652,3659,2279,2918,20,25,25,22.3,54.1,true,normal_air,1781252382385
13254,node_01,1781252381,inference,,,normal_air,,false,0,backend_rule_v0,2635,3602,2277,2915,20,25,25,22.3,53.8,true,normal_air,1781252383430
13255,node_01,1781252382,inference,,,normal_air,,false,0,backend_rule_v0,2654,3651,2281,2916,20,25,25,22.3,53.8,true,normal_air,1781252384474
13256,node_01,1781252383,inference,,,normal_air,,false,0,backend_rule_v0,2628,3598,2274,2913,20,24,25,22.3,53.8,true,normal_air,1781252385524
13257,node_01,1781252384,inference,,,normal_air,,false,0,backend_rule_v0,2653,3645,2286,2912,20,24,25,22.3,53.9,true,normal_air,1781252386568
13258,node_01,1781252386,inference,,,normal_air,,false,0,backend_rule_v0,2632,3600,2274,2910,20,24,25,22.3,53.9,true,normal_air,1781252387614
13259,node_01,1781252387,inference,,,normal_air,,false,0,backend_rule_v0,2654,3657,2282,2912,19,24,25,22.3,53.9,true,normal_air,1781252388663
13260,node_01,1781252388,inference,,,normal_air,,false,0,backend_rule_v0,2642,3605,2275,2917,19,24,25,22.3,53.8,true,normal_air,1781252389710
13261,node_01,1781252389,inference,,,normal_air,,false,0,backend_rule_v0,2655,3645,2280,2915,19,24,25,22.3,53.8,true,normal_air,1781252390757
13262,node_01,1781252390,inference,,,normal_air,,false,0,backend_rule_v0,2628,3594,2273,2914,19,24,25,22.3,53.8,true,normal_air,1781252391802
13263,node_01,1781252391,inference,,,normal_air,,false,0,backend_rule_v0,2652,3654,2287,2918,19,24,25,22.3,53.8,true,normal_air,1781252392852
13264,node_01,1781252392,inference,,,normal_air,,false,0,backend_rule_v0,2633,3605,2275,2916,19,24,25,22.3,53.8,true,normal_air,1781252393893
13265,node_01,1781252393,inference,,,normal_air,,false,0,backend_rule_v0,2648,3651,2280,2913,19,24,24,22.3,53.8,true,normal_air,1781252394937
13266,node_01,1781252394,inference,,,normal_air,,false,0,backend_rule_v0,2640,3601,2275,2917,19,24,24,22.3,53.7,true,normal_air,1781252395999
13267,node_01,1781252395,inference,,,normal_air,,false,0,backend_rule_v0,2652,3655,2280,2914,19,24,24,22.3,53.7,true,normal_air,1781252397033
13268,node_01,1781252396,inference,,,normal_air,,false,0,backend_rule_v0,2631,3608,2277,2915,19,24,24,22.3,53.7,true,normal_air,1781252398076
13269,node_01,1781252397,inference,,,normal_air,,false,0.016,backend_rule_v0,2655,3650,2285,2915,21,27,27,22.3,53.6,true,normal_air,1781252399143
13270,node_01,1781252398,inference,,,normal_air,,false,0.048,backend_rule_v0,2630,3598,2275,2914,22,31,32,22.3,53.6,true,normal_air,1781252400382
13271,node_01,1781252399,inference,,,normal_air,,false,0.072,backend_rule_v0,2654,3652,2280,2918,24,34,37,22.3,53.6,true,normal_air,1781252401218
13272,node_01,1781252400,inference,,,normal_air,,false,0.08800000000000001,backend_rule_v0,2640,3603,2274,2915,26,36,41,22.3,53.7,true,normal_air,1781252402262
13273,node_01,1781252401,inference,,,normal_air,,false,0.12,backend_rule_v0,2655,3650,2279,2914,28,40,47,22.3,53.7,true,normal_air,1781252403314
13274,node_01,1781252402,inference,,,normal_air,,false,0.136,backend_rule_v0,2628,3603,2276,2917,30,42,49,22.3,53.7,true,normal_air,1781252404353
13275,node_01,1781252403,inference,,,normal_air,,false,0.15200000000000002,backend_rule_v0,2650,3653,2289,2911,31,44,51,22.2,53.5,true,normal_air,1781252405406
13276,node_01,1781252404,inference,,,normal_air,,false,0.16000000000000003,backend_rule_v0,2636,3607,2278,2915,32,45,54,22.2,53.5,true,normal_air,1781252406451
13277,node_01,1781252405,inference,,,normal_air,,false,0.168,backend_rule_v0,2653,3657,2282,2916,33,46,56,22.2,53.5,true,normal_air,1781252407504
13278,node_01,1781252406,inference,,,normal_air,,false,0.17600000000000002,backend_rule_v0,2637,3584,2272,2908,33,47,56,22.2,53.5,true,normal_air,1781252408546
13279,node_01,1781252407,inference,,,normal_air,,false,0.17600000000000002,backend_rule_v0,2653,3656,2280,2915,32,47,56,22.2,53.5,true,normal_air,1781252409586
13280,node_01,1781252409,inference,,,normal_air,,false,0.16000000000000003,backend_rule_v0,2632,3600,2274,2915,32,45,55,22.2,53.5,true,normal_air,1781252410874
13281,node_01,1781252410,inference,,,normal_air,,false,0.168,backend_rule_v0,2654,3655,2286,2919,32,46,54,22.2,53.5,true,normal_air,1781252412389
13282,node_01,1781252411,inference,,,normal_air,,false,0.16000000000000003,backend_rule_v0,2631,3603,2275,2916,31,45,53,22.2,53.5,true,normal_air,1781252412723
13283,node_01,1781252412,inference,,,normal_air,,false,0.15200000000000002,backend_rule_v0,2654,3653,2281,2918,31,44,51,22.2,53.5,true,normal_air,1781252413774
13284,node_01,1781252413,inference,,,normal_air,,false,0.128,backend_rule_v0,2638,3610,2278,2917,29,41,49,22.2,53.4,true,normal_air,1781252414817
13285,node_01,1781252414,inference,,,normal_air,,false,0.128,backend_rule_v0,2652,3654,2282,2918,28,41,48,22.2,53.4,true,normal_air,1781252415884
13286,node_01,1781252415,inference,,,normal_air,,false,0.12,backend_rule_v0,2632,3601,2276,2914,28,40,47,22.2,53.4,true,normal_air,1781252416908
13287,node_01,1781252416,inference,,,normal_air,,false,0.12,backend_rule_v0,2649,3655,2288,2920,28,40,47,22.2,53.3,true,normal_air,1781252417954
13288,node_01,1781252417,inference,,,normal_air,,false,0.11200000000000002,backend_rule_v0,2632,3608,2277,2917,28,39,46,22.2,53.3,true,normal_air,1781252419002
13289,node_01,1781252418,inference,,,normal_air,,false,0.11200000000000002,backend_rule_v0,2652,3657,2281,2916,28,39,45,22.2,53.3,true,normal_air,1781252420049
13290,node_01,1781252419,inference,,,normal_air,,false,0.096,backend_rule_v0,2638,3601,2277,2916,27,37,45,22.2,53.5,true,normal_air,1781252421092
13291,node_01,1781252420,inference,,,normal_air,,false,0.08800000000000001,backend_rule_v0,2656,3647,2280,2913,26,36,42,22.2,53.5,true,normal_air,1781252422140
13292,node_01,1781252421,inference,,,normal_air,,false,0.08800000000000001,backend_rule_v0,2634,3605,2275,2918,26,36,41,22.2,53.5,true,normal_air,1781252423189
13293,node_01,1781252422,inference,,,normal_air,,false,0.08000000000000002,backend_rule_v0,2652,3650,2287,2915,24,35,39,22.2,53.3,true,normal_air,1781252424231
13294,node_01,1781252423,inference,,,normal_air,,false,0.08000000000000002,backend_rule_v0,2631,3606,2274,2914,24,35,40,22.2,53.3,true,normal_air,1781252425382
13295,node_01,1781252424,inference,,,normal_air,,false,0.08000000000000002,backend_rule_v0,2649,3643,2279,2908,24,35,40,22.2,53.3,true,normal_air,1781252426328
13296,node_01,1781252425,inference,,,normal_air,,false,0.08800000000000001,backend_rule_v0,2636,3604,2275,2917,25,36,41,22.2,53.2,true,normal_air,1781252427376
13297,node_01,1781252426,inference,,,normal_air,,false,0.08800000000000001,backend_rule_v0,2652,3652,2279,2916,25,36,42,22.2,53.2,true,normal_air,1781252428417
13298,node_01,1781252427,inference,,,normal_air,,false,0.096,backend_rule_v0,2631,3593,2274,2916,25,37,42,22.2,53.2,true,normal_air,1781252429471
13299,node_01,1781252428,inference,,,normal_air,,false,0.096,backend_rule_v0,2653,3656,2291,2918,25,37,42,22.2,53.3,true,normal_air,1781252430526
13300,node_01,1781252429,inference,,,normal_air,,false,0.12,backend_rule_v0,2631,3607,2278,2913,27,40,47,22.2,53.3,true,normal_air,1781252431561
13301,node_01,1781252431,inference,,,normal_air,,false,0.15200000000000002,backend_rule_v0,2653,3650,2278,2915,29,44,51,22.2,53.3,true,normal_air,1781252432602
13302,node_01,1781252432,inference,,,normal_air,,false,0.168,backend_rule_v0,2638,3607,2273,2917,31,46,55,22.2,53,true,normal_air,1781252433654
13303,node_01,1781252433,inference,,,normal_air,,false,0.2,backend_rule_v0,2654,3650,2279,2916,33,50,60,22.2,53,true,normal_air,1781252434704
13304,node_01,1781252434,inference,,,normal_air,,false,0.2,backend_rule_v0,2630,3598,2276,2916,34,51,62,22.2,53,true,normal_air,1781252435826
13305,node_01,1781252435,inference,,,normal_air,,false,0.2,backend_rule_v0,2652,3626,2286,2915,36,53,64,22.2,53,true,normal_air,1781252436788
13306,node_01,1781252436,inference,,,normal_air,,false,0.2,backend_rule_v0,2634,3593,2274,2915,38,56,67,22.2,53,true,normal_air,1781252437834
13307,node_01,1781252437,inference,,,normal_air,,false,0.2,backend_rule_v0,2655,3651,2279,2913,40,59,69,22.2,53,true,normal_air,1781252438881
13308,node_01,1781252438,inference,,,normal_air,,false,0.2,backend_rule_v0,2640,3597,2274,2915,42,62,70,22.1,53,true,normal_air,1781252439931
13309,node_01,1781252439,inference,,,normal_air,,false,0.2,backend_rule_v0,2649,3653,2279,2917,44,65,72,22.1,53,true,normal_air,1781252440975
13310,node_01,1781252440,inference,,,normal_air,,false,0.2,backend_rule_v0,2632,3606,2276,2916,44,64,72,22.1,53,true,normal_air,1781252442018
13311,node_01,1781252441,inference,,,normal_air,,false,0.2,backend_rule_v0,2654,3653,2290,2915,42,62,70,22.1,52.9,true,normal_air,1781252443066
13312,node_01,1781252442,inference,,,normal_air,,false,0.2,backend_rule_v0,2629,3599,2275,2915,41,60,69,22.1,52.9,true,normal_air,1781252444113
13313,node_01,1781252443,inference,,,normal_air,,false,0.2,backend_rule_v0,2652,3651,2281,2916,39,57,67,22.1,52.9,true,normal_air,1781252445160
13314,node_01,1781252444,inference,,,normal_air,,false,0.2,backend_rule_v0,2637,3602,2275,2918,38,54,66,22.1,52.9,true,normal_air,1781252446207
13315,node_01,1781252445,inference,,,normal_air,,false,0.2,backend_rule_v0,2654,3647,2282,2916,35,52,64,22.1,52.9,true,normal_air,1781252447256
13316,node_01,1781252446,inference,,,normal_air,,false,0.2,backend_rule_v0,2631,3596,2274,2915,33,50,61,22.1,52.9,true,normal_air,1781252448301
13317,node_01,1781252447,inference,,,normal_air,,false,0.192,backend_rule_v0,2655,3659,2286,2919,32,49,60,22.1,52.9,true,normal_air,1781252449348
13318,node_01,1781252448,inference,,,normal_air,,false,0.18400000000000002,backend_rule_v0,2631,3595,2277,2917,33,48,59,22.1,52.9,true,normal_air,1781252450393
13319,node_01,1781252449,inference,,,normal_air,,false,0.17600000000000002,backend_rule_v0,2652,3652,2282,2917,31,47,57,22.1,52.9,true,normal_air,1781252451440
13320,node_01,1781252450,inference,,,normal_air,,false,0.168,backend_rule_v0,2641,3604,2275,2915,31,46,55,22.1,52.8,true,normal_air,1781252452481
13321,node_01,1781252451,inference,,,normal_air,,false,0.15200000000000002,backend_rule_v0,2657,3650,2280,2915,29,44,52,22.1,52.8,true,normal_air,1781252453537
13322,node_01,1781252452,inference,,,normal_air,,false,0.144,backend_rule_v0,2630,3601,2275,2917,28,43,51,22.1,52.8,true,normal_air,1781252454574
13323,node_01,1781252454,inference,,,normal_air,,false,0.136,backend_rule_v0,2652,3654,2290,2917,27,42,49,22.1,52.9,true,normal_air,1781252455624
13324,node_01,1781252455,inference,,,normal_air,,false,0.128,backend_rule_v0,2633,3608,2275,2917,27,41,48,22.1,52.9,true,normal_air,1781252456668
13325,node_01,1781252456,inference,,,normal_air,,false,0.12,backend_rule_v0,2651,3651,2280,2917,26,40,47,22.1,52.9,true,normal_air,1781252457715
13326,node_01,1781252457,inference,,,normal_air,,false,0.11200000000000002,backend_rule_v0,2640,3603,2276,2913,25,39,46,22.1,52.9,true,normal_air,1781252458762
13327,node_01,1781252458,inference,,,normal_air,,false,0.11200000000000002,backend_rule_v0,2654,3657,2277,2916,26,39,45,22.1,52.9,true,normal_air,1781252459812
13328,node_01,1781252459,inference,,,normal_air,,false,0.11200000000000002,backend_rule_v0,2633,3605,2276,2918,25,39,45,22.1,52.9,true,normal_air,1781252460859
13329,node_01,1781252460,inference,,,normal_air,,false,0.10400000000000001,backend_rule_v0,2650,3650,2287,2917,24,38,43,22.1,52.9,true,normal_air,1781252461902
13330,node_01,1781252461,inference,,,normal_air,,false,0.08800000000000001,backend_rule_v0,2633,3602,2277,2914,24,36,41,22.1,52.9,true,normal_air,1781252462946
13331,node_01,1781252462,inference,,,normal_air,,false,0.08800000000000001,backend_rule_v0,2652,3660,2282,2914,24,36,40,22.1,52.9,true,normal_air,1781252464001
13332,node_01,1781252463,inference,,,normal_air,,false,0.08000000000000002,backend_rule_v0,2640,3609,2276,2911,23,35,39,22.1,52.8,true,normal_air,1781252465044
13333,node_01,1781252464,inference,,,normal_air,,false,0.08000000000000002,backend_rule_v0,2654,3655,2280,2913,23,35,39,22.1,52.8,true,normal_air,1781252466086
13334,node_01,1781252465,inference,,,normal_air,,false,0.08000000000000002,backend_rule_v0,2633,3604,2274,2914,23,35,38,22.1,52.8,true,normal_air,1781252467133
13335,node_01,1781252466,inference,,,normal_air,,false,0.072,backend_rule_v0,2655,3654,2287,2911,23,34,37,22,52.7,true,normal_air,1781252468177
13336,node_01,1781252467,inference,,,normal_air,,false,0.064,backend_rule_v0,2633,3597,2275,2919,23,33,36,22,52.7,true,normal_air,1781252469225
13337,node_01,1781252468,inference,,,normal_air,,false,0.064,backend_rule_v0,2652,3649,2280,2915,23,33,36,22,52.7,true,normal_air,1781252470271
13338,node_01,1781252469,inference,,,normal_air,,false,0.064,backend_rule_v0,2640,3605,2277,2915,23,33,35,22,52.7,true,normal_air,1781252471321
13339,node_01,1781252470,inference,,,normal_air,,false,0.05600000000000001,backend_rule_v0,2652,3652,2279,2917,23,32,34,22,52.7,true,normal_air,1781252472374
13340,node_01,1781252471,inference,,,normal_air,,false,0.05600000000000001,backend_rule_v0,2617,3600,2275,2914,22,32,34,22,52.7,true,normal_air,1781252473412
13341,node_01,1781252472,inference,,,normal_air,,false,0.05600000000000001,backend_rule_v0,2653,3656,2288,2914,22,32,33,22,52.7,true,normal_air,1781252474459
13342,node_01,1781252473,inference,,,normal_air,,false,0.04000000000000001,backend_rule_v0,2631,3608,2277,2915,22,30,33,22,52.7,true,normal_air,1781252475503
13343,node_01,1781252474,inference,,,normal_air,,false,0.04000000000000001,backend_rule_v0,2655,3650,2282,2916,22,30,31,22,52.7,true,normal_air,1781252476555
13344,node_01,1781252476,inference,,,normal_air,,false,0.04000000000000001,backend_rule_v0,2641,3603,2276,2918,22,30,31,22,52.7,true,normal_air,1781252477597
13345,node_01,1781252477,inference,,,normal_air,,false,0.04000000000000001,backend_rule_v0,2655,3648,2279,2915,22,30,30,22,52.7,true,normal_air,1781252478641
13346,node_01,1781252478,inference,,,normal_air,,false,0.04000000000000001,backend_rule_v0,2630,3600,2273,2916,22,30,30,22,52.7,true,normal_air,1781252479692
13347,node_01,1781252479,inference,,,normal_air,,false,0.032,backend_rule_v0,2652,3657,2287,2914,22,29,29,22,52.7,true,normal_air,1781252480742
13348,node_01,1781252480,inference,,,normal_air,,false,0.032,backend_rule_v0,2634,3606,2277,2918,22,29,29,22,52.7,true,normal_air,1781252481786
13349,node_01,1781252481,inference,,,normal_air,,false,0.032,backend_rule_v0,2652,3647,2280,2916,22,29,29,22,52.7,true,normal_air,1781252482834
13350,node_01,1781252482,inference,,,normal_air,,false,0.032,backend_rule_v0,2638,3603,2275,2917,22,29,29,22,52.5,true,normal_air,1781252483876
13351,node_01,1781252483,inference,,,normal_air,,false,0.032,backend_rule_v0,2653,3649,2277,2917,22,29,29,22,52.5,true,normal_air,1781252484925
13352,node_01,1781252484,inference,,,normal_air,,false,0.032,backend_rule_v0,2632,3602,2275,2916,22,29,29,22,52.5,true,normal_air,1781252485980
13353,node_01,1781252485,inference,,,normal_air,,false,0.032,backend_rule_v0,2651,3658,2290,2918,22,29,29,21.9,52.5,true,normal_air,1781252487020
13354,node_01,1781252486,inference,,,normal_air,,false,0.032,backend_rule_v0,2632,3601,2277,2916,22,29,29,21.9,52.5,true,normal_air,1781252488067
13355,node_01,1781252487,inference,,,normal_air,,false,0.024,backend_rule_v0,2653,3654,2279,2914,22,28,28,21.9,52.5,true,normal_air,1781252489113
13356,node_01,1781252488,inference,,,normal_air,,false,0.024,backend_rule_v0,2637,3595,2278,2916,22,28,28,22,52.5,true,normal_air,1781252490231
13357,node_01,1781252489,inference,,,normal_air,,false,0.032,backend_rule_v0,2651,3644,2279,2915,22,29,29,22,52.5,true,normal_air,1781252491206
13358,node_01,1781252490,inference,,,normal_air,,false,0.05600000000000001,backend_rule_v0,2632,3601,2275,2914,23,32,33,22,52.5,true,normal_air,1781252492260
13359,node_01,1781252491,inference,,,normal_air,,false,0.064,backend_rule_v0,2653,3654,2290,2918,24,33,36,21.9,52.4,true,normal_air,1781252493307
13360,node_01,1781252492,inference,,,normal_air,,false,0.08000000000000002,backend_rule_v0,2633,3596,2277,2914,26,35,39,21.9,52.4,true,normal_air,1781252494346
13361,node_01,1781252493,inference,,,normal_air,,false,0.08800000000000001,backend_rule_v0,2653,3639,2279,2913,28,36,41,21.9,52.4,true,normal_air,1781252495399
13362,node_01,1781252494,inference,,,normal_air,,false,0.10400000000000001,backend_rule_v0,2637,3604,2273,2911,28,38,43,21.9,52.3,true,normal_air,1781252496441
13363,node_01,1781252495,inference,,,normal_air,,false,0.12,backend_rule_v0,2653,3652,2279,2917,29,40,46,21.9,52.3,true,normal_air,1781252497488
13364,node_01,1781252496,inference,,,normal_air,,false,0.128,backend_rule_v0,2634,3603,2274,2914,30,41,47,21.9,52.3,true,normal_air,1781252498554
13365,node_01,1781252497,inference,,,normal_air,,false,0.136,backend_rule_v0,2653,3655,2289,2918,31,42,49,21.9,52.4,true,normal_air,1781252499582
13366,node_01,1781252499,inference,,,normal_air,,false,0.144,backend_rule_v0,2631,3599,2275,2918,32,43,50,21.9,52.4,true,normal_air,1781252500633
13367,node_01,1781252500,inference,,,normal_air,,false,0.144,backend_rule_v0,2649,3652,2279,2914,32,43,50,21.9,52.4,true,normal_air,1781252501878
13368,node_01,1781252501,inference,,,normal_air,,false,0.136,backend_rule_v0,2637,3597,2275,2901,32,42,49,21.9,52.5,true,normal_air,1781252502722
13369,node_01,1781252502,inference,,,normal_air,,false,0.128,backend_rule_v0,2653,3656,2281,2917,31,41,48,21.9,52.5,true,normal_air,1781252503788
13370,node_01,1781252503,inference,,,normal_air,,false,0.136,backend_rule_v0,2628,3603,2263,2912,31,42,49,21.9,52.5,true,normal_air,1781252504846
13371,node_01,1781252504,inference,,,normal_air,,false,0.128,backend_rule_v0,2648,3655,2290,2916,31,41,48,21.9,52.4,true,normal_air,1781252505862
13372,node_01,1781252505,inference,,,normal_air,,false,0.128,backend_rule_v0,2631,3607,2275,2915,31,41,47,21.9,52.4,true,normal_air,1781252506908
13373,node_01,1781252506,inference,,,normal_air,,false,0.12,backend_rule_v0,2658,3657,2279,2917,31,40,47,21.9,52.4,true,normal_air,1781252507953
13374,node_01,1781252507,inference,,,normal_air,,false,0.12,backend_rule_v0,2637,3601,2271,2913,30,40,47,21.9,52.3,true,normal_air,1781252509004
13375,node_01,1781252508,inference,,,normal_air,,false,0.12,backend_rule_v0,2652,3661,2281,2916,30,40,46,21.9,52.3,true,normal_air,1781252510052
13376,node_01,1781252509,inference,,,normal_air,,false,0.11200000000000002,backend_rule_v0,2633,3614,2277,2916,29,39,45,21.9,52.3,true,normal_air,1781252511093
13377,node_01,1781252510,inference,,,normal_air,,false,0.10400000000000001,backend_rule_v0,2653,3654,2291,2917,29,38,43,21.9,52.4,true,normal_air,1781252512152
13378,node_01,1781252511,inference,,,normal_air,,false,0.096,backend_rule_v0,2632,3602,2276,2918,28,37,42,21.9,52.4,true,normal_air,1781252513188
13379,node_01,1781252512,inference,,,normal_air,,false,0.08800000000000001,backend_rule_v0,2656,3653,2281,2917,28,36,41,21.9,52.4,true,normal_air,1781252514237
13380,node_01,1781252513,inference,,,normal_air,,false,0.08800000000000001,backend_rule_v0,2637,3608,2274,2915,28,36,40,21.9,52.3,true,normal_air,1781252515431
13381,node_01,1781252514,inference,,,normal_air,,false,0.08000000000000002,backend_rule_v0,2656,3647,2251,2916,27,35,39,21.9,52.3,true,normal_air,1781252516326
13382,node_01,1781252515,inference,,,normal_air,,false,0.08000000000000002,backend_rule_v0,2633,3610,2274,2916,26,35,38,21.9,52.3,true,normal_air,1781252517373
13383,node_01,1781252516,inference,,,normal_air,,false,0.072,backend_rule_v0,2654,3661,2288,2914,26,34,37,21.9,52.2,true,normal_air,1781252518425
13384,node_01,1781252517,inference,,,normal_air,,false,0.072,backend_rule_v0,2635,3607,2277,2918,25,34,37,21.9,52.2,true,normal_air,1781252519527
13385,node_01,1781252518,inference,,,normal_air,,false,0.072,backend_rule_v0,2655,3656,2282,2920,25,34,37,21.9,52.2,true,normal_air,1781252520513
13386,node_01,1781252519,inference,,,normal_air,,false,0.072,backend_rule_v0,2638,3602,2276,2916,25,34,37,21.8,52.2,true,normal_air,1781252521564
13387,node_01,1781252521,inference,,,normal_air,,false,0.08000000000000002,backend_rule_v0,2655,3647,2282,2918,26,35,38,21.8,52.2,true,normal_air,1781252522607
13388,node_01,1781252522,inference,,,normal_air,,false,0.08000000000000002,backend_rule_v0,2629,3607,2277,2919,26,35,39,21.8,52.2,true,normal_air,1781252523657
13389,node_01,1781252523,inference,,,normal_air,,false,0.08800000000000001,backend_rule_v0,2653,3658,2289,2919,27,36,41,21.8,52.2,true,normal_air,1781252524700
13390,node_01,1781252524,inference,,,normal_air,,false,0.096,backend_rule_v0,2634,3602,2275,2916,28,37,42,21.8,52.2,true,normal_air,1781252525748
13391,node_01,1781252525,inference,,,normal_air,,false,0.10400000000000001,backend_rule_v0,2654,3647,2282,2916,28,38,43,21.8,52.2,true,normal_air,1781252526793
13392,node_01,1781252526,inference,,,normal_air,,false,0.10400000000000001,backend_rule_v0,2643,3606,2277,2916,29,38,43,21.8,52.2,true,normal_air,1781252527841
13393,node_01,1781252527,inference,,,normal_air,,false,0.11200000000000002,backend_rule_v0,2654,3651,2281,2918,29,39,45,21.8,52.2,true,normal_air,1781252528890
13394,node_01,1781252528,inference,,,normal_air,,false,0.11200000000000002,backend_rule_v0,2633,3604,2281,2912,29,39,45,21.8,52.2,true,normal_air,1781252531376
13395,node_01,1781252529,inference,,,normal_air,,false,0.11200000000000002,backend_rule_v0,2653,3653,2288,2917,29,39,45,21.8,52.3,true,normal_air,1781252531396
13396,node_01,1781252530,inference,,,normal_air,,false,0.11200000000000002,backend_rule_v0,2632,3606,2276,2920,29,39,45,21.8,52.3,true,normal_air,1781252532027
13397,node_01,1781252531,inference,,,normal_air,,false,0.10400000000000001,backend_rule_v0,2651,3654,2282,2915,29,38,43,21.8,52.3,true,normal_air,1781252533076
13398,node_01,1781252532,inference,,,normal_air,,false,0.096,backend_rule_v0,2636,3604,2272,2920,28,37,42,21.8,52.1,true,normal_air,1781252534123
13399,node_01,1781252533,inference,,,normal_air,,false,0.08800000000000001,backend_rule_v0,2653,3656,2280,2914,28,36,41,21.8,52.1,true,normal_air,1781252535175
13400,node_01,1781252534,inference,,,normal_air,,false,0.08800000000000001,backend_rule_v0,2634,3609,2274,2916,28,36,40,21.8,52.1,true,normal_air,1781252536214
13401,node_01,1781252535,inference,,,normal_air,,false,0.08800000000000001,backend_rule_v0,2652,3655,2287,2920,28,36,40,21.8,52.3,true,normal_air,1781252537262
13402,node_01,1781252536,inference,,,normal_air,,false,0.08000000000000002,backend_rule_v0,2632,3607,2274,2918,27,35,39,21.8,52.3,true,normal_air,1781252538311
13403,node_01,1781252537,inference,,,normal_air,,false,0.08000000000000002,backend_rule_v0,2655,3648,2281,2917,26,35,39,21.8,52.3,true,normal_air,1781252539382
13404,node_01,1781252538,inference,,,normal_air,,false,0.08000000000000002,backend_rule_v0,2635,3595,2279,2914,26,35,38,21.8,52.2,true,normal_air,1781252540402
13405,node_01,1781252539,inference,,,normal_air,,false,0.08000000000000002,backend_rule_v0,2656,3649,2279,2919,26,35,38,21.8,52.2,true,normal_air,1781252541451
13406,node_01,1781252540,inference,,,normal_air,,false,0.072,backend_rule_v0,2635,3607,2276,2921,25,34,37,21.8,52.2,true,normal_air,1781252542498
13407,node_01,1781252541,inference,,,normal_air,,false,0.064,backend_rule_v0,2651,3656,2290,2915,24,33,36,21.8,52.2,true,normal_air,1781252543564
13408,node_01,1781252542,inference,,,normal_air,,false,0.064,backend_rule_v0,2633,3609,2274,2916,24,33,36,21.8,52.2,true,normal_air,1781252544589
13409,node_01,1781252544,inference,,,normal_air,,false,0.064,backend_rule_v0,2654,3654,2281,2919,24,33,35,21.8,52.2,true,normal_air,1781252545636
13410,node_01,1781252545,inference,,,normal_air,,false,0.05600000000000001,backend_rule_v0,2642,3598,2276,2918,23,32,34,21.8,52.3,true,normal_air,1781252546684
13411,node_01,1781252546,inference,,,normal_air,,false,0.05600000000000001,backend_rule_v0,2653,3652,2282,2915,23,32,33,21.8,52.3,true,normal_air,1781252547731
13412,node_01,1781252547,inference,,,normal_air,,false,0.05600000000000001,backend_rule_v0,2632,3601,2277,2918,23,32,33,21.8,52.3,true,normal_air,1781252548776
13413,node_01,1781252548,inference,,,normal_air,,false,0.064,backend_rule_v0,2657,3649,2289,2918,24,33,35,21.8,52.4,true,normal_air,1781252549830
13414,node_01,1781252549,inference,,,normal_air,,false,0.08000000000000002,backend_rule_v0,2634,3603,2264,2918,25,35,39,21.8,52.4,true,normal_air,1781252550870
13415,node_01,1781252550,inference,,,normal_air,,false,0.096,backend_rule_v0,2652,3655,2277,2916,26,37,42,21.8,52.4,true,normal_air,1781252551920
13416,node_01,1781252551,inference,,,normal_air,,false,0.11200000000000002,backend_rule_v0,2639,3607,2273,2919,28,39,45,21.7,52.7,true,normal_air,1781252552965
13417,node_01,1781252552,inference,,,normal_air,,false,0.12,backend_rule_v0,2655,3655,2283,2920,28,40,47,21.7,52.7,true,normal_air,1781252554012
13418,node_01,1781252553,inference,,,normal_air,,false,0.128,backend_rule_v0,2633,3604,2277,2917,29,41,48,21.7,52.7,true,normal_air,1781252555056
13419,node_01,1781252554,inference,,,normal_air,,false,0.144,backend_rule_v0,2656,3656,2291,2918,30,43,50,21.7,52.7,true,normal_air,1781252556107
13420,node_01,1781252555,inference,,,normal_air,,false,0.15200000000000002,backend_rule_v0,2634,3605,2274,2918,31,44,51,21.7,52.7,true,normal_air,1781252557157
13421,node_01,1781252556,inference,,,normal_air,,false,0.16000000000000003,backend_rule_v0,2652,3655,2281,2916,31,45,53,21.7,52.7,true,normal_air,1781252558200
13422,node_01,1781252557,inference,,,normal_air,,false,0.168,backend_rule_v0,2637,3605,2277,2918,32,46,54,21.7,52.9,true,normal_air,1781252559251
13423,node_01,1781252558,inference,,,normal_air,,false,0.16000000000000003,backend_rule_v0,2655,3645,2282,2915,31,45,53,21.7,52.9,true,normal_air,1781252560292
13424,node_01,1781252559,inference,,,normal_air,,false,0.15200000000000002,backend_rule_v0,2629,3609,2274,2916,31,44,51,21.7,52.9,true,normal_air,1781252561339
13425,node_01,1781252560,inference,,,normal_air,,false,0.144,backend_rule_v0,2654,3653,2289,2917,30,43,50,21.7,52.9,true,normal_air,1781252562396
13426,node_01,1781252561,inference,,,normal_air,,false,0.136,backend_rule_v0,2635,3604,2275,2920,29,42,49,21.7,52.9,true,normal_air,1781252563464
13427,node_01,1781252562,inference,,,normal_air,,false,0.128,backend_rule_v0,2653,3656,2282,2917,29,41,48,21.7,52.9,true,normal_air,1781252564481
13428,node_01,1781252563,inference,,,normal_air,,false,0.128,backend_rule_v0,2639,3603,2275,2915,29,41,48,21.7,53.1,true,normal_air,1781252565526
13429,node_01,1781252564,inference,,,normal_air,,false,0.128,backend_rule_v0,2655,3651,2281,2918,28,41,47,21.7,53.1,true,normal_air,1781252566573
13430,node_01,1781252566,inference,,,normal_air,,false,0.12,backend_rule_v0,2633,3603,2274,2918,28,40,47,21.7,53.1,true,normal_air,1781252567621
13431,node_01,1781252567,inference,,,normal_air,,false,0.12,backend_rule_v0,2653,3652,2289,2915,28,40,47,21.7,53.2,true,normal_air,1781252568671
13432,node_01,1781252568,inference,,,normal_air,,false,0.128,backend_rule_v0,2632,3603,2275,2917,29,41,48,21.7,53.2,true,normal_air,1781252569713
13433,node_01,1781252569,inference,,,normal_air,,false,0.136,backend_rule_v0,2655,3654,2280,2918,30,42,49,21.7,53.2,true,normal_air,1781252570784
13434,node_01,1781252570,inference,,,normal_air,,false,0.144,backend_rule_v0,2616,3604,2274,2919,31,43,50,21.7,53.3,true,normal_air,1781252571808
13435,node_01,1781252571,inference,,,normal_air,,false,0.144,backend_rule_v0,2650,3661,2284,2917,31,43,50,21.7,53.3,true,normal_air,1781252572862
13436,node_01,1781252572,inference,,,normal_air,,false,0.15200000000000002,backend_rule_v0,2632,3600,2275,2917,33,44,52,21.7,53.3,true,normal_air,1781252573909
13437,node_01,1781252573,inference,,,normal_air,,false,0.15200000000000002,backend_rule_v0,2651,3651,2287,2919,33,44,52,21.7,53.4,true,normal_air,1781252574958
13438,node_01,1781252574,inference,,,normal_air,,false,0.16000000000000003,backend_rule_v0,2615,3604,2276,2916,33,45,53,21.7,53.4,true,normal_air,1781252575996
13439,node_01,1781252575,inference,,,normal_air,,false,0.16000000000000003,backend_rule_v0,2655,3654,2282,2915,33,45,53,21.7,53.4,true,normal_air,1781252577047
13440,node_01,1781252576,inference,,,normal_air,,false,0.16000000000000003,backend_rule_v0,2634,3604,2276,2915,34,45,53,21.7,53.6,true,normal_air,1781252578095
13441,node_01,1781252577,inference,,,normal_air,,false,0.16000000000000003,backend_rule_v0,2652,3651,2283,2918,34,45,53,21.7,53.6,true,normal_air,1781252579155
13442,node_01,1781252578,inference,,,normal_air,,false,0.15200000000000002,backend_rule_v0,2631,3603,2278,2911,33,44,52,21.7,53.6,true,normal_air,1781252580184
13443,node_01,1781252579,inference,,,normal_air,,false,0.144,backend_rule_v0,2652,3655,2286,2920,33,43,50,21.7,53.7,true,normal_air,1781252581381
13444,node_01,1781252580,inference,,,normal_air,,false,0.136,backend_rule_v0,2631,3601,2276,2910,31,42,49,21.7,53.7,true,normal_air,1781252582281
13445,node_01,1781252581,inference,,,normal_air,,false,0.128,backend_rule_v0,2651,3658,2282,2916,31,41,48,21.7,53.7,true,normal_air,1781252583485
13446,node_01,1781252582,inference,,,normal_air,,false,0.12,backend_rule_v0,2641,3606,2275,2915,30,40,47,21.7,53.7,true,normal_air,1781252584374
13447,node_01,1781252583,inference,,,normal_air,,false,0.11200000000000002,backend_rule_v0,2650,3652,2280,2918,30,39,46,21.7,53.7,true,normal_air,1781252585423
13448,node_01,1781252584,inference,,,normal_air,,false,0.11200000000000002,backend_rule_v0,2633,3605,2274,2912,29,39,45,21.7,53.7,true,normal_air,1781252586467
13449,node_01,1781252585,inference,,,normal_air,,false,0.096,backend_rule_v0,2651,3657,2288,2921,28,37,43,21.7,53.9,true,normal_air,1781252587516
13450,node_01,1781252586,inference,,,normal_air,,false,0.08800000000000001,backend_rule_v0,2629,3603,2275,2920,28,36,42,21.7,53.9,true,normal_air,1781252588555
13451,node_01,1781252588,inference,,,normal_air,,false,0.08000000000000002,backend_rule_v0,2650,3651,2279,2917,27,35,40,21.7,53.9,true,normal_air,1781252589605
13452,node_01,1781252589,inference,,,normal_air,,false,0.08000000000000002,backend_rule_v0,2636,3603,2273,2915,26,35,39,21.6,54,true,normal_air,1781252590657
13453,node_01,1781252590,inference,,,normal_air,,false,0.072,backend_rule_v0,2652,3658,2281,2916,26,34,38,21.6,54,true,normal_air,1781252591704
13454,node_01,1781252591,inference,,,normal_air,,false,0.064,backend_rule_v0,2637,3600,2276,2911,25,33,37,21.6,54,true,normal_air,1781252592755
13455,node_01,1781252592,inference,,,normal_air,,false,0.064,backend_rule_v0,2657,3650,2284,2914,24,33,36,21.6,54,true,normal_air,1781252593812
13456,node_01,1781252593,inference,,,normal_air,,false,0.05600000000000001,backend_rule_v0,2630,3610,2276,2920,24,32,35,21.6,54,true,normal_air,1781252594842
13457,node_01,1781252594,inference,,,normal_air,,false,0.05600000000000001,backend_rule_v0,2650,3655,2280,2915,23,32,34,21.6,54,true,normal_air,1781252595888
13458,node_01,1781252595,inference,,,normal_air,,false,0.05600000000000001,backend_rule_v0,2636,3605,2275,2916,23,32,33,21.6,54.2,true,normal_air,1781252596933
13459,node_01,1781252596,inference,,,normal_air,,false,0.05600000000000001,backend_rule_v0,2654,3654,2279,2916,23,32,33,21.6,54.2,true,normal_air,1781252597983
13460,node_01,1781252597,inference,,,normal_air,,false,0.05600000000000001,backend_rule_v0,2632,3605,2275,2918,23,32,33,21.6,54.2,true,normal_air,1781252599023
13461,node_01,1781252598,inference,,,normal_air,,false,0.05600000000000001,backend_rule_v0,2649,3652,2289,2915,23,32,34,21.6,54.3,true,normal_air,1781252600091
13462,node_01,1781252599,inference,,,normal_air,,false,0.064,backend_rule_v0,2630,3609,2274,2916,24,33,36,21.6,54.3,true,normal_air,1781252601138
13463,node_01,1781252600,inference,,,normal_air,,false,0.072,backend_rule_v0,2651,3654,2277,2919,25,34,37,21.6,54.3,true,normal_air,1781252602172
13464,node_01,1781252601,inference,,,normal_air,,false,0.08000000000000002,backend_rule_v0,2639,3608,2273,2922,26,35,38,21.6,54.4,true,normal_air,1781252603212
13465,node_01,1781252602,inference,,,normal_air,,false,0.08000000000000002,backend_rule_v0,2653,3654,2280,2919,26,35,40,21.6,54.4,true,normal_air,1781252604308
13466,node_01,1781252603,inference,,,normal_air,,false,0.08800000000000001,backend_rule_v0,2630,3606,2273,2919,27,36,41,21.6,54.4,true,normal_air,1781252605308
13467,node_01,1781252604,inference,,,normal_air,,false,0.08800000000000001,backend_rule_v0,2652,3652,2291,2916,28,36,42,21.6,54.6,true,normal_air,1781252606359
13468,node_01,1781252605,inference,,,normal_air,,false,0.096,backend_rule_v0,2630,3602,2275,2920,28,37,43,21.6,54.6,true,normal_air,1781252607400
13469,node_01,1781252606,inference,,,normal_air,,false,0.096,backend_rule_v0,2656,3651,2282,2915,28,37,43,21.6,54.6,true,normal_air,1781252608448
13470,node_01,1781252607,inference,,,normal_air,,false,0.096,backend_rule_v0,2639,3568,2274,2915,28,37,43,21.6,54.6,true,normal_air,1781252610381
13471,node_01,1781252608,inference,,,normal_air,,false,0.08800000000000001,backend_rule_v0,2654,3652,2281,2916,28,36,42,21.6,54.6,true,normal_air,1781252610544
13472,node_01,1781252609,inference,,,normal_air,,false,0.08800000000000001,backend_rule_v0,2632,3605,2275,2919,27,36,41,21.6,54.6,true,normal_air,1781252611588
13473,node_01,1781252611,inference,,,normal_air,,false,0.08000000000000002,backend_rule_v0,2652,3652,2287,2917,26,35,40,21.6,54.8,true,normal_air,1781252612633
13474,node_01,1781252612,inference,,,normal_air,,false,0.08000000000000002,backend_rule_v0,2632,3607,2277,2922,26,35,40,21.6,54.8,true,normal_air,1781252613715
13475,node_01,1781252613,inference,,,normal_air,,false,0.08000000000000002,backend_rule_v0,2656,3659,2280,2916,25,35,39,21.6,54.8,true,normal_air,1781252614731
13476,node_01,1781252614,inference,,,normal_air,,false,0.072,backend_rule_v0,2638,3600,2272,2918,24,34,38,21.6,54.8,true,normal_air,1781252615778
13477,node_01,1781252615,inference,,,normal_air,,false,0.064,backend_rule_v0,2654,3653,2281,2918,24,33,37,21.6,54.8,true,normal_air,1781252616818
13478,node_01,1781252616,inference,,,normal_air,,false,0.064,backend_rule_v0,2628,3595,2278,2912,23,33,36,21.6,54.8,true,normal_air,1781252617869
13479,node_01,1781252617,inference,,,normal_air,,false,0.064,backend_rule_v0,2656,3659,2286,2915,23,33,35,21.6,55,true,normal_air,1781252618917
13480,node_01,1781252618,inference,,,normal_air,,false,0.05600000000000001,backend_rule_v0,2632,3611,2273,2922,23,32,34,21.6,55,true,normal_air,1781252619975
13481,node_01,1781252619,inference,,,normal_air,,false,0.05600000000000001,backend_rule_v0,2645,3647,2280,2918,22,32,34,21.6,55,true,normal_air,1781252621011
13482,node_01,1781252620,inference,,,normal_air,,false,0.05600000000000001,backend_rule_v0,2638,3583,2276,2917,22,32,33,21.6,55.2,true,normal_air,1781252622053
13483,node_01,1781252621,inference,,,normal_air,,false,0.04000000000000001,backend_rule_v0,2655,3653,2281,2917,22,30,31,21.6,55.2,true,normal_air,1781252623111
13484,node_01,1781252622,inference,,,normal_air,,false,0.04000000000000001,backend_rule_v0,2627,3608,2276,2918,22,30,31,21.6,55.2,true,normal_air,1781252624155
13485,node_01,1781252623,inference,,,normal_air,,false,0.04000000000000001,backend_rule_v0,2650,3650,2288,2919,22,30,31,21.6,55.2,true,normal_air,1781252625196
13486,node_01,1781252624,inference,,,normal_air,,false,0.05600000000000001,backend_rule_v0,2632,3602,2279,2912,22,32,33,21.6,55.2,true,normal_air,1781252626246
13487,node_01,1781252625,inference,,,normal_air,,false,0.05600000000000001,backend_rule_v0,2648,3654,2280,2916,23,32,33,21.6,55.2,true,normal_air,1781252627289
13488,node_01,1781252626,inference,,,normal_air,,false,0.05600000000000001,backend_rule_v0,2636,3599,2277,2914,23,32,34,21.6,55.4,true,normal_air,1781252628334
13489,node_01,1781252627,inference,,,normal_air,,false,0.05600000000000001,backend_rule_v0,2649,3653,2279,2915,23,32,34,21.6,55.4,true,normal_air,1781252629392
13490,node_01,1781252628,inference,,,normal_air,,false,0.064,backend_rule_v0,2633,3613,2276,2921,23,33,35,21.6,55.4,true,normal_air,1781252630449
13491,node_01,1781252629,inference,,,normal_air,,false,0.064,backend_rule_v0,2634,3651,2284,2917,24,33,35,21.6,55.5,true,normal_air,1781252631473
13492,node_01,1781252630,inference,,,normal_air,,false,0.064,backend_rule_v0,2619,3601,2276,2916,24,33,35,21.6,55.5,true,normal_air,1781252632530
13493,node_01,1781252631,inference,,,normal_air,,false,0.05600000000000001,backend_rule_v0,2635,3640,2278,2916,23,32,35,21.6,55.5,true,normal_air,1781252633566
13494,node_01,1781252633,inference,,,normal_air,,false,0.05600000000000001,backend_rule_v0,2639,3604,2275,2920,23,32,34,21.6,55.7,true,normal_air,1781252634629
13495,node_01,1781252634,inference,,,normal_air,,false,0.05600000000000001,backend_rule_v0,2651,3655,2280,2912,22,32,34,21.6,55.7,true,normal_air,1781252635663
13496,node_01,1781252635,inference,,,normal_air,,false,0.05600000000000001,backend_rule_v0,2629,3606,2272,2914,23,32,34,21.6,55.7,true,normal_air,1781252636706
13497,node_01,1781252636,inference,,,normal_air,,false,0.05600000000000001,backend_rule_v0,2649,3650,2284,2917,23,32,34,21.6,55.6,true,normal_air,1781252637787
13498,node_01,1781252637,inference,,,normal_air,,false,0.05600000000000001,backend_rule_v0,2627,3598,2271,2914,23,32,33,21.6,55.6,true,normal_air,1781252638807
13499,node_01,1781252638,inference,,,normal_air,,false,0.04000000000000001,backend_rule_v0,2648,3653,2279,2918,22,30,33,21.6,55.6,true,normal_air,1781252639936
13500,node_01,1781252639,inference,,,normal_air,,false,0.04000000000000001,backend_rule_v0,2633,3596,2273,2917,22,30,31,21.6,55.7,true,normal_air,1781252640893
13501,node_01,1781252640,inference,,,normal_air,,false,0.04000000000000001,backend_rule_v0,2650,3653,2277,2912,22,30,31,21.6,55.7,true,normal_air,1781252641941
13502,node_01,1781252641,inference,,,normal_air,,false,0.04000000000000001,backend_rule_v0,2630,3609,2274,2920,22,30,30,21.6,55.7,true,normal_air,1781252642990
13503,node_01,1781252642,inference,,,normal_air,,false,0.032,backend_rule_v0,2652,3653,2282,2914,22,29,30,21.6,55.9,true,normal_air,1781252644038
13504,node_01,1781252643,inference,,,normal_air,,false,0.032,backend_rule_v0,2629,3604,2273,2914,21,29,30,21.6,55.9,true,normal_air,1781252645086
13505,node_01,1781252644,inference,,,normal_air,,false,0.024,backend_rule_v0,2652,3660,2276,2913,21,28,29,21.6,55.9,true,normal_air,1781252646130
13506,node_01,1781252645,inference,,,normal_air,,false,0.024,backend_rule_v0,2638,3604,2274,2918,21,28,29,21.6,55.9,true,normal_air,1781252647180
13507,node_01,1781252646,inference,,,normal_air,,false,0.016,backend_rule_v0,2652,3655,2278,2917,21,27,28,21.6,55.9,true,normal_air,1781252648226
13508,node_01,1781252647,inference,,,normal_air,,false,0.016,backend_rule_v0,2626,3604,2274,2917,20,27,28,21.6,55.9,true,normal_air,1781252649276
13509,node_01,1781252648,inference,,,normal_air,,false,0.008,backend_rule_v0,2649,3657,2285,2915,20,26,27,21.5,56,true,normal_air,1781252650315
13510,node_01,1781252649,inference,,,normal_air,,false,0.008,backend_rule_v0,2627,3609,2274,2918,20,26,27,21.5,56,true,normal_air,1781252651362
13511,node_01,1781252650,inference,,,normal_air,,false,0,backend_rule_v0,2652,3653,2280,2918,20,25,26,21.5,56,true,normal_air,1781252652414
13512,node_01,1781252651,inference,,,normal_air,,false,0,backend_rule_v0,2636,3607,2274,2918,19,25,26,21.6,56.2,true,normal_air,1781252653462
13513,node_01,1781252652,inference,,,normal_air,,false,0,backend_rule_v0,2649,3657,2279,2911,19,25,26,21.6,56.2,true,normal_air,1781252654509
13514,node_01,1781252653,inference,,,normal_air,,false,0,backend_rule_v0,2628,3604,2273,2916,19,25,26,21.6,56.2,true,normal_air,1781252655550
13515,node_01,1781252655,inference,,,normal_air,,false,0,backend_rule_v0,2649,3652,2287,2916,19,25,26,21.6,56.2,true,normal_air,1781252656648
13516,node_01,1781252656,inference,,,normal_air,,false,0,backend_rule_v0,2627,3603,2275,2911,19,25,26,21.6,56.2,true,normal_air,1781252657647
13517,node_01,1781252657,inference,,,normal_air,,false,0,backend_rule_v0,2651,3652,2278,2915,19,25,26,21.6,56.2,true,normal_air,1781252658696
13518,node_01,1781252658,inference,,,normal_air,,false,0,backend_rule_v0,2615,3601,2274,2915,19,24,25,21.5,56.3,true,normal_air,1781252659734
13519,node_01,1781252659,inference,,,normal_air,,false,0,backend_rule_v0,2651,3663,2280,2917,18,24,25,21.5,56.3,true,normal_air,1781252660783
13520,node_01,1781252660,inference,,,normal_air,,false,0,backend_rule_v0,2630,3605,2273,2915,18,24,25,21.5,56.3,true,normal_air,1781252661834
13521,node_01,1781252661,inference,,,normal_air,,false,0,backend_rule_v0,2652,3650,2282,2918,18,24,25,21.6,56.4,true,normal_air,1781252662875
13522,node_01,1781252662,inference,,,normal_air,,false,0,backend_rule_v0,2630,3597,2273,2918,18,24,25,21.6,56.4,true,normal_air,1781252663923
13523,node_01,1781252663,inference,,,normal_air,,false,0,backend_rule_v0,2649,3656,2278,2917,18,24,25,21.6,56.4,true,normal_air,1781252664970
13524,node_01,1781252664,inference,,,normal_air,,false,0,backend_rule_v0,2639,3611,2272,2919,20,25,26,21.5,56.5,true,normal_air,1781252666021
13525,node_01,1781252665,inference,,,normal_air,,false,0.016,backend_rule_v0,2649,3651,2275,2917,21,27,28,21.5,56.5,true,normal_air,1781252667069
13526,node_01,1781252666,inference,,,normal_air,,false,0.032,backend_rule_v0,2627,3573,2273,2914,22,29,30,21.5,56.5,true,normal_air,1781252668112
13527,node_01,1781252667,inference,,,normal_air,,false,0.04000000000000001,backend_rule_v0,2650,3660,2286,2915,23,30,33,21.5,56.5,true,normal_air,1781252669155
13528,node_01,1781252668,inference,,,normal_air,,false,0.05600000000000001,backend_rule_v0,2631,3605,2272,2921,24,32,35,21.5,56.5,true,normal_air,1781252670201
13529,node_01,1781252669,inference,,,normal_air,,false,0.064,backend_rule_v0,2646,3652,2278,2916,25,33,37,21.5,56.5,true,normal_air,1781252671267
13530,node_01,1781252670,inference,,,normal_air,,false,0.072,backend_rule_v0,2636,3607,2273,2916,26,34,38,21.5,56.5,true,normal_air,1781252672303
13531,node_01,1781252671,inference,,,normal_air,,false,0.08000000000000002,backend_rule_v0,2651,3650,2279,2916,26,35,39,21.5,56.5,true,normal_air,1781252673342
13532,node_01,1781252672,inference,,,normal_air,,false,0.08800000000000001,backend_rule_v0,2628,3603,2271,2917,28,36,41,21.5,56.5,true,normal_air,1781252674393
13533,node_01,1781252673,inference,,,normal_air,,false,0.08800000000000001,backend_rule_v0,2636,3650,2284,2915,28,36,42,21.5,56.6,true,normal_air,1781252675442
13534,node_01,1781252674,inference,,,normal_air,,false,0.08800000000000001,backend_rule_v0,2631,3610,2273,2918,28,36,41,21.5,56.6,true,normal_air,1781252676491
13535,node_01,1781252675,inference,,,normal_air,,false,0.08000000000000002,backend_rule_v0,2649,3659,2277,2916,27,35,39,21.5,56.6,true,normal_air,1781252677535
13536,node_01,1781252676,inference,,,normal_air,,false,0.072,backend_rule_v0,2632,3605,2261,2914,26,34,38,21.5,56.7,true,normal_air,1781252678592
13537,node_01,1781252678,inference,,,normal_air,,false,0.064,backend_rule_v0,2636,3655,2264,2916,26,33,37,21.5,56.7,true,normal_air,1781252679651
13538,node_01,1781252679,inference,,,normal_air,,false,0.064,backend_rule_v0,2586,3601,2261,2920,26,33,36,21.5,56.7,true,normal_air,1781252680715
13539,node_01,1781252680,inference,,,normal_air,,false,0.05600000000000001,backend_rule_v0,2634,3655,2268,2914,25,32,35,21.5,56.8,true,normal_air,1781252682318
13540,node_01,1781252681,inference,,,normal_air,,false,0.05600000000000001,backend_rule_v0,2615,3603,2258,2915,24,32,34,21.5,56.8,true,normal_air,1781252682764
13541,node_01,1781252682,inference,,,normal_air,,false,0.064,backend_rule_v0,2633,3656,2263,2914,25,33,36,21.5,56.8,true,normal_air,1781252683814
13542,node_01,1781252683,inference,,,normal_air,,false,0.064,backend_rule_v0,2619,3605,2261,2915,26,33,37,21.5,56.9,true,normal_air,1781252684857
13543,node_01,1781252684,inference,,,normal_air,,false,0.08000000000000002,backend_rule_v0,2631,3653,2264,2914,26,35,39,21.5,56.9,true,normal_air,1781252685908
13544,node_01,1781252685,inference,,,normal_air,,false,0.08000000000000002,backend_rule_v0,2613,3573,2258,2920,27,35,40,21.5,56.9,true,normal_air,1781252686958
13545,node_01,1781252686,inference,,,normal_air,,false,0.08800000000000001,backend_rule_v0,2635,3654,2272,2917,28,36,41,21.5,57,true,normal_air,1781252688005
13546,node_01,1781252687,inference,,,normal_air,,false,0.096,backend_rule_v0,2614,3605,2259,2916,28,37,43,21.5,57,true,normal_air,1781252689046
13547,node_01,1781252688,inference,,,normal_air,,false,0.10400000000000001,backend_rule_v0,2634,3658,2267,2915,28,38,45,21.5,57,true,normal_air,1781252690094
13548,node_01,1781252689,inference,,,normal_air,,false,0.11200000000000002,backend_rule_v0,2621,3602,2259,2916,28,39,45,21.5,57.1,true,normal_air,1781252691144
13549,node_01,1781252690,inference,,,normal_air,,false,0.11200000000000002,backend_rule_v0,2635,3652,2263,2920,29,39,46,21.5,57.1,true,normal_air,1781252692186
13550,node_01,1781252691,inference,,,normal_air,,false,0.12,backend_rule_v0,2613,3607,2259,2921,29,40,47,21.5,57.1,true,normal_air,1781252693234
13551,node_01,1781252692,inference,,,normal_air,,false,0.11200000000000002,backend_rule_v0,2633,3655,2269,2917,29,39,45,21.5,57.2,true,normal_air,1781252694290
13552,node_01,1781252693,inference,,,normal_air,,false,0.11200000000000002,backend_rule_v0,2610,3598,2260,2918,28,39,45,21.5,57.2,true,normal_air,1781252695330
13553,node_01,1781252694,inference,,,normal_air,,false,0.10400000000000001,backend_rule_v0,2633,3651,2266,2917,28,38,43,21.5,57.2,true,normal_air,1781252696374
13554,node_01,1781252695,inference,,,normal_air,,false,0.08800000000000001,backend_rule_v0,2617,3601,2260,2917,27,36,41,21.5,57.3,true,normal_air,1781252697417
13555,node_01,1781252696,inference,,,normal_air,,false,0.08800000000000001,backend_rule_v0,2635,3658,2265,2915,26,36,40,21.5,57.3,true,normal_air,1781252698473
13556,node_01,1781252697,inference,,,normal_air,,false,0.08000000000000002,backend_rule_v0,2611,3602,2259,2914,26,35,39,21.5,57.3,true,normal_air,1781252699515
13557,node_01,1781252698,inference,,,normal_air,,false,0.08800000000000001,backend_rule_v0,2632,3657,2270,2916,26,36,40,21.5,57.3,true,normal_air,1781252700564
13558,node_01,1781252700,inference,,,normal_air,,false,0.08800000000000001,backend_rule_v0,2613,3595,2258,2914,26,36,40,21.5,57.3,true,normal_air,1781252701603
13559,node_01,1781252701,inference,,,normal_air,,false,0.08800000000000001,backend_rule_v0,2632,3652,2262,2913,27,36,41,21.5,57.3,true,normal_air,1781252702658
13560,node_01,1781252702,inference,,,normal_air,,false,0.08800000000000001,backend_rule_v0,2619,3607,2259,2917,27,36,41,21.5,57.3,true,normal_air,1781252703700
13561,node_01,1781252703,inference,,,normal_air,,false,0.096,backend_rule_v0,2636,3652,2266,2919,27,37,42,21.5,57.3,true,normal_air,1781252704750
13562,node_01,1781252704,inference,,,normal_air,,false,0.096,backend_rule_v0,2610,3600,2258,2915,28,37,42,21.5,57.3,true,normal_air,1781252705797
13563,node_01,1781252705,inference,,,normal_air,,false,0.096,backend_rule_v0,2632,3650,2274,2918,28,37,42,21.5,57.4,true,normal_air,1781252706838
13564,node_01,1781252706,inference,,,normal_air,,false,0.10400000000000001,backend_rule_v0,2612,3601,2261,2916,28,38,43,21.5,57.4,true,normal_air,1781252707887
13565,node_01,1781252707,inference,,,normal_air,,false,0.10400000000000001,backend_rule_v0,2631,3651,2265,2918,28,38,43,21.5,57.4,true,normal_air,1781252708936
13566,node_01,1781252708,inference,,,normal_air,,false,0.10400000000000001,backend_rule_v0,2617,3597,2261,2912,28,38,43,21.5,57.6,true,normal_air,1781252709983
13567,node_01,1781252709,inference,,,normal_air,,false,0.096,backend_rule_v0,2631,3648,2265,2918,28,37,42,21.5,57.6,true,normal_air,1781252711027
13568,node_01,1781252710,inference,,,normal_air,,false,0.08800000000000001,backend_rule_v0,2613,3598,2260,2918,28,36,41,21.5,57.6,true,normal_air,1781252712076
13569,node_01,1781252711,inference,,,normal_air,,false,0.08800000000000001,backend_rule_v0,2629,3648,2269,2913,27,36,41,21.5,57.6,true,normal_air,1781252713384
13570,node_01,1781252712,inference,,,normal_air,,false,0.11200000000000002,backend_rule_v0,2610,3601,2258,2914,28,39,45,21.5,57.6,true,normal_air,1781252714173
13571,node_01,1781252713,inference,,,normal_air,,false,0.128,backend_rule_v0,2633,3651,2266,2918,29,41,48,21.5,57.6,true,normal_air,1781252715220
13572,node_01,1781252714,inference,,,normal_air,,false,0.144,backend_rule_v0,2654,3605,2284,2917,30,43,50,21.5,57.7,true,normal_air,1781252716264
13573,node_01,1781252715,inference,,,normal_air,,false,0.16000000000000003,backend_rule_v0,2668,3656,2290,2916,31,45,54,21.5,57.7,true,normal_air,1781252717307
13574,node_01,1781252716,inference,,,normal_air,,false,0.17600000000000002,backend_rule_v0,2643,3598,2285,2912,32,47,56,21.5,57.7,true,normal_air,1781252718354
13575,node_01,1781252717,inference,,,normal_air,,false,0.18400000000000002,backend_rule_v0,2670,3646,2296,2918,33,48,58,21.5,57.7,true,normal_air,1781252719408
13576,node_01,1781252718,inference,,,normal_air,,false,0.2,backend_rule_v0,2643,3604,2285,2915,33,50,61,21.5,57.7,true,normal_air,1781252720456
13577,node_01,1781252719,inference,,,normal_air,,false,0.2,backend_rule_v0,2653,3652,2291,2917,34,51,62,21.5,57.7,true,normal_air,1781252721496
13578,node_01,1781252720,inference,,,normal_air,,false,0.2,backend_rule_v0,2651,3564,2287,2911,35,52,63,21.5,57.9,true,normal_air,1781252722890
13579,node_01,1781252721,inference,,,normal_air,,false,0.2,backend_rule_v0,2663,3655,2290,2912,35,53,64,21.5,57.9,true,normal_air,1781252723588
13580,node_01,1781252723,inference,,,normal_air,,false,0.2,backend_rule_v0,2643,3600,2284,2915,35,53,65,21.5,57.9,true,normal_air,1781252724640
13581,node_01,1781252724,inference,,,normal_air,,false,0.2,backend_rule_v0,2666,3654,2297,2915,36,53,64,21.5,57.8,true,normal_air,1781252725682
13582,node_01,1781252725,inference,,,normal_air,,false,0.2,backend_rule_v0,2626,3603,2286,2918,35,52,64,21.5,57.8,true,normal_air,1781252726781
13583,node_01,1781252726,inference,,,normal_air,,false,0.2,backend_rule_v0,2668,3652,2290,2919,35,52,63,21.5,57.8,true,normal_air,1781252727777
13584,node_01,1781252727,inference,,,normal_air,,false,0.2,backend_rule_v0,2650,3608,2285,2917,35,52,63,21.5,57.9,true,normal_air,1781252728826
13585,node_01,1781252728,inference,,,normal_air,,false,0.2,backend_rule_v0,2666,3655,2290,2916,35,52,63,21.5,57.9,true,normal_air,1781252729873
13586,node_01,1781252729,inference,,,normal_air,,false,0.2,backend_rule_v0,2644,3601,2285,2916,35,51,62,21.5,57.9,true,normal_air,1781252730917
13587,node_01,1781252730,inference,,,normal_air,,false,0.2,backend_rule_v0,2665,3652,2298,2916,35,51,62,21.5,58,true,normal_air,1781252731965
13588,node_01,1781252731,inference,,,normal_air,,false,0.2,backend_rule_v0,2644,3601,2285,2916,35,51,62,21.5,58,true,normal_air,1781252733034
13589,node_01,1781252732,inference,,,normal_air,,false,0.2,backend_rule_v0,2670,3651,2289,2917,34,51,62,21.5,58,true,normal_air,1781252734060
13590,node_01,1781252733,inference,,,normal_air,,false,0.2,backend_rule_v0,2651,3600,2284,2917,34,50,60,21.5,58,true,normal_air,1781252735107
13591,node_01,1781252734,inference,,,normal_air,,false,0.18400000000000002,backend_rule_v0,2666,3651,2289,2917,33,48,58,21.5,58,true,normal_air,1781252736191
13592,node_01,1781252735,inference,,,normal_air,,false,0.17600000000000002,backend_rule_v0,2602,3597,2287,2916,32,47,56,21.5,58,true,normal_air,1781252737201
13593,node_01,1781252736,inference,,,normal_air,,false,0.168,backend_rule_v0,2667,3657,2299,2920,31,46,55,21.5,57.9,true,normal_air,1781252738243
13594,node_01,1781252737,inference,,,normal_air,,false,0.16000000000000003,backend_rule_v0,2641,3602,2284,2917,30,45,53,21.5,57.9,true,normal_air,1781252739291
13595,node_01,1781252738,inference,,,normal_air,,false,0.144,backend_rule_v0,2664,3653,2292,2917,30,43,51,21.5,57.9,true,normal_air,1781252740336
13596,node_01,1781252739,inference,,,normal_air,,false,0.136,backend_rule_v0,2649,3602,2287,2914,29,42,50,21.5,58.1,true,normal_air,1781252741392
13597,node_01,1781252740,inference,,,normal_air,,false,0.128,backend_rule_v0,2668,3657,2290,2914,28,41,49,21.5,58.1,true,normal_air,1781252742449
13598,node_01,1781252741,inference,,,normal_air,,false,0.12,backend_rule_v0,2643,3593,2283,2914,28,40,47,21.5,58.1,true,normal_air,1781252743675
13599,node_01,1781252742,inference,,,normal_air,,false,0.11200000000000002,backend_rule_v0,2645,3650,2296,2916,27,39,46,21.5,58.1,true,normal_air,1781252744532
13600,node_01,1781252743,inference,,,normal_air,,false,0.10400000000000001,backend_rule_v0,2643,3606,2286,2916,26,38,45,21.5,58.1,true,normal_air,1781252745583
13601,node_01,1781252745,inference,,,normal_air,,false,0.096,backend_rule_v0,2667,3655,2290,2918,26,37,43,21.5,58.1,true,normal_air,1781252746616
13602,node_01,1781252746,inference,,,normal_air,,false,0.096,backend_rule_v0,2650,3601,2285,2914,26,37,43,21.5,58.2,true,normal_air,1781252747688
13603,node_01,1781252747,inference,,,normal_air,,false,0.096,backend_rule_v0,2665,3658,2291,2915,26,37,43,21.5,58.2,true,normal_air,1781252748716
13604,node_01,1781252748,inference,,,normal_air,,false,0.096,backend_rule_v0,2644,3610,2285,2913,27,37,43,21.5,58.2,true,normal_air,1781252749835
13605,node_01,1781252749,inference,,,normal_air,,false,0.10400000000000001,backend_rule_v0,2664,3655,2299,2915,27,38,45,21.5,58.2,true,normal_air,1781252750808
13606,node_01,1781252750,inference,,,normal_air,,false,0.10400000000000001,backend_rule_v0,2644,3594,2284,2913,28,38,45,21.5,58.2,true,normal_air,1781252752817
13607,node_01,1781252751,inference,,,normal_air,,false,0.096,backend_rule_v0,2664,3652,2293,2916,27,37,44,21.5,58.2,true,normal_air,1781252752907
13608,node_01,1781252752,inference,,,normal_air,,false,0.10400000000000001,backend_rule_v0,2650,3590,2283,2917,27,38,44,21.5,58.2,true,normal_air,1781252753992
13609,node_01,1781252753,inference,,,normal_air,,false,0.10400000000000001,backend_rule_v0,2649,3659,2290,2916,27,38,44,21.5,58.2,true,normal_air,1781252758782
13610,node_01,1781252754,inference,,,normal_air,,false,0.11200000000000002,backend_rule_v0,2645,3603,2287,2919,28,39,45,21.5,58.2,true,normal_air,1781252758857
13611,node_01,1781252755,inference,,,normal_air,,false,0.11200000000000002,backend_rule_v0,2666,3654,2300,2920,29,39,45,21.5,58.4,true,normal_air,1781252761279
13612,node_01,1781252756,inference,,,normal_air,,false,0.10400000000000001,backend_rule_v0,2645,3606,2283,2918,28,38,45,21.5,58.4,true,normal_air,1781252761383
13613,node_01,1781252757,inference,,,normal_air,,false,0.096,backend_rule_v0,2666,3655,2291,2917,28,37,43,21.5,58.4,true,normal_air,1781252761469
13614,node_01,1781252758,inference,,,normal_air,,false,0.08800000000000001,backend_rule_v0,2654,3601,2285,2916,28,36,41,21.5,58.4,true,normal_air,1781252761501
13615,node_01,1781252759,inference,,,normal_air,,false,0.08000000000000002,backend_rule_v0,2669,3653,2291,2917,27,35,40,21.5,58.4,true,normal_air,1781252761525
13616,node_01,1781252760,inference,,,normal_air,,false,0.08000000000000002,backend_rule_v0,2643,3591,2282,2914,26,35,39,21.5,58.4,true,normal_air,1781252762329
13617,node_01,1781252761,inference,,,normal_air,,false,0.072,backend_rule_v0,2666,3648,2295,2916,26,34,38,21.5,58.4,true,normal_air,1781252763374
13618,node_01,1781252762,inference,,,normal_air,,false,0.064,backend_rule_v0,2643,3596,2284,2912,26,33,37,21.5,58.4,true,normal_air,1781252764902
13619,node_01,1781252763,inference,,,normal_air,,false,0.064,backend_rule_v0,2667,3653,2290,2913,25,33,36,21.5,58.4,true,normal_air,1781252765462
13620,node_01,1781252764,inference,,,normal_air,,false,0.05600000000000001,backend_rule_v0,2649,3597,2284,2916,24,32,35,21.5,58.4,true,normal_air,1781252766529
13621,node_01,1781252765,inference,,,normal_air,,false,0.05600000000000001,backend_rule_v0,2665,3651,2289,2913,24,32,35,21.5,58.4,true,normal_air,1781252767559
13622,node_01,1781252767,inference,,,normal_air,,false,0.05600000000000001,backend_rule_v0,2644,3599,2285,2912,24,32,34,21.5,58.4,true,normal_air,1781252768601
13623,node_01,1781252768,inference,,,normal_air,,false,0.05600000000000001,backend_rule_v0,2665,3650,2296,2913,23,32,33,21.5,58.5,true,normal_air,1781252769648
13624,node_01,1781252769,inference,,,normal_air,,false,0.04000000000000001,backend_rule_v0,2645,3607,2285,2918,23,30,33,21.5,58.5,true,normal_air,1781252770698
13625,node_01,1781252770,inference,,,normal_air,,false,0.05600000000000001,backend_rule_v0,2665,3655,2292,2914,23,32,34,21.5,58.5,true,normal_air,1781252771740
13626,node_01,1781252771,inference,,,normal_air,,false,0.05600000000000001,backend_rule_v0,2650,3602,2285,2918,24,32,35,21.5,58.5,true,normal_air,1781252772785
13627,node_01,1781252772,inference,,,normal_air,,false,0.05600000000000001,backend_rule_v0,2668,3649,2289,2918,23,32,35,21.5,58.5,true,normal_air,1781252773837
13628,node_01,1781252773,inference,,,normal_air,,false,0.064,backend_rule_v0,2644,3603,2284,2915,24,33,36,21.5,58.5,true,normal_air,1781252774888
13629,node_01,1781252774,inference,,,normal_air,,false,0.072,backend_rule_v0,2667,3652,2297,2919,24,34,37,21.5,58.6,true,normal_air,1781252775932
13630,node_01,1781252775,inference,,,normal_air,,false,0.072,backend_rule_v0,2644,3605,2286,2917,25,34,38,21.5,58.6,true,normal_air,1781252776977
13631,node_01,1781252776,inference,,,normal_air,,false,0.08000000000000002,backend_rule_v0,2663,3655,2289,2914,25,35,39,21.5,58.6,true,normal_air,1781252778018
13632,node_01,1781252777,inference,,,normal_air,,false,0.08000000000000002,backend_rule_v0,2651,3602,2284,2913,26,35,40,21.6,58.7,true,normal_air,1781252779069
13633,node_01,1781252778,inference,,,normal_air,,false,0.096,backend_rule_v0,2665,3650,2292,2914,28,37,42,21.6,58.7,true,normal_air,1781252780120
13634,node_01,1781252779,inference,,,normal_air,,false,0.10400000000000001,backend_rule_v0,2644,3597,2284,2914,28,38,43,21.6,58.7,true,normal_air,1781252781170
13635,node_01,1781252780,inference,,,normal_air,,false,0.096,backend_rule_v0,2666,3654,2296,2916,28,37,42,21.5,58.7,true,normal_air,1781252782214
13636,node_01,1781252781,inference,,,normal_air,,false,0.08800000000000001,backend_rule_v0,2643,3605,2285,2914,27,36,41,21.5,58.7,true,normal_air,1781252783254
13637,node_01,1781252782,inference,,,normal_air,,false,0.08800000000000001,backend_rule_v0,2667,3656,2292,2915,26,36,40,21.5,58.7,true,normal_air,1781252784299
13638,node_01,1781252783,inference,,,normal_air,,false,0.08000000000000002,backend_rule_v0,2650,3592,2284,2915,26,35,39,21.5,58.7,true,normal_air,1781252785351
13639,node_01,1781252784,inference,,,normal_air,,false,0.08000000000000002,backend_rule_v0,2664,3651,2290,2916,26,35,39,21.5,58.7,true,normal_air,1781252786396
13640,node_01,1781252785,inference,,,normal_air,,false,0.08000000000000002,backend_rule_v0,2641,3596,2287,2911,26,35,39,21.5,58.7,true,normal_air,1781252787444
13641,node_01,1781252786,inference,,,normal_air,,false,0.08000000000000002,backend_rule_v0,2665,3653,2298,2916,26,35,39,21.5,58.9,true,normal_air,1781252788488
13642,node_01,1781252787,inference,,,normal_air,,false,0.08000000000000002,backend_rule_v0,2644,3606,2285,2915,26,35,39,21.5,58.9,true,normal_air,1781252789539
13643,node_01,1781252788,inference,,,normal_air,,false,0.08000000000000002,backend_rule_v0,2665,3648,2290,2918,25,35,39,21.5,58.9,true,normal_air,1781252790586
13644,node_01,1781252790,inference,,,normal_air,,false,0.08000000000000002,backend_rule_v0,2647,3605,2286,2917,25,35,39,21.5,58.7,true,normal_air,1781252791627
13645,node_01,1781252791,inference,,,normal_air,,false,0.08000000000000002,backend_rule_v0,2664,3653,2291,2917,25,35,39,21.5,58.7,true,normal_air,1781252792679
13646,node_01,1781252792,inference,,,normal_air,,false,0.08000000000000002,backend_rule_v0,2642,3599,2284,2915,25,35,39,21.5,58.7,true,normal_air,1781252793722
13647,node_01,1781252793,inference,,,normal_air,,false,0.08000000000000002,backend_rule_v0,2670,3653,2297,2915,25,35,39,21.5,58.9,true,normal_air,1781252794769
13648,node_01,1781252794,inference,,,normal_air,,false,0.08000000000000002,backend_rule_v0,2644,3603,2282,2913,25,35,39,21.5,58.9,true,normal_air,1781252795813
13649,node_01,1781252795,inference,,,normal_air,,false,0.08000000000000002,backend_rule_v0,2664,3656,2292,2916,24,35,38,21.5,58.9,true,normal_air,1781252796864
13650,node_01,1781252796,inference,,,normal_air,,false,0.072,backend_rule_v0,2649,3591,2285,2917,24,34,37,21.5,58.8,true,normal_air,1781252797910
13651,node_01,1781252797,inference,,,normal_air,,false,0.064,backend_rule_v0,2664,3656,2290,2911,23,33,36,21.5,58.8,true,normal_air,1781252798959
13652,node_01,1781252798,inference,,,normal_air,,false,0.064,backend_rule_v0,2639,3600,2282,2908,23,33,35,21.5,58.8,true,normal_air,1781252800013
13653,node_01,1781252799,inference,,,normal_air,,false,0.072,backend_rule_v0,2664,3650,2299,2916,24,34,37,21.5,58.8,true,normal_air,1781252801066
13654,node_01,1781252800,inference,,,normal_air,,false,0.08800000000000001,backend_rule_v0,2641,3604,2286,2917,24,36,40,21.5,58.8,true,normal_air,1781252802099
13655,node_01,1781252801,inference,,,normal_air,,false,0.096,backend_rule_v0,2665,3648,2288,2915,25,37,42,21.5,58.8,true,normal_air,1781252803146
13656,node_01,1781252802,inference,,,normal_air,,false,0.11200000000000002,backend_rule_v0,2651,3593,2282,2913,26,39,45,21.5,58.9,true,normal_air,1781252804190
13657,node_01,1781252803,inference,,,normal_air,,false,0.12,backend_rule_v0,2663,3652,2291,2915,26,40,46,21.5,58.9,true,normal_air,1781252805246
13658,node_01,1781252804,inference,,,normal_air,,false,0.128,backend_rule_v0,2643,3603,2283,2917,27,41,48,21.5,58.9,true,normal_air,1781252806288
13659,node_01,1781252805,inference,,,normal_air,,false,0.136,backend_rule_v0,2664,3651,2295,2915,28,42,49,21.5,58.9,true,normal_air,1781252807333
13660,node_01,1781252806,inference,,,normal_air,,false,0.144,backend_rule_v0,2644,3602,2285,2915,28,43,50,21.5,58.9,true,normal_air,1781252808379
13661,node_01,1781252807,inference,,,normal_air,,false,0.15200000000000002,backend_rule_v0,2669,3652,2290,2915,29,44,52,21.5,58.9,true,normal_air,1781252809430
13662,node_01,1781252808,inference,,,normal_air,,false,0.16000000000000003,backend_rule_v0,2648,3609,2284,2914,29,45,53,21.6,59,true,normal_air,1781252810466
13663,node_01,1781252809,inference,,,normal_air,,false,0.15200000000000002,backend_rule_v0,2665,3650,2290,2915,29,44,52,21.6,59,true,normal_air,1781252811512
13664,node_01,1781252810,inference,,,normal_air,,false,0.15200000000000002,backend_rule_v0,2641,3603,2283,2915,29,44,51,21.6,59,true,normal_air,1781252812564
13665,node_01,1781252812,inference,,,normal_air,,false,0.144,backend_rule_v0,2659,3648,2297,2917,28,43,50,21.6,59,true,normal_air,1781252813614
13666,node_01,1781252813,inference,,,normal_air,,false,0.136,backend_rule_v0,2643,3604,2287,2914,28,42,49,21.6,59,true,normal_air,1781252814662
13667,node_01,1781252814,inference,,,normal_air,,false,0.136,backend_rule_v0,2666,3652,2290,2916,28,42,49,21.6,59,true,normal_air,1781252815768
13668,node_01,1781252815,inference,,,normal_air,,false,0.128,backend_rule_v0,2649,3603,2284,2916,28,41,47,21.5,58.9,true,normal_air,1781252816751
13669,node_01,1781252816,inference,,,normal_air,,false,0.12,backend_rule_v0,2665,3651,2289,2914,27,40,47,21.5,58.9,true,normal_air,1781252817803
13670,node_01,1781252817,inference,,,normal_air,,false,0.12,backend_rule_v0,2644,3596,2286,2914,27,40,46,21.5,58.9,true,normal_air,1781252818851
13671,node_01,1781252818,inference,,,normal_air,,false,0.11200000000000002,backend_rule_v0,2665,3651,2296,2914,26,39,45,21.6,59,true,normal_air,1781252819893
13672,node_01,1781252819,inference,,,normal_air,,false,0.10400000000000001,backend_rule_v0,2644,3600,2283,2916,26,38,43,21.6,59,true,normal_air,1781252820965
13673,node_01,1781252820,inference,,,normal_air,,false,0.096,backend_rule_v0,2662,3654,2290,2917,26,37,42,21.6,59,true,normal_air,1781252822001
13674,node_01,1781252821,inference,,,normal_air,,false,0.08800000000000001,backend_rule_v0,2649,3594,2284,2917,25,36,41,21.5,59.2,true,normal_air,1781252823060
13675,node_01,1781252822,inference,,,normal_air,,false,0.08800000000000001,backend_rule_v0,2663,3645,2290,2919,24,36,40,21.5,59.2,true,normal_air,1781252824076
13676,node_01,1781252823,inference,,,normal_air,,false,0.08000000000000002,backend_rule_v0,2643,3599,2286,2915,24,35,39,21.5,59.2,true,normal_air,1781252825125
13677,node_01,1781252824,inference,,,normal_air,,false,0.08000000000000002,backend_rule_v0,2665,3656,2299,2916,24,35,38,21.5,59.2,true,normal_air,1781252826183
13678,node_01,1781252825,inference,,,normal_air,,false,0.072,backend_rule_v0,2642,3569,2285,2910,24,34,37,21.5,59.2,true,normal_air,1781252827229
13679,node_01,1781252826,inference,,,normal_air,,false,0.08000000000000002,backend_rule_v0,2664,3651,2283,2912,24,35,38,21.5,59.2,true,normal_air,1781252828305
13680,node_01,1781252827,inference,,,normal_air,,false,0.08000000000000002,backend_rule_v0,2649,3599,2283,2916,24,35,38,21.6,59.2,true,normal_air,1781252829313
13681,node_01,1781252828,inference,,,normal_air,,false,0.08000000000000002,backend_rule_v0,2666,3652,2289,2913,24,35,38,21.6,59.2,true,normal_air,1781252830364
13682,node_01,1781252829,inference,,,normal_air,,false,0.08000000000000002,backend_rule_v0,2642,3600,2283,2913,24,35,38,21.6,59.2,true,normal_air,1781252831409
13683,node_01,1781252830,inference,,,normal_air,,false,0.08000000000000002,backend_rule_v0,2664,3650,2296,2912,24,35,38,21.6,59.2,true,normal_air,1781252832455
13684,node_01,1781252831,inference,,,normal_air,,false,0.08000000000000002,backend_rule_v0,2642,3598,2284,2916,25,35,38,21.6,59.2,true,normal_air,1781252834884
13685,node_01,1781252832,inference,,,normal_air,,false,0.08000000000000002,backend_rule_v0,2665,3654,2292,2916,25,35,38,21.6,59.2,true,normal_air,1781252835120
13686,node_01,1781252834,inference,,,normal_air,,false,0.08000000000000002,backend_rule_v0,2648,3600,2284,2915,25,35,38,21.6,59.3,true,normal_air,1781252835590
13687,node_01,1781252835,inference,,,normal_air,,false,0.072,backend_rule_v0,2664,3647,2289,2915,25,34,38,21.6,59.3,true,normal_air,1781252836643
13688,node_01,1781252836,inference,,,normal_air,,false,0.072,backend_rule_v0,2642,3604,2284,2914,24,34,37,21.6,59.3,true,normal_air,1781252837698
13689,node_01,1781252837,inference,,,normal_air,,false,0.064,backend_rule_v0,2669,3653,2298,2917,24,33,36,21.6,59.2,true,normal_air,1781252838768
13690,node_01,1781252838,inference,,,normal_air,,false,0.05600000000000001,backend_rule_v0,2641,3604,2284,2910,23,32,34,21.6,59.2,true,normal_air,1781252839789
13691,node_01,1781252839,inference,,,normal_air,,false,0.048,backend_rule_v0,2664,3648,2290,2915,22,31,34,21.6,59.2,true,normal_air,1781252840834
13692,node_01,1781252840,inference,,,normal_air,,false,0.048,backend_rule_v0,2649,3601,2286,2913,22,31,33,21.5,59.3,true,normal_air,1781252841879
13693,node_01,1781252841,inference,,,normal_air,,false,0.05600000000000001,backend_rule_v0,2665,3658,2292,2918,23,32,34,21.5,59.3,true,normal_air,1781252842924
13694,node_01,1781252842,inference,,,normal_air,,false,0.04000000000000001,backend_rule_v0,2642,3603,2285,2913,23,30,33,21.5,59.3,true,normal_air,1781252843966
13695,node_01,1781252843,inference,,,normal_air,,false,0.04000000000000001,backend_rule_v0,2664,3650,2296,2915,22,30,33,21.6,59.3,true,normal_air,1781252846408
13696,node_01,1781252844,inference,,,normal_air,,false,0.04000000000000001,backend_rule_v0,2645,3606,2284,2918,22,30,31,21.6,59.3,true,normal_air,1781252846476
13697,node_01,1781252845,inference,,,normal_air,,false,0.04000000000000001,backend_rule_v0,2668,3651,2288,2916,22,30,31,21.6,59.3,true,normal_air,1781252847114
13698,node_01,1781252846,inference,,,normal_air,,false,0.04000000000000001,backend_rule_v0,2650,3605,2285,2914,22,30,31,21.6,59.5,true,normal_air,1781252848162
13699,node_01,1781252847,inference,,,normal_air,,false,0.032,backend_rule_v0,2665,3651,2288,2915,22,29,30,21.6,59.5,true,normal_air,1781252849201
13700,node_01,1781252848,inference,,,normal_air,,false,0.032,backend_rule_v0,2642,3601,2284,2915,21,29,30,21.6,59.5,true,normal_air,1781252850249
13701,node_01,1781252849,inference,,,normal_air,,false,0.032,backend_rule_v0,2667,3650,2299,2914,21,29,30,21.6,59.3,true,normal_air,1781252851296
13702,node_01,1781252850,inference,,,normal_air,,false,0.04000000000000001,backend_rule_v0,2644,3600,2285,2914,22,30,31,21.6,59.3,true,normal_air,1781252852341
13703,node_01,1781252851,inference,,,normal_air,,false,0.05600000000000001,backend_rule_v0,2663,3646,2287,2914,23,32,34,21.6,59.3,true,normal_air,1781252853387
13704,node_01,1781252852,inference,,,normal_air,,false,0.048,backend_rule_v0,2649,3601,2284,2917,23,31,34,21.6,59.3,true,normal_air,1781252854435
13705,node_01,1781252853,inference,,,normal_air,,false,0.05600000000000001,backend_rule_v0,2665,3653,2291,2916,24,32,36,21.6,59.3,true,normal_air,1781252855590
13706,node_01,1781252854,inference,,,normal_air,,false,0.072,backend_rule_v0,2644,3596,2284,2913,25,34,38,21.6,59.3,true,normal_air,1781252856527
13707,node_01,1781252855,inference,,,normal_air,,false,0.08000000000000002,backend_rule_v0,2664,3648,2297,2915,27,35,40,21.6,59.4,true,normal_air,1781252857575
13708,node_01,1781252857,inference,,,normal_air,,false,0.08800000000000001,backend_rule_v0,2642,3598,2284,2914,28,36,41,21.6,59.4,true,normal_air,1781252858626
13709,node_01,1781252858,inference,,,normal_air,,false,0.096,backend_rule_v0,2667,3655,2289,2918,28,37,42,21.6,59.4,true,normal_air,1781252859683
13710,node_01,1781252859,inference,,,normal_air,,false,0.096,backend_rule_v0,2651,3608,2284,2914,27,37,44,21.6,59.4,true,normal_air,1781252860723
13711,node_01,1781252860,inference,,,normal_air,,false,0.10400000000000001,backend_rule_v0,2666,3654,2291,2913,28,38,44,21.6,59.4,true,normal_air,1781252861764
13712,node_01,1781252861,inference,,,normal_air,,false,0.096,backend_rule_v0,2638,3600,2284,2915,28,37,44,21.6,59.4,true,normal_air,1781252862807
13713,node_01,1781252862,inference,,,normal_air,,false,0.096,backend_rule_v0,2663,3651,2297,2918,28,37,43,21.6,59.5,true,normal_air,1781252863858
13714,node_01,1781252863,inference,,,normal_air,,false,0.08800000000000001,backend_rule_v0,2642,3598,2286,2915,28,36,41,21.6,59.5,true,normal_air,1781252864906
13715,node_01,1781252864,inference,,,normal_air,,false,0.08800000000000001,backend_rule_v0,2667,3645,2291,2915,27,36,40,21.6,59.5,true,normal_air,1781252865949
13716,node_01,1781252865,inference,,,normal_air,,false,0.08000000000000002,backend_rule_v0,2650,3598,2282,2913,26,35,39,21.6,59.5,true,normal_air,1781252867007
13717,node_01,1781252866,inference,,,normal_air,,false,0.08000000000000002,backend_rule_v0,2666,3651,2291,2917,26,35,38,21.6,59.5,true,normal_air,1781252868050
13718,node_01,1781252867,inference,,,normal_air,,false,0.072,backend_rule_v0,2645,3602,2284,2914,25,34,37,21.6,59.5,true,normal_air,1781252869096
13719,node_01,1781252868,inference,,,normal_air,,false,0.064,backend_rule_v0,2664,3657,2296,2916,24,33,36,21.6,59.5,true,normal_air,1781252870139
13720,node_01,1781252869,inference,,,normal_air,,false,0.064,backend_rule_v0,2642,3599,2286,2913,24,33,35,21.6,59.5,true,normal_air,1781252871183
13721,node_01,1781252870,inference,,,normal_air,,false,0.064,backend_rule_v0,2667,3653,2289,2914,24,33,35,21.6,59.5,true,normal_air,1781252872226
13722,node_01,1781252871,inference,,,normal_air,,false,0.05600000000000001,backend_rule_v0,2649,3603,2285,2917,23,32,34,21.6,59.6,true,normal_air,1781252873275
13723,node_01,1781252872,inference,,,normal_air,,false,0.05600000000000001,backend_rule_v0,2666,3652,2288,2914,23,32,33,21.6,59.6,true,normal_air,1781252874325
13724,node_01,1781252873,inference,,,normal_air,,false,0.04000000000000001,backend_rule_v0,2644,3587,2282,2919,22,30,31,21.6,59.6,true,normal_air,1781252875373
13725,node_01,1781252874,inference,,,normal_air,,false,0.04000000000000001,backend_rule_v0,2663,3649,2294,2915,22,30,31,21.6,59.4,true,normal_air,1781252876418
13726,node_01,1781252875,inference,,,normal_air,,false,0.04000000000000001,backend_rule_v0,2640,3598,2282,2916,22,30,30,21.6,59.4,true,normal_air,1781252877466
13727,node_01,1781252876,inference,,,normal_air,,false,0.04000000000000001,backend_rule_v0,2662,3616,2290,2916,22,30,30,21.6,59.4,true,normal_air,1781252878509
13728,node_01,1781252877,inference,,,normal_air,,false,0.032,backend_rule_v0,2647,3607,2285,2912,21,29,29,21.6,59.5,true,normal_air,1781252879557
13729,node_01,1781252879,inference,,,normal_air,,false,0.032,backend_rule_v0,2666,3651,2289,2912,21,29,29,21.6,59.5,true,normal_air,1781252880603
13730,node_01,1781252880,inference,,,normal_air,,false,0.024,backend_rule_v0,2643,3603,2283,2916,21,28,28,21.6,59.5,true,normal_air,1781252881648
13731,node_01,1781252881,inference,,,normal_air,,false,0.024,backend_rule_v0,2665,3655,2297,2915,20,28,28,21.6,59.6,true,normal_air,1781252882694
13732,node_01,1781252882,inference,,,normal_air,,false,0.016,backend_rule_v0,2642,3602,2283,2915,20,27,27,21.6,59.6,true,normal_air,1781252883746
13733,node_01,1781252883,inference,,,normal_air,,false,0.016,backend_rule_v0,2666,3648,2289,2915,20,27,27,21.6,59.6,true,normal_air,1781252884794
13734,node_01,1781252884,inference,,,normal_air,,false,0.04000000000000001,backend_rule_v0,2652,3602,2284,2918,22,30,31,21.6,59.5,true,normal_air,1781252885838
13735,node_01,1781252885,inference,,,normal_air,,false,0.08000000000000002,backend_rule_v0,2667,3654,2289,2914,24,35,38,21.6,59.5,true,normal_air,1781252886882
13736,node_01,1781252886,inference,,,normal_air,,false,0.10400000000000001,backend_rule_v0,2644,3605,2283,2915,26,38,43,21.6,59.5,true,normal_air,1781252887949
13737,node_01,1781252887,inference,,,normal_air,,false,0.128,backend_rule_v0,2665,3652,2296,2914,28,41,48,21.6,59.5,true,normal_air,1781252888979
13738,node_01,1781252888,inference,,,normal_air,,false,0.136,backend_rule_v0,2642,3602,2285,2915,28,42,50,21.6,59.5,true,normal_air,1781252890031
13739,node_01,1781252889,inference,,,normal_air,,false,0.16000000000000003,backend_rule_v0,2666,3657,2291,2916,30,45,55,21.6,59.5,true,normal_air,1781252891407
13740,node_01,1781252890,inference,,,normal_air,,false,0.192,backend_rule_v0,2650,3596,2285,2915,32,49,60,21.6,59.6,true,normal_air,1781252892114
13741,node_01,1781252891,inference,,,normal_air,,false,0.2,backend_rule_v0,2668,3654,2288,2912,34,52,64,21.6,59.6,true,normal_air,1781252893170
13742,node_01,1781252892,inference,,,normal_air,,false,0.2,backend_rule_v0,2643,3597,2286,2915,40,62,72,21.6,59.6,true,normal_air,1781252894213
13743,node_01,1781252893,inference,,,normal_air,,false,0.2,backend_rule_v0,2667,3653,2297,2916,44,74,77,21.6,59.7,true,normal_air,1781252895257
13744,node_01,1781252894,inference,,,normal_air,,false,0.2,backend_rule_v0,2642,3607,2284,2917,47,79,81,21.6,59.7,true,normal_air,1781252896315
13745,node_01,1781252895,inference,,,normal_air,,false,0.2,backend_rule_v0,2665,3650,2288,2914,49,84,86,21.6,59.7,true,normal_air,1781252897350
13746,node_01,1781252896,inference,,,normal_air,,false,0.2,backend_rule_v0,2650,3596,2283,2912,51,89,91,21.6,59.7,true,normal_air,1781252898431
13747,node_01,1781252897,inference,,,normal_air,,false,0.2,backend_rule_v0,2661,3652,2290,2914,54,94,96,21.6,59.7,true,normal_air,1781252899454
13748,node_01,1781252898,inference,,,normal_air,,false,0.2,backend_rule_v0,2644,3596,2283,2914,56,98,100,21.6,59.7,true,normal_air,1781252900498
13749,node_01,1781252899,inference,,,normal_air,,false,0.2,backend_rule_v0,2667,3651,2297,2914,57,99,102,21.6,59.6,true,normal_air,1781252901645
13750,node_01,1781252900,inference,,,normal_air,,false,0.2,backend_rule_v0,2643,3600,2283,2913,57,100,104,21.6,59.6,true,normal_air,1781252902873
13751,node_01,1781252902,inference,,,normal_air,,false,0.2,backend_rule_v0,2664,3655,2289,2912,57,101,105,21.6,59.6,true,normal_air,1781252903646
13752,node_01,1781252903,inference,,,normal_air,,false,0.2,backend_rule_v0,2648,3597,2285,2912,55,96,100,21.6,59.7,true,normal_air,1781252904687
13753,node_01,1781252904,inference,,,normal_air,,false,0.2,backend_rule_v0,2665,3648,2288,2917,52,91,95,21.6,59.7,true,normal_air,1781252905731
13754,node_01,1781252905,inference,,,normal_air,,false,0.2,backend_rule_v0,2640,3593,2281,2912,49,87,90,21.6,59.7,true,normal_air,1781252906771
13755,node_01,1781252906,inference,,,normal_air,,false,0.2,backend_rule_v0,2663,3625,2299,2917,47,82,86,21.6,59.7,true,normal_air,1781252907818
13756,node_01,1781252907,inference,,,normal_air,,false,0.2,backend_rule_v0,2642,3601,2284,2915,44,76,80,21.6,59.7,true,normal_air,1781252908868
13757,node_01,1781252908,inference,,,normal_air,,false,0.2,backend_rule_v0,2665,3656,2289,2916,42,73,78,21.6,59.7,true,normal_air,1781252909911
13758,node_01,1781252909,inference,,,normal_air,,false,0.2,backend_rule_v0,2652,3603,2284,2914,40,68,76,21.6,59.7,true,normal_air,1781252910955
13759,node_01,1781252910,inference,,,normal_air,,false,0.2,backend_rule_v0,2665,3650,2289,2913,38,65,73,21.6,59.7,true,normal_air,1781252912043
13760,node_01,1781252911,inference,,,normal_air,,false,0.2,backend_rule_v0,2643,3602,2284,2915,36,61,72,21.6,59.7,true,normal_air,1781252913057
13761,node_01,1781252912,inference,,,normal_air,,false,0.2,backend_rule_v0,2664,3651,2294,2912,33,57,68,21.6,59.7,true,normal_air,1781252914098
13762,node_01,1781252913,inference,,,normal_air,,false,0.2,backend_rule_v0,2642,3600,2283,2917,33,54,66,21.6,59.7,true,normal_air,1781252915153
13763,node_01,1781252914,inference,,,normal_air,,false,0.2,backend_rule_v0,2662,3641,2288,2910,32,51,64,21.6,59.7,true,normal_air,1781252916191
13764,node_01,1781252915,inference,,,normal_air,,false,0.2,backend_rule_v0,2650,3592,2286,2913,31,50,62,21.6,59.8,true,normal_air,1781252917240
13765,node_01,1781252916,inference,,,normal_air,,false,0.192,backend_rule_v0,2664,3650,2288,2917,30,49,60,21.6,59.8,true,normal_air,1781252918288
13766,node_01,1781252917,inference,,,normal_air,,false,0.17600000000000002,backend_rule_v0,2642,3603,2286,2915,29,47,59,21.6,59.8,true,normal_air,1781252919333
13767,node_01,1781252918,inference,,,normal_air,,false,0.168,backend_rule_v0,2659,3635,2296,2914,29,46,56,21.6,59.9,true,normal_air,1781252920411
13768,node_01,1781252919,inference,,,normal_air,,false,0.16000000000000003,backend_rule_v0,2642,3599,2284,2912,28,45,55,21.6,59.9,true,normal_air,1781252921433
13769,node_01,1781252920,inference,,,normal_air,,false,0.15200000000000002,backend_rule_v0,2663,3648,2289,2916,27,44,53,21.6,59.9,true,normal_air,1781252922473
13770,node_01,1781252921,inference,,,normal_air,,false,0.15200000000000002,backend_rule_v0,2648,3602,2282,2913,28,44,53,21.7,59.8,true,normal_air,1781252923520
13771,node_01,1781252922,inference,,,normal_air,,false,0.144,backend_rule_v0,2665,3658,2289,2912,28,43,51,21.7,59.8,true,normal_air,1781252924575
13772,node_01,1781252924,inference,,,normal_air,,false,0.136,backend_rule_v0,2640,3600,2284,2908,28,42,50,21.7,59.8,true,normal_air,1781252925615
13773,node_01,1781252925,inference,,,normal_air,,false,0.128,backend_rule_v0,2667,3654,2297,2914,27,41,49,21.7,59.7,true,normal_air,1781252926658
13774,node_01,1781252926,inference,,,normal_air,,false,0.128,backend_rule_v0,2643,3598,2283,2918,26,41,47,21.7,59.7,true,normal_air,1781252927707
13775,node_01,1781252927,inference,,,normal_air,,false,0.12,backend_rule_v0,2664,3653,2290,2917,26,40,47,21.7,59.7,true,normal_air,1781252928775
13776,node_01,1781252928,inference,,,normal_air,,false,0.11200000000000002,backend_rule_v0,2648,3604,2284,2912,26,39,46,21.6,59.8,true,normal_air,1781252929806
13777,node_01,1781252929,inference,,,normal_air,,false,0.11200000000000002,backend_rule_v0,2665,3650,2287,2913,25,39,45,21.6,59.8,true,normal_air,1781252930853
13778,node_01,1781252930,inference,,,normal_air,,false,0.096,backend_rule_v0,2644,3569,2286,2913,24,37,42,21.6,59.8,true,normal_air,1781252931896
13779,node_01,1781252931,inference,,,normal_air,,false,0.08800000000000001,backend_rule_v0,2664,3653,2298,2915,23,36,41,21.6,59.8,true,normal_air,1781252932939
13780,node_01,1781252932,inference,,,normal_air,,false,0.08000000000000002,backend_rule_v0,2641,3599,2285,2917,23,35,40,21.6,59.8,true,normal_air,1781252933987
13781,node_01,1781252933,inference,,,normal_air,,false,0.08800000000000001,backend_rule_v0,2664,3655,2289,2915,24,36,40,21.6,59.8,true,normal_air,1781252935031
13782,node_01,1781252934,inference,,,normal_air,,false,0.08000000000000002,backend_rule_v0,2650,3597,2282,2915,23,35,39,21.7,59.8,true,normal_air,1781252936087
13783,node_01,1781252935,inference,,,normal_air,,false,0.08000000000000002,backend_rule_v0,2665,3656,2290,2912,23,35,38,21.7,59.8,true,normal_air,1781252937130
13784,node_01,1781252936,inference,,,normal_air,,false,0.08000000000000002,backend_rule_v0,2643,3603,2282,2915,23,35,38,21.7,59.8,true,normal_air,1781252938175
13785,node_01,1781252937,inference,,,normal_air,,false,0.072,backend_rule_v0,2663,3647,2298,2915,23,34,37,21.6,59.8,true,normal_air,1781252939221
13786,node_01,1781252938,inference,,,normal_air,,false,0.064,backend_rule_v0,2640,3605,2284,2912,22,33,36,21.6,59.8,true,normal_air,1781252940335
13787,node_01,1781252939,inference,,,normal_air,,false,0.064,backend_rule_v0,2661,3651,2289,2915,22,33,35,21.6,59.8,true,normal_air,1781252941366
13788,node_01,1781252940,inference,,,normal_air,,false,0.05600000000000001,backend_rule_v0,2625,3601,2284,2915,22,32,34,21.7,59.8,true,normal_air,1781252942360
13789,node_01,1781252941,inference,,,normal_air,,false,0.05600000000000001,backend_rule_v0,2663,3651,2290,2916,22,32,33,21.7,59.8,true,normal_air,1781252943408
13790,node_01,1781252942,inference,,,normal_air,,false,0.05600000000000001,backend_rule_v0,2639,3599,2284,2913,22,32,33,21.7,59.8,true,normal_air,1781252944465
13791,node_01,1781252943,inference,,,normal_air,,false,0.04000000000000001,backend_rule_v0,2665,3650,2298,2915,21,30,31,21.6,59.7,true,normal_air,1781252945573
13792,node_01,1781252944,inference,,,normal_air,,false,0.04000000000000001,backend_rule_v0,2644,3608,2284,2914,21,30,30,21.6,59.7,true,normal_air,1781252946596
13793,node_01,1781252946,inference,,,normal_air,,false,0.04000000000000001,backend_rule_v0,2663,3650,2291,2914,21,30,30,21.6,59.7,true,normal_air,1781252947605
13794,node_01,1781252947,inference,,,normal_air,,false,0.04000000000000001,backend_rule_v0,2651,3598,2286,2919,21,30,30,21.7,59.7,true,normal_air,1781252948654
13795,node_01,1781252948,inference,,,normal_air,,false,0.04000000000000001,backend_rule_v0,2664,3645,2289,2916,21,30,30,21.7,59.7,true,normal_air,1781252949693
13796,node_01,1781252949,inference,,,normal_air,,false,0.04000000000000001,backend_rule_v0,2638,3593,2284,2914,21,30,30,21.7,59.7,true,normal_air,1781252950743
13797,node_01,1781252950,inference,,,normal_air,,false,0.04000000000000001,backend_rule_v0,2660,3648,2299,2914,21,30,30,21.6,59.8,true,normal_air,1781252951863
13798,node_01,1781252951,inference,,,normal_air,,false,0.032,backend_rule_v0,2642,3604,2286,2915,20,29,29,21.6,59.8,true,normal_air,1781252952972
13799,node_01,1781252952,inference,,,normal_air,,false,0.032,backend_rule_v0,2647,3653,2287,2913,21,29,30,21.6,59.8,true,normal_air,1781252953968
13800,node_01,1781252953,inference,,,normal_air,,false,0.048,backend_rule_v0,2650,3608,2283,2913,21,31,32,21.7,59.8,true,normal_air,1781252955144
13801,node_01,1781252954,inference,,,normal_air,,false,0.048,backend_rule_v0,2663,3644,2291,2914,21,31,33,21.7,59.8,true,normal_air,1781252956341
13802,node_01,1781252955,inference,,,normal_air,,false,0.048,backend_rule_v0,2643,3596,2282,2913,21,31,33,21.7,59.8,true,normal_air,1781252957357
13803,node_01,1781252956,inference,,,normal_air,,false,0.048,backend_rule_v0,2666,3648,2296,2916,21,31,34,21.7,59.9,true,normal_air,1781252958303
13804,node_01,1781252957,inference,,,normal_air,,false,0.05600000000000001,backend_rule_v0,2638,3593,2284,2915,22,32,35,21.7,59.9,true,normal_air,1781252959303
13805,node_01,1781252958,inference,,,normal_air,,false,0.05600000000000001,backend_rule_v0,2645,3649,2289,2913,22,32,35,21.7,59.9,true,normal_air,1781252960474
13806,node_01,1781252959,inference,,,normal_air,,false,0.05600000000000001,backend_rule_v0,2652,3604,2282,2917,22,32,35,21.7,59.9,true,normal_air,1781252961408
13807,node_01,1781252960,inference,,,normal_air,,false,0.05600000000000001,backend_rule_v0,2669,3651,2287,2915,22,32,35,21.7,59.9,true,normal_air,1781252962252
13808,node_01,1781252961,inference,,,normal_air,,false,0.05600000000000001,backend_rule_v0,2644,3604,2283,2915,22,32,35,21.7,59.9,true,normal_air,1781252963295
13809,node_01,1781252962,inference,,,normal_air,,false,0.05600000000000001,backend_rule_v0,2663,3647,2297,2916,22,32,34,21.7,59.9,true,normal_air,1781252964342
13810,node_01,1781252963,inference,,,normal_air,,false,0.05600000000000001,backend_rule_v0,2644,3601,2282,2917,22,32,33,21.7,59.9,true,normal_air,1781252965392
13811,node_01,1781252964,inference,,,normal_air,,false,0.05600000000000001,backend_rule_v0,2665,3651,2286,2916,22,32,33,21.7,59.9,true,normal_air,1781252966435
13812,node_01,1781252965,inference,,,normal_air,,false,0.04000000000000001,backend_rule_v0,2646,3607,2284,2912,21,30,31,21.7,59.8,true,normal_air,1781252967483
13813,node_01,1781252966,inference,,,normal_air,,false,0.04000000000000001,backend_rule_v0,2661,3650,2287,2916,21,30,31,21.7,59.8,true,normal_air,1781252968531
13814,node_01,1781252967,inference,,,normal_air,,false,0.04000000000000001,backend_rule_v0,2642,3595,2284,2914,21,30,30,21.7,59.8,true,normal_air,1781252969582
13815,node_01,1781252969,inference,,,normal_air,,false,0.04000000000000001,backend_rule_v0,2664,3654,2294,2918,21,30,30,21.7,59.8,true,normal_air,1781252970620
13816,node_01,1781252970,inference,,,normal_air,,false,0.032,backend_rule_v0,2640,3600,2283,2913,21,29,29,21.7,59.8,true,normal_air,1781252971668
13817,node_01,1781252971,inference,,,normal_air,,false,0.032,backend_rule_v0,2666,3661,2290,2913,20,29,29,21.7,59.8,true,normal_air,1781252972717
13818,node_01,1781252972,inference,,,normal_air,,false,0.016,backend_rule_v0,2648,3607,2283,2910,19,27,27,21.7,59.9,true,normal_air,1781252973783
13819,node_01,1781252973,inference,,,normal_air,,false,0.016,backend_rule_v0,2664,3648,2289,2917,19,27,27,21.7,59.9,true,normal_air,1781252974814
13820,node_01,1781252974,inference,,,normal_air,,false,0.008,backend_rule_v0,2642,3596,2281,2917,19,26,26,21.7,59.9,true,normal_air,1781252975879
13821,node_01,1781252975,inference,,,normal_air,,false,0.024,backend_rule_v0,2663,3648,2295,2914,20,28,28,21.7,59.8,true,normal_air,1781252976904
13822,node_01,1781252976,inference,,,normal_air,,false,0.032,backend_rule_v0,2639,3594,2286,2915,21,29,29,21.7,59.8,true,normal_air,1781252977951
13823,node_01,1781252977,inference,,,normal_air,,false,0.04000000000000001,backend_rule_v0,2663,3640,2289,2914,22,30,30,21.7,59.8,true,normal_air,1781252978999
13824,node_01,1781252978,inference,,,normal_air,,false,0.04000000000000001,backend_rule_v0,2647,3567,2284,2920,22,30,31,21.7,59.8,true,normal_air,1781252980041
13825,node_01,1781252979,inference,,,normal_air,,false,0.05600000000000001,backend_rule_v0,2666,3657,2290,2919,23,32,34,21.7,59.8,true,normal_air,1781252981140
13826,node_01,1781252980,inference,,,normal_air,,false,0.072,backend_rule_v0,2638,3596,2283,2918,24,34,37,21.7,59.8,true,normal_air,1781252982137
13827,node_01,1781252981,inference,,,normal_air,,false,0.08800000000000001,backend_rule_v0,2665,3649,2296,2914,26,36,40,21.7,59.7,true,normal_air,1781252983183
13828,node_01,1781252982,inference,,,normal_air,,false,0.11200000000000002,backend_rule_v0,2644,3606,2286,2915,28,39,45,21.7,59.7,true,normal_air,1781252984232
13829,node_01,1781252983,inference,,,normal_air,,false,0.128,backend_rule_v0,2667,3651,2289,2918,29,41,48,21.7,59.7,true,normal_air,1781252985279
13830,node_01,1781252984,inference,,,normal_air,,false,0.144,backend_rule_v0,2652,3595,2282,2914,30,43,50,21.7,59.7,true,normal_air,1781252986325
13831,node_01,1781252985,inference,,,normal_air,,false,0.15200000000000002,backend_rule_v0,2664,3648,2287,2912,30,44,53,21.7,59.7,true,normal_air,1781252987368
13832,node_01,1781252986,inference,,,normal_air,,false,0.168,backend_rule_v0,2646,3602,2284,2915,32,46,55,21.7,59.7,true,normal_air,1781252988414
13833,node_01,1781252987,inference,,,normal_air,,false,0.17600000000000002,backend_rule_v0,2666,3646,2296,2919,32,47,57,21.7,59.8,true,normal_air,1781252989462
13834,node_01,1781252988,inference,,,normal_air,,false,0.192,backend_rule_v0,2643,3604,2285,2914,33,49,59,21.7,59.8,true,normal_air,1781252990508
13835,node_01,1781252989,inference,,,normal_air,,false,0.192,backend_rule_v0,2668,3654,2291,2916,33,49,60,21.7,59.8,true,normal_air,1781252991561
13836,node_01,1781252991,inference,,,normal_air,,false,0.2,backend_rule_v0,2650,3598,2285,2915,35,51,62,21.7,59.7,true,normal_air,1781252992604
13837,node_01,1781252992,inference,,,normal_air,,false,0.2,backend_rule_v0,2666,3649,2289,2913,35,51,62,21.7,59.7,true,normal_air,1781252993649
13838,node_01,1781252993,inference,,,normal_air,,false,0.2,backend_rule_v0,2643,3610,2284,2918,35,51,62,21.7,59.7,true,normal_air,1781252994700
13839,node_01,1781252994,inference,,,normal_air,,false,0.2,backend_rule_v0,2664,3655,2297,2914,34,50,61,21.7,59.7,true,normal_air,1781252995742
13840,node_01,1781252995,inference,,,normal_air,,false,0.2,backend_rule_v0,2639,3602,2284,2913,35,52,63,21.7,59.7,true,normal_air,1781252997174
13841,node_01,1781252996,inference,,,normal_air,,false,0.2,backend_rule_v0,2663,3657,2290,2923,35,55,66,21.7,59.7,true,normal_air,1781252997835
13842,node_01,1781252997,inference,,,normal_air,,false,0.2,backend_rule_v0,2645,3595,2284,2916,35,59,69,21.7,59.8,true,normal_air,1781252998937
13843,node_01,1781252998,inference,,,normal_air,,false,0.2,backend_rule_v0,2662,3654,2288,2916,38,65,72,21.7,59.8,true,normal_air,1781252999929
13844,node_01,1781252999,inference,,,normal_air,,false,0.2,backend_rule_v0,2643,3604,2281,2911,41,70,76,21.7,59.8,true,normal_air,1781253000976
13845,node_01,1781253000,inference,,,normal_air,,false,0.2,backend_rule_v0,2660,3646,2297,2917,42,75,79,21.7,59.6,true,normal_air,1781253002022
13846,node_01,1781253001,inference,,,normal_air,,false,0.2,backend_rule_v0,2640,3604,2283,2914,44,79,83,21.7,59.6,true,normal_air,1781253003067
13847,node_01,1781253002,inference,,,normal_air,,false,0.2,backend_rule_v0,2660,3652,2290,2917,46,83,86,21.7,59.6,true,normal_air,1781253004115
13848,node_01,1781253003,inference,,,normal_air,,false,0.2,backend_rule_v0,2645,3603,2283,2913,48,89,93,21.7,59.8,true,normal_air,1781253005164
13849,node_01,1781253004,inference,,,normal_air,,false,0.2,backend_rule_v0,2661,3650,2287,2913,51,95,99,21.7,59.8,true,normal_air,1781253006218
13850,node_01,1781253005,inference,,,normal_air,,false,0.2,backend_rule_v0,2641,3598,2283,2917,52,97,102,21.7,59.8,true,normal_air,1781253007255
13851,node_01,1781253006,inference,,,normal_air,,false,0.2,backend_rule_v0,2663,3646,2293,2909,52,97,101,21.7,59.8,true,normal_air,1781253008304
13852,node_01,1781253007,inference,,,normal_air,,false,0.2,backend_rule_v0,2643,3600,2282,2915,52,96,100,21.7,59.8,true,normal_air,1781253009353
13853,node_01,1781253008,inference,,,normal_air,,false,0.2,backend_rule_v0,2665,3659,2278,2915,52,94,98,21.7,59.8,true,normal_air,1781253010402
13854,node_01,1781253009,inference,,,normal_air,,false,0.2,backend_rule_v0,2647,3604,2284,2916,50,92,96,21.7,59.6,true,normal_air,1781253011440
13855,node_01,1781253010,inference,,,normal_air,,false,0.2,backend_rule_v0,2662,3649,2287,2915,50,90,94,21.7,59.6,true,normal_air,1781253012593
13856,node_01,1781253011,inference,,,normal_air,,false,0.2,backend_rule_v0,2630,3602,2282,2912,48,88,92,21.7,59.6,true,normal_air,1781253013692
13857,node_01,1781253012,inference,,,normal_air,,false,0.2,backend_rule_v0,2665,3655,2294,2917,47,86,89,21.7,59.7,true,normal_air,1781253014660
13858,node_01,1781253014,inference,,,normal_air,,false,0.2,backend_rule_v0,2642,3606,2282,2914,44,80,85,21.7,59.7,true,normal_air,1781253015856
13859,node_01,1781253015,inference,,,normal_air,,false,0.2,backend_rule_v0,2660,3643,2290,2912,42,76,80,21.7,59.7,true,normal_air,1781253016755
13860,node_01,1781253016,inference,,,normal_air,,false,0.2,backend_rule_v0,2629,3596,2281,2915,40,72,78,21.7,59.6,true,normal_air,1781253017949
13861,node_01,1781253017,inference,,,normal_air,,false,0.2,backend_rule_v0,2663,3654,2289,2912,37,67,75,21.7,59.6,true,normal_air,1781253019074
13862,node_01,1781253018,inference,,,normal_air,,false,0.2,backend_rule_v0,2640,3596,2285,2915,35,64,72,21.7,59.6,true,normal_air,1781253020108
13863,node_01,1781253019,inference,,,normal_air,,false,0.2,backend_rule_v0,2662,3657,2295,2916,34,60,71,21.7,59.5,true,normal_air,1781253021229
13864,node_01,1781253020,inference,,,normal_air,,false,0.2,backend_rule_v0,2640,3597,2283,2915,35,60,71,21.7,59.5,true,normal_air,1781253022138
13865,node_01,1781253021,inference,,,normal_air,,false,0.2,backend_rule_v0,2668,3655,2287,2917,36,64,73,21.7,59.5,true,normal_air,1781253023170
13866,node_01,1781253022,inference,,,normal_air,,false,0.2,backend_rule_v0,2649,3599,2282,2910,39,70,77,21.7,59.5,true,normal_air,1781253024080
13867,node_01,1781253023,inference,,,normal_air,,false,0.2,backend_rule_v0,2659,3652,2286,2916,41,77,80,21.7,59.5,true,normal_air,1781253025054
13868,node_01,1781253024,inference,,,normal_air,,false,0.2,backend_rule_v0,2640,3596,2281,2915,45,85,88,21.7,59.5,true,normal_air,1781253026111
13869,node_01,1781253025,inference,,,normal_air,,false,0.2,backend_rule_v0,2660,3652,2294,2910,48,91,95,21.7,59.6,true,normal_air,1781253027143
13870,node_01,1781253026,inference,,,normal_air,,false,0.2,backend_rule_v0,2639,3600,2281,2917,52,98,102,21.7,59.6,true,normal_air,1781253028190
13871,node_01,1781253027,inference,,,normal_air,,false,0.2,backend_rule_v0,2664,3653,2289,2912,55,105,109,21.7,59.6,true,normal_air,1781253029361
13872,node_01,1781253028,inference,,,normal_air,,false,0.2,backend_rule_v0,2647,3598,2281,2915,58,110,115,21.7,59.5,true,normal_air,1781253030333
13873,node_01,1781253029,inference,,,normal_air,,false,0.2,backend_rule_v0,2661,3648,2287,2916,60,116,120,21.7,59.5,true,normal_air,1781253031329
13874,node_01,1781253030,inference,,,normal_air,,false,0.2,backend_rule_v0,2641,3598,2282,2916,61,119,124,21.7,59.5,true,normal_air,1781253032379
13875,node_01,1781253031,inference,,,normal_air,,false,0.2,backend_rule_v0,2663,3652,2294,2916,61,118,123,21.7,59.5,true,normal_air,1781253033425
13876,node_01,1781253032,inference,,,normal_air,,false,0.2,backend_rule_v0,2643,3601,2285,2916,59,112,116,21.7,59.5,true,normal_air,1781253034479
13877,node_01,1781253033,inference,,,normal_air,,false,0.2,backend_rule_v0,2649,3649,2290,2917,57,107,111,21.7,59.5,true,normal_air,1781253035516
13878,node_01,1781253034,inference,,,normal_air,,false,0.2,backend_rule_v0,2646,3602,2282,2915,56,105,108,21.7,59.5,true,normal_air,1781253036564
13879,node_01,1781253036,inference,,,normal_air,,false,0.2,backend_rule_v0,2661,3650,2287,2915,54,100,104,21.7,59.5,true,normal_air,1781253037654
13880,node_01,1781253037,inference,,,normal_air,,false,0.2,backend_rule_v0,2626,3604,2285,2916,52,97,100,21.7,59.5,true,normal_air,1781253038662
13881,node_01,1781253038,inference,,,normal_air,,false,0.2,backend_rule_v0,2668,3658,2293,2912,50,92,95,21.7,59.4,true,normal_air,1781253039705
13882,node_01,1781253039,inference,,,normal_air,,false,0.2,backend_rule_v0,2644,3604,2283,2916,49,89,91,21.7,59.4,true,normal_air,1781253040757
13883,node_01,1781253040,inference,,,normal_air,,false,0.2,backend_rule_v0,2665,3655,2289,2917,47,85,87,21.7,59.4,true,normal_air,1781253041797
13884,node_01,1781253041,inference,,,normal_air,,false,0.2,backend_rule_v0,2646,3600,2283,2915,46,82,83,21.8,59.4,true,normal_air,1781253042849
13885,node_01,1781253042,inference,,,normal_air,,false,0.2,backend_rule_v0,2665,3651,2288,2915,45,78,79,21.8,59.4,true,normal_air,1781253043893
13886,node_01,1781253043,inference,,,normal_air,,false,0.2,backend_rule_v0,2641,3601,2282,2917,43,75,77,21.8,59.4,true,normal_air,1781253044949
13887,node_01,1781253044,inference,,,normal_air,,false,0.2,backend_rule_v0,2661,3647,2295,2918,42,73,77,21.8,59.5,true,normal_air,1781253045984
13888,node_01,1781253045,inference,,,normal_air,,false,0.2,backend_rule_v0,2641,3606,2283,2914,40,69,75,21.8,59.5,true,normal_air,1781253047032
13889,node_01,1781253046,inference,,,normal_air,,false,0.2,backend_rule_v0,2665,3649,2287,2914,39,66,73,21.8,59.5,true,normal_air,1781253048080
13890,node_01,1781253047,inference,,,normal_air,,false,0.2,backend_rule_v0,2649,3605,2281,2911,38,62,70,21.8,59.4,true,normal_air,1781253049146
13891,node_01,1781253048,inference,,,normal_air,,false,0.2,backend_rule_v0,2660,3646,2284,2913,36,59,69,21.8,59.4,true,normal_air,1781253050253
13892,node_01,1781253049,inference,,,normal_air,,false,0.2,backend_rule_v0,2640,3594,2282,2913,35,57,67,21.8,59.4,true,normal_air,1781253051220
13893,node_01,1781253050,inference,,,normal_air,,false,0.2,backend_rule_v0,2660,3646,2293,2913,34,55,66,21.8,59.4,true,normal_air,1781253052355
13894,node_01,1781253051,inference,,,normal_air,,false,0.2,backend_rule_v0,2636,3593,2280,2912,33,53,64,21.8,59.4,true,normal_air,1781253053321
13895,node_01,1781253052,inference,,,normal_air,,false,0.2,backend_rule_v0,2665,3650,2289,2917,33,52,62,21.8,59.4,true,normal_air,1781253054360
13896,node_01,1781253053,inference,,,normal_air,,false,0.2,backend_rule_v0,2646,3607,2283,2915,33,51,62,21.8,59.2,true,normal_air,1781253055405
13897,node_01,1781253054,inference,,,normal_air,,false,0.2,backend_rule_v0,2663,3655,2288,2911,32,50,61,21.8,59.2,true,normal_air,1781253056454
13898,node_01,1781253055,inference,,,normal_air,,false,0.18400000000000002,backend_rule_v0,2639,3593,2284,2914,30,48,58,21.8,59.2,true,normal_air,1781253057501
13899,node_01,1781253056,inference,,,normal_air,,false,0.17600000000000002,backend_rule_v0,2647,3649,2293,2915,30,47,56,21.8,59.3,true,normal_air,1781253058546
13900,node_01,1781253058,inference,,,normal_air,,false,0.168,backend_rule_v0,2639,3609,2284,2917,29,46,55,21.8,59.3,true,normal_air,1781253059616
13901,node_01,1781253059,inference,,,normal_air,,false,0.168,backend_rule_v0,2659,3642,2285,2913,29,46,55,21.8,59.3,true,normal_air,1781253060646
13902,node_01,1781253060,inference,,,normal_air,,false,0.16000000000000003,backend_rule_v0,2647,3596,2284,2913,29,45,54,21.8,59.4,true,normal_air,1781253061698
13903,node_01,1781253061,inference,,,normal_air,,false,0.16000000000000003,backend_rule_v0,2659,3648,2284,2911,29,45,54,21.8,59.4,true,normal_air,1781253062733
13904,node_01,1781253062,inference,,,normal_air,,false,0.168,backend_rule_v0,2640,3597,2280,2913,30,46,55,21.8,59.4,true,normal_air,1781253063776
13905,node_01,1781253063,inference,,,normal_air,,false,0.168,backend_rule_v0,2660,3653,2290,2911,30,46,55,21.8,59.4,true,normal_air,1781253064826
13906,node_01,1781253064,inference,,,normal_air,,false,0.168,backend_rule_v0,2639,3599,2282,2916,30,46,55,21.8,59.4,true,normal_air,1781253065890
13907,node_01,1781253065,inference,,,normal_air,,false,0.16000000000000003,backend_rule_v0,2663,3654,2287,2914,29,45,53,21.8,59.4,true,normal_air,1781253066921
13908,node_01,1781253066,inference,,,normal_air,,false,0.15200000000000002,backend_rule_v0,2646,3594,2283,2911,29,44,53,21.8,59.2,true,normal_air,1781253067978
13909,node_01,1781253067,inference,,,normal_air,,false,0.15200000000000002,backend_rule_v0,2662,3645,2290,2911,30,44,53,21.8,59.2,true,normal_air,1781253069123
13910,node_01,1781253068,inference,,,normal_air,,false,0.16000000000000003,backend_rule_v0,2639,3600,2282,2914,30,45,53,21.8,59.2,true,normal_air,1781253070066
13911,node_01,1781253069,inference,,,normal_air,,false,0.15200000000000002,backend_rule_v0,2663,3648,2297,2915,30,44,53,21.8,59.1,true,normal_air,1781253071170
13912,node_01,1781253070,inference,,,normal_air,,false,0.144,backend_rule_v0,2641,3596,2268,2917,29,43,51,21.8,59.1,true,normal_air,1781253072170
13913,node_01,1781253071,inference,,,normal_air,,false,0.136,backend_rule_v0,2645,3640,2289,2913,29,42,50,21.8,59.1,true,normal_air,1781253073202
13914,node_01,1781253072,inference,,,normal_air,,false,0.136,backend_rule_v0,2646,3599,2282,2912,28,42,49,21.8,59.1,true,normal_air,1781253074251
13915,node_01,1781253073,inference,,,normal_air,,false,0.128,backend_rule_v0,2661,3649,2288,2915,28,41,49,21.8,59.1,true,normal_air,1781253075296
13916,node_01,1781253074,inference,,,normal_air,,false,0.136,backend_rule_v0,2644,3596,2283,2914,28,42,49,21.8,59.1,true,normal_air,1781253076373
13917,node_01,1781253075,inference,,,normal_air,,false,0.136,backend_rule_v0,2663,3642,2294,2913,28,42,50,21.8,59.1,true,normal_air,1781253077398
13918,node_01,1781253076,inference,,,normal_air,,false,0.136,backend_rule_v0,2642,3603,2284,2917,28,42,49,21.8,59.1,true,normal_air,1781253078436
13919,node_01,1781253077,inference,,,normal_air,,false,0.136,backend_rule_v0,2661,3642,2287,2913,28,42,50,21.8,59.1,true,normal_air,1781253079527
13920,node_01,1781253078,inference,,,normal_air,,false,0.144,backend_rule_v0,2648,3594,2281,2913,28,43,51,21.8,59.2,true,normal_air,1781253080614
13921,node_01,1781253079,inference,,,normal_air,,false,0.15200000000000002,backend_rule_v0,2657,3648,2284,2911,30,44,53,21.8,59.2,true,normal_air,1781253081648
13922,node_01,1781253081,inference,,,normal_air,,false,0.16000000000000003,backend_rule_v0,2639,3585,2281,2909,30,45,53,21.8,59.2,true,normal_air,1781253082812
13923,node_01,1781253082,inference,,,normal_air,,false,0.16000000000000003,backend_rule_v0,2656,3640,2292,2914,30,45,54,21.8,59.1,true,normal_air,1781253083764
13924,node_01,1781253083,inference,,,normal_air,,false,0.15200000000000002,backend_rule_v0,2640,3593,2282,2913,29,44,54,21.8,59.1,true,normal_air,1781253084758
13925,node_01,1781253084,inference,,,normal_air,,false,0.15200000000000002,backend_rule_v0,2659,3649,2287,2913,29,44,54,21.8,59.1,true,normal_air,1781253085996
13926,node_01,1781253085,inference,,,normal_air,,false,0.144,backend_rule_v0,2648,3592,2280,2915,29,43,52,21.8,59.2,true,normal_air,1781253086823
13927,node_01,1781253086,inference,,,normal_air,,false,0.15200000000000002,backend_rule_v0,2659,3643,2286,2912,29,44,54,21.8,59.2,true,normal_air,1781253087863
13928,node_01,1781253087,inference,,,normal_air,,false,0.16000000000000003,backend_rule_v0,2636,3599,2282,2913,30,45,55,21.8,59.2,true,normal_air,1781253088903
13929,node_01,1781253088,inference,,,normal_air,,false,0.17600000000000002,backend_rule_v0,2664,3650,2294,2918,31,47,58,21.8,59,true,normal_air,1781253089948
13930,node_01,1781253089,inference,,,normal_air,,false,0.192,backend_rule_v0,2641,3597,2283,2913,32,49,60,21.8,59,true,normal_air,1781253090998
13931,node_01,1781253090,inference,,,normal_air,,false,0.2,backend_rule_v0,2664,3657,2288,2913,33,50,61,21.8,59,true,normal_air,1781253092044
13932,node_01,1781253091,inference,,,normal_air,,false,0.2,backend_rule_v0,2648,3601,2282,2913,33,51,63,21.8,59,true,normal_air,1781253093392
13933,node_01,1781253092,inference,,,normal_air,,false,0.2,backend_rule_v0,2664,3658,2288,2910,34,53,66,21.8,59,true,normal_air,1781253094135
13934,node_01,1781253093,inference,,,normal_air,,false,0.2,backend_rule_v0,2642,3608,2282,2917,35,56,67,21.8,59,true,normal_air,1781253095226
13935,node_01,1781253094,inference,,,normal_air,,false,0.2,backend_rule_v0,2661,3652,2296,2910,38,60,70,21.8,58.9,true,normal_air,1781253096233
13936,node_01,1781253095,inference,,,normal_air,,false,0.2,backend_rule_v0,2637,3598,2282,2913,41,64,72,21.8,58.9,true,normal_air,1781253097274
13937,node_01,1781253096,inference,,,normal_air,,false,0.2,backend_rule_v0,2661,3649,2290,2915,41,65,73,21.8,58.9,true,normal_air,1781253098324
13938,node_01,1781253097,inference,,,normal_air,,false,0.2,backend_rule_v0,2649,3598,2285,2916,41,65,73,21.9,58.9,true,normal_air,1781253099370
13939,node_01,1781253098,inference,,,normal_air,,false,0.2,backend_rule_v0,2663,3647,2287,2915,41,65,73,21.9,58.9,true,normal_air,1781253100421
13940,node_01,1781253099,inference,,,normal_air,,false,0.2,backend_rule_v0,2640,3600,2283,2914,41,64,72,21.9,58.9,true,normal_air,1781253101747
13941,node_01,1781253100,inference,,,normal_air,,false,0.2,backend_rule_v0,2661,3654,2297,2917,41,63,72,21.8,58.9,true,normal_air,1781253102507
13942,node_01,1781253101,inference,,,normal_air,,false,0.2,backend_rule_v0,2639,3595,2280,2915,40,63,72,21.8,58.9,true,normal_air,1781253103564
13943,node_01,1781253103,inference,,,normal_air,,false,0.2,backend_rule_v0,2660,3653,2287,2917,40,61,71,21.8,58.9,true,normal_air,1781253104632
13944,node_01,1781253104,inference,,,normal_air,,false,0.2,backend_rule_v0,2648,3597,2281,2911,41,63,72,21.8,58.9,true,normal_air,1781253105653
13945,node_01,1781253105,inference,,,normal_air,,false,0.2,backend_rule_v0,2660,3651,2285,2916,41,65,73,21.8,58.9,true,normal_air,1781253106693
13946,node_01,1781253106,inference,,,normal_air,,false,0.2,backend_rule_v0,2641,3597,2280,2913,41,67,74,21.8,58.9,true,normal_air,1781253107741
13947,node_01,1781253107,inference,,,normal_air,,false,0.2,backend_rule_v0,2665,3647,2292,2914,42,68,75,21.9,58.9,true,normal_air,1781253108793
13948,node_01,1781253108,inference,,,normal_air,,false,0.2,backend_rule_v0,2641,3601,2283,2915,43,69,76,21.9,58.9,true,normal_air,1781253109844
13949,node_01,1781253109,inference,,,normal_air,,false,0.2,backend_rule_v0,2662,3652,2288,2912,43,71,76,21.9,58.9,true,normal_air,1781253110881
13950,node_01,1781253110,inference,,,normal_air,,false,0.2,backend_rule_v0,2650,3601,2281,2918,44,73,78,21.9,58.9,true,normal_air,1781253111931
13951,node_01,1781253111,inference,,,normal_air,,false,0.2,backend_rule_v0,2659,3655,2288,2911,44,74,78,21.9,58.9,true,normal_air,1781253112976
13952,node_01,1781253112,inference,,,normal_air,,false,0.2,backend_rule_v0,2640,3600,2280,2915,44,74,78,21.9,58.9,true,normal_air,1781253114021
13953,node_01,1781253113,inference,,,normal_air,,false,0.2,backend_rule_v0,2661,3654,2294,2912,43,74,78,21.9,58.9,true,normal_air,1781253115066
13954,node_01,1781253114,inference,,,normal_air,,false,0.2,backend_rule_v0,2643,3597,2282,2913,42,70,76,21.9,58.9,true,normal_air,1781253116117
13955,node_01,1781253115,inference,,,normal_air,,false,0.2,backend_rule_v0,2665,3646,2288,2916,41,67,74,21.9,58.9,true,normal_air,1781253117164
13956,node_01,1781253116,inference,,,normal_air,,false,0.2,backend_rule_v0,2646,3597,2282,2915,40,65,73,21.9,59,true,normal_air,1781253118210
13957,node_01,1781253117,inference,,,normal_air,,false,0.2,backend_rule_v0,2661,3648,2286,2915,38,61,72,21.9,59,true,normal_air,1781253119260
13958,node_01,1781253118,inference,,,normal_air,,false,0.2,backend_rule_v0,2639,3592,2281,2909,35,57,68,21.9,59,true,normal_air,1781253120301
13959,node_01,1781253119,inference,,,normal_air,,false,0.2,backend_rule_v0,2658,3646,2292,2914,34,55,67,21.9,58.9,true,normal_air,1781253121350
13960,node_01,1781253120,inference,,,normal_air,,false,0.2,backend_rule_v0,2640,3595,2281,2914,33,52,65,21.9,58.9,true,normal_air,1781253122403
13961,node_01,1781253121,inference,,,normal_air,,false,0.2,backend_rule_v0,2662,3653,2285,2914,33,51,63,21.9,58.9,true,normal_air,1781253123479
13962,node_01,1781253122,inference,,,normal_air,,false,0.2,backend_rule_v0,2646,3592,2279,2911,32,50,62,21.9,58.9,true,normal_air,1781253124489
13963,node_01,1781253123,inference,,,normal_air,,false,0.192,backend_rule_v0,2660,3651,2285,2915,32,49,61,21.9,58.9,true,normal_air,1781253125587
13964,node_01,1781253124,inference,,,normal_air,,false,0.192,backend_rule_v0,2639,3599,2281,2918,31,49,61,21.9,58.9,true,normal_air,1781253126586
13965,node_01,1781253126,inference,,,normal_air,,false,0.192,backend_rule_v0,2660,3654,2293,2913,31,49,60,21.9,58.8,true,normal_air,1781253127661
13966,node_01,1781253127,inference,,,normal_air,,false,0.192,backend_rule_v0,2641,3601,2281,2914,31,49,60,21.9,58.8,true,normal_air,1781253128681
13967,node_01,1781253128,inference,,,normal_air,,false,0.192,backend_rule_v0,2662,3642,2287,2915,31,49,60,21.9,58.8,true,normal_air,1781253129722
13968,node_01,1781253129,inference,,,normal_air,,false,0.192,backend_rule_v0,2645,3601,2282,2916,32,49,61,21.9,58.7,true,normal_air,1781253130770
13969,node_01,1781253130,inference,,,normal_air,,false,0.192,backend_rule_v0,2661,3647,2286,2915,32,49,61,21.9,58.7,true,normal_air,1781253131821
13970,node_01,1781253131,inference,,,normal_air,,false,0.2,backend_rule_v0,2622,3600,2281,2913,32,50,62,21.9,58.7,true,normal_air,1781253132859
13971,node_01,1781253132,inference,,,normal_air,,false,0.2,backend_rule_v0,2662,3640,2292,2910,33,51,63,21.9,58.7,true,normal_air,1781253133910
13972,node_01,1781253133,inference,,,normal_air,,false,0.2,backend_rule_v0,2640,3591,2281,2912,34,54,66,21.9,58.7,true,normal_air,1781253134959
13973,node_01,1781253134,inference,,,normal_air,,false,0.2,backend_rule_v0,2659,3648,2288,2912,35,58,69,21.9,58.7,true,normal_air,1781253136006
13974,node_01,1781253135,inference,,,normal_air,,false,0.2,backend_rule_v0,2645,3600,2280,2914,37,61,71,21.9,58.7,true,normal_air,1781253137075
13975,node_01,1781253136,inference,,,normal_air,,false,0.2,backend_rule_v0,2658,3651,2287,2915,39,64,72,21.9,58.7,true,normal_air,1781253138095
13976,node_01,1781253137,inference,,,normal_air,,false,0.2,backend_rule_v0,2638,3592,2280,2911,40,66,74,21.9,58.7,true,normal_air,1781253139143
13977,node_01,1781253138,inference,,,normal_air,,false,0.2,backend_rule_v0,2659,3650,2294,2913,41,67,75,21.9,58.7,true,normal_air,1781253140191
13978,node_01,1781253139,inference,,,normal_air,,false,0.2,backend_rule_v0,2641,3597,2282,2913,41,69,75,21.9,58.7,true,normal_air,1781253141250
13979,node_01,1781253140,inference,,,normal_air,,false,0.2,backend_rule_v0,2656,3646,2286,2913,42,69,76,21.9,58.7,true,normal_air,1781253142283
13980,node_01,1781253141,inference,,,normal_air,,false,0.2,backend_rule_v0,2642,3595,2280,2914,43,70,76,21.9,58.6,true,normal_air,1781253143330
13981,node_01,1781253142,inference,,,normal_air,,false,0.2,backend_rule_v0,2661,3647,2287,2912,42,69,76,21.9,58.6,true,normal_air,1781253144383
13982,node_01,1781253143,inference,,,normal_air,,false,0.2,backend_rule_v0,2639,3595,2282,2911,41,67,74,21.9,58.6,true,normal_air,1781253145424
13983,node_01,1781253144,inference,,,normal_air,,false,0.2,backend_rule_v0,2657,3650,2295,2917,40,65,73,21.9,58.6,true,normal_air,1781253146542
13984,node_01,1781253145,inference,,,normal_air,,false,0.2,backend_rule_v0,2642,3602,2281,2914,39,61,71,21.9,58.6,true,normal_air,1781253147519
13985,node_01,1781253146,inference,,,normal_air,,false,0.2,backend_rule_v0,2661,3646,2288,2913,38,59,70,21.9,58.6,true,normal_air,1781253148564
13986,node_01,1781253148,inference,,,normal_air,,false,0.2,backend_rule_v0,2647,3593,2281,2914,37,59,69,21.9,58.5,true,normal_air,1781253149613
13987,node_01,1781253149,inference,,,normal_air,,false,0.2,backend_rule_v0,2660,3648,2288,2915,37,58,69,21.9,58.5,true,normal_air,1781253150744
13988,node_01,1781253150,inference,,,normal_air,,false,0.2,backend_rule_v0,2638,3580,2281,2913,37,57,68,21.9,58.5,true,normal_air,1781253152229
13989,node_01,1781253151,inference,,,normal_air,,false,0.2,backend_rule_v0,2662,3645,2293,2917,37,57,68,21.9,58.6,true,normal_air,1781253153006
13990,node_01,1781253152,inference,,,normal_air,,false,0.2,backend_rule_v0,2641,3605,2282,2916,37,58,69,21.9,58.6,true,normal_air,1781253153851
13991,node_01,1781253153,inference,,,normal_air,,false,0.2,backend_rule_v0,2662,3618,2287,2915,38,61,71,21.9,58.6,true,normal_air,1781253154846
13992,node_01,1781253154,inference,,,normal_air,,false,0.2,backend_rule_v0,2644,3596,2283,2912,40,65,73,21.9,58.6,true,normal_air,1781253155896
13993,node_01,1781253155,inference,,,normal_air,,false,0.2,backend_rule_v0,2661,3648,2286,2912,41,68,75,21.9,58.6,true,normal_air,1781253156942
13994,node_01,1781253156,inference,,,normal_air,,false,0.2,backend_rule_v0,2640,3594,2281,2915,43,72,77,21.9,58.6,true,normal_air,1781253157983
13995,node_01,1781253157,inference,,,normal_air,,false,0.2,backend_rule_v0,2661,3648,2294,2912,45,75,77,22,58.6,true,normal_air,1781253159029
13996,node_01,1781253158,inference,,,normal_air,,false,0.2,backend_rule_v0,2642,3602,2280,2915,45,76,79,22,58.6,true,normal_air,1781253160093
13997,node_01,1781253159,inference,,,normal_air,,false,0.2,backend_rule_v0,2662,3652,2287,2916,45,77,81,22,58.6,true,normal_air,1781253161133
13998,node_01,1781253160,inference,,,normal_air,,false,0.2,backend_rule_v0,2645,3601,2280,2911,46,81,85,22,58.5,true,normal_air,1781253162177
13999,node_01,1781253161,inference,,,normal_air,,false,0.2,backend_rule_v0,2661,3650,2287,2915,48,86,88,22,58.5,true,normal_air,1781253163214
14000,node_01,1781253162,inference,,,normal_air,,false,0.2,backend_rule_v0,2639,3590,2283,2911,50,90,95,22,58.5,true,normal_air,1781253164262
14001,node_01,1781253163,inference,,,normal_air,,false,0.2,backend_rule_v0,2660,3650,2293,2913,51,94,98,22,58.4,true,normal_air,1781253165332
14002,node_01,1781253164,inference,,,normal_air,,false,0.2,backend_rule_v0,2643,3599,2281,2916,51,95,99,22,58.4,true,normal_air,1781253166356
14003,node_01,1781253165,inference,,,normal_air,,false,0.2,backend_rule_v0,2665,3648,2287,2915,51,97,101,22,58.4,true,normal_air,1781253167405
14004,node_01,1781253166,inference,,,normal_air,,false,0.2,backend_rule_v0,2648,3601,2283,2916,52,100,104,21.9,58.4,true,normal_air,1781253168494
14005,node_01,1781253167,inference,,,normal_air,,false,0.2,backend_rule_v0,2655,3655,2286,2911,54,104,108,21.9,58.4,true,normal_air,1781253169520
14006,node_01,1781253168,inference,,,normal_air,,false,0.2,backend_rule_v0,2640,3605,2282,2913,55,108,112,21.9,58.4,true,normal_air,1781253170552
14007,node_01,1781253170,inference,,,normal_air,,false,0.2,backend_rule_v0,2660,3648,2295,2911,57,112,116,22,58.5,true,normal_air,1781253171598
14008,node_01,1781253171,inference,,,normal_air,,false,0.2,backend_rule_v0,2639,3595,2282,2912,57,114,117,22,58.5,true,normal_air,1781253172644
14009,node_01,1781253172,inference,,,normal_air,,false,0.2,backend_rule_v0,2661,3649,2285,2916,57,112,116,22,58.5,true,normal_air,1781253173693
14010,node_01,1781253173,inference,,,normal_air,,false,0.2,backend_rule_v0,2646,3598,2283,2917,55,111,115,22,58.3,true,normal_air,1781253174775
14011,node_01,1781253174,inference,,,normal_air,,false,0.2,backend_rule_v0,2641,3648,2289,2910,54,109,112,22,58.3,true,normal_air,1781253175802
14012,node_01,1781253175,inference,,,normal_air,,false,0.2,backend_rule_v0,2636,3603,2281,2913,53,106,109,22,58.3,true,normal_air,1781253176890
14013,node_01,1781253176,inference,,,normal_air,,false,0.2,backend_rule_v0,2664,3651,2295,2914,51,103,106,22,58.3,true,normal_air,1781253177868
14014,node_01,1781253177,inference,,,normal_air,,false,0.2,backend_rule_v0,2642,3602,2282,2913,50,99,103,22,58.3,true,normal_air,1781253178928
14015,node_01,1781253178,inference,,,normal_air,,false,0.2,backend_rule_v0,2660,3649,2287,2915,48,95,97,22,58.3,true,normal_air,1781253180013
14016,node_01,1781253179,inference,,,normal_air,,false,0.2,backend_rule_v0,2647,3600,2284,2916,46,89,93,22,58.3,true,normal_air,1781253181017
14017,node_01,1781253180,inference,,,normal_air,,false,0.2,backend_rule_v0,2660,3652,2289,2916,43,85,88,22,58.3,true,normal_air,1781253182076
14018,node_01,1781253181,inference,,,normal_air,,false,0.2,backend_rule_v0,2640,3602,2282,2912,42,81,84,22,58.3,true,normal_air,1781253183109
14019,node_01,1781253182,inference,,,normal_air,,false,0.2,backend_rule_v0,2663,3650,2293,2917,41,78,81,22,58.3,true,normal_air,1781253184151
14020,node_01,1781253183,inference,,,normal_air,,false,0.2,backend_rule_v0,2641,3594,2279,2913,41,77,79,22,58.3,true,normal_air,1781253185195
14021,node_01,1781253184,inference,,,normal_air,,false,0.2,backend_rule_v0,2665,3654,2288,2917,42,78,80,22,58.3,true,normal_air,1781253186291
14022,node_01,1781253185,inference,,,normal_air,,false,0.2,backend_rule_v0,2649,3601,2283,2914,42,78,80,22,58.3,true,normal_air,1781253187295
14023,node_01,1781253186,inference,,,normal_air,,false,0.2,backend_rule_v0,2662,3657,2288,2913,42,78,80,22,58.3,true,normal_air,1781253188362
14024,node_01,1781253187,inference,,,normal_air,,false,0.2,backend_rule_v0,2635,3564,2282,2916,43,81,83,22,58.3,true,normal_air,1781253189397
14025,node_01,1781253188,inference,,,normal_air,,false,0.2,backend_rule_v0,2663,3657,2290,2916,45,85,87,22,58.2,true,normal_air,1781253190438
14026,node_01,1781253189,inference,,,normal_air,,false,0.2,backend_rule_v0,2626,3600,2285,2916,47,89,91,22,58.2,true,normal_air,1781253191489
14027,node_01,1781253190,inference,,,normal_air,,false,0.2,backend_rule_v0,2660,3649,2288,2915,49,93,95,22,58.2,true,normal_air,1781253192532
14028,node_01,1781253191,inference,,,normal_air,,false,0.2,backend_rule_v0,2629,3606,2282,2913,52,97,99,22,58.1,true,normal_air,1781253193570
14029,node_01,1781253193,inference,,,normal_air,,false,0.2,backend_rule_v0,2663,3650,2289,2914,55,101,103,22,58.1,true,normal_air,1781253194633
14030,node_01,1781253194,inference,,,normal_air,,false,0.2,backend_rule_v0,2640,3603,2283,2913,57,104,106,22,58.1,true,normal_air,1781253195668
14031,node_01,1781253195,inference,,,normal_air,,false,0.2,backend_rule_v0,2656,3659,2294,2914,59,106,108,22,58.2,true,normal_air,1781253196717
14032,node_01,1781253196,inference,,,normal_air,,false,0.2,backend_rule_v0,2638,3602,2281,2913,61,108,110,22,58.2,true,normal_air,1781253197767
14033,node_01,1781253197,inference,,,normal_air,,false,0.2,backend_rule_v0,2642,3652,2288,2911,64,111,113,22,58.2,true,normal_air,1781253198866
14034,node_01,1781253198,inference,,,normal_air,,false,0.2,backend_rule_v0,2648,3601,2282,2917,64,110,112,22,58.2,true,normal_air,1781253199849
14035,node_01,1781253199,inference,,,normal_air,,false,0.2,backend_rule_v0,2664,3653,2286,2912,64,112,114,22,58.2,true,normal_air,1781253200898
14036,node_01,1781253200,inference,,,normal_air,,false,0.2,backend_rule_v0,2639,3600,2282,2913,65,113,116,22,58.2,true,normal_air,1781253201940
14037,node_01,1781253201,inference,,,normal_air,,false,0.2,backend_rule_v0,2656,3653,2291,2914,65,115,118,22,58.1,true,normal_air,1781253202992
14038,node_01,1781253202,inference,,,normal_air,,false,0.2,backend_rule_v0,2640,3593,2281,2913,67,119,122,22,58.1,true,normal_air,1781253204044
14039,node_01,1781253203,inference,,,normal_air,,false,0.2,backend_rule_v0,2661,3647,2288,2915,69,121,124,22,58.1,true,normal_air,1781253205090
14040,node_01,1781253204,inference,,,normal_air,,false,0.2,backend_rule_v0,2644,3604,2282,2917,69,123,127,22,58.2,true,normal_air,1781253206135
14041,node_01,1781253205,inference,,,normal_air,,false,0.2,backend_rule_v0,2660,3650,2286,2917,73,128,132,22,58.2,true,normal_air,1781253207179
14042,node_01,1781253206,inference,,,normal_air,,false,0.2,backend_rule_v0,2638,3600,2282,2910,77,133,137,22,58.2,true,normal_air,1781253208228
14043,node_01,1781253207,inference,,,normal_air,,false,0.2,backend_rule_v0,2662,3650,2293,2914,82,139,143,22.1,58.2,true,normal_air,1781253209285
14044,node_01,1781253208,inference,,,normal_air,,false,0.2,backend_rule_v0,2625,3595,2279,2912,87,149,154,22.1,58.2,true,normal_air,1781253210325
14045,node_01,1781253209,inference,,,normal_air,,false,0.2,backend_rule_v0,2656,3651,2285,2913,92,158,162,22.1,58.2,true,normal_air,1781253211359
14046,node_01,1781253210,inference,,,normal_air,,false,0.2,backend_rule_v0,2641,3605,2282,2913,95,165,170,22,58.1,true,normal_air,1781253212414
14047,node_01,1781253211,inference,,,normal_air,,false,0.2,backend_rule_v0,2661,3617,2287,2914,99,173,178,22,58.1,true,normal_air,1781253213455
14048,node_01,1781253212,inference,,,normal_air,,false,0.2,backend_rule_v0,2641,3597,2282,2915,101,177,182,22,58.1,true,normal_air,1781253214506
14049,node_01,1781253213,inference,,,normal_air,,false,0.2,backend_rule_v0,2660,3652,2295,2915,103,181,185,22.1,58,true,normal_air,1781253215555
14050,node_01,1781253215,inference,,,normal_air,,false,0.2,backend_rule_v0,2636,3571,2282,2916,105,184,189,22.1,58,true,normal_air,1781253216596
14051,node_01,1781253216,inference,,,normal_air,,false,0.2,backend_rule_v0,2658,3658,2285,2913,104,184,189,22.1,58,true,normal_air,1781253217645
14052,node_01,1781253217,inference,,,normal_air,,false,0.2,backend_rule_v0,2630,3602,2283,2913,101,182,188,22.1,58,true,normal_air,1781253218705
14053,node_01,1781253218,inference,,,normal_air,,false,0.2,backend_rule_v0,2661,3651,2287,2919,96,179,183,22.1,58,true,normal_air,1781253219750
14054,node_01,1781253219,inference,,,normal_air,,false,0.2,backend_rule_v0,2618,3601,2284,2912,94,173,178,22.1,58,true,normal_air,1781253220783
14055,node_01,1781253220,inference,,,normal_air,,false,0.2,backend_rule_v0,2660,3652,2293,2914,94,169,175,22.1,58.1,true,normal_air,1781253221831
14056,node_01,1781253221,inference,,,normal_air,,false,0.2,backend_rule_v0,2641,3593,2284,2913,94,168,173,22.1,58.1,true,normal_air,1781253222878
14057,node_01,1781253222,inference,,,normal_air,,false,0.2,backend_rule_v0,2662,3653,2288,2918,96,167,173,22.1,58.1,true,normal_air,1781253223924
14058,node_01,1781253223,inference,,,normal_air,,false,0.2,backend_rule_v0,2648,3599,2283,2916,98,167,173,22.1,57.9,true,normal_air,1781253224975
14059,node_01,1781253224,inference,,,normal_air,,false,0.2,backend_rule_v0,2665,3645,2288,2912,99,168,173,22.1,57.9,true,normal_air,1781253226016
14060,node_01,1781253225,inference,,,normal_air,,false,0.2,backend_rule_v0,2641,3598,2283,2915,102,169,174,22.1,57.9,true,normal_air,1781253227070
14061,node_01,1781253226,inference,,,normal_air,,false,0.2,backend_rule_v0,2665,3648,2296,2917,104,171,176,22.1,58,true,normal_air,1781253228113
14062,node_01,1781253227,inference,,,normal_air,,false,0.2,backend_rule_v0,2640,3592,2283,2915,106,172,176,22.1,58,true,normal_air,1781253229189
14063,node_01,1781253228,inference,,,normal_air,,false,0.2,backend_rule_v0,2642,3651,2288,2916,108,174,178,22.1,58,true,normal_air,1781253230203
14064,node_01,1781253229,inference,,,normal_air,,false,0.2,backend_rule_v0,2647,3593,2281,2914,108,171,175,22.1,57.9,true,normal_air,1781253231247
14065,node_01,1781253230,inference,,,normal_air,,false,0.2,backend_rule_v0,2660,3650,2288,2912,107,167,171,22.1,57.9,true,normal_air,1781253232296
14066,node_01,1781253231,inference,,,normal_air,,false,0.2,backend_rule_v0,2644,3599,2283,2913,106,163,167,22.1,57.9,true,normal_air,1781253233344
14067,node_01,1781253232,inference,,,normal_air,,false,0.2,backend_rule_v0,2662,3649,2295,2914,104,159,163,22.1,57.9,true,normal_air,1781253234416
14068,node_01,1781253233,inference,,,normal_air,,false,0.2,backend_rule_v0,2620,3602,2284,2912,102,156,159,22.1,57.9,true,normal_air,1781253235442
14069,node_01,1781253234,inference,,,normal_air,,false,0.2,backend_rule_v0,2661,3651,2287,2915,100,151,155,22.1,57.9,true,normal_air,1781253236484
14070,node_01,1781253235,inference,,,normal_air,,false,0.2,backend_rule_v0,2648,3600,2283,2916,99,149,152,22.1,58,true,normal_air,1781253237532
14071,node_01,1781253236,inference,,,normal_air,,false,0.2,backend_rule_v0,2664,3651,2288,2914,97,145,148,22.1,58,true,normal_air,1781253238597
14072,node_01,1781253238,inference,,,normal_air,,false,0.2,backend_rule_v0,2640,3593,2283,2913,95,141,144,22.1,58,true,normal_air,1781253239621
14073,node_01,1781253239,inference,,,normal_air,,false,0.2,backend_rule_v0,2661,3652,2293,2912,92,136,138,22.1,57.9,true,normal_air,1781253240674
14074,node_01,1781253240,inference,,,normal_air,,false,0.2,backend_rule_v0,2642,3603,2282,2917,89,131,134,22.1,57.9,true,normal_air,1781253241720
14075,node_01,1781253241,inference,,,normal_air,,false,0.2,backend_rule_v0,2663,3653,2288,2913,86,127,130,22.1,57.9,true,normal_air,1781253242763
14076,node_01,1781253242,inference,,,normal_air,,false,0.2,backend_rule_v0,2646,3596,2283,2920,82,120,123,22.1,57.8,true,normal_air,1781253243810
14077,node_01,1781253243,inference,,,normal_air,,false,0.2,backend_rule_v0,2663,3653,2286,2915,79,116,118,22.1,57.8,true,normal_air,1781253244855
14078,node_01,1781253244,inference,,,normal_air,,false,0.2,backend_rule_v0,2635,3597,2281,2915,76,109,112,22.1,57.8,true,normal_air,1781253245922
14079,node_01,1781253245,inference,,,normal_air,,false,0.2,backend_rule_v0,2659,3644,2296,2913,73,105,107,22.1,57.8,true,normal_air,1781253246958
14080,node_01,1781253246,inference,,,normal_air,,false,0.2,backend_rule_v0,2637,3604,2284,2911,70,102,103,22.1,57.8,true,normal_air,1781253247995
14081,node_01,1781253247,inference,,,normal_air,,false,0.2,backend_rule_v0,2657,3643,2286,2917,68,99,101,22.1,57.8,true,normal_air,1781253249044
14082,node_01,1781253248,inference,,,normal_air,,false,0.2,backend_rule_v0,2647,3599,2281,2910,66,95,97,22.1,57.8,true,normal_air,1781253250093
14083,node_01,1781253249,inference,,,normal_air,,false,0.2,backend_rule_v0,2665,3646,2288,2913,63,92,94,22.1,57.8,true,normal_air,1781253251408
14084,node_01,1781253250,inference,,,normal_air,,false,0.2,backend_rule_v0,2642,3600,2282,2916,61,88,90,22.1,57.8,true,normal_air,1781253252184
14085,node_01,1781253251,inference,,,normal_air,,false,0.2,backend_rule_v0,2664,3647,2295,2911,59,85,87,22.1,57.7,true,normal_air,1781253253231
14086,node_01,1781253252,inference,,,normal_air,,false,0.2,backend_rule_v0,2640,3603,2283,2913,57,83,84,22.1,57.7,true,normal_air,1781253254321
14087,node_01,1781253253,inference,,,normal_air,,false,0.2,backend_rule_v0,2664,3653,2285,2911,54,77,79,22.1,57.7,true,normal_air,1781253255326
14088,node_01,1781253254,inference,,,normal_air,,false,0.2,backend_rule_v0,2648,3569,2282,2912,51,74,77,22.1,57.7,true,normal_air,1781253256373
14089,node_01,1781253255,inference,,,normal_air,,false,0.2,backend_rule_v0,2659,3653,2285,2913,49,70,75,22.1,57.7,true,normal_air,1781253257414
14090,node_01,1781253256,inference,,,normal_air,,false,0.2,backend_rule_v0,2641,3593,2282,2914,49,70,76,22.1,57.7,true,normal_air,1781253258460
14091,node_01,1781253257,inference,,,normal_air,,false,0.2,backend_rule_v0,2660,3654,2291,2913,49,70,76,22.1,57.7,true,normal_air,1781253259511
14092,node_01,1781253258,inference,,,normal_air,,false,0.2,backend_rule_v0,2638,3605,2282,2913,49,71,76,22.1,57.7,true,normal_air,1781253260557
14093,node_01,1781253260,inference,,,normal_air,,false,0.2,backend_rule_v0,2665,3651,2288,2916,50,72,77,22.1,57.7,true,normal_air,1781253261602
14094,node_01,1781253261,inference,,,normal_air,,false,0.2,backend_rule_v0,2650,3602,2284,2912,50,73,77,22.1,57.7,true,normal_air,1781253262656
14095,node_01,1781253262,inference,,,normal_air,,false,0.2,backend_rule_v0,2659,3656,2285,2909,50,73,77,22.1,57.7,true,normal_air,1781253263696
14096,node_01,1781253263,inference,,,normal_air,,false,0.2,backend_rule_v0,2638,3564,2284,2917,50,73,76,22.1,57.7,true,normal_air,1781253264745
14097,node_01,1781253264,inference,,,normal_air,,false,0.2,backend_rule_v0,2662,3647,2297,2916,50,73,77,22.2,57.6,true,normal_air,1781253265809
14098,node_01,1781253265,inference,,,normal_air,,false,0.2,backend_rule_v0,2628,3602,2285,2917,51,74,77,22.2,57.6,true,normal_air,1781253266838
14099,node_01,1781253266,inference,,,normal_air,,false,0.2,backend_rule_v0,2665,3647,2290,2916,53,77,79,22.2,57.6,true,normal_air,1781253267884
14100,node_01,1781253267,inference,,,normal_air,,false,0.2,backend_rule_v0,2645,3601,2283,2915,54,78,79,22.2,57.8,true,normal_air,1781253268930
14101,node_01,1781253268,inference,,,normal_air,,false,0.2,backend_rule_v0,2662,3654,2288,2916,55,79,80,22.2,57.8,true,normal_air,1781253269980
14102,node_01,1781253269,inference,,,normal_air,,false,0.2,backend_rule_v0,2639,3603,2284,2915,55,79,81,22.2,57.8,true,normal_air,1781253271027
14103,node_01,1781253270,inference,,,normal_air,,false,0.2,backend_rule_v0,2664,3652,2294,2916,55,79,82,22.2,57.6,true,normal_air,1781253272069
14104,node_01,1781253271,inference,,,normal_air,,false,0.2,backend_rule_v0,2641,3593,2281,2912,56,81,83,22.2,57.6,true,normal_air,1781253273121
14105,node_01,1781253272,inference,,,normal_air,,false,0.2,backend_rule_v0,2664,3651,2288,2916,57,81,83,22.2,57.6,true,normal_air,1781253274168
14106,node_01,1781253273,inference,,,normal_air,,false,0.2,backend_rule_v0,2648,3594,2281,2912,57,81,84,22.2,57.6,true,normal_air,1781253275209
14107,node_01,1781253274,inference,,,normal_air,,false,0.2,backend_rule_v0,2665,3656,2289,2909,57,81,83,22.2,57.6,true,normal_air,1781253276256
14108,node_01,1781253275,inference,,,normal_air,,false,0.2,backend_rule_v0,2635,3593,2281,2910,56,80,82,22.2,57.6,true,normal_air,1781253277302
14109,node_01,1781253276,inference,,,normal_air,,false,0.2,backend_rule_v0,2661,3651,2295,2909,55,77,79,22.2,57.6,true,normal_air,1781253278350
14110,node_01,1781253277,inference,,,normal_air,,false,0.2,backend_rule_v0,2642,3600,2283,2913,52,74,77,22.2,57.6,true,normal_air,1781253279395
14111,node_01,1781253278,inference,,,normal_air,,false,0.2,backend_rule_v0,2662,3652,2289,2913,49,70,76,22.2,57.6,true,normal_air,1781253280447
14112,node_01,1781253279,inference,,,normal_air,,false,0.2,backend_rule_v0,2645,3598,2282,2913,47,67,74,22.2,57.6,true,normal_air,1781253281612
14113,node_01,1781253280,inference,,,normal_air,,false,0.2,backend_rule_v0,2664,3651,2287,2911,45,63,72,22.2,57.6,true,normal_air,1781253282543
14114,node_01,1781253282,inference,,,normal_air,,false,0.2,backend_rule_v0,2641,3590,2281,2912,43,60,70,22.2,57.6,true,normal_air,1781253283609
14115,node_01,1781253283,inference,,,normal_air,,false,0.2,backend_rule_v0,2663,3650,2295,2916,41,58,68,22.2,57.6,true,normal_air,1781253284637
14116,node_01,1781253284,inference,,,normal_air,,false,0.2,backend_rule_v0,2640,3595,2280,2914,40,56,67,22.2,57.6,true,normal_air,1781253285676
14117,node_01,1781253285,inference,,,normal_air,,false,0.2,backend_rule_v0,2663,3650,2288,2910,39,54,66,22.2,57.6,true,normal_air,1781253286721
14118,node_01,1781253286,inference,,,normal_air,,false,0.2,backend_rule_v0,2649,3597,2282,2914,39,53,66,22.2,57.4,true,normal_air,1781253287770
14119,node_01,1781253287,inference,,,normal_air,,false,0.2,backend_rule_v0,2663,3652,2288,2912,38,52,64,22.2,57.4,true,normal_air,1781253288818
14120,node_01,1781253288,inference,,,normal_air,,false,0.2,backend_rule_v0,2643,3597,2284,2912,38,52,64,22.2,57.4,true,normal_air,1781253289873
14121,node_01,1781253289,inference,,,normal_air,,false,0.2,backend_rule_v0,2667,3646,2296,2916,36,51,63,22.2,57.4,true,normal_air,1781253291050
14122,node_01,1781253290,inference,,,normal_air,,false,0.2,backend_rule_v0,2639,3595,2284,2916,38,51,63,22.2,57.4,true,normal_air,1781253292401
14123,node_01,1781253291,inference,,,normal_air,,false,0.2,backend_rule_v0,2666,3657,2288,2915,38,52,63,22.2,57.4,true,normal_air,1781253293433
14124,node_01,1781253292,inference,,,normal_air,,false,0.2,backend_rule_v0,2650,3601,2283,2916,38,51,63,22.2,57.6,true,normal_air,1781253294082
14125,node_01,1781253293,inference,,,normal_air,,false,0.2,backend_rule_v0,2663,3654,2287,2916,39,51,63,22.2,57.6,true,normal_air,1781253295167
14126,node_01,1781253294,inference,,,normal_air,,false,0.2,backend_rule_v0,2638,3595,2282,2910,39,51,63,22.2,57.6,true,normal_air,1781253296271
14127,node_01,1781253295,inference,,,normal_air,,false,0.2,backend_rule_v0,2663,3649,2295,2915,39,51,63,22.2,57.5,true,normal_air,1781253297230
14128,node_01,1781253296,inference,,,normal_air,,false,0.2,backend_rule_v0,2640,3590,2281,2916,39,51,63,22.2,57.5,true,normal_air,1781253298235
14129,node_01,1781253297,inference,,,normal_air,,false,0.2,backend_rule_v0,2665,3638,2288,2914,39,51,63,22.2,57.5,true,normal_air,1781253299290
14130,node_01,1781253298,inference,,,normal_air,,false,0.2,backend_rule_v0,2648,3606,2280,2910,40,51,63,22.2,57.4,true,normal_air,1781253300333
14131,node_01,1781253299,inference,,,normal_air,,false,0.2,backend_rule_v0,2661,3645,2285,2909,40,52,63,22.2,57.4,true,normal_air,1781253301378
14132,node_01,1781253300,inference,,,normal_air,,false,0.2,backend_rule_v0,2640,3603,2283,2912,40,52,63,22.2,57.4,true,normal_air,1781253302437
14133,node_01,1781253301,inference,,,normal_air,,false,0.2,backend_rule_v0,2662,3648,2294,2914,40,52,63,22.2,57.3,true,normal_air,1781253303470
14134,node_01,1781253302,inference,,,normal_air,,false,0.2,backend_rule_v0,2637,3590,2281,2913,40,52,63,22.2,57.3,true,normal_air,1781253304518
14135,node_01,1781253303,inference,,,normal_air,,false,0.2,backend_rule_v0,2662,3651,2289,2914,41,53,64,22.2,57.3,true,normal_air,1781253305563
14136,node_01,1781253305,inference,,,normal_air,,false,0.2,backend_rule_v0,2644,3596,2282,2913,41,53,65,22.2,57.4,true,normal_air,1781253306623
14137,node_01,1781253306,inference,,,normal_air,,false,0.2,backend_rule_v0,2662,3643,2286,2911,43,55,65,22.2,57.4,true,normal_air,1781253307657
14138,node_01,1781253307,inference,,,normal_air,,false,0.2,backend_rule_v0,2639,3593,2283,2917,44,57,67,22.2,57.4,true,normal_air,1781253308704
14139,node_01,1781253308,inference,,,normal_air,,false,0.2,backend_rule_v0,2657,3646,2295,2913,46,58,67,22.2,57.2,true,normal_air,1781253309749
14140,node_01,1781253309,inference,,,normal_air,,false,0.2,backend_rule_v0,2638,3592,2281,2911,46,58,68,22.2,57.2,true,normal_air,1781253310800
14141,node_01,1781253310,inference,,,normal_air,,false,0.2,backend_rule_v0,2662,3644,2289,2913,46,57,67,22.2,57.2,true,normal_air,1781253311916
14142,node_01,1781253311,inference,,,normal_air,,false,0.2,backend_rule_v0,2644,3589,2277,2910,47,59,68,22.2,57.3,true,normal_air,1781253313253
14143,node_01,1781253312,inference,,,normal_air,,false,0.2,backend_rule_v0,2660,3655,2288,2916,49,61,69,22.2,57.3,true,normal_air,1781253314322
14144,node_01,1781253313,inference,,,normal_air,,false,0.2,backend_rule_v0,2640,3592,2281,2910,51,65,72,22.2,57.3,true,normal_air,1781253315136
14145,node_01,1781253314,inference,,,normal_air,,false,0.2,backend_rule_v0,2664,3647,2295,2910,51,66,72,22.2,57.3,true,normal_air,1781253316293
14146,node_01,1781253315,inference,,,normal_air,,false,0.2,backend_rule_v0,2639,3604,2281,2909,52,67,73,22.2,57.3,true,normal_air,1781253317079
14147,node_01,1781253316,inference,,,normal_air,,false,0.2,backend_rule_v0,2644,3653,2289,2915,52,68,74,22.2,57.3,true,normal_air,1781253318132
14148,node_01,1781253317,inference,,,normal_air,,false,0.2,backend_rule_v0,2645,3598,2281,2910,52,69,74,22.3,57.2,true,normal_air,1781253319180
14149,node_01,1781253318,inference,,,normal_air,,false,0.2,backend_rule_v0,2660,3650,2287,2912,53,70,75,22.3,57.2,true,normal_air,1781253320217
14150,node_01,1781253319,inference,,,normal_air,,false,0.2,backend_rule_v0,2639,3597,2283,2914,54,72,76,22.3,57.2,true,normal_air,1781253321263
14151,node_01,1781253320,inference,,,normal_air,,false,0.2,backend_rule_v0,2659,3647,2295,2909,57,80,80,22.3,57.2,true,normal_air,1781253322309
14152,node_01,1781253321,inference,,,normal_air,,false,0.2,backend_rule_v0,2640,3597,2283,2912,60,88,89,22.3,57.2,true,normal_air,1781253323358
14153,node_01,1781253322,inference,,,normal_air,,false,0.2,backend_rule_v0,2663,3649,2283,2914,62,95,97,22.3,57.2,true,normal_air,1781253324403
14154,node_01,1781253323,inference,,,normal_air,,false,0.2,backend_rule_v0,2647,3605,2283,2915,64,101,104,22.3,57.2,true,normal_air,1781253325451
14155,node_01,1781253324,inference,,,normal_air,,false,0.2,backend_rule_v0,2664,3655,2287,2916,67,109,112,22.3,57.2,true,normal_air,1781253326498
14156,node_01,1781253325,inference,,,normal_air,,false,0.2,backend_rule_v0,2639,3595,2281,2911,69,116,119,22.3,57.2,true,normal_air,1781253327550
14157,node_01,1781253327,inference,,,normal_air,,false,0.2,backend_rule_v0,2662,3644,2294,2912,73,123,128,22.2,57.1,true,normal_air,1781253328599
14158,node_01,1781253328,inference,,,normal_air,,false,0.2,backend_rule_v0,2641,3595,2283,2917,75,129,134,22.2,57.1,true,normal_air,1781253329638
14159,node_01,1781253329,inference,,,normal_air,,false,0.2,backend_rule_v0,2660,3652,2285,2913,77,134,140,22.2,57.1,true,normal_air,1781253330684
14160,node_01,1781253330,inference,,,normal_air,,false,0.2,backend_rule_v0,2645,3591,2283,2916,79,140,146,22.3,57.1,true,normal_air,1781253331734
14161,node_01,1781253331,inference,,,normal_air,,false,0.2,backend_rule_v0,2663,3651,2285,2910,79,139,145,22.3,57.1,true,normal_air,1781253332776
14162,node_01,1781253332,inference,,,normal_air,,false,0.2,backend_rule_v0,2640,3596,2282,2911,78,136,141,22.3,57.1,true,normal_air,1781253333825
14163,node_01,1781253333,inference,,,normal_air,,false,0.2,backend_rule_v0,2663,3650,2293,2912,77,133,137,22.2,57.1,true,normal_air,1781253334873
14164,node_01,1781253334,inference,,,normal_air,,false,0.2,backend_rule_v0,2638,3594,2283,2914,77,130,134,22.2,57.1,true,normal_air,1781253335917
14165,node_01,1781253335,inference,,,normal_air,,false,0.2,backend_rule_v0,2662,3650,2290,2915,74,124,128,22.2,57.1,true,normal_air,1781253336967
14166,node_01,1781253336,inference,,,normal_air,,false,0.2,backend_rule_v0,2647,3600,2281,2909,70,117,121,22.3,57.1,true,normal_air,1781253338009
14167,node_01,1781253337,inference,,,normal_air,,false,0.2,backend_rule_v0,2661,3646,2287,2910,67,110,115,22.3,57.1,true,normal_air,1781253339053
14168,node_01,1781253338,inference,,,normal_air,,false,0.2,backend_rule_v0,2638,3592,2282,2912,64,105,108,22.3,57.1,true,normal_air,1781253340113
14169,node_01,1781253339,inference,,,normal_air,,false,0.2,backend_rule_v0,2664,3648,2295,2915,61,100,102,22.3,57.2,true,normal_air,1781253341155
14170,node_01,1781253340,inference,,,normal_air,,false,0.2,backend_rule_v0,2637,3599,2280,2913,58,94,98,22.3,57.2,true,normal_air,1781253342203
14171,node_01,1781253341,inference,,,normal_air,,false,0.2,backend_rule_v0,2660,3647,2287,2912,56,90,93,22.3,57.2,true,normal_air,1781253343246
14172,node_01,1781253342,inference,,,normal_air,,false,0.2,backend_rule_v0,2648,3597,2281,2914,55,86,89,22.3,57.2,true,normal_air,1781253344292
14173,node_01,1781253343,inference,,,normal_air,,false,0.2,backend_rule_v0,2662,3652,2289,2913,54,83,86,22.3,57.2,true,normal_air,1781253345339
14174,node_01,1781253344,inference,,,normal_air,,false,0.2,backend_rule_v0,2640,3593,2282,2914,53,81,84,22.3,57.2,true,normal_air,1781253346383
14175,node_01,1781253345,inference,,,normal_air,,false,0.2,backend_rule_v0,2659,3651,2295,2912,53,79,82,22.3,57,true,normal_air,1781253347428
14176,node_01,1781253346,inference,,,normal_air,,false,0.2,backend_rule_v0,2641,3598,2283,2911,53,78,80,22.3,57,true,normal_air,1781253348478
14177,node_01,1781253347,inference,,,normal_air,,false,0.2,backend_rule_v0,2664,3652,2289,2915,52,77,79,22.3,57,true,normal_air,1781253349532
14178,node_01,1781253348,inference,,,normal_air,,false,0.2,backend_rule_v0,2644,3604,2282,2912,52,75,78,22.3,57.1,true,normal_air,1781253350569
14179,node_01,1781253350,inference,,,normal_air,,false,0.2,backend_rule_v0,2658,3649,2286,2914,52,74,77,22.3,57.1,true,normal_air,1781253351614
14180,node_01,1781253351,inference,,,normal_air,,false,0.2,backend_rule_v0,2640,3593,2282,2910,52,73,77,22.3,57.1,true,normal_air,1781253352666
14181,node_01,1781253352,inference,,,normal_air,,false,0.2,backend_rule_v0,2663,3650,2294,2912,51,71,76,22.3,56.9,true,normal_air,1781253353709
14182,node_01,1781253353,inference,,,normal_air,,false,0.2,backend_rule_v0,2640,3596,2281,2912,50,68,75,22.3,56.9,true,normal_air,1781253354755
14183,node_01,1781253354,inference,,,normal_air,,false,0.2,backend_rule_v0,2663,3653,2287,2915,48,66,73,22.3,56.9,true,normal_air,1781253355803
14184,node_01,1781253355,inference,,,normal_air,,false,0.2,backend_rule_v0,2644,3593,2282,2912,46,62,71,22.3,57,true,normal_air,1781253356847
14185,node_01,1781253356,inference,,,normal_air,,false,0.2,backend_rule_v0,2660,3648,2286,2913,43,60,69,22.3,57,true,normal_air,1781253357896
14186,node_01,1781253357,inference,,,normal_air,,false,0.2,backend_rule_v0,2641,3599,2283,2918,42,57,67,22.3,57,true,normal_air,1781253358943
14187,node_01,1781253358,inference,,,normal_air,,false,0.2,backend_rule_v0,2662,3646,2294,2915,39,54,65,22.3,57,true,normal_air,1781253359986
14188,node_01,1781253359,inference,,,normal_air,,false,0.2,backend_rule_v0,2642,3596,2282,2910,38,52,63,22.3,57,true,normal_air,1781253361033
14189,node_01,1781253360,inference,,,normal_air,,false,0.2,backend_rule_v0,2663,3648,2288,2912,38,53,65,22.3,57,true,normal_air,1781253362086
14190,node_01,1781253361,inference,,,normal_air,,false,0.2,backend_rule_v0,2647,3598,2283,2915,39,55,66,22.3,56.8,true,normal_air,1781253363131
14191,node_01,1781253362,inference,,,normal_air,,false,0.2,backend_rule_v0,2662,3647,2287,2909,39,57,67,22.3,56.8,true,normal_air,1781253364176
14192,node_01,1781253363,inference,,,normal_air,,false,0.2,backend_rule_v0,2642,3595,2282,2914,40,58,68,22.3,56.8,true,normal_air,1781253365223
14193,node_01,1781253364,inference,,,normal_air,,false,0.2,backend_rule_v0,2660,3647,2294,2912,41,60,69,22.3,56.9,true,normal_air,1781253366278
14194,node_01,1781253365,inference,,,normal_air,,false,0.2,backend_rule_v0,2643,3597,2282,2911,43,64,71,22.3,56.9,true,normal_air,1781253367321
14195,node_01,1781253366,inference,,,normal_air,,false,0.2,backend_rule_v0,2664,3649,2290,2916,45,67,74,22.3,56.9,true,normal_air,1781253368363
14196,node_01,1781253367,inference,,,normal_air,,false,0.2,backend_rule_v0,2647,3595,2283,2912,47,71,76,22.3,56.8,true,normal_air,1781253369408
14197,node_01,1781253368,inference,,,normal_air,,false,0.2,backend_rule_v0,2661,3651,2285,2912,49,75,77,22.3,56.8,true,normal_air,1781253370457
14198,node_01,1781253369,inference,,,normal_air,,false,0.2,backend_rule_v0,2640,3596,2283,2916,50,77,78,22.3,56.8,true,normal_air,1781253371517
14199,node_01,1781253370,inference,,,normal_air,,false,0.2,backend_rule_v0,2663,3648,2293,2912,51,78,79,22.3,56.8,true,normal_air,1781253372677
14200,node_01,1781253372,inference,,,normal_air,,false,0.2,backend_rule_v0,2640,3590,2281,2915,52,78,79,22.3,56.8,true,normal_air,1781253373807
14201,node_01,1781253373,inference,,,normal_air,,false,0.2,backend_rule_v0,2665,3650,2284,2912,55,81,81,22.3,56.8,true,normal_air,1781253374957
14202,node_01,1781253374,inference,,,normal_air,,false,0.2,backend_rule_v0,2647,3594,2281,2909,57,83,83,22.4,56.8,true,normal_air,1781253375770
14203,node_01,1781253375,inference,,,normal_air,,false,0.2,backend_rule_v0,2665,3654,2287,2909,60,86,86,22.4,56.8,true,normal_air,1781253376782
14204,node_01,1781253376,inference,,,normal_air,,false,0.2,backend_rule_v0,2639,3595,2281,2912,61,86,86,22.4,56.8,true,normal_air,1781253377896
14205,node_01,1781253377,inference,,,normal_air,,false,0.2,backend_rule_v0,2664,3650,2291,2916,61,85,85,22.3,56.9,true,normal_air,1781253379048
14206,node_01,1781253378,inference,,,normal_air,,false,0.2,backend_rule_v0,2639,3590,2283,2914,63,85,85,22.3,56.9,true,normal_air,1781253380206
14207,node_01,1781253379,inference,,,normal_air,,false,0.2,backend_rule_v0,2659,3647,2288,2917,64,86,86,22.3,56.9,true,normal_air,1781253381271
14208,node_01,1781253380,inference,,,normal_air,,false,0.2,backend_rule_v0,2646,3605,2282,2912,65,86,86,22.3,56.8,true,normal_air,1781253381969
14209,node_01,1781253381,inference,,,normal_air,,false,0.2,backend_rule_v0,2663,3649,2287,2913,65,86,86,22.3,56.8,true,normal_air,1781253383018
14210,node_01,1781253382,inference,,,normal_air,,false,0.2,backend_rule_v0,2640,3593,2281,2915,64,84,84,22.3,56.8,true,normal_air,1781253384066
14211,node_01,1781253383,inference,,,normal_air,,false,0.2,backend_rule_v0,2659,3644,2294,2913,62,81,81,22.3,56.8,true,normal_air,1781253385109
14212,node_01,1781253384,inference,,,normal_air,,false,0.2,backend_rule_v0,2641,3599,2281,2914,59,78,79,22.3,56.8,true,normal_air,1781253386155
14213,node_01,1781253385,inference,,,normal_air,,false,0.2,backend_rule_v0,2659,3649,2288,2914,56,74,76,22.3,56.8,true,normal_air,1781253387208
14214,node_01,1781253386,inference,,,normal_air,,false,0.2,backend_rule_v0,2647,3599,2283,2909,54,71,75,22.4,56.8,true,normal_air,1781253388247
14215,node_01,1781253387,inference,,,normal_air,,false,0.2,backend_rule_v0,2662,3647,2287,2916,52,69,74,22.4,56.8,true,normal_air,1781253389298
14216,node_01,1781253388,inference,,,normal_air,,false,0.2,backend_rule_v0,2640,3597,2282,2910,51,68,73,22.4,56.8,true,normal_air,1781253390346
14217,node_01,1781253389,inference,,,normal_air,,false,0.2,backend_rule_v0,2662,3653,2294,2912,50,65,72,22.4,56.6,true,normal_air,1781253391386
14218,node_01,1781253390,inference,,,normal_air,,false,0.2,backend_rule_v0,2642,3600,2281,2912,48,62,70,22.4,56.6,true,normal_air,1781253392437
14219,node_01,1781253391,inference,,,normal_air,,false,0.2,backend_rule_v0,2659,3648,2287,2913,46,60,69,22.4,56.6,true,normal_air,1781253393483
14220,node_01,1781253392,inference,,,normal_air,,false,0.2,backend_rule_v0,2646,3591,2282,2915,44,58,67,22.4,56.6,true,normal_air,1781253394532
14221,node_01,1781253393,inference,,,normal_air,,false,0.2,backend_rule_v0,2662,3654,2286,2912,42,56,66,22.4,56.6,true,normal_air,1781253395573
14222,node_01,1781253395,inference,,,normal_air,,false,0.2,backend_rule_v0,2640,3598,2284,2913,40,53,64,22.4,56.6,true,normal_air,1781253396635
14223,node_01,1781253396,inference,,,normal_air,,false,0.2,backend_rule_v0,2660,3647,2294,2914,38,52,62,22.4,56.7,true,normal_air,1781253397671
14224,node_01,1781253397,inference,,,normal_air,,false,0.2,backend_rule_v0,2638,3593,2280,2909,36,51,61,22.4,56.7,true,normal_air,1781253398715
14225,node_01,1781253398,inference,,,normal_air,,false,0.2,backend_rule_v0,2659,3652,2285,2913,35,50,60,22.4,56.7,true,normal_air,1781253399767
14226,node_01,1781253399,inference,,,normal_air,,false,0.18400000000000002,backend_rule_v0,2649,3606,2281,2913,34,48,57,22.4,56.6,true,normal_air,1781253400809
14227,node_01,1781253400,inference,,,normal_air,,false,0.18400000000000002,backend_rule_v0,2664,3644,2285,2910,34,48,57,22.4,56.6,true,normal_air,1781253401857
14228,node_01,1781253401,inference,,,normal_air,,false,0.17600000000000002,backend_rule_v0,2641,3591,2284,2910,34,47,56,22.4,56.6,true,normal_air,1781253402917
14229,node_01,1781253402,inference,,,normal_air,,false,0.17600000000000002,backend_rule_v0,2663,3642,2296,2912,34,47,56,22.4,56.6,true,normal_air,1781253403947
14230,node_01,1781253403,inference,,,normal_air,,false,0.168,backend_rule_v0,2640,3590,2282,2911,32,46,55,22.4,56.6,true,normal_air,1781253404992
14231,node_01,1781253404,inference,,,normal_air,,false,0.168,backend_rule_v0,2659,3648,2287,2915,32,46,55,22.4,56.6,true,normal_air,1781253406039
14232,node_01,1781253405,inference,,,normal_air,,false,0.168,backend_rule_v0,2646,3597,2280,2915,32,46,55,22.4,56.5,true,normal_air,1781253407084
14233,node_01,1781253406,inference,,,normal_air,,false,0.168,backend_rule_v0,2660,3648,2286,2910,32,46,55,22.4,56.5,true,normal_air,1781253408136
14234,node_01,1781253407,inference,,,normal_air,,false,0.168,backend_rule_v0,2643,3596,2282,2915,32,46,55,22.4,56.5,true,normal_air,1781253409188
14235,node_01,1781253408,inference,,,normal_air,,false,0.168,backend_rule_v0,2663,3652,2296,2915,32,46,55,22.4,56.7,true,normal_air,1781253410231
14236,node_01,1781253409,inference,,,normal_air,,false,0.17600000000000002,backend_rule_v0,2642,3596,2284,2910,33,47,58,22.4,56.7,true,normal_air,1781253411290
14237,node_01,1781253410,inference,,,normal_air,,false,0.2,backend_rule_v0,2660,3646,2286,2909,34,50,61,22.4,56.7,true,normal_air,1781253412322
14238,node_01,1781253411,inference,,,normal_air,,false,0.2,backend_rule_v0,2649,3602,2284,2913,38,53,65,22.4,56.4,true,normal_air,1781253413368
14239,node_01,1781253412,inference,,,normal_air,,false,0.2,backend_rule_v0,2665,3649,2288,2911,41,58,68,22.4,56.4,true,normal_air,1781253414411
14240,node_01,1781253413,inference,,,normal_air,,false,0.2,backend_rule_v0,2640,3599,2284,2913,44,62,71,22.4,56.4,true,normal_air,1781253415481
14241,node_01,1781253414,inference,,,normal_air,,false,0.2,backend_rule_v0,2662,3649,2294,2911,47,67,72,22.4,56.5,true,normal_air,1781253416507
14242,node_01,1781253415,inference,,,normal_air,,false,0.2,backend_rule_v0,2640,3586,2281,2913,49,70,74,22.4,56.5,true,normal_air,1781253417557
14243,node_01,1781253417,inference,,,normal_air,,false,0.2,backend_rule_v0,2663,3653,2288,2911,52,74,77,22.4,56.5,true,normal_air,1781253418631
14244,node_01,1781253418,inference,,,normal_air,,false,0.2,backend_rule_v0,2623,3586,2280,2913,56,78,79,22.4,56.4,true,normal_air,1781253419650
14245,node_01,1781253419,inference,,,normal_air,,false,0.2,backend_rule_v0,2661,3654,2289,2915,58,81,81,22.4,56.4,true,normal_air,1781253420693
14246,node_01,1781253420,inference,,,normal_air,,false,0.2,backend_rule_v0,2640,3603,2283,2908,58,82,82,22.4,56.4,true,normal_air,1781253421739
14247,node_01,1781253421,inference,,,normal_air,,false,0.2,backend_rule_v0,2664,3656,2297,2914,58,80,80,22.4,56.5,true,normal_air,1781253422782
14248,node_01,1781253422,inference,,,normal_air,,false,0.2,backend_rule_v0,2642,3597,2282,2915,56,76,78,22.4,56.5,true,normal_air,1781253423830
14249,node_01,1781253423,inference,,,normal_air,,false,0.2,backend_rule_v0,2663,3648,2287,2916,52,73,76,22.4,56.5,true,normal_air,1781253424878
14250,node_01,1781253424,inference,,,normal_air,,false,0.2,backend_rule_v0,2645,3595,2282,2912,49,68,73,22.4,56.5,true,normal_air,1781253425932
14251,node_01,1781253425,inference,,,normal_air,,false,0.2,backend_rule_v0,2644,3649,2287,2913,48,66,72,22.4,56.5,true,normal_air,1781253426977
14252,node_01,1781253426,inference,,,normal_air,,false,0.2,backend_rule_v0,2641,3565,2282,2914,47,65,71,22.4,56.5,true,normal_air,1781253428030
14253,node_01,1781253427,inference,,,normal_air,,false,0.2,backend_rule_v0,2665,3645,2293,2912,47,63,71,22.4,56.4,true,normal_air,1781253429067
14254,node_01,1781253428,inference,,,normal_air,,false,0.2,backend_rule_v0,2636,3600,2283,2912,46,63,70,22.4,56.4,true,normal_air,1781253430116
14255,node_01,1781253429,inference,,,normal_air,,false,0.2,backend_rule_v0,2663,3651,2287,2913,45,61,69,22.4,56.4,true,normal_air,1781253431186
14256,node_01,1781253430,inference,,,normal_air,,false,0.2,backend_rule_v0,2628,3589,2282,2914,46,62,70,22.4,56.5,true,normal_air,1781253432361
14257,node_01,1781253431,inference,,,normal_air,,false,0.2,backend_rule_v0,2664,3657,2288,2912,46,61,70,22.4,56.5,true,normal_air,1781253433467
14258,node_01,1781253432,inference,,,normal_air,,false,0.2,backend_rule_v0,2641,3601,2281,2913,46,61,70,22.4,56.5,true,normal_air,1781253434519
14259,node_01,1781253433,inference,,,normal_air,,false,0.2,backend_rule_v0,2664,3652,2296,2913,47,61,70,22.4,56.5,true,normal_air,1781253435496
14260,node_01,1781253434,inference,,,normal_air,,false,0.2,backend_rule_v0,2639,3584,2281,2913,47,61,70,22.4,56.5,true,normal_air,1781253436446
14261,node_01,1781253435,inference,,,normal_air,,false,0.2,backend_rule_v0,2662,3648,2288,2916,46,60,69,22.4,56.5,true,normal_air,1781253437653
14262,node_01,1781253436,inference,,,normal_air,,false,0.2,backend_rule_v0,2646,3595,2285,2917,44,58,68,22.4,56.3,true,normal_air,1781253438812
14263,node_01,1781253437,inference,,,normal_air,,false,0.2,backend_rule_v0,2662,3651,2290,2914,44,57,67,22.4,56.3,true,normal_air,1781253439564
14264,node_01,1781253439,inference,,,normal_air,,false,0.2,backend_rule_v0,2636,3593,2282,2907,42,55,66,22.4,56.3,true,normal_air,1781253440733
14265,node_01,1781253440,inference,,,normal_air,,false,0.2,backend_rule_v0,2662,3652,2293,2915,42,55,65,22.5,56.3,true,normal_air,1781253442018
14266,node_01,1781253441,inference,,,normal_air,,false,0.2,backend_rule_v0,2641,3597,2282,2911,42,55,65,22.5,56.3,true,normal_air,1781253442807
14267,node_01,1781253442,inference,,,normal_air,,false,0.2,backend_rule_v0,2662,3654,2289,2915,43,55,66,22.5,56.3,true,normal_air,1781253443721
14268,node_01,1781253443,inference,,,normal_air,,false,0.2,backend_rule_v0,2648,3590,2281,2911,44,56,66,22.4,56.3,true,normal_air,1781253444764
14269,node_01,1781253444,inference,,,normal_air,,false,0.2,backend_rule_v0,2660,3647,2288,2913,46,57,67,22.4,56.3,true,normal_air,1781253445818
14270,node_01,1781253445,inference,,,normal_air,,false,0.2,backend_rule_v0,2637,3594,2283,2911,47,58,68,22.4,56.3,true,normal_air,1781253446858
14271,node_01,1781253446,inference,,,normal_air,,false,0.2,backend_rule_v0,2664,3656,2296,2914,48,60,70,22.4,56.4,true,normal_air,1781253447909
14272,node_01,1781253447,inference,,,normal_air,,false,0.2,backend_rule_v0,2642,3594,2282,2911,50,62,71,22.4,56.4,true,normal_air,1781253448953
14273,node_01,1781253448,inference,,,normal_air,,false,0.2,backend_rule_v0,2660,3650,2287,2912,52,65,72,22.4,56.4,true,normal_air,1781253450003
14274,node_01,1781253449,inference,,,normal_air,,false,0.2,backend_rule_v0,2645,3587,2283,2913,52,66,73,22.4,56.4,true,normal_air,1781253451045
14275,node_01,1781253450,inference,,,normal_air,,false,0.2,backend_rule_v0,2664,3654,2289,2915,53,67,73,22.4,56.4,true,normal_air,1781253452092
14276,node_01,1781253451,inference,,,normal_air,,false,0.2,backend_rule_v0,2639,3596,2282,2916,52,67,73,22.4,56.4,true,normal_air,1781253453136
14277,node_01,1781253452,inference,,,normal_air,,false,0.2,backend_rule_v0,2663,3651,2295,2912,53,67,73,22.4,56.3,true,normal_air,1781253454183
14278,node_01,1781253453,inference,,,normal_air,,false,0.2,backend_rule_v0,2640,3590,2282,2913,51,66,72,22.4,56.3,true,normal_air,1781253455242
14279,node_01,1781253454,inference,,,normal_air,,false,0.2,backend_rule_v0,2662,3650,2289,2916,50,65,72,22.4,56.3,true,normal_air,1781253456281
14280,node_01,1781253455,inference,,,normal_air,,false,0.2,backend_rule_v0,2644,3600,2283,2910,49,63,71,22.4,56.2,true,normal_air,1781253457327
14281,node_01,1781253456,inference,,,normal_air,,false,0.2,backend_rule_v0,2661,3652,2285,2913,48,61,70,22.4,56.2,true,normal_air,1781253458369
14282,node_01,1781253457,inference,,,normal_air,,false,0.2,backend_rule_v0,2639,3590,2281,2911,46,58,68,22.4,56.2,true,normal_air,1781253459417
14283,node_01,1781253458,inference,,,normal_air,,false,0.2,backend_rule_v0,2662,3651,2295,2912,44,56,67,22.5,56.3,true,normal_air,1781253460462
14284,node_01,1781253459,inference,,,normal_air,,false,0.2,backend_rule_v0,2642,3606,2283,2914,41,53,65,22.5,56.3,true,normal_air,1781253461515
14285,node_01,1781253460,inference,,,normal_air,,false,0.2,backend_rule_v0,2666,3646,2287,2916,40,51,63,22.5,56.3,true,normal_air,1781253462557
14286,node_01,1781253462,inference,,,normal_air,,false,0.2,backend_rule_v0,2645,3594,2281,2918,39,51,61,22.5,56.3,true,normal_air,1781253463606
14287,node_01,1781253463,inference,,,normal_air,,false,0.2,backend_rule_v0,2661,3647,2286,2915,38,51,62,22.5,56.3,true,normal_air,1781253464812
14288,node_01,1781253464,inference,,,normal_air,,false,0.2,backend_rule_v0,2640,3594,2283,2915,38,50,61,22.5,56.3,true,normal_air,1781253465693
14289,node_01,1781253465,inference,,,normal_air,,false,0.192,backend_rule_v0,2661,3644,2295,2913,36,49,60,22.5,56.3,true,normal_air,1781253466741
14290,node_01,1781253466,inference,,,normal_air,,false,0.17600000000000002,backend_rule_v0,2638,3600,2282,2915,34,47,57,22.5,56.3,true,normal_air,1781253467795
14291,node_01,1781253467,inference,,,normal_air,,false,0.17600000000000002,backend_rule_v0,2659,3647,2286,2910,34,47,56,22.5,56.3,true,normal_air,1781253468838
14292,node_01,1781253468,inference,,,normal_air,,false,0.168,backend_rule_v0,2645,3595,2280,2910,33,46,55,22.5,56.1,true,normal_air,1781253469891
14293,node_01,1781253469,inference,,,normal_air,,false,0.168,backend_rule_v0,2663,3648,2287,2911,33,46,55,22.5,56.1,true,normal_air,1781253470936
14294,node_01,1781253470,inference,,,normal_air,,false,0.168,backend_rule_v0,2640,3593,2283,2915,33,46,55,22.5,56.1,true,normal_air,1781253471975
14295,node_01,1781253471,inference,,,normal_air,,false,0.168,backend_rule_v0,2661,3648,2293,2912,33,46,55,22.5,56.2,true,normal_air,1781253473025
14296,node_01,1781253472,inference,,,normal_air,,false,0.17600000000000002,backend_rule_v0,2639,3572,2284,2914,34,47,56,22.5,56.2,true,normal_air,1781253474075
14297,node_01,1781253473,inference,,,normal_air,,false,0.168,backend_rule_v0,2659,3648,2288,2915,34,46,56,22.5,56.2,true,normal_air,1781253475114
14298,node_01,1781253474,inference,,,normal_air,,false,0.168,backend_rule_v0,2645,3594,2281,2913,33,46,56,22.5,56.2,true,normal_air,1781253476163
14299,node_01,1781253475,inference,,,normal_air,,false,0.168,backend_rule_v0,2661,3654,2289,2915,33,46,55,22.5,56.2,true,normal_air,1781253477225
14300,node_01,1781253476,inference,,,normal_air,,false,0.168,backend_rule_v0,2621,3598,2283,2911,33,46,55,22.5,56.2,true,normal_air,1781253478259
14301,node_01,1781253477,inference,,,normal_air,,false,0.16000000000000003,backend_rule_v0,2668,3654,2298,2915,32,45,54,22.5,56.2,true,normal_air,1781253479305
14302,node_01,1781253478,inference,,,normal_air,,false,0.16000000000000003,backend_rule_v0,2643,3594,2279,2912,32,45,54,22.5,56.2,true,normal_air,1781253480355
14303,node_01,1781253479,inference,,,normal_air,,false,0.15200000000000002,backend_rule_v0,2664,3652,2289,2916,31,44,53,22.5,56.2,true,normal_air,1781253481435
14304,node_01,1781253480,inference,,,normal_air,,false,0.144,backend_rule_v0,2647,3601,2282,2913,30,43,51,22.5,56.1,true,normal_air,1781253482440
14305,node_01,1781253481,inference,,,normal_air,,false,0.136,backend_rule_v0,2663,3651,2285,2912,30,42,49,22.5,56.1,true,normal_air,1781253483488
14306,node_01,1781253482,inference,,,normal_air,,false,0.128,backend_rule_v0,2640,3601,2284,2910,29,41,48,22.5,56.1,true,normal_air,1781253484539
14307,node_01,1781253484,inference,,,normal_air,,false,0.12,backend_rule_v0,2662,3648,2293,2912,29,40,48,22.5,56.2,true,normal_air,1781253485583
14308,node_01,1781253485,inference,,,normal_air,,false,0.12,backend_rule_v0,2637,3597,2282,2912,28,40,47,22.5,56.2,true,normal_air,1781253486631
14309,node_01,1781253486,inference,,,normal_air,,false,0.11200000000000002,backend_rule_v0,2664,3644,2289,2909,28,39,46,22.5,56.2,true,normal_air,1781253487680
14310,node_01,1781253487,inference,,,normal_air,,false,0.11200000000000002,backend_rule_v0,2649,3596,2283,2909,27,39,46,22.5,56,true,normal_air,1781253488725
14311,node_01,1781253488,inference,,,normal_air,,false,0.10400000000000001,backend_rule_v0,2662,3646,2287,2915,27,38,45,22.5,56,true,normal_air,1781253489772
14312,node_01,1781253489,inference,,,normal_air,,false,0.10400000000000001,backend_rule_v0,2640,3594,2283,2912,27,38,44,22.5,56,true,normal_air,1781253490815
14313,node_01,1781253490,inference,,,normal_air,,false,0.10400000000000001,backend_rule_v0,2664,3650,2293,2915,28,38,45,22.5,56.1,true,normal_air,1781253492156
14314,node_01,1781253491,inference,,,normal_air,,false,0.10400000000000001,backend_rule_v0,2638,3591,2284,2910,28,38,45,22.5,56.1,true,normal_air,1781253493111
14315,node_01,1781253492,inference,,,normal_air,,false,0.096,backend_rule_v0,2663,3648,2287,2914,28,37,45,22.5,56.1,true,normal_air,1781253494069
14316,node_01,1781253493,inference,,,normal_air,,false,0.096,backend_rule_v0,2647,3596,2282,2912,27,37,43,22.5,56.1,true,normal_air,1781253495338
14317,node_01,1781253494,inference,,,normal_air,,false,0.08800000000000001,backend_rule_v0,2663,3648,2285,2913,26,36,43,22.5,56.1,true,normal_air,1781253496313
14318,node_01,1781253495,inference,,,normal_air,,false,0.08000000000000002,backend_rule_v0,2639,3594,2282,2914,25,35,41,22.5,56.1,true,normal_air,1781253497200
14319,node_01,1781253496,inference,,,normal_air,,false,0.072,backend_rule_v0,2662,3621,2295,2910,25,34,40,22.5,56,true,normal_air,1781253498298
14320,node_01,1781253497,inference,,,normal_air,,false,0.072,backend_rule_v0,2640,3602,2282,2909,24,34,39,22.5,56,true,normal_air,1781253499256
14321,node_01,1781253498,inference,,,normal_air,,false,0.072,backend_rule_v0,2660,3645,2286,2909,24,34,39,22.5,56,true,normal_air,1781253500419
14322,node_01,1781253499,inference,,,normal_air,,false,0.064,backend_rule_v0,2644,3598,2281,2911,24,33,38,22.5,56.1,true,normal_air,1781253501406
14323,node_01,1781253500,inference,,,normal_air,,false,0.064,backend_rule_v0,2660,3644,2287,2917,24,33,38,22.5,56.1,true,normal_air,1781253502380
14324,node_01,1781253501,inference,,,normal_air,,false,0.064,backend_rule_v0,2641,3593,2280,2916,24,33,37,22.5,56.1,true,normal_air,1781253503374
14325,node_01,1781253502,inference,,,normal_air,,false,0.05600000000000001,backend_rule_v0,2661,3652,2296,2913,23,32,36,22.5,55.9,true,normal_air,1781253504444
14326,node_01,1781253503,inference,,,normal_air,,false,0.05600000000000001,backend_rule_v0,2635,3599,2282,2909,23,32,36,22.5,55.9,true,normal_air,1781253505467
14327,node_01,1781253504,inference,,,normal_air,,false,0.048,backend_rule_v0,2660,3652,2287,2913,22,31,34,22.5,55.9,true,normal_air,1781253506521
14328,node_01,1781253505,inference,,,normal_air,,false,0.048,backend_rule_v0,2648,3594,2271,2913,22,31,34,22.5,55.9,true,normal_air,1781253507587
14329,node_01,1781253507,inference,,,normal_air,,false,0.048,backend_rule_v0,2663,3646,2287,2912,22,31,34,22.5,55.9,true,normal_air,1781253508606
14330,node_01,1781253508,inference,,,normal_air,,false,0.05600000000000001,backend_rule_v0,2643,3603,2282,2913,23,32,34,22.5,55.9,true,normal_air,1781253509654
14331,node_01,1781253509,inference,,,normal_air,,false,0.04000000000000001,backend_rule_v0,2659,3647,2297,2911,23,30,34,22.5,56,true,normal_air,1781253510748
14332,node_01,1781253510,inference,,,normal_air,,false,0.04000000000000001,backend_rule_v0,2621,3604,2281,2911,23,30,33,22.5,56,true,normal_air,1781253511744
14333,node_01,1781253511,inference,,,normal_air,,false,0.04000000000000001,backend_rule_v0,2664,3641,2287,2910,23,30,33,22.5,56,true,normal_air,1781253512794
14334,node_01,1781253512,inference,,,normal_air,,false,0.04000000000000001,backend_rule_v0,2647,3598,2280,2915,23,30,31,22.5,55.9,true,normal_air,1781253513842
14335,node_01,1781253513,inference,,,normal_air,,false,0.04000000000000001,backend_rule_v0,2664,3647,2286,2911,23,30,31,22.5,55.9,true,normal_air,1781253514888
14336,node_01,1781253514,inference,,,normal_air,,false,0.032,backend_rule_v0,2640,3599,2283,2914,22,29,29,22.5,55.9,true,normal_air,1781253515954
14337,node_01,1781253515,inference,,,normal_air,,false,0.032,backend_rule_v0,2664,3646,2293,2915,22,29,29,22.5,56,true,normal_air,1781253516989
14338,node_01,1781253516,inference,,,normal_air,,false,0.04000000000000001,backend_rule_v0,2641,3593,2282,2913,22,30,30,22.5,56,true,normal_air,1781253518037
14339,node_01,1781253517,inference,,,normal_air,,false,0.04000000000000001,backend_rule_v0,2662,3646,2285,2913,22,30,30,22.5,56,true,normal_air,1781253519072
14340,node_01,1781253518,inference,,,normal_air,,false,0.04000000000000001,backend_rule_v0,2648,3599,2280,2912,22,30,30,22.5,55.9,true,normal_air,1781253520127
14341,node_01,1781253519,inference,,,normal_air,,false,0.04000000000000001,backend_rule_v0,2660,3651,2285,2912,22,30,30,22.5,55.9,true,normal_air,1781253521166
14342,node_01,1781253520,inference,,,normal_air,,false,0.032,backend_rule_v0,2641,3598,2284,2912,22,29,29,22.5,55.9,true,normal_air,1781253522211
14343,node_01,1781253521,inference,,,normal_air,,false,0.032,backend_rule_v0,2661,3653,2296,2913,22,29,29,22.5,55.9,true,normal_air,1781253523266
14344,node_01,1781253522,inference,,,normal_air,,false,0.024,backend_rule_v0,2640,3575,2283,2912,21,28,28,22.5,55.9,true,normal_air,1781253524303
14345,node_01,1781253523,inference,,,normal_air,,false,0.024,backend_rule_v0,2667,3654,2289,2915,21,28,28,22.5,55.9,true,normal_air,1781253525364
14346,node_01,1781253524,inference,,,normal_air,,false,0.024,backend_rule_v0,2646,3592,2282,2914,22,28,28,22.5,55.8,true,normal_air,1781253526408
14347,node_01,1781253525,inference,,,normal_air,,false,0.04000000000000001,backend_rule_v0,2658,3648,2288,2911,23,30,30,22.5,55.8,true,normal_air,1781253527440
14348,node_01,1781253526,inference,,,normal_air,,false,0.04000000000000001,backend_rule_v0,2641,3587,2280,2912,23,30,30,22.5,55.8,true,normal_air,1781253528490
14349,node_01,1781253527,inference,,,normal_air,,false,0.04000000000000001,backend_rule_v0,2661,3647,2292,2911,23,30,30,22.6,55.9,true,normal_air,1781253529567
14350,node_01,1781253529,inference,,,normal_air,,false,0.032,backend_rule_v0,2640,3603,2283,2915,22,29,30,22.6,55.9,true,normal_air,1781253530585
14351,node_01,1781253530,inference,,,normal_air,,false,0.05600000000000001,backend_rule_v0,2662,3649,2289,2915,24,32,35,22.6,55.9,true,normal_air,1781253531630
14352,node_01,1781253531,inference,,,normal_air,,false,0.08000000000000002,backend_rule_v0,2647,3596,2282,2911,26,35,39,22.5,55.8,true,normal_air,1781253532684
14353,node_01,1781253532,inference,,,normal_air,,false,0.11200000000000002,backend_rule_v0,2660,3644,2287,2908,28,39,45,22.5,55.8,true,normal_air,1781253533723
14354,node_01,1781253533,inference,,,normal_air,,false,0.128,backend_rule_v0,2639,3605,2283,2913,30,41,48,22.5,55.8,true,normal_air,1781253534831
14355,node_01,1781253534,inference,,,normal_air,,false,0.144,backend_rule_v0,2665,3649,2296,2914,31,43,50,22.5,55.7,true,normal_air,1781253535816
14356,node_01,1781253535,inference,,,normal_air,,false,0.15200000000000002,backend_rule_v0,2638,3600,2281,2914,32,44,52,22.5,55.7,true,normal_air,1781253536860
14357,node_01,1781253536,inference,,,normal_air,,false,0.16000000000000003,backend_rule_v0,2662,3651,2286,2915,32,45,54,22.5,55.7,true,normal_air,1781253537909
14358,node_01,1781253537,inference,,,normal_air,,false,0.17600000000000002,backend_rule_v0,2649,3605,2284,2913,33,47,56,22.5,55.8,true,normal_air,1781253538954
14359,node_01,1781253538,inference,,,normal_air,,false,0.17600000000000002,backend_rule_v0,2661,3649,2289,2915,34,47,57,22.5,55.8,true,normal_air,1781253540003
14360,node_01,1781253539,inference,,,normal_air,,false,0.192,backend_rule_v0,2638,3606,2281,2914,35,49,59,22.5,55.8,true,normal_air,1781253541054
14361,node_01,1781253540,inference,,,normal_air,,false,0.18400000000000002,backend_rule_v0,2662,3645,2292,2910,34,48,58,22.5,55.9,true,normal_air,1781253542103
14362,node_01,1781253541,inference,,,normal_air,,false,0.192,backend_rule_v0,2640,3595,2282,2914,35,49,59,22.5,55.9,true,normal_air,1781253543141
14363,node_01,1781253542,inference,,,normal_air,,false,0.192,backend_rule_v0,2661,3645,2289,2913,35,49,59,22.5,55.9,true,normal_air,1781253544188
14364,node_01,1781253543,inference,,,normal_air,,false,0.2,backend_rule_v0,2643,3603,2284,2915,38,50,61,22.6,55.8,true,normal_air,1781253545236
14365,node_01,1781253544,inference,,,normal_air,,false,0.2,backend_rule_v0,2660,3647,2287,2912,38,51,62,22.6,55.8,true,normal_air,1781253546301
14366,node_01,1781253545,inference,,,normal_air,,false,0.2,backend_rule_v0,2640,3595,2280,2910,38,51,62,22.6,55.8,true,normal_air,1781253547329
14367,node_01,1781253546,inference,,,normal_air,,false,0.2,backend_rule_v0,2662,3649,2296,2915,38,51,61,22.5,55.8,true,normal_air,1781253548375
14368,node_01,1781253547,inference,,,normal_air,,false,0.2,backend_rule_v0,2640,3598,2282,2911,38,51,62,22.5,55.8,true,normal_air,1781253549426
14369,node_01,1781253548,inference,,,normal_air,,false,0.2,backend_rule_v0,2660,3643,2287,2909,39,51,62,22.5,55.8,true,normal_air,1781253550504
14370,node_01,1781253549,inference,,,normal_air,,false,0.2,backend_rule_v0,2643,3588,2280,2913,39,52,63,22.6,55.8,true,normal_air,1781253551538
14371,node_01,1781253550,inference,,,normal_air,,false,0.2,backend_rule_v0,2661,3640,2287,2911,39,52,63,22.6,55.8,true,normal_air,1781253552731
14372,node_01,1781253552,inference,,,normal_air,,false,0.2,backend_rule_v0,2639,3600,2280,2912,38,51,62,22.6,55.8,true,normal_air,1781253553634
14373,node_01,1781253553,inference,,,normal_air,,false,0.2,backend_rule_v0,2661,3651,2294,2911,38,52,62,22.5,55.7,true,normal_air,1781253554807
14374,node_01,1781253554,inference,,,normal_air,,false,0.2,backend_rule_v0,2638,3606,2282,2912,38,51,62,22.5,55.7,true,normal_air,1781253555753
14375,node_01,1781253555,inference,,,normal_air,,false,0.2,backend_rule_v0,2663,3648,2285,2915,38,51,62,22.5,55.7,true,normal_air,1781253556967
14376,node_01,1781253556,inference,,,normal_air,,false,0.2,backend_rule_v0,2642,3597,2280,2909,38,51,62,22.6,55.8,true,normal_air,1781253558147
14377,node_01,1781253557,inference,,,normal_air,,false,0.2,backend_rule_v0,2666,3651,2288,2916,38,52,62,22.6,55.8,true,normal_air,1781253559039
14378,node_01,1781253558,inference,,,normal_air,,false,0.2,backend_rule_v0,2640,3606,2282,2915,38,51,61,22.6,55.8,true,normal_air,1781253560284
14379,node_01,1781253559,inference,,,normal_air,,false,0.2,backend_rule_v0,2663,3641,2295,2909,38,51,62,22.6,55.8,true,normal_air,1781253561003
14380,node_01,1781253560,inference,,,normal_air,,false,0.2,backend_rule_v0,2639,3597,2282,2910,39,51,62,22.6,55.8,true,normal_air,1781253561989
14381,node_01,1781253561,inference,,,normal_air,,false,0.2,backend_rule_v0,2664,3652,2288,2915,39,51,62,22.6,55.8,true,normal_air,1781253563026
14382,node_01,1781253562,inference,,,normal_air,,false,0.2,backend_rule_v0,2648,3592,2282,2915,39,51,61,22.6,55.8,true,normal_air,1781253564071
14383,node_01,1781253563,inference,,,normal_air,,false,0.2,backend_rule_v0,2664,3649,2285,2911,38,50,61,22.6,55.8,true,normal_air,1781253565122
14384,node_01,1781253564,inference,,,normal_air,,false,0.2,backend_rule_v0,2640,3595,2282,2911,37,50,61,22.6,55.8,true,normal_air,1781253566164
14385,node_01,1781253565,inference,,,normal_air,,false,0.192,backend_rule_v0,2664,3648,2296,2915,35,49,59,22.5,55.6,true,normal_air,1781253567211
14386,node_01,1781253566,inference,,,normal_air,,false,0.17600000000000002,backend_rule_v0,2642,3603,2283,2912,34,47,57,22.5,55.6,true,normal_air,1781253568340
14387,node_01,1781253567,inference,,,normal_air,,false,0.17600000000000002,backend_rule_v0,2663,3638,2285,2916,34,47,56,22.5,55.6,true,normal_air,1781253569317
14388,node_01,1781253568,inference,,,normal_air,,false,0.168,backend_rule_v0,2647,3598,2281,2914,34,46,55,22.6,55.7,true,normal_air,1781253570371
14389,node_01,1781253569,inference,,,normal_air,,false,0.16000000000000003,backend_rule_v0,2660,3644,2288,2914,33,45,53,22.6,55.7,true,normal_air,1781253571394
14390,node_01,1781253570,inference,,,normal_air,,false,0.136,backend_rule_v0,2637,3594,2282,2910,31,42,50,22.6,55.7,true,normal_air,1781253572444
14391,node_01,1781253571,inference,,,normal_air,,false,0.128,backend_rule_v0,2663,3650,2292,2909,30,41,49,22.6,55.6,true,normal_air,1781253573490
14392,node_01,1781253572,inference,,,normal_air,,false,0.12,backend_rule_v0,2640,3596,2281,2914,30,40,48,22.6,55.6,true,normal_air,1781253574536
14393,node_01,1781253574,inference,,,normal_air,,false,0.128,backend_rule_v0,2663,3651,2283,2912,30,41,48,22.6,55.6,true,normal_air,1781253575598
14394,node_01,1781253575,inference,,,normal_air,,false,0.12,backend_rule_v0,2643,3593,2280,2911,30,40,47,22.6,55.7,true,normal_air,1781253576647
14395,node_01,1781253576,inference,,,normal_air,,false,0.11200000000000002,backend_rule_v0,2638,3646,2288,2911,29,39,46,22.6,55.7,true,normal_air,1781253577696
14396,node_01,1781253577,inference,,,normal_air,,false,0.11200000000000002,backend_rule_v0,2643,3600,2283,2913,29,39,45,22.6,55.7,true,normal_air,1781253578725
14397,node_01,1781253578,inference,,,normal_air,,false,0.10400000000000001,backend_rule_v0,2663,3647,2294,2910,28,38,45,22.6,55.8,true,normal_air,1781253579769
14398,node_01,1781253579,inference,,,normal_air,,false,0.08800000000000001,backend_rule_v0,2641,3601,2279,2912,27,36,42,22.6,55.8,true,normal_air,1781253580820
14399,node_01,1781253580,inference,,,normal_air,,false,0.08800000000000001,backend_rule_v0,2663,3652,2288,2912,27,36,41,22.6,55.8,true,normal_air,1781253581869
14400,node_01,1781253581,inference,,,normal_air,,false,0.08000000000000002,backend_rule_v0,2647,3593,2280,2913,26,35,40,22.6,55.6,true,normal_air,1781253582915
14401,node_01,1781253582,inference,,,normal_air,,false,0.08800000000000001,backend_rule_v0,2664,3647,2285,2913,26,36,41,22.6,55.6,true,normal_air,1781253583954
14402,node_01,1781253583,inference,,,normal_air,,false,0.08000000000000002,backend_rule_v0,2639,3585,2284,2915,26,35,40,22.6,55.6,true,normal_air,1781253585002
14403,node_01,1781253584,inference,,,normal_air,,false,0.08000000000000002,backend_rule_v0,2663,3653,2294,2910,26,35,39,22.6,55.6,true,normal_air,1781253586049
14404,node_01,1781253585,inference,,,normal_air,,false,0.072,backend_rule_v0,2640,3598,2282,2910,25,34,38,22.6,55.6,true,normal_air,1781253587093
14405,node_01,1781253586,inference,,,normal_air,,false,0.064,backend_rule_v0,2664,3652,2288,2912,25,33,37,22.6,55.6,true,normal_air,1781253588140
14406,node_01,1781253587,inference,,,normal_air,,false,0.064,backend_rule_v0,2647,3588,2282,2911,25,33,36,22.6,55.6,true,normal_air,1781253589187
14407,node_01,1781253588,inference,,,normal_air,,false,0.064,backend_rule_v0,2663,3653,2288,2913,25,33,36,22.6,55.6,true,normal_air,1781253590263
14408,node_01,1781253589,inference,,,normal_air,,false,0.08000000000000002,backend_rule_v0,2641,3595,2283,2914,26,35,39,22.6,55.6,true,normal_air,1781253591287
14409,node_01,1781253590,inference,,,normal_air,,false,0.11200000000000002,backend_rule_v0,2663,3644,2293,2911,28,39,45,22.6,55.6,true,normal_air,1781253592329
14410,node_01,1781253591,inference,,,normal_air,,false,0.12,backend_rule_v0,2639,3606,2283,2915,27,40,47,22.6,55.6,true,normal_air,1781253593407
14411,node_01,1781253592,inference,,,normal_air,,false,0.144,backend_rule_v0,2661,3647,2286,2914,29,43,50,22.6,55.6,true,normal_air,1781253594426
14412,node_01,1781253593,inference,,,normal_air,,false,0.16000000000000003,backend_rule_v0,2646,3591,2279,2912,30,45,54,22.6,55.6,true,normal_air,1781253595473
14413,node_01,1781253594,inference,,,normal_air,,false,0.17600000000000002,backend_rule_v0,2663,3652,2288,2914,31,47,56,22.6,55.6,true,normal_air,1781253596512
14414,node_01,1781253595,inference,,,normal_air,,false,0.192,backend_rule_v0,2640,3595,2280,2908,32,49,59,22.6,55.6,true,normal_air,1781253597562
14415,node_01,1781253597,inference,,,normal_air,,false,0.2,backend_rule_v0,2662,3649,2296,2911,33,50,61,22.6,55.8,true,normal_air,1781253598604
14416,node_01,1781253598,inference,,,normal_air,,false,0.2,backend_rule_v0,2640,3599,2282,2914,34,51,62,22.6,55.8,true,normal_air,1781253599653
14417,node_01,1781253599,inference,,,normal_air,,false,0.2,backend_rule_v0,2659,3651,2288,2908,35,53,64,22.6,55.8,true,normal_air,1781253600697
14418,node_01,1781253600,inference,,,normal_air,,false,0.2,backend_rule_v0,2646,3589,2284,2916,35,52,63,22.6,55.6,true,normal_air,1781253601751
14419,node_01,1781253601,inference,,,normal_air,,false,0.2,backend_rule_v0,2662,3642,2288,2911,34,51,62,22.6,55.6,true,normal_air,1781253602797
14420,node_01,1781253602,inference,,,normal_air,,false,0.2,backend_rule_v0,2638,3598,2281,2916,34,50,61,22.6,55.6,true,normal_air,1781253603838
14421,node_01,1781253603,inference,,,normal_air,,false,0.2,backend_rule_v0,2660,3654,2297,2909,33,50,60,22.6,55.6,true,normal_air,1781253604888
14422,node_01,1781253604,inference,,,normal_air,,false,0.192,backend_rule_v0,2639,3598,2281,2914,33,49,59,22.6,55.6,true,normal_air,1781253605933
14423,node_01,1781253605,inference,,,normal_air,,false,0.18400000000000002,backend_rule_v0,2663,3650,2288,2911,33,48,58,22.6,55.6,true,normal_air,1781253606979
14424,node_01,1781253606,inference,,,normal_air,,false,0.17600000000000002,backend_rule_v0,2640,3594,2283,2914,33,47,57,22.6,55.6,true,normal_air,1781253608030
14425,node_01,1781253607,inference,,,normal_air,,false,0.17600000000000002,backend_rule_v0,2660,3645,2285,2907,33,47,56,22.6,55.6,true,normal_air,1781253609102
14426,node_01,1781253608,inference,,,normal_air,,false,0.168,backend_rule_v0,2620,3590,2279,2911,32,46,55,22.6,55.6,true,normal_air,1781253610120
14427,node_01,1781253609,inference,,,normal_air,,false,0.17600000000000002,backend_rule_v0,2658,3644,2293,2909,33,47,56,22.6,55.6,true,normal_air,1781253611165
14428,node_01,1781253610,inference,,,normal_air,,false,0.168,backend_rule_v0,2635,3587,2277,2911,33,46,55,22.6,55.6,true,normal_air,1781253612414
14429,node_01,1781253611,inference,,,normal_air,,false,0.168,backend_rule_v0,2659,3643,2287,2915,33,46,55,22.6,55.6,true,normal_air,1781253613285
14430,node_01,1781253612,inference,,,normal_air,,false,0.168,backend_rule_v0,2643,3593,2280,2914,33,46,55,22.6,55.6,true,normal_air,1781253614494
14431,node_01,1781253613,inference,,,normal_air,,false,0.168,backend_rule_v0,2660,3653,2288,2911,33,46,54,22.6,55.6,true,normal_air,1781253615559
14432,node_01,1781253614,inference,,,normal_air,,false,0.168,backend_rule_v0,2636,3592,2278,2915,33,46,54,22.6,55.6,true,normal_air,1781253616536
14433,node_01,1781253615,inference,,,normal_air,,false,0.16000000000000003,backend_rule_v0,2660,3641,2292,2912,31,45,53,22.6,55.5,true,normal_air,1781253617586
14434,node_01,1781253616,inference,,,normal_air,,false,0.15200000000000002,backend_rule_v0,2637,3596,2280,2915,31,44,52,22.6,55.5,true,normal_air,1781253618508
14435,node_01,1781253617,inference,,,normal_air,,false,0.15200000000000002,backend_rule_v0,2657,3648,2284,2912,31,44,51,22.6,55.5,true,normal_air,1781253619780
14436,node_01,1781253619,inference,,,normal_air,,false,0.144,backend_rule_v0,2642,3603,2282,2910,31,43,50,22.6,55.5,true,normal_air,1781253620593
14437,node_01,1781253620,inference,,,normal_air,,false,0.144,backend_rule_v0,2660,3646,2287,2909,30,43,50,22.6,55.5,true,normal_air,1781253621630
14438,node_01,1781253621,inference,,,normal_air,,false,0.144,backend_rule_v0,2636,3603,2283,2914,31,43,50,22.6,55.5,true,normal_air,1781253622674
14439,node_01,1781253622,inference,,,normal_air,,false,0.15200000000000002,backend_rule_v0,2660,3635,2291,2911,31,44,52,22.6,55.5,true,normal_air,1781253623729
14440,node_01,1781253623,inference,,,normal_air,,false,0.16000000000000003,backend_rule_v0,2638,3597,2282,2908,32,45,53,22.6,55.5,true,normal_air,1781253624774
14441,node_01,1781253624,inference,,,normal_air,,false,0.16000000000000003,backend_rule_v0,2656,3641,2281,2907,32,45,53,22.6,55.5,true,normal_air,1781253625836
14442,node_01,1781253625,inference,,,normal_air,,false,0.16000000000000003,backend_rule_v0,2644,3597,2281,2910,32,45,54,22.6,55.5,true,normal_air,1781253626869
14443,node_01,1781253626,inference,,,normal_air,,false,0.168,backend_rule_v0,2662,3647,2286,2913,32,46,55,22.6,55.5,true,normal_air,1781253627918
14444,node_01,1781253627,inference,,,normal_air,,false,0.17600000000000002,backend_rule_v0,2639,3599,2280,2911,33,47,56,22.6,55.5,true,normal_air,1781253628953
14445,node_01,1781253628,inference,,,normal_air,,false,0.192,backend_rule_v0,2660,3649,2292,2913,34,49,59,22.6,55.5,true,normal_air,1781253630008
14446,node_01,1781253629,inference,,,normal_air,,false,0.2,backend_rule_v0,2641,3588,2278,2909,35,50,61,22.6,55.5,true,normal_air,1781253631108
14447,node_01,1781253630,inference,,,normal_air,,false,0.2,backend_rule_v0,2659,3650,2272,2915,38,52,63,22.6,55.5,true,normal_air,1781253632126
14448,node_01,1781253631,inference,,,normal_air,,false,0.2,backend_rule_v0,2645,3597,2277,2910,39,53,64,22.6,55.5,true,normal_air,1781253633145
14449,node_01,1781253632,inference,,,normal_air,,false,0.2,backend_rule_v0,2663,3645,2287,2910,40,53,64,22.6,55.5,true,normal_air,1781253634195
14450,node_01,1781253633,inference,,,normal_air,,false,0.2,backend_rule_v0,2636,3581,2281,2908,40,53,65,22.6,55.5,true,normal_air,1781253635246
14451,node_01,1781253634,inference,,,normal_air,,false,0.2,backend_rule_v0,2663,3651,2292,2911,40,54,65,22.6,55.6,true,normal_air,1781253636297
14452,node_01,1781253635,inference,,,normal_air,,false,0.2,backend_rule_v0,2638,3590,2277,2913,41,55,66,22.6,55.6,true,normal_air,1781253637333
14453,node_01,1781253636,inference,,,normal_air,,false,0.2,backend_rule_v0,2659,3650,2287,2913,40,54,65,22.6,55.6,true,normal_air,1781253638375
14454,node_01,1781253637,inference,,,normal_air,,false,0.2,backend_rule_v0,2645,3592,2278,2909,39,53,64,22.6,55.5,true,normal_air,1781253639419
14455,node_01,1781253638,inference,,,normal_air,,false,0.2,backend_rule_v0,2658,3646,2283,2914,39,52,64,22.6,55.5,true,normal_air,1781253640464
14456,node_01,1781253639,inference,,,normal_air,,false,0.2,backend_rule_v0,2635,3590,2280,2913,41,54,66,22.6,55.5,true,normal_air,1781253641510
14457,node_01,1781253640,inference,,,normal_air,,false,0.2,backend_rule_v0,2656,3649,2293,2914,42,56,67,22.7,55.5,true,normal_air,1781253642563
14458,node_01,1781253642,inference,,,normal_air,,false,0.2,backend_rule_v0,2636,3598,2280,2916,42,56,66,22.7,55.5,true,normal_air,1781253643616
14459,node_01,1781253643,inference,,,normal_air,,false,0.2,backend_rule_v0,2660,3649,2268,2912,43,57,67,22.7,55.5,true,normal_air,1781253644655
14460,node_01,1781253644,inference,,,normal_air,,false,0.2,backend_rule_v0,2651,3595,2281,2912,43,58,68,22.7,55.5,true,normal_air,1781253645698
14461,node_01,1781253645,inference,,,normal_air,,false,0.2,backend_rule_v0,2662,3655,2286,2912,47,62,71,22.7,55.5,true,normal_air,1781253646754
14462,node_01,1781253646,inference,,,normal_air,,false,0.2,backend_rule_v0,2642,3597,2282,2911,49,66,73,22.7,55.5,true,normal_air,1781253647793
14463,node_01,1781253647,inference,,,normal_air,,false,0.2,backend_rule_v0,2664,3650,2296,2911,52,69,75,22.6,55.6,true,normal_air,1781253648842
14464,node_01,1781253648,inference,,,normal_air,,false,0.2,backend_rule_v0,2641,3595,2283,2916,53,72,76,22.6,55.6,true,normal_air,1781253649901
14465,node_01,1781253649,inference,,,normal_air,,false,0.2,backend_rule_v0,2662,3641,2290,2910,55,74,77,22.6,55.6,true,normal_air,1781253650932
14466,node_01,1781253650,inference,,,normal_air,,false,0.2,backend_rule_v0,2648,3599,2281,2912,55,75,77,22.7,55.5,true,normal_air,1781253651995
14467,node_01,1781253651,inference,,,normal_air,,false,0.2,backend_rule_v0,2644,3652,2288,2913,56,75,78,22.7,55.5,true,normal_air,1781253653024
14468,node_01,1781253652,inference,,,normal_air,,false,0.2,backend_rule_v0,2639,3591,2282,2914,56,74,78,22.7,55.5,true,normal_air,1781253654090
14469,node_01,1781253653,inference,,,normal_air,,false,0.2,backend_rule_v0,2664,3652,2294,2914,58,78,79,22.7,55.5,true,normal_air,1781253655119
14470,node_01,1781253654,inference,,,normal_air,,false,0.2,backend_rule_v0,2639,3591,2281,2913,60,81,82,22.7,55.5,true,normal_air,1781253656165
14471,node_01,1781253655,inference,,,normal_air,,false,0.2,backend_rule_v0,2663,3655,2285,2910,60,83,84,22.7,55.5,true,normal_air,1781253657212
14472,node_01,1781253656,inference,,,normal_air,,false,0.2,backend_rule_v0,2647,3561,2282,2910,60,84,84,22.6,55.4,true,normal_air,1781253658261
14473,node_01,1781253657,inference,,,normal_air,,false,0.2,backend_rule_v0,2664,3647,2289,2911,60,83,84,22.6,55.4,true,normal_air,1781253659317
14474,node_01,1781253658,inference,,,normal_air,,false,0.2,backend_rule_v0,2640,3599,2282,2914,60,84,85,22.6,55.4,true,normal_air,1781253660346
14475,node_01,1781253659,inference,,,normal_air,,false,0.2,backend_rule_v0,2664,3646,2294,2916,60,85,85,22.7,55.3,true,normal_air,1781253661396
14476,node_01,1781253660,inference,,,normal_air,,false,0.2,backend_rule_v0,2640,3587,2280,2914,62,86,87,22.7,55.3,true,normal_air,1781253662446
14477,node_01,1781253661,inference,,,normal_air,,false,0.2,backend_rule_v0,2663,3651,2290,2912,62,87,88,22.7,55.3,true,normal_air,1781253663492
14478,node_01,1781253662,inference,,,normal_air,,false,0.2,backend_rule_v0,2645,3588,2281,2916,61,87,87,22.6,55.4,true,normal_air,1781253664572
14479,node_01,1781253664,inference,,,normal_air,,false,0.2,backend_rule_v0,2663,3647,2287,2910,59,84,84,22.6,55.4,true,normal_air,1781253665584
14480,node_01,1781253665,inference,,,normal_air,,false,0.2,backend_rule_v0,2639,3597,2281,2911,57,80,80,22.6,55.4,true,normal_air,1781253666635
14481,node_01,1781253666,inference,,,normal_air,,false,0.2,backend_rule_v0,2663,3647,2293,2910,55,76,77,22.7,55.5,true,normal_air,1781253667730
14482,node_01,1781253667,inference,,,normal_air,,false,0.2,backend_rule_v0,2637,3594,2279,2910,52,73,76,22.7,55.5,true,normal_air,1781253668723
14483,node_01,1781253668,inference,,,normal_air,,false,0.2,backend_rule_v0,2663,3652,2285,2915,50,69,74,22.7,55.5,true,normal_air,1781253669768
14484,node_01,1781253669,inference,,,normal_air,,false,0.2,backend_rule_v0,2644,3597,2283,2909,47,66,72,22.7,55.4,true,normal_air,1781253670817
14485,node_01,1781253670,inference,,,normal_air,,false,0.2,backend_rule_v0,2663,3643,2287,2913,45,63,70,22.7,55.4,true,normal_air,1781253672006
14486,node_01,1781253671,inference,,,normal_air,,false,0.2,backend_rule_v0,2639,3593,2282,2913,43,59,68,22.7,55.4,true,normal_air,1781253673209
14487,node_01,1781253672,inference,,,normal_air,,false,0.2,backend_rule_v0,2663,3651,2294,2913,42,58,67,22.7,55.2,true,normal_air,1781253674119
14488,node_01,1781253673,inference,,,normal_air,,false,0.2,backend_rule_v0,2640,3601,2283,2910,40,55,66,22.7,55.2,true,normal_air,1781253675036
14489,node_01,1781253674,inference,,,normal_air,,false,0.2,backend_rule_v0,2663,3648,2284,2912,38,52,63,22.7,55.2,true,normal_air,1781253676292
14490,node_01,1781253675,inference,,,normal_air,,false,0.2,backend_rule_v0,2644,3602,2284,2908,36,51,62,22.7,55.4,true,normal_air,1781253677204
14491,node_01,1781253676,inference,,,normal_air,,false,0.2,backend_rule_v0,2663,3656,2286,2913,35,50,61,22.7,55.4,true,normal_air,1781253678475
14492,node_01,1781253677,inference,,,normal_air,,false,0.192,backend_rule_v0,2640,3598,2285,2912,34,49,59,22.7,55.4,true,normal_air,1781253679292
14493,node_01,1781253678,inference,,,normal_air,,false,0.18400000000000002,backend_rule_v0,2661,3648,2294,2911,33,48,57,22.7,55.3,true,normal_air,1781253680456
14494,node_01,1781253679,inference,,,normal_air,,false,0.192,backend_rule_v0,2639,3601,2283,2910,34,49,59,22.7,55.3,true,normal_air,1781253681545
14495,node_01,1781253680,inference,,,normal_air,,false,0.2,backend_rule_v0,2662,3651,2287,2907,34,50,61,22.7,55.3,true,normal_air,1781253682501
14496,node_01,1781253681,inference,,,normal_air,,false,0.2,backend_rule_v0,2648,3596,2282,2908,35,51,62,22.7,55.4,true,normal_air,1781253683474
14497,node_01,1781253682,inference,,,normal_air,,false,0.2,backend_rule_v0,2666,3652,2288,2911,37,52,63,22.7,55.4,true,normal_air,1781253684418
14498,node_01,1781253683,inference,,,normal_air,,false,0.2,backend_rule_v0,2639,3599,2281,2910,39,55,66,22.7,55.4,true,normal_air,1781253685467
14499,node_01,1781253684,inference,,,normal_air,,false,0.2,backend_rule_v0,2663,3655,2293,2911,40,57,67,22.7,55.3,true,normal_air,1781253686518
14500,node_01,1781253685,inference,,,normal_air,,false,0.2,backend_rule_v0,2640,3602,2282,2913,41,59,68,22.7,55.3,true,normal_air,1781253687561
14501,node_01,1781253687,inference,,,normal_air,,false,0.2,backend_rule_v0,2664,3648,2288,2913,44,62,70,22.7,55.3,true,normal_air,1781253688609
14502,node_01,1781253688,inference,,,normal_air,,false,0.2,backend_rule_v0,2647,3590,2283,2914,46,64,72,22.7,55.5,true,normal_air,1781253689654
14503,node_01,1781253689,inference,,,normal_air,,false,0.2,backend_rule_v0,2663,3656,2291,2912,47,66,73,22.7,55.5,true,normal_air,1781253690697
14504,node_01,1781253690,inference,,,normal_air,,false,0.2,backend_rule_v0,2628,3601,2282,2911,46,64,72,22.7,55.5,true,normal_air,1781253691747
14505,node_01,1781253691,inference,,,normal_air,,false,0.2,backend_rule_v0,2664,3651,2292,2913,44,61,70,22.7,55.4,true,normal_air,1781253692816
14506,node_01,1781253692,inference,,,normal_air,,false,0.2,backend_rule_v0,2641,3594,2282,2912,42,58,68,22.7,55.4,true,normal_air,1781253693837
14507,node_01,1781253693,inference,,,normal_air,,false,0.2,backend_rule_v0,2660,3649,2288,2911,40,56,67,22.7,55.4,true,normal_air,1781253694881
14508,node_01,1781253694,inference,,,normal_air,,false,0.2,backend_rule_v0,2646,3592,2280,2915,38,53,64,22.7,55.4,true,normal_air,1781253695988
14509,node_01,1781253695,inference,,,normal_air,,false,0.2,backend_rule_v0,2647,3653,2288,2910,38,52,63,22.7,55.4,true,normal_air,1781253697005
14510,node_01,1781253696,inference,,,normal_air,,false,0.2,backend_rule_v0,2638,3588,2282,2912,36,52,63,22.7,55.4,true,normal_air,1781253698037
14511,node_01,1781253697,inference,,,normal_air,,false,0.2,backend_rule_v0,2659,3641,2292,2910,36,51,62,22.7,55.3,true,normal_air,1781253699077
14512,node_01,1781253698,inference,,,normal_air,,false,0.2,backend_rule_v0,2637,3596,2281,2911,36,51,62,22.7,55.3,true,normal_air,1781253700131
14513,node_01,1781253699,inference,,,normal_air,,false,0.2,backend_rule_v0,2663,3646,2287,2909,35,50,61,22.7,55.3,true,normal_air,1781253701171
14514,node_01,1781253700,inference,,,normal_air,,false,0.2,backend_rule_v0,2645,3593,2280,2909,35,50,61,22.7,55.2,true,normal_air,1781253702218
14515,node_01,1781253701,inference,,,normal_air,,false,0.2,backend_rule_v0,2665,3646,2285,2910,35,50,61,22.7,55.2,true,normal_air,1781253703254
14516,node_01,1781253702,inference,,,normal_air,,false,0.192,backend_rule_v0,2643,3596,2282,2913,35,49,60,22.7,55.2,true,normal_air,1781253704327
14517,node_01,1781253703,inference,,,normal_air,,false,0.192,backend_rule_v0,2662,3650,2297,2911,35,49,60,22.7,55.3,true,normal_air,1781253705378
14518,node_01,1781253704,inference,,,normal_air,,false,0.192,backend_rule_v0,2640,3595,2283,2913,35,49,60,22.7,55.3,true,normal_air,1781253706409
14519,node_01,1781253705,inference,,,normal_air,,false,0.192,backend_rule_v0,2644,3650,2288,2916,34,49,59,22.7,55.3,true,normal_air,1781253707440
14520,node_01,1781253706,inference,,,normal_air,,false,0.17600000000000002,backend_rule_v0,2633,3600,2279,2913,33,47,57,22.7,55.4,true,normal_air,1781253708488
14521,node_01,1781253707,inference,,,normal_air,,false,0.17600000000000002,backend_rule_v0,2661,3657,2286,2910,34,47,57,22.7,55.4,true,normal_air,1781253709534
14522,node_01,1781253709,inference,,,normal_air,,false,0.168,backend_rule_v0,2641,3591,2283,2914,33,46,56,22.7,55.4,true,normal_air,1781253710584
14523,node_01,1781253710,inference,,,normal_air,,false,0.168,backend_rule_v0,2646,3641,2294,2911,33,46,55,22.7,55.3,true,normal_air,1781253711660
14524,node_01,1781253711,inference,,,normal_air,,false,0.168,backend_rule_v0,2643,3555,2281,2913,33,46,55,22.7,55.3,true,normal_air,1781253712697
14525,node_01,1781253712,inference,,,normal_air,,false,0.168,backend_rule_v0,2665,3653,2286,2912,33,46,54,22.7,55.3,true,normal_air,1781253713722
14526,node_01,1781253713,inference,,,normal_air,,false,0.168,backend_rule_v0,2647,3588,2280,2911,33,46,54,22.7,55.3,true,normal_air,1781253714768
14527,node_01,1781253714,inference,,,normal_air,,false,0.16000000000000003,backend_rule_v0,2663,3648,2288,2911,32,45,53,22.7,55.3,true,normal_air,1781253715813
14528,node_01,1781253715,inference,,,normal_air,,false,0.16000000000000003,backend_rule_v0,2638,3580,2279,2911,32,45,54,22.7,55.3,true,normal_air,1781253716872
14529,node_01,1781253716,inference,,,normal_air,,false,0.16000000000000003,backend_rule_v0,2659,3649,2295,2910,32,45,54,22.7,55.4,true,normal_air,1781253717905
14530,node_01,1781253717,inference,,,normal_air,,false,0.16000000000000003,backend_rule_v0,2642,3588,2279,2914,32,45,54,22.7,55.4,true,normal_air,1781253719068
14531,node_01,1781253718,inference,,,normal_air,,false,0.16000000000000003,backend_rule_v0,2663,3649,2289,2913,33,45,54,22.7,55.4,true,normal_air,1781253720012
14532,node_01,1781253719,inference,,,normal_air,,false,0.16000000000000003,backend_rule_v0,2646,3593,2280,2907,33,45,54,22.7,55.3,true,normal_air,1781253721053
14533,node_01,1781253720,inference,,,normal_air,,false,0.168,backend_rule_v0,2661,3645,2287,2910,33,46,55,22.7,55.3,true,normal_air,1781253722093
14534,node_01,1781253721,inference,,,normal_air,,false,0.168,backend_rule_v0,2640,3595,2281,2909,33,46,54,22.7,55.3,true,normal_air,1781253723132
14535,node_01,1781253722,inference,,,normal_air,,false,0.168,backend_rule_v0,2660,3645,2294,2917,33,46,54,22.7,55.2,true,normal_air,1781253724184
14536,node_01,1781253723,inference,,,normal_air,,false,0.16000000000000003,backend_rule_v0,2643,3575,2283,2913,33,45,53,22.7,55.2,true,normal_air,1781253725233
14537,node_01,1781253724,inference,,,normal_air,,false,0.168,backend_rule_v0,2660,3647,2285,2917,33,46,54,22.7,55.2,true,normal_air,1781253726270
14538,node_01,1781253725,inference,,,normal_air,,false,0.16000000000000003,backend_rule_v0,2645,3593,2283,2915,32,45,54,22.7,55.2,true,normal_air,1781253727323
14539,node_01,1781253726,inference,,,normal_air,,false,0.16000000000000003,backend_rule_v0,2662,3654,2287,2909,33,45,55,22.7,55.2,true,normal_air,1781253728367
14540,node_01,1781253727,inference,,,normal_air,,false,0.168,backend_rule_v0,2640,3597,2281,2913,33,46,55,22.7,55.2,true,normal_air,1781253729414
14541,node_01,1781253728,inference,,,normal_air,,false,0.17600000000000002,backend_rule_v0,2660,3637,2294,2910,34,47,57,22.7,55.2,true,normal_air,1781253730461
14542,node_01,1781253729,inference,,,normal_air,,false,0.18400000000000002,backend_rule_v0,2639,3597,2283,2915,34,48,57,22.7,55.2,true,normal_air,1781253731511
14543,node_01,1781253730,inference,,,normal_air,,false,0.18400000000000002,backend_rule_v0,2664,3649,2287,2911,35,48,57,22.7,55.2,true,normal_air,1781253732619
14544,node_01,1781253732,inference,,,normal_air,,false,0.18400000000000002,backend_rule_v0,2648,3601,2280,2913,35,48,58,22.7,55.2,true,normal_air,1781253733747
14545,node_01,1781253733,inference,,,normal_air,,false,0.18400000000000002,backend_rule_v0,2662,3650,2288,2913,35,48,58,22.7,55.2,true,normal_air,1781253735179
14546,node_01,1781253734,inference,,,normal_air,,false,0.18400000000000002,backend_rule_v0,2621,3584,2281,2907,35,48,58,22.7,55.2,true,normal_air,1781253736011
14547,node_01,1781253735,inference,,,normal_air,,false,0.168,backend_rule_v0,2663,3648,2296,2910,33,46,55,22.7,55.3,true,normal_air,1781253736989
14548,node_01,1781253736,inference,,,normal_air,,false,0.16000000000000003,backend_rule_v0,2638,3596,2283,2914,33,45,54,22.7,55.3,true,normal_air,1781253738115
14549,node_01,1781253737,inference,,,normal_air,,false,0.15200000000000002,backend_rule_v0,2664,3645,2288,2916,32,44,53,22.7,55.3,true,normal_air,1781253738932
14550,node_01,1781253738,inference,,,normal_air,,false,0.16000000000000003,backend_rule_v0,2647,3592,2280,2910,33,45,53,22.7,55.1,true,normal_air,1781253740090
14551,node_01,1781253739,inference,,,normal_air,,false,0.16000000000000003,backend_rule_v0,2661,3647,2286,2918,33,45,53,22.7,55.1,true,normal_air,1781253741050
14552,node_01,1781253740,inference,,,normal_air,,false,0.16000000000000003,backend_rule_v0,2639,3585,2284,2911,33,45,53,22.7,55.1,true,normal_air,1781253742216
14553,node_01,1781253741,inference,,,normal_air,,false,0.16000000000000003,backend_rule_v0,2661,3647,2293,2912,33,45,53,22.7,55.1,true,normal_air,1781253743160
14554,node_01,1781253742,inference,,,normal_air,,false,0.16000000000000003,backend_rule_v0,2639,3598,2281,2911,33,45,53,22.7,55.1,true,normal_air,1781253744064
14555,node_01,1781253743,inference,,,normal_air,,false,0.16000000000000003,backend_rule_v0,2660,3650,2288,2913,33,45,54,22.7,55.1,true,normal_air,1781253745114
14556,node_01,1781253744,inference,,,normal_air,,false,0.15200000000000002,backend_rule_v0,2649,3592,2283,2914,32,44,53,22.7,55.2,true,normal_air,1781253746163
14557,node_01,1781253745,inference,,,normal_air,,false,0.15200000000000002,backend_rule_v0,2655,3641,2289,2914,32,44,53,22.7,55.2,true,normal_air,1781253747204
14558,node_01,1781253746,inference,,,normal_air,,false,0.15200000000000002,backend_rule_v0,2642,3599,2282,2910,32,44,54,22.7,55.2,true,normal_air,1781253748247
14559,node_01,1781253747,inference,,,normal_air,,false,0.15200000000000002,backend_rule_v0,2666,3650,2294,2911,32,44,53,22.7,55.2,true,normal_air,1781253749323
14560,node_01,1781253748,inference,,,normal_air,,false,0.144,backend_rule_v0,2639,3597,2281,2914,31,43,52,22.7,55.2,true,normal_air,1781253750344
14561,node_01,1781253749,inference,,,normal_air,,false,0.16000000000000003,backend_rule_v0,2662,3649,2288,2914,33,45,54,22.7,55.2,true,normal_air,1781253751391
14562,node_01,1781253750,inference,,,normal_air,,false,0.168,backend_rule_v0,2648,3593,2280,2911,33,46,55,22.8,55.1,true,normal_air,1781253752538
14563,node_01,1781253751,inference,,,normal_air,,false,0.168,backend_rule_v0,2662,3645,2284,2899,33,46,56,22.8,55.1,true,normal_air,1781253753480
14564,node_01,1781253752,inference,,,normal_air,,false,0.17600000000000002,backend_rule_v0,2633,3591,2282,2911,33,47,57,22.8,55.1,true,normal_air,1781253754559
14565,node_01,1781253754,inference,,,normal_air,,false,0.192,backend_rule_v0,2662,3643,2296,2913,34,49,60,22.7,55.2,true,normal_air,1781253755575
14566,node_01,1781253755,inference,,,normal_air,,false,0.2,backend_rule_v0,2643,3597,2283,2911,37,51,62,22.7,55.2,true,normal_air,1781253756663
14567,node_01,1781253756,inference,,,normal_air,,false,0.2,backend_rule_v0,2644,3646,2286,2909,39,53,65,22.7,55.2,true,normal_air,1781253757679
14568,node_01,1781253757,inference,,,normal_air,,false,0.2,backend_rule_v0,2629,3591,2281,2911,41,56,67,22.8,55.1,true,normal_air,1781253758738
14569,node_01,1781253758,inference,,,normal_air,,false,0.2,backend_rule_v0,2646,3650,2285,2911,43,59,69,22.8,55.1,true,normal_air,1781253759758
14570,node_01,1781253759,inference,,,normal_air,,false,0.2,backend_rule_v0,2640,3599,2280,2915,45,63,71,22.8,55.1,true,normal_air,1781253760808
14571,node_01,1781253760,inference,,,normal_air,,false,0.2,backend_rule_v0,2664,3646,2295,2912,45,63,71,22.7,55.1,true,normal_air,1781253761856
14572,node_01,1781253761,inference,,,normal_air,,false,0.2,backend_rule_v0,2641,3593,2281,2915,45,64,71,22.7,55.1,true,normal_air,1781253762900
14573,node_01,1781253762,inference,,,normal_air,,false,0.2,backend_rule_v0,2664,3648,2287,2913,47,66,73,22.7,55.1,true,normal_air,1781253763982
14574,node_01,1781253763,inference,,,normal_air,,false,0.2,backend_rule_v0,2647,3595,2282,2912,48,67,73,22.8,55.2,true,normal_air,1781253765013
14575,node_01,1781253764,inference,,,normal_air,,false,0.2,backend_rule_v0,2662,3644,2289,2914,48,67,74,22.8,55.2,true,normal_air,1781253766041
14576,node_01,1781253765,inference,,,normal_air,,false,0.2,backend_rule_v0,2640,3591,2281,2915,48,66,73,22.8,55.2,true,normal_air,1781253767085
14577,node_01,1781253766,inference,,,normal_air,,false,0.2,backend_rule_v0,2662,3650,2295,2914,48,68,75,22.8,55.3,true,normal_air,1781253768134
14578,node_01,1781253767,inference,,,normal_air,,false,0.2,backend_rule_v0,2640,3597,2281,2913,49,69,74,22.8,55.3,true,normal_air,1781253769187
14579,node_01,1781253768,inference,,,normal_air,,false,0.2,backend_rule_v0,2664,3652,2289,2911,50,70,76,22.8,55.3,true,normal_air,1781253770224
14580,node_01,1781253769,inference,,,normal_air,,false,0.2,backend_rule_v0,2647,3596,2284,2914,51,72,76,22.8,55.2,true,normal_air,1781253771271
14581,node_01,1781253770,inference,,,normal_air,,false,0.2,backend_rule_v0,2664,3649,2286,2912,53,74,78,22.8,55.2,true,normal_air,1781253772319
14582,node_01,1781253771,inference,,,normal_air,,false,0.2,backend_rule_v0,2639,3601,2282,2911,54,75,78,22.8,55.2,true,normal_air,1781253773405
14583,node_01,1781253772,inference,,,normal_air,,false,0.2,backend_rule_v0,2663,3622,2294,2913,54,74,78,22.8,55.2,true,normal_air,1781253774409
14584,node_01,1781253773,inference,,,normal_air,,false,0.2,backend_rule_v0,2641,3592,2283,2915,53,73,76,22.8,55.2,true,normal_air,1781253775457
14585,node_01,1781253774,inference,,,normal_air,,false,0.2,backend_rule_v0,2663,3614,2286,2910,52,72,76,22.8,55.2,true,normal_air,1781253776913
14586,node_01,1781253775,inference,,,normal_air,,false,0.2,backend_rule_v0,2645,3601,2282,2914,51,70,75,22.8,55.3,true,normal_air,1781253777549
14587,node_01,1781253777,inference,,,normal_air,,false,0.2,backend_rule_v0,2662,3650,2289,2914,49,67,74,22.8,55.3,true,normal_air,1781253778602
14588,node_01,1781253778,inference,,,normal_air,,false,0.2,backend_rule_v0,2638,3596,2281,2911,47,65,72,22.8,55.3,true,normal_air,1781253779643
14589,node_01,1781253779,inference,,,normal_air,,false,0.2,backend_rule_v0,2663,3653,2294,2911,45,61,70,22.8,55.1,true,normal_air,1781253780694
14590,node_01,1781253780,inference,,,normal_air,,false,0.2,backend_rule_v0,2638,3591,2280,2912,44,60,69,22.8,55.1,true,normal_air,1781253781735
14591,node_01,1781253781,inference,,,normal_air,,false,0.2,backend_rule_v0,2661,3650,2288,2912,42,58,68,22.8,55.1,true,normal_air,1781253782781
14592,node_01,1781253782,inference,,,normal_air,,false,0.2,backend_rule_v0,2648,3597,2282,2911,41,56,67,22.8,55.1,true,normal_air,1781253783828
14593,node_01,1781253783,inference,,,normal_air,,false,0.2,backend_rule_v0,2667,3653,2287,2910,39,53,65,22.8,55.1,true,normal_air,1781253784875
14594,node_01,1781253784,inference,,,normal_air,,false,0.2,backend_rule_v0,2642,3603,2282,2914,38,51,63,22.8,55.1,true,normal_air,1781253785922
14595,node_01,1781253785,inference,,,normal_air,,false,0.2,backend_rule_v0,2657,3647,2295,2910,38,52,64,22.8,55,true,normal_air,1781253786970
14596,node_01,1781253786,inference,,,normal_air,,false,0.2,backend_rule_v0,2642,3598,2280,2913,40,56,67,22.8,55,true,normal_air,1781253788033
14597,node_01,1781253787,inference,,,normal_air,,false,0.2,backend_rule_v0,2661,3616,2289,2914,43,60,70,22.8,55,true,normal_air,1781253789069
14598,node_01,1781253788,inference,,,normal_air,,false,0.2,backend_rule_v0,2644,3585,2279,2911,45,65,72,22.8,55.1,true,normal_air,1781253790109
14599,node_01,1781253789,inference,,,normal_air,,false,0.2,backend_rule_v0,2660,3643,2287,2911,48,69,74,22.8,55.1,true,normal_air,1781253791155
14600,node_01,1781253790,inference,,,normal_air,,false,0.2,backend_rule_v0,2638,3597,2284,2912,51,73,76,22.8,55.1,true,normal_air,1781253792283
14601,node_01,1781253791,inference,,,normal_air,,false,0.2,backend_rule_v0,2664,3652,2292,2914,54,78,79,22.8,55.2,true,normal_air,1781253793368
14602,node_01,1781253792,inference,,,normal_air,,false,0.2,backend_rule_v0,2640,3596,2283,2914,56,82,83,22.8,55.2,true,normal_air,1781253794383
14603,node_01,1781253793,inference,,,normal_air,,false,0.2,backend_rule_v0,2662,3644,2288,2909,56,82,83,22.8,55.2,true,normal_air,1781253795369
14604,node_01,1781253794,inference,,,normal_air,,false,0.2,backend_rule_v0,2645,3593,2282,2911,58,86,86,22.8,55.1,true,normal_air,1781253796699
14605,node_01,1781253795,inference,,,normal_air,,false,0.2,backend_rule_v0,2663,3648,2289,2911,60,88,89,22.8,55.1,true,normal_air,1781253797799
14606,node_01,1781253796,inference,,,normal_air,,false,0.2,backend_rule_v0,2642,3595,2282,2912,60,88,88,22.8,55.1,true,normal_air,1781253798683
14607,node_01,1781253797,inference,,,normal_air,,false,0.2,backend_rule_v0,2662,3648,2295,2913,60,86,87,22.8,55.2,true,normal_air,1781253799662
14608,node_01,1781253799,inference,,,normal_air,,false,0.2,backend_rule_v0,2621,3595,2282,2914,59,84,85,22.8,55.2,true,normal_air,1781253801131
14609,node_01,1781253800,inference,,,normal_air,,false,0.2,backend_rule_v0,2659,3645,2288,2914,58,83,84,22.8,55.2,true,normal_air,1781253801814
14610,node_01,1781253801,inference,,,normal_air,,false,0.2,backend_rule_v0,2643,3597,2282,2914,57,79,80,22.8,55.1,true,normal_air,1781253802666
14611,node_01,1781253802,inference,,,normal_air,,false,0.2,backend_rule_v0,2664,3655,2287,2910,55,77,78,22.8,55.1,true,normal_air,1781253803710
14612,node_01,1781253803,inference,,,normal_air,,false,0.2,backend_rule_v0,2639,3593,2281,2912,57,82,84,22.8,55.1,true,normal_air,1781253804757
14613,node_01,1781253804,inference,,,normal_air,,false,0.2,backend_rule_v0,2661,3651,2291,2912,60,90,93,22.8,55.1,true,normal_air,1781253805804
14614,node_01,1781253805,inference,,,normal_air,,false,0.2,backend_rule_v0,2641,3601,2283,2911,62,97,100,22.8,55.1,true,normal_air,1781253806861
14615,node_01,1781253806,inference,,,normal_air,,false,0.2,backend_rule_v0,2659,3640,2287,2915,65,104,108,22.8,55.1,true,normal_air,1781253807897
14616,node_01,1781253807,inference,,,normal_air,,false,0.2,backend_rule_v0,2646,3558,2281,2911,67,109,115,22.8,55,true,normal_air,1781253808944
14617,node_01,1781253808,inference,,,normal_air,,false,0.2,backend_rule_v0,2659,3646,2286,2914,69,116,122,22.8,55,true,normal_air,1781253809990
14618,node_01,1781253809,inference,,,normal_air,,false,0.2,backend_rule_v0,2639,3594,2282,2913,69,118,126,22.8,55,true,normal_air,1781253811040
14619,node_01,1781253810,inference,,,normal_air,,false,0.2,backend_rule_v0,2662,3653,2295,2911,69,122,129,22.8,55,true,normal_air,1781253812095
14620,node_01,1781253811,inference,,,normal_air,,false,0.2,backend_rule_v0,2641,3593,2280,2910,70,124,133,22.8,55,true,normal_air,1781253813131
14621,node_01,1781253812,inference,,,normal_air,,false,0.2,backend_rule_v0,2660,3652,2286,2912,70,129,137,22.8,55,true,normal_air,1781253814174
14622,node_01,1781253813,inference,,,normal_air,,false,0.2,backend_rule_v0,2649,3587,2280,2912,69,125,133,22.8,55.1,true,normal_air,1781253815225
14623,node_01,1781253814,inference,,,normal_air,,false,0.2,backend_rule_v0,2661,3647,2287,2915,67,120,128,22.8,55.1,true,normal_air,1781253816279
14624,node_01,1781253815,inference,,,normal_air,,false,0.2,backend_rule_v0,2635,3598,2278,2913,66,117,124,22.8,55.1,true,normal_air,1781253817339
14625,node_01,1781253816,inference,,,normal_air,,false,0.2,backend_rule_v0,2661,3655,2293,2909,65,112,120,22.8,55.1,true,normal_air,1781253818364
14626,node_01,1781253817,inference,,,normal_air,,false,0.2,backend_rule_v0,2637,3597,2282,2914,64,109,116,22.8,55.1,true,normal_air,1781253819408
14627,node_01,1781253818,inference,,,normal_air,,false,0.2,backend_rule_v0,2662,3655,2286,2914,61,105,111,22.8,55.1,true,normal_air,1781253820463
14628,node_01,1781253819,inference,,,normal_air,,false,0.2,backend_rule_v0,2646,3598,2280,2914,61,101,108,22.8,55,true,normal_air,1781253821499
14629,node_01,1781253820,inference,,,normal_air,,false,0.2,backend_rule_v0,2662,3648,2286,2911,60,99,105,22.8,55,true,normal_air,1781253822546
14630,node_01,1781253822,inference,,,normal_air,,false,0.2,backend_rule_v0,2640,3591,2280,2910,60,98,102,22.8,55,true,normal_air,1781253823912
14631,node_01,1781253823,inference,,,normal_air,,false,0.2,backend_rule_v0,2665,3648,2295,2911,61,98,104,22.8,55.1,true,normal_air,1781253824639
14632,node_01,1781253824,inference,,,normal_air,,false,0.2,backend_rule_v0,2643,3592,2282,2914,62,100,105,22.8,55.1,true,normal_air,1781253825684
14633,node_01,1781253825,inference,,,normal_air,,false,0.2,backend_rule_v0,2663,3654,2285,2915,64,101,106,22.8,55.1,true,normal_air,1781253826737
14634,node_01,1781253826,inference,,,normal_air,,false,0.2,backend_rule_v0,2648,3593,2282,2914,66,102,107,22.8,55.1,true,normal_air,1781253827777
14635,node_01,1781253827,inference,,,normal_air,,false,0.2,backend_rule_v0,2662,3645,2291,2917,67,104,108,22.8,55.1,true,normal_air,1781253828825
14636,node_01,1781253828,inference,,,normal_air,,false,0.2,backend_rule_v0,2639,3598,2281,2914,68,104,108,22.8,55.1,true,normal_air,1781253829872
14637,node_01,1781253829,inference,,,normal_air,,false,0.2,backend_rule_v0,2651,3648,2296,2909,69,106,110,22.8,55.1,true,normal_air,1781253830919
14638,node_01,1781253830,inference,,,normal_air,,false,0.2,backend_rule_v0,2640,3583,2285,2910,70,107,111,22.8,55.1,true,normal_air,1781253831968
14639,node_01,1781253831,inference,,,normal_air,,false,0.2,backend_rule_v0,2661,3646,2286,2911,73,112,117,22.8,55.1,true,normal_air,1781253833017
14640,node_01,1781253832,inference,,,normal_air,,false,0.2,backend_rule_v0,2643,3595,2282,2914,76,118,122,22.8,55.1,true,normal_air,1781253834059
14641,node_01,1781253833,inference,,,normal_air,,false,0.2,backend_rule_v0,2664,3647,2287,2912,78,121,125,22.8,55.1,true,normal_air,1781253835103
14642,node_01,1781253834,inference,,,normal_air,,false,0.2,backend_rule_v0,2641,3597,2280,2915,79,122,126,22.8,55.1,true,normal_air,1781253836150
14643,node_01,1781253835,inference,,,normal_air,,false,0.2,backend_rule_v0,2662,3648,2294,2912,79,122,126,22.8,55.1,true,normal_air,1781253837195
14644,node_01,1781253836,inference,,,normal_air,,false,0.2,backend_rule_v0,2639,3597,2281,2915,78,122,126,22.8,55.1,true,normal_air,1781253838244
14645,node_01,1781253837,inference,,,normal_air,,false,0.2,backend_rule_v0,2660,3647,2286,2908,77,121,124,22.8,55.1,true,normal_air,1781253839301
14646,node_01,1781253838,inference,,,normal_air,,false,0.2,backend_rule_v0,2646,3590,2280,2910,76,120,124,22.8,55,true,normal_air,1781253840343
14647,node_01,1781253839,inference,,,normal_air,,false,0.2,backend_rule_v0,2661,3645,2284,2910,75,119,122,22.8,55,true,normal_air,1781253841390
14648,node_01,1781253840,inference,,,normal_air,,false,0.2,backend_rule_v0,2642,3574,2280,2908,73,116,119,22.8,55,true,normal_air,1781253842449
14649,node_01,1781253841,inference,,,normal_air,,false,0.2,backend_rule_v0,2661,3646,2288,2909,69,110,112,22.8,55,true,normal_air,1781253843498
14650,node_01,1781253842,inference,,,normal_air,,false,0.2,backend_rule_v0,2638,3591,2279,2913,65,103,106,22.8,55,true,normal_air,1781253844520
14651,node_01,1781253843,inference,,,normal_air,,false,0.2,backend_rule_v0,2660,3650,2285,2911,61,98,101,22.8,55,true,normal_air,1781253845575
14652,node_01,1781253845,inference,,,normal_air,,false,0.2,backend_rule_v0,2642,3585,2281,2907,59,93,96,22.8,54.9,true,normal_air,1781253846615
14653,node_01,1781253846,inference,,,normal_air,,false,0.2,backend_rule_v0,2660,3648,2288,2914,57,89,92,22.8,54.9,true,normal_air,1781253847665
14654,node_01,1781253847,inference,,,normal_air,,false,0.2,backend_rule_v0,2640,3600,2282,2914,57,88,91,22.8,54.9,true,normal_air,1781253848708
14655,node_01,1781253848,inference,,,normal_air,,false,0.2,backend_rule_v0,2664,3649,2294,2912,57,88,91,22.8,55,true,normal_air,1781253849755
14656,node_01,1781253849,inference,,,normal_air,,false,0.2,backend_rule_v0,2641,3593,2282,2911,57,88,91,22.8,55,true,normal_air,1781253850799
14657,node_01,1781253850,inference,,,normal_air,,false,0.2,backend_rule_v0,2665,3645,2288,2913,57,89,92,22.8,55,true,normal_air,1781253851877
14658,node_01,1781253851,inference,,,normal_air,,false,0.2,backend_rule_v0,2646,3586,2280,2911,59,90,94,22.8,55,true,normal_air,1781253852975
14659,node_01,1781253852,inference,,,normal_air,,false,0.2,backend_rule_v0,2662,3649,2286,2912,60,91,94,22.8,55,true,normal_air,1781253854044
14660,node_01,1781253853,inference,,,normal_air,,false,0.2,backend_rule_v0,2637,3592,2282,2912,61,92,95,22.8,55,true,normal_air,1781253855296
14661,node_01,1781253854,inference,,,normal_air,,false,0.2,backend_rule_v0,2657,3645,2295,2910,62,94,97,22.8,55,true,normal_air,1781253856377
14662,node_01,1781253855,inference,,,normal_air,,false,0.2,backend_rule_v0,2637,3601,2283,2913,65,96,99,22.8,55,true,normal_air,1781253857323
14663,node_01,1781253856,inference,,,normal_air,,false,0.2,backend_rule_v0,2660,3645,2285,2909,67,100,105,22.8,55,true,normal_air,1781253858258
14664,node_01,1781253857,inference,,,normal_air,,false,0.2,backend_rule_v0,2643,3604,2283,2912,69,104,106,22.8,55,true,normal_air,1781253859459
14665,node_01,1781253858,inference,,,normal_air,,false,0.2,backend_rule_v0,2664,3644,2283,2913,71,106,108,22.8,55,true,normal_air,1781253860227
14666,node_01,1781253859,inference,,,normal_air,,false,0.2,backend_rule_v0,2641,3592,2281,2907,74,108,110,22.8,55,true,normal_air,1781253861435
14667,node_01,1781253860,inference,,,normal_air,,false,0.2,backend_rule_v0,2662,3648,2296,2915,75,109,111,22.8,55.1,true,normal_air,1781253862357
14668,node_01,1781253861,inference,,,normal_air,,false,0.2,backend_rule_v0,2641,3595,2282,2910,77,111,115,22.8,55.1,true,normal_air,1781253863358
14669,node_01,1781253862,inference,,,normal_air,,false,0.2,backend_rule_v0,2667,3654,2286,2911,79,115,117,22.8,55.1,true,normal_air,1781253864418
14670,node_01,1781253863,inference,,,normal_air,,false,0.2,backend_rule_v0,2645,3596,2280,2912,83,118,120,22.8,55,true,normal_air,1781253865452
14671,node_01,1781253864,inference,,,normal_air,,false,0.2,backend_rule_v0,2660,3645,2285,2911,84,118,121,22.8,55,true,normal_air,1781253866517
14672,node_01,1781253865,inference,,,normal_air,,false,0.2,backend_rule_v0,2639,3601,2282,2911,84,119,121,22.8,55,true,normal_air,1781253867543
14673,node_01,1781253867,inference,,,normal_air,,false,0.2,backend_rule_v0,2662,3649,2294,2911,82,116,118,22.8,55.1,true,normal_air,1781253868589
14674,node_01,1781253868,inference,,,normal_air,,false,0.2,backend_rule_v0,2637,3596,2283,2914,80,111,114,22.8,55.1,true,normal_air,1781253869637
14675,node_01,1781253869,inference,,,normal_air,,false,0.2,backend_rule_v0,2660,3656,2287,2910,77,108,110,22.8,55.1,true,normal_air,1781253870681
14676,node_01,1781253870,inference,,,normal_air,,false,0.2,backend_rule_v0,2645,3591,2284,2916,76,105,107,22.8,55,true,normal_air,1781253871745
14677,node_01,1781253871,inference,,,normal_air,,false,0.2,backend_rule_v0,2656,3645,2288,2912,73,100,102,22.8,55,true,normal_air,1781253872836
14678,node_01,1781253872,inference,,,normal_air,,false,0.2,backend_rule_v0,2641,3596,2276,2910,69,95,97,22.8,55,true,normal_air,1781253873822
14679,node_01,1781253873,inference,,,normal_air,,false,0.2,backend_rule_v0,2662,3647,2298,2912,66,91,93,22.8,54.9,true,normal_air,1781253874903
14680,node_01,1781253874,inference,,,normal_air,,false,0.2,backend_rule_v0,2641,3590,2281,2914,64,87,89,22.8,54.9,true,normal_air,1781253875916
14681,node_01,1781253875,inference,,,normal_air,,false,0.2,backend_rule_v0,2665,3650,2285,2914,61,84,86,22.8,54.9,true,normal_air,1781253876969
14682,node_01,1781253876,inference,,,normal_air,,false,0.2,backend_rule_v0,2644,3591,2280,2914,59,81,83,22.8,54.9,true,normal_air,1781253878008
14683,node_01,1781253877,inference,,,normal_air,,false,0.2,backend_rule_v0,2663,3643,2287,2914,57,78,80,22.8,54.9,true,normal_air,1781253879054
14684,node_01,1781253878,inference,,,normal_air,,false,0.2,backend_rule_v0,2642,3597,2281,2912,56,76,78,22.8,54.9,true,normal_air,1781253880100
14685,node_01,1781253879,inference,,,normal_air,,false,0.2,backend_rule_v0,2664,3646,2294,2913,55,74,77,22.8,55,true,normal_air,1781253881149
14686,node_01,1781253880,inference,,,normal_air,,false,0.2,backend_rule_v0,2642,3602,2283,2911,53,72,76,22.8,55,true,normal_air,1781253882190
14687,node_01,1781253881,inference,,,normal_air,,false,0.2,backend_rule_v0,2663,3648,2288,2909,52,71,76,22.8,55,true,normal_air,1781253883245
14688,node_01,1781253882,inference,,,normal_air,,false,0.2,backend_rule_v0,2646,3595,2281,2908,52,70,75,22.8,54.8,true,normal_air,1781253884299
14689,node_01,1781253883,inference,,,normal_air,,false,0.2,backend_rule_v0,2661,3645,2287,2913,50,68,74,22.8,54.8,true,normal_air,1781253885333
14690,node_01,1781253884,inference,,,normal_air,,false,0.2,backend_rule_v0,2639,3591,2282,2912,48,65,72,22.8,54.8,true,normal_air,1781253886377
14691,node_01,1781253885,inference,,,normal_air,,false,0.2,backend_rule_v0,2663,3649,2296,2912,47,63,71,22.9,54.8,true,normal_air,1781253887428
14692,node_01,1781253886,inference,,,normal_air,,false,0.2,backend_rule_v0,2638,3589,2281,2909,45,61,69,22.9,54.8,true,normal_air,1781253888471
14693,node_01,1781253887,inference,,,normal_air,,false,0.2,backend_rule_v0,2661,3652,2286,2911,46,60,69,22.9,54.8,true,normal_air,1781253889515
14694,node_01,1781253888,inference,,,normal_air,,false,0.2,backend_rule_v0,2645,3598,2282,2911,44,59,68,22.9,55,true,normal_air,1781253890571
14695,node_01,1781253890,inference,,,normal_air,,false,0.2,backend_rule_v0,2664,3659,2288,2909,42,57,67,22.9,55,true,normal_air,1781253891613
14696,node_01,1781253891,inference,,,normal_air,,false,0.2,backend_rule_v0,2642,3590,2279,2914,42,56,66,22.9,55,true,normal_air,1781253892658
14697,node_01,1781253892,inference,,,normal_air,,false,0.2,backend_rule_v0,2663,3642,2291,2913,40,53,64,22.8,54.9,true,normal_air,1781253893716
14698,node_01,1781253893,inference,,,normal_air,,false,0.2,backend_rule_v0,2637,3594,2283,2914,39,52,63,22.8,54.9,true,normal_air,1781253894748
14699,node_01,1781253894,inference,,,normal_air,,false,0.2,backend_rule_v0,2661,3641,2289,2915,38,51,62,22.8,54.9,true,normal_air,1781253895801
14700,node_01,1781253895,inference,,,normal_air,,false,0.2,backend_rule_v0,2646,3587,2280,2915,36,50,61,22.9,54.8,true,normal_air,1781253896851
14701,node_01,1781253896,inference,,,normal_air,,false,0.2,backend_rule_v0,2659,3648,2288,2914,35,50,60,22.9,54.8,true,normal_air,1781253897892
14702,node_01,1781253897,inference,,,normal_air,,false,0.18400000000000002,backend_rule_v0,2638,3600,2282,2912,34,48,58,22.9,54.8,true,normal_air,1781253898940
14703,node_01,1781253898,inference,,,normal_air,,false,0.17600000000000002,backend_rule_v0,2663,3643,2295,2915,34,47,56,22.9,54.8,true,normal_air,1781253899993
14704,node_01,1781253899,inference,,,normal_air,,false,0.168,backend_rule_v0,2641,3596,2282,2909,33,46,55,22.9,54.8,true,normal_air,1781253901027
14705,node_01,1781253900,inference,,,normal_air,,false,0.168,backend_rule_v0,2658,3644,2288,2910,33,46,54,22.9,54.8,true,normal_air,1781253902076
14706,node_01,1781253901,inference,,,normal_air,,false,0.16000000000000003,backend_rule_v0,2647,3596,2284,2911,32,45,53,22.8,54.9,true,normal_air,1781253903123
14707,node_01,1781253902,inference,,,normal_air,,false,0.144,backend_rule_v0,2663,3648,2284,2914,30,43,50,22.8,54.9,true,normal_air,1781253904173
14708,node_01,1781253903,inference,,,normal_air,,false,0.136,backend_rule_v0,2640,3594,2279,2911,30,42,49,22.8,54.9,true,normal_air,1781253905213
14709,node_01,1781253904,inference,,,normal_air,,false,0.136,backend_rule_v0,2661,3652,2291,2910,30,42,49,22.9,54.7,true,normal_air,1781253906272
14710,node_01,1781253905,inference,,,normal_air,,false,0.136,backend_rule_v0,2638,3588,2280,2912,30,42,49,22.9,54.7,true,normal_air,1781253907314
14711,node_01,1781253906,inference,,,normal_air,,false,0.136,backend_rule_v0,2661,3655,2285,2914,30,42,49,22.9,54.7,true,normal_air,1781253908360
14712,node_01,1781253907,inference,,,normal_air,,false,0.136,backend_rule_v0,2643,3585,2279,2914,29,42,49,22.8,54.7,true,normal_air,1781253909408
14713,node_01,1781253908,inference,,,normal_air,,false,0.12,backend_rule_v0,2661,3650,2286,2914,28,40,47,22.8,54.7,true,normal_air,1781253910443
14714,node_01,1781253909,inference,,,normal_air,,false,0.12,backend_rule_v0,2638,3594,2284,2911,28,40,47,22.8,54.7,true,normal_air,1781253911490
14715,node_01,1781253910,inference,,,normal_air,,false,0.12,backend_rule_v0,2660,3650,2295,2914,27,40,46,22.9,54.8,true,normal_air,1781253912884
14716,node_01,1781253912,inference,,,normal_air,,false,0.12,backend_rule_v0,2639,3598,2282,2908,27,40,46,22.9,54.8,true,normal_air,1781253913863
14717,node_01,1781253913,inference,,,normal_air,,false,0.11200000000000002,backend_rule_v0,2664,3646,2284,2912,27,39,46,22.9,54.8,true,normal_air,1781253914919
14718,node_01,1781253914,inference,,,normal_air,,false,0.11200000000000002,backend_rule_v0,2647,3596,2279,2909,27,39,45,22.9,54.8,true,normal_air,1781253915863
14719,node_01,1781253915,inference,,,normal_air,,false,0.10400000000000001,backend_rule_v0,2658,3650,2287,2912,26,38,44,22.9,54.8,true,normal_air,1781253916937
14720,node_01,1781253916,inference,,,normal_air,,false,0.10400000000000001,backend_rule_v0,2642,3597,2282,2912,26,38,44,22.9,54.8,true,normal_air,1781253918209
14721,node_01,1781253917,inference,,,normal_air,,false,0.10400000000000001,backend_rule_v0,2664,3646,2293,2914,27,38,44,22.8,54.8,true,normal_air,1781253919004
14722,node_01,1781253918,inference,,,normal_air,,false,0.12,backend_rule_v0,2636,3589,2281,2909,27,40,46,22.8,54.8,true,normal_air,1781253920016
14723,node_01,1781253919,inference,,,normal_air,,false,0.136,backend_rule_v0,2659,3647,2286,2910,29,42,49,22.8,54.8,true,normal_air,1781253921233
14724,node_01,1781253920,inference,,,normal_air,,false,0.16000000000000003,backend_rule_v0,2645,3593,2281,2906,31,45,53,22.9,54.8,true,normal_air,1781253922135
14725,node_01,1781253921,inference,,,normal_air,,false,0.168,backend_rule_v0,2662,3648,2285,2911,33,46,55,22.9,54.8,true,normal_air,1781253923123
14726,node_01,1781253922,inference,,,normal_air,,false,0.18400000000000002,backend_rule_v0,2640,3590,2283,2911,34,48,57,22.9,54.8,true,normal_air,1781253924420
14727,node_01,1781253923,inference,,,normal_air,,false,0.2,backend_rule_v0,2660,3654,2296,2912,36,51,61,22.9,54.7,true,normal_air,1781253925196
14728,node_01,1781253924,inference,,,normal_air,,false,0.2,backend_rule_v0,2639,3595,2282,2908,40,53,64,22.9,54.7,true,normal_air,1781253926138
14729,node_01,1781253925,inference,,,normal_air,,false,0.2,backend_rule_v0,2662,3645,2285,2912,43,58,67,22.9,54.7,true,normal_air,1781253927187
14730,node_01,1781253926,inference,,,normal_air,,false,0.2,backend_rule_v0,2643,3590,2282,2914,46,61,70,22.9,54.8,true,normal_air,1781253928235
14731,node_01,1781253927,inference,,,normal_air,,false,0.2,backend_rule_v0,2658,3645,2285,2911,48,64,72,22.9,54.8,true,normal_air,1781253929280
14732,node_01,1781253928,inference,,,normal_air,,false,0.2,backend_rule_v0,2637,3593,2283,2913,49,65,72,22.9,54.8,true,normal_air,1781253930334
14733,node_01,1781253929,inference,,,normal_air,,false,0.2,backend_rule_v0,2663,3642,2294,2914,48,64,71,22.9,54.8,true,normal_air,1781253931372
14734,node_01,1781253930,inference,,,normal_air,,false,0.2,backend_rule_v0,2640,3595,2280,2910,48,64,71,22.9,54.8,true,normal_air,1781253932422
14735,node_01,1781253931,inference,,,normal_air,,false,0.2,backend_rule_v0,2664,3649,2288,2911,48,64,71,22.9,54.8,true,normal_air,1781253933474
14736,node_01,1781253932,inference,,,normal_air,,false,0.2,backend_rule_v0,2644,3589,2281,2907,47,64,71,22.9,54.6,true,normal_air,1781253934512
14737,node_01,1781253933,inference,,,normal_air,,false,0.2,backend_rule_v0,2662,3648,2289,2913,47,61,69,22.9,54.6,true,normal_air,1781253935556
14738,node_01,1781253935,inference,,,normal_air,,false,0.2,backend_rule_v0,2640,3592,2278,2910,46,60,69,22.9,54.6,true,normal_air,1781253936605
14739,node_01,1781253936,inference,,,normal_air,,false,0.2,backend_rule_v0,2661,3652,2296,2912,44,58,67,22.9,54.7,true,normal_air,1781253937653
14740,node_01,1781253937,inference,,,normal_air,,false,0.2,backend_rule_v0,2638,3593,2282,2909,42,56,66,22.9,54.7,true,normal_air,1781253938702
14741,node_01,1781253938,inference,,,normal_air,,false,0.2,backend_rule_v0,2658,3637,2286,2913,41,53,64,22.9,54.7,true,normal_air,1781253939741
14742,node_01,1781253939,inference,,,normal_air,,false,0.2,backend_rule_v0,2643,3590,2281,2909,40,52,63,22.9,54.7,true,normal_air,1781253940797
14743,node_01,1781253940,inference,,,normal_air,,false,0.2,backend_rule_v0,2663,3652,2287,2907,39,51,62,22.9,54.7,true,normal_air,1781253941843
14744,node_01,1781253941,inference,,,normal_air,,false,0.192,backend_rule_v0,2640,3594,2281,2913,37,49,60,22.9,54.7,true,normal_air,1781253942884
14745,node_01,1781253942,inference,,,normal_air,,false,0.192,backend_rule_v0,2660,3637,2292,2912,35,49,59,22.9,54.6,true,normal_air,1781253943933
14746,node_01,1781253943,inference,,,normal_air,,false,0.17600000000000002,backend_rule_v0,2640,3597,2286,2913,34,47,57,22.9,54.6,true,normal_air,1781253944978
14747,node_01,1781253944,inference,,,normal_air,,false,0.18400000000000002,backend_rule_v0,2663,3650,2289,2914,34,48,57,22.9,54.6,true,normal_air,1781253946022
14748,node_01,1781253945,inference,,,normal_air,,false,0.17600000000000002,backend_rule_v0,2645,3588,2281,2912,34,47,56,22.9,54.6,true,normal_air,1781253947069
14749,node_01,1781253946,inference,,,normal_air,,false,0.17600000000000002,backend_rule_v0,2660,3641,2287,2910,34,47,56,22.9,54.6,true,normal_air,1781253948119
14750,node_01,1781253947,inference,,,normal_air,,false,0.168,backend_rule_v0,2645,3603,2282,2908,33,46,55,22.9,54.6,true,normal_air,1781253949163
14751,node_01,1781253948,inference,,,normal_air,,false,0.16000000000000003,backend_rule_v0,2663,3638,2294,2909,33,45,54,22.9,54.5,true,normal_air,1781253950208
14752,node_01,1781253949,inference,,,normal_air,,false,0.16000000000000003,backend_rule_v0,2641,3598,2282,2911,33,45,54,22.9,54.5,true,normal_air,1781253951277
14753,node_01,1781253950,inference,,,normal_air,,false,0.16000000000000003,backend_rule_v0,2661,3641,2285,2913,33,45,54,22.9,54.5,true,normal_air,1781253952301
14754,node_01,1781253951,inference,,,normal_air,,false,0.168,backend_rule_v0,2645,3593,2283,2914,33,46,55,22.9,54.5,true,normal_air,1781253953346
14755,node_01,1781253952,inference,,,normal_air,,false,0.192,backend_rule_v0,2659,3644,2284,2913,35,49,59,22.9,54.5,true,normal_air,1781253954397
14756,node_01,1781253953,inference,,,normal_air,,false,0.2,backend_rule_v0,2641,3589,2281,2911,40,51,62,22.9,54.5,true,normal_air,1781253955438
14757,node_01,1781253954,inference,,,normal_air,,false,0.2,backend_rule_v0,2664,3639,2295,2913,43,56,66,22.9,54.4,true,normal_air,1781253956496
14758,node_01,1781253955,inference,,,normal_air,,false,0.2,backend_rule_v0,2616,3588,2280,2910,48,60,69,22.9,54.4,true,normal_air,1781253957538
14759,node_01,1781253957,inference,,,normal_air,,false,0.2,backend_rule_v0,2665,3652,2287,2912,50,66,72,22.9,54.4,true,normal_air,1781253958578
14760,node_01,1781253958,inference,,,normal_air,,false,0.2,backend_rule_v0,2643,3592,2280,2909,54,70,75,22.9,54.5,true,normal_air,1781253959624
14761,node_01,1781253959,inference,,,normal_air,,false,0.2,backend_rule_v0,2659,3649,2285,2911,57,74,76,22.9,54.5,true,normal_air,1781253960673
14762,node_01,1781253960,inference,,,normal_air,,false,0.2,backend_rule_v0,2638,3591,2280,2908,60,78,78,22.9,54.5,true,normal_air,1781253961735
14763,node_01,1781253961,inference,,,normal_air,,false,0.2,backend_rule_v0,2663,3649,2293,2913,63,82,83,22.9,54.5,true,normal_air,1781253962765
14764,node_01,1781253962,inference,,,normal_air,,false,0.2,backend_rule_v0,2638,3590,2280,2915,65,85,85,22.9,54.5,true,normal_air,1781253963813
14765,node_01,1781253963,inference,,,normal_air,,false,0.2,backend_rule_v0,2661,3643,2286,2914,64,83,83,22.9,54.5,true,normal_air,1781253964857
14766,node_01,1781253964,inference,,,normal_air,,false,0.2,backend_rule_v0,2646,3586,2279,2913,63,82,83,22.9,54.6,true,normal_air,1781253965905
14767,node_01,1781253965,inference,,,normal_air,,false,0.2,backend_rule_v0,2662,3642,2284,2910,64,85,85,22.9,54.6,true,normal_air,1781253966953
14768,node_01,1781253966,inference,,,normal_air,,false,0.2,backend_rule_v0,2640,3602,2282,2910,66,88,89,22.9,54.6,true,normal_air,1781253967999
14769,node_01,1781253967,inference,,,normal_air,,false,0.2,backend_rule_v0,2664,3651,2294,2914,67,92,93,22.9,54.5,true,normal_air,1781253969039
14770,node_01,1781253968,inference,,,normal_air,,false,0.2,backend_rule_v0,2640,3599,2280,2912,70,97,98,22.9,54.5,true,normal_air,1781253970090
14771,node_01,1781253969,inference,,,normal_air,,false,0.2,backend_rule_v0,2662,3639,2287,2909,73,101,102,22.9,54.5,true,normal_air,1781253971136
14772,node_01,1781253970,inference,,,normal_air,,false,0.2,backend_rule_v0,2646,3593,2281,2911,75,106,108,22.9,54.5,true,normal_air,1781253972738
14773,node_01,1781253971,inference,,,normal_air,,false,0.2,backend_rule_v0,2662,3645,2288,2914,76,109,111,22.9,54.5,true,normal_air,1781253973509
14774,node_01,1781253972,inference,,,normal_air,,false,0.2,backend_rule_v0,2638,3594,2281,2912,78,113,115,22.9,54.5,true,normal_air,1781253974545
14775,node_01,1781253973,inference,,,normal_air,,false,0.2,backend_rule_v0,2661,3648,2294,2911,79,117,118,22.9,54.6,true,normal_air,1781253975352
14776,node_01,1781253974,inference,,,normal_air,,false,0.2,backend_rule_v0,2640,3586,2280,2907,82,120,122,22.9,54.6,true,normal_air,1781253976493
14777,node_01,1781253975,inference,,,normal_air,,false,0.2,backend_rule_v0,2662,3655,2286,2912,80,118,120,22.9,54.6,true,normal_air,1781253977686
14778,node_01,1781253976,inference,,,normal_air,,false,0.2,backend_rule_v0,2643,3593,2281,2913,78,116,117,22.9,54.5,true,normal_air,1781253978642
14779,node_01,1781253977,inference,,,normal_air,,false,0.2,backend_rule_v0,2660,3653,2290,2915,76,112,113,22.9,54.5,true,normal_air,1781253979590
14780,node_01,1781253978,inference,,,normal_air,,false,0.2,backend_rule_v0,2638,3592,2281,2909,73,107,108,22.9,54.5,true,normal_air,1781253980762
14781,node_01,1781253980,inference,,,normal_air,,false,0.2,backend_rule_v0,2661,3645,2293,2914,68,101,101,22.9,54.5,true,normal_air,1781253981798
14782,node_01,1781253981,inference,,,normal_air,,false,0.2,backend_rule_v0,2638,3589,2281,2912,65,96,97,22.9,54.5,true,normal_air,1781253982645
14783,node_01,1781253982,inference,,,normal_air,,false,0.2,backend_rule_v0,2661,3645,2287,2913,63,92,93,22.9,54.5,true,normal_air,1781253983700
14784,node_01,1781253983,inference,,,normal_air,,false,0.2,backend_rule_v0,2645,3593,2280,2910,60,88,89,22.9,54.6,true,normal_air,1781253984741
14785,node_01,1781253984,inference,,,normal_air,,false,0.2,backend_rule_v0,2664,3651,2287,2911,59,85,86,22.9,54.6,true,normal_air,1781253985785
14786,node_01,1781253985,inference,,,normal_air,,false,0.2,backend_rule_v0,2635,3600,2281,2909,57,83,83,22.9,54.6,true,normal_air,1781253986833
14787,node_01,1781253986,inference,,,normal_air,,false,0.2,backend_rule_v0,2660,3643,2295,2911,57,80,81,22.9,54.5,true,normal_air,1781253987880
14788,node_01,1781253987,inference,,,normal_air,,false,0.2,backend_rule_v0,2638,3594,2281,2912,56,78,79,22.9,54.5,true,normal_air,1781253988926
14789,node_01,1781253988,inference,,,normal_air,,false,0.2,backend_rule_v0,2664,3650,2285,2911,55,77,79,22.9,54.5,true,normal_air,1781253989973
14790,node_01,1781253989,inference,,,normal_air,,false,0.2,backend_rule_v0,2646,3593,2281,2910,54,76,78,22.9,54.5,true,normal_air,1781253991025
14791,node_01,1781253990,inference,,,normal_air,,false,0.2,backend_rule_v0,2660,3644,2284,2914,53,74,77,22.9,54.5,true,normal_air,1781253992065
14792,node_01,1781253991,inference,,,normal_air,,false,0.2,backend_rule_v0,2639,3592,2282,2913,52,73,77,22.9,54.5,true,normal_air,1781253993111
14793,node_01,1781253992,inference,,,normal_air,,false,0.2,backend_rule_v0,2659,3639,2292,2910,50,69,74,22.9,54.4,true,normal_air,1781253994155
14794,node_01,1781253993,inference,,,normal_air,,false,0.2,backend_rule_v0,2640,3592,2283,2913,48,67,73,22.9,54.4,true,normal_air,1781253995204
14795,node_01,1781253994,inference,,,normal_air,,false,0.2,backend_rule_v0,2660,3648,2286,2912,47,65,71,22.9,54.4,true,normal_air,1781253996248
14796,node_01,1781253995,inference,,,normal_air,,false,0.2,backend_rule_v0,2647,3596,2280,2909,45,61,70,22.9,54.4,true,normal_air,1781253997301
14797,node_01,1781253996,inference,,,normal_air,,false,0.2,backend_rule_v0,2660,3650,2287,2911,43,59,69,22.9,54.4,true,normal_air,1781253998341
14798,node_01,1781253997,inference,,,normal_air,,false,0.2,backend_rule_v0,2636,3591,2283,2911,42,58,67,22.9,54.4,true,normal_air,1781253999402
14799,node_01,1781253998,inference,,,normal_air,,false,0.2,backend_rule_v0,2659,3643,2291,2907,40,55,66,22.9,54.4,true,normal_air,1781254000444
14800,node_01,1781253999,inference,,,normal_air,,false,0.2,backend_rule_v0,2623,3597,2278,2910,38,53,64,22.9,54.4,true,normal_air,1781254001482
14801,node_01,1781254000,inference,,,normal_air,,false,0.2,backend_rule_v0,2659,3643,2286,2911,36,51,62,22.9,54.4,true,normal_air,1781254002530
14802,node_01,1781254002,inference,,,normal_air,,false,0.2,backend_rule_v0,2644,3586,2281,2912,35,50,61,22.9,54.4,true,normal_air,1781254003576
14803,node_01,1781254003,inference,,,normal_air,,false,0.192,backend_rule_v0,2662,3638,2288,2913,34,49,59,22.9,54.4,true,normal_air,1781254004629
14804,node_01,1781254004,inference,,,normal_air,,false,0.17600000000000002,backend_rule_v0,2641,3590,2282,2907,32,47,56,22.9,54.4,true,normal_air,1781254005667
14805,node_01,1781254005,inference,,,normal_air,,false,0.168,backend_rule_v0,2661,3616,2293,2912,32,46,55,22.9,54.5,true,normal_air,1781254006715
14806,node_01,1781254006,inference,,,normal_air,,false,0.16000000000000003,backend_rule_v0,2639,3588,2282,2914,32,45,54,22.9,54.5,true,normal_air,1781254007762
14807,node_01,1781254007,inference,,,normal_air,,false,0.168,backend_rule_v0,2662,3643,2286,2914,32,46,55,22.9,54.5,true,normal_air,1781254008819
14808,node_01,1781254008,inference,,,normal_air,,false,0.16000000000000003,backend_rule_v0,2644,3592,2279,2912,32,45,54,22.9,54.3,true,normal_air,1781254009850
14809,node_01,1781254009,inference,,,normal_air,,false,0.16000000000000003,backend_rule_v0,2662,3649,2286,2908,31,45,53,22.9,54.3,true,normal_air,1781254011031
14810,node_01,1781254010,inference,,,normal_air,,false,0.15200000000000002,backend_rule_v0,2638,3595,2278,2909,31,44,53,22.9,54.3,true,normal_air,1781254011946
14811,node_01,1781254011,inference,,,normal_air,,false,0.15200000000000002,backend_rule_v0,2660,3644,2294,2908,31,44,52,22.9,54.2,true,normal_air,1781254012990
14812,node_01,1781254012,inference,,,normal_air,,false,0.15200000000000002,backend_rule_v0,2637,3602,2279,2913,32,44,52,22.9,54.2,true,normal_air,1781254014038
14813,node_01,1781254013,inference,,,normal_air,,false,0.15200000000000002,backend_rule_v0,2664,3653,2286,2912,32,44,52,22.9,54.2,true,normal_air,1781254015085
14814,node_01,1781254014,inference,,,normal_air,,false,0.15200000000000002,backend_rule_v0,2643,3593,2281,2914,33,44,52,22.9,54.4,true,normal_air,1781254016182
14815,node_01,1781254015,inference,,,normal_air,,false,0.144,backend_rule_v0,2661,3640,2284,2910,33,43,51,22.9,54.4,true,normal_air,1781254017181
14816,node_01,1781254016,inference,,,normal_air,,false,0.136,backend_rule_v0,2641,3592,2284,2914,31,42,50,22.9,54.4,true,normal_air,1781254018223
14817,node_01,1781254017,inference,,,normal_air,,false,0.136,backend_rule_v0,2663,3645,2293,2909,31,42,49,22.9,54.3,true,normal_air,1781254019269
14818,node_01,1781254018,inference,,,normal_air,,false,0.128,backend_rule_v0,2638,3598,2283,2914,31,41,49,22.9,54.3,true,normal_air,1781254020316
14819,node_01,1781254019,inference,,,normal_air,,false,0.128,backend_rule_v0,2659,3646,2287,2911,30,41,49,22.9,54.3,true,normal_air,1781254021365
14820,node_01,1781254020,inference,,,normal_air,,false,0.128,backend_rule_v0,2648,3599,2282,2911,30,41,48,22.9,54.4,true,normal_air,1781254022411
14821,node_01,1781254021,inference,,,normal_air,,false,0.136,backend_rule_v0,2662,3650,2284,2909,31,42,49,22.9,54.4,true,normal_air,1781254023455
14822,node_01,1781254022,inference,,,normal_air,,false,0.128,backend_rule_v0,2639,3589,2282,2915,31,41,48,22.9,54.4,true,normal_air,1781254024503
14823,node_01,1781254023,inference,,,normal_air,,false,0.128,backend_rule_v0,2660,3651,2294,2913,31,41,47,22.9,54.5,true,normal_air,1781254025547
14824,node_01,1781254025,inference,,,normal_air,,false,0.12,backend_rule_v0,2637,3588,2281,2911,30,40,47,22.9,54.5,true,normal_air,1781254026595
14825,node_01,1781254026,inference,,,normal_air,,false,0.12,backend_rule_v0,2662,3646,2283,2913,30,40,47,22.9,54.5,true,normal_air,1781254027650
14826,node_01,1781254027,inference,,,normal_air,,false,0.12,backend_rule_v0,2646,3595,2281,2910,30,40,46,22.9,54.2,true,normal_air,1781254028685
14827,node_01,1781254028,inference,,,normal_air,,false,0.11200000000000002,backend_rule_v0,2661,3645,2289,2914,29,39,45,22.9,54.2,true,normal_air,1781254029736
14828,node_01,1781254029,inference,,,normal_air,,false,0.11200000000000002,backend_rule_v0,2639,3595,2282,2909,29,39,45,22.9,54.2,true,normal_air,1781254030785
14829,node_01,1781254030,inference,,,normal_air,,false,0.10400000000000001,backend_rule_v0,2660,3649,2294,2911,28,38,43,23,54.4,true,normal_air,1781254031848
14830,node_01,1781254031,inference,,,normal_air,,false,0.08800000000000001,backend_rule_v0,2639,3590,2279,2911,27,36,41,23,54.4,true,normal_air,1781254033239
14831,node_01,1781254032,inference,,,normal_air,,false,0.08800000000000001,backend_rule_v0,2663,3645,2284,2909,27,36,41,23,54.4,true,normal_air,1781254034193
14832,node_01,1781254033,inference,,,normal_air,,false,0.08000000000000002,backend_rule_v0,2643,3592,2280,2908,27,35,40,22.9,54.3,true,normal_air,1781254035231
14833,node_01,1781254034,inference,,,normal_air,,false,0.08800000000000001,backend_rule_v0,2662,3643,2285,2912,27,36,40,22.9,54.3,true,normal_air,1781254036192
14834,node_01,1781254035,inference,,,normal_air,,false,0.08000000000000002,backend_rule_v0,2636,3593,2278,2910,27,35,39,22.9,54.3,true,normal_air,1781254037195
14835,node_01,1781254036,inference,,,normal_air,,false,0.08000000000000002,backend_rule_v0,2663,3640,2293,2909,26,35,39,22.9,54.4,true,normal_air,1781254038614
14836,node_01,1781254037,inference,,,normal_air,,false,0.072,backend_rule_v0,2636,3585,2282,2907,25,34,37,22.9,54.4,true,normal_air,1781254039478
14837,node_01,1781254038,inference,,,normal_air,,false,0.064,backend_rule_v0,2661,3651,2287,2908,25,33,36,22.9,54.4,true,normal_air,1781254040651
14838,node_01,1781254039,inference,,,normal_air,,false,0.064,backend_rule_v0,2649,3592,2278,2913,24,33,36,22.9,54.4,true,normal_air,1781254041471
14839,node_01,1781254040,inference,,,normal_air,,false,0.05600000000000001,backend_rule_v0,2662,3642,2287,2911,23,32,35,22.9,54.4,true,normal_air,1781254042345
14840,node_01,1781254041,inference,,,normal_air,,false,0.05600000000000001,backend_rule_v0,2637,3592,2283,2912,23,32,34,22.9,54.4,true,normal_air,1781254043335
14841,node_01,1781254042,inference,,,normal_air,,false,0.064,backend_rule_v0,2656,3637,2289,2908,24,33,35,22.9,54.3,true,normal_air,1781254044410
14842,node_01,1781254043,inference,,,normal_air,,false,0.05600000000000001,backend_rule_v0,2641,3585,2280,2910,23,32,34,22.9,54.3,true,normal_air,1781254045431
14843,node_01,1781254044,inference,,,normal_air,,false,0.05600000000000001,backend_rule_v0,2665,3652,2286,2912,23,32,34,22.9,54.3,true,normal_air,1781254046479
14844,node_01,1781254045,inference,,,normal_air,,false,0.048,backend_rule_v0,2643,3599,2280,2913,22,31,33,22.9,54.2,true,normal_air,1781254047522
14845,node_01,1781254047,inference,,,normal_air,,false,0.048,backend_rule_v0,2666,3640,2287,2913,22,31,32,22.9,54.2,true,normal_air,1781254048572
14846,node_01,1781254048,inference,,,normal_air,,false,0.048,backend_rule_v0,2641,3588,2281,2911,22,31,32,22.9,54.2,true,normal_air,1781254049614
14847,node_01,1781254049,inference,,,normal_air,,false,0.04000000000000001,backend_rule_v0,2661,3656,2293,2911,23,30,33,22.9,54.3,true,normal_air,1781254050726
14848,node_01,1781254050,inference,,,normal_air,,false,0.05600000000000001,backend_rule_v0,2639,3586,2280,2912,23,32,33,22.9,54.3,true,normal_air,1781254051707
14849,node_01,1781254051,inference,,,normal_air,,false,0.05600000000000001,backend_rule_v0,2666,3643,2286,2912,23,32,34,22.9,54.3,true,normal_air,1781254052752
14850,node_01,1781254052,inference,,,normal_air,,false,0.05600000000000001,backend_rule_v0,2649,3589,2282,2913,23,32,34,23,54.3,true,normal_air,1781254053800
14851,node_01,1781254053,inference,,,normal_air,,false,0.05600000000000001,backend_rule_v0,2660,3649,2289,2912,24,32,35,23,54.3,true,normal_air,1781254054852
14852,node_01,1781254054,inference,,,normal_air,,false,0.05600000000000001,backend_rule_v0,2639,3593,2284,2911,24,32,35,23,54.3,true,normal_air,1781254055916
14853,node_01,1781254055,inference,,,normal_air,,false,0.048,backend_rule_v0,2658,3646,2294,2915,23,31,35,23,54.2,true,normal_air,1781254056939
14854,node_01,1781254056,inference,,,normal_air,,false,0.05600000000000001,backend_rule_v0,2640,3565,2281,2911,23,32,35,23,54.2,true,normal_air,1781254057993
14855,node_01,1781254057,inference,,,normal_air,,false,0.05600000000000001,backend_rule_v0,2664,3644,2284,2912,24,32,35,23,54.2,true,normal_air,1781254059032
14856,node_01,1781254058,inference,,,normal_air,,false,0.064,backend_rule_v0,2648,3596,2283,2912,25,33,36,22.9,54.2,true,normal_air,1781254060082
14857,node_01,1781254059,inference,,,normal_air,,false,0.064,backend_rule_v0,2664,3639,2287,2910,25,33,37,22.9,54.2,true,normal_air,1781254061126
14858,node_01,1781254060,inference,,,normal_air,,false,0.064,backend_rule_v0,2639,3591,2280,2913,25,33,36,22.9,54.2,true,normal_air,1781254062172
14859,node_01,1781254061,inference,,,normal_air,,false,0.064,backend_rule_v0,2661,3640,2296,2911,25,33,36,23,54.2,true,normal_air,1781254063217
14860,node_01,1781254062,inference,,,normal_air,,false,0.05600000000000001,backend_rule_v0,2636,3593,2280,2914,24,32,35,23,54.2,true,normal_air,1781254064267
14861,node_01,1781254063,inference,,,normal_air,,false,0.048,backend_rule_v0,2660,3647,2287,2912,23,31,34,23,54.2,true,normal_air,1781254065311
14862,node_01,1781254064,inference,,,normal_air,,false,0.048,backend_rule_v0,2632,3603,2283,2914,23,31,34,23,54.2,true,normal_air,1781254066370
14863,node_01,1781254065,inference,,,normal_air,,false,0.048,backend_rule_v0,2663,3644,2285,2913,23,31,34,23,54.2,true,normal_air,1781254067463
14864,node_01,1781254066,inference,,,normal_air,,false,0.05600000000000001,backend_rule_v0,2639,3598,2283,2914,24,32,35,23,54.2,true,normal_air,1781254068453
14865,node_01,1781254067,inference,,,normal_air,,false,0.05600000000000001,backend_rule_v0,2663,3649,2296,2911,24,32,35,23,54.3,true,normal_air,1781254069525
14866,node_01,1781254068,inference,,,normal_air,,false,0.05600000000000001,backend_rule_v0,2638,3588,2280,2914,24,32,35,23,54.3,true,normal_air,1781254070545
14867,node_01,1781254070,inference,,,normal_air,,false,0.048,backend_rule_v0,2665,3646,2288,2914,23,31,34,23,54.3,true,normal_air,1781254071666
14868,node_01,1781254071,inference,,,normal_air,,false,0.048,backend_rule_v0,2644,3560,2282,2908,23,31,34,23,54.3,true,normal_air,1781254072643
14869,node_01,1781254072,inference,,,normal_air,,false,0.048,backend_rule_v0,2663,3645,2287,2911,23,31,34,23,54.3,true,normal_air,1781254073725
14870,node_01,1781254073,inference,,,normal_air,,false,0.05600000000000001,backend_rule_v0,2642,3587,2281,2912,24,32,35,23,54.3,true,normal_air,1781254074738
14871,node_01,1781254074,inference,,,normal_air,,false,0.05600000000000001,backend_rule_v0,2664,3650,2294,2910,23,32,35,23,54.2,true,normal_air,1781254075782
14872,node_01,1781254075,inference,,,normal_air,,false,0.05600000000000001,backend_rule_v0,2638,3603,2281,2910,23,32,35,23,54.2,true,normal_air,1781254076820
14873,node_01,1781254076,inference,,,normal_air,,false,0.05600000000000001,backend_rule_v0,2658,3648,2284,2910,23,32,34,23,54.2,true,normal_air,1781254077870
14874,node_01,1781254077,inference,,,normal_air,,false,0.04000000000000001,backend_rule_v0,2644,3596,2280,2915,22,30,33,23,54.2,true,normal_air,1781254078914
14875,node_01,1781254078,inference,,,normal_air,,false,0.04000000000000001,backend_rule_v0,2661,3643,2285,2913,22,30,33,23,54.2,true,normal_air,1781254080024
14876,node_01,1781254079,inference,,,normal_air,,false,0.032,backend_rule_v0,2641,3588,2279,2913,21,29,30,23,54.2,true,normal_air,1781254081007
14877,node_01,1781254080,inference,,,normal_air,,false,0.024,backend_rule_v0,2660,3644,2293,2912,21,28,29,23,54.2,true,normal_air,1781254082059
14878,node_01,1781254081,inference,,,normal_air,,false,0.032,backend_rule_v0,2638,3597,2282,2913,21,29,30,23,54.2,true,normal_air,1781254083112
14879,node_01,1781254082,inference,,,normal_air,,false,0.024,backend_rule_v0,2662,3651,2285,2910,21,28,29,23,54.2,true,normal_air,1781254084169
14880,node_01,1781254083,inference,,,normal_air,,false,0.024,backend_rule_v0,2647,3595,2280,2913,20,28,29,23,54.3,true,normal_air,1781254085217
14881,node_01,1781254084,inference,,,normal_air,,false,0.008,backend_rule_v0,2659,3645,2290,2909,19,26,27,23,54.3,true,normal_air,1781254086235
14882,node_01,1781254085,inference,,,normal_air,,false,0.008,backend_rule_v0,2639,3594,2281,2912,19,26,27,23,54.3,true,normal_air,1781254087291
14883,node_01,1781254086,inference,,,normal_air,,false,0.008,backend_rule_v0,2661,3647,2293,2912,19,26,27,23,54.3,true,normal_air,1781254088360
14884,node_01,1781254087,inference,,,normal_air,,false,0,backend_rule_v0,2637,3592,2282,2910,18,25,26,23,54.3,true,normal_air,1781254089379
14885,node_01,1781254088,inference,,,normal_air,,false,0,backend_rule_v0,2657,3644,2288,2911,18,25,26,23,54.3,true,normal_air,1781254090432
14886,node_01,1781254089,inference,,,normal_air,,false,0,backend_rule_v0,2643,3596,2280,2913,18,25,26,23,54.3,true,normal_air,1781254091681
14887,node_01,1781254090,inference,,,normal_air,,false,0,backend_rule_v0,2663,3652,2290,2908,18,25,26,23,54.3,true,normal_air,1781254099070
14888,node_01,1781254091,inference,,,normal_air,,false,0,backend_rule_v0,2641,3590,2283,2912,18,24,25,23,54.3,true,normal_air,1781254099091
14889,node_01,1781254093,inference,,,normal_air,,false,0,backend_rule_v0,2667,3655,2293,2920,18,24,25,23,54.1,true,normal_air,1781254099145
14890,node_01,1781254094,inference,,,normal_air,,false,0,backend_rule_v0,2637,3604,2284,2908,19,25,26,23,54.1,true,normal_air,1781254099181
14891,node_01,1781254095,inference,,,normal_air,,false,0,backend_rule_v0,2665,3647,2285,2910,19,25,26,23,54.1,true,normal_air,1781254099203
14892,node_01,1781254096,inference,,,normal_air,,false,0,backend_rule_v0,2646,3609,2284,2915,19,25,26,23,54.1,true,normal_air,1781254099230
14893,node_01,1781254097,inference,,,normal_air,,false,0,backend_rule_v0,2642,3593,2278,2908,18,24,25,23,54.1,true,normal_air,1781254099254
14894,node_01,1781254098,inference,,,normal_air,,false,0,backend_rule_v0,2659,3643,2298,2933,18,24,25,23,54.1,true,normal_air,1781254100035
14895,node_01,1781254099,inference,,,normal_air,,false,0,backend_rule_v0,2659,3645,2282,2912,18,24,24,23,54.2,true,normal_air,1781254101035
14896,node_01,1781254100,inference,,,normal_air,,false,0,backend_rule_v0,2663,3654,2298,2938,18,24,24,23,54.2,true,normal_air,1781254102041
14897,node_01,1781254101,inference,,,normal_air,,false,0,backend_rule_v0,2660,3642,2301,2932,18,24,24,23,54.2,true,normal_air,1781254103046
14898,node_01,1781254102,inference,,,normal_air,,false,0,backend_rule_v0,2663,3648,2298,2936,19,25,25,23,54.2,true,normal_air,1781254104051
14899,node_01,1781254103,inference,,,normal_air,,false,0,backend_rule_v0,2660,3645,2299,2939,19,25,25,23,54.2,true,normal_air,1781254105077
14900,node_01,1781254104,inference,,,normal_air,,false,0,backend_rule_v0,2661,3649,2299,2940,19,25,25,23,54.2,true,normal_air,1781254106122
14901,node_01,1781254105,inference,,,normal_air,,false,0,backend_rule_v0,2661,3642,2297,2939,18,24,24,23,54.1,true,normal_air,1781254107166
14902,node_01,1781254106,inference,,,normal_air,,false,0,backend_rule_v0,2658,3645,2299,2938,18,23,23,23,54.1,true,normal_air,1781254108219
14903,node_01,1781254107,inference,,,normal_air,,false,0,backend_rule_v0,2656,3645,2299,2939,18,23,23,23,54.1,true,normal_air,1781254109264
14904,node_01,1781254108,inference,,,normal_air,,false,0,backend_rule_v0,2638,3632,2296,2936,18,23,23,23,54.2,true,normal_air,1781254110412
14905,node_01,1781254109,inference,,,normal_air,,false,0,backend_rule_v0,2640,3603,2298,2939,18,23,23,23,54.2,true,normal_air,1781254111353
14906,node_01,1781254110,inference,,,normal_air,,false,0,backend_rule_v0,2640,3602,2290,2938,18,23,23,23,54.2,true,normal_air,1781254112399
14907,node_01,1781254111,inference,,,normal_air,,false,0,backend_rule_v0,2642,3599,2278,2919,19,24,24,23,54.1,true,normal_air,1781254113445
14908,node_01,1781254112,inference,,,normal_air,,false,0,backend_rule_v0,2639,3594,2281,2911,19,24,24,23,54.1,true,normal_air,1781254114515
14909,node_01,1781254113,inference,,,normal_air,,false,0,backend_rule_v0,2640,3602,2279,2908,19,24,24,23,54.1,true,normal_air,1781254115540
14910,node_01,1781254115,inference,,,normal_air,,false,0,backend_rule_v0,2640,3594,2281,2914,18,22,22,23,54.1,true,normal_air,1781254116584
14911,node_01,1781254116,inference,,,normal_air,,false,0,backend_rule_v0,2641,3592,2282,2912,17,22,22,23,54.1,true,normal_air,1781254117648
14912,node_01,1781254117,inference,,,normal_air,,false,0,backend_rule_v0,2640,3599,2281,2911,17,22,22,23,54.1,true,normal_air,1781254118675
14913,node_01,1781254118,inference,,,normal_air,,false,0,backend_rule_v0,2639,3597,2278,2914,18,23,23,23,54,true,normal_air,1781254119721
14914,node_01,1781254119,inference,,,normal_air,,false,0,backend_rule_v0,2637,3595,2282,2912,18,23,23,23,54,true,normal_air,1781254120768
14915,node_01,1781254120,inference,,,normal_air,,false,0,backend_rule_v0,2637,3588,2280,2906,18,23,23,23,54,true,normal_air,1781254121822
14916,node_01,1781254121,inference,,,normal_air,,false,0,backend_rule_v0,2638,3588,2276,2908,18,23,23,23,54.3,true,normal_air,1781254122924
14917,node_01,1781254122,inference,,,normal_air,,false,0,backend_rule_v0,2658,3591,2279,2908,18,22,23,23,54.3,true,normal_air,1781254123942
14918,node_01,1781254123,inference,,,normal_air,,false,0,backend_rule_v0,2638,3592,2279,2910,18,22,23,23,54.3,true,normal_air,1781254124962
14919,node_01,1781254124,inference,,,normal_air,,false,0,backend_rule_v0,2664,3644,2294,2910,17,22,23,23,54.1,true,normal_air,1781254126002
14920,node_01,1781254125,inference,,,normal_air,,false,0,backend_rule_v0,2639,3592,2279,2911,17,22,23,23,54.1,true,normal_air,1781254127048
14921,node_01,1781254126,inference,,,normal_air,,false,0,backend_rule_v0,2659,3650,2285,2908,16,21,22,23,54.1,true,normal_air,1781254128097
14922,node_01,1781254127,inference,,,normal_air,,false,0,backend_rule_v0,2645,3599,2283,2909,16,21,22,23,54.1,true,normal_air,1781254129139
14923,node_01,1781254128,inference,,,normal_air,,false,0,backend_rule_v0,2662,3650,2285,2910,16,21,22,23,54.1,true,normal_air,1781254130187
14924,node_01,1781254129,inference,,,normal_air,,false,0,backend_rule_v0,2640,3590,2282,2913,17,22,23,23,54.1,true,normal_air,1781254131229
14925,node_01,1781254130,inference,,,normal_air,,false,0,backend_rule_v0,2662,3646,2288,2911,16,22,23,23,54.1,true,normal_air,1781254132285
14926,node_01,1781254131,inference,,,normal_air,,false,0,backend_rule_v0,2638,3597,2280,2911,16,22,23,23,54.1,true,normal_air,1781254133335
14927,node_01,1781254132,inference,,,normal_air,,false,0,backend_rule_v0,2661,3647,2289,2913,15,21,22,23,54.1,true,normal_air,1781254134380
14928,node_01,1781254133,inference,,,normal_air,,false,0,backend_rule_v0,2644,3592,2281,2910,15,21,22,23,54.2,true,normal_air,1781254135421
14929,node_01,1781254134,inference,,,normal_air,,false,0,backend_rule_v0,2662,3647,2283,2909,15,21,22,23,54.2,true,normal_air,1781254136462
14930,node_01,1781254135,inference,,,normal_air,,false,0,backend_rule_v0,2638,3597,2281,2908,16,22,23,23,54.2,true,normal_air,1781254137513
14931,node_01,1781254136,inference,,,normal_air,,false,0,backend_rule_v0,2660,3643,2295,2913,16,22,23,23,53.9,true,normal_air,1781254138564
14932,node_01,1781254138,inference,,,normal_air,,false,0,backend_rule_v0,2638,3596,2281,2910,16,23,24,23,53.9,true,normal_air,1781254139604
14933,node_01,1781254139,inference,,,normal_air,,false,0,backend_rule_v0,2664,3653,2289,2912,15,22,23,23,53.9,true,normal_air,1781254140659
14934,node_01,1781254140,inference,,,normal_air,,false,0,backend_rule_v0,2646,3589,2280,2912,14,22,23,23,54,true,normal_air,1781254141703
14935,node_01,1781254141,inference,,,normal_air,,false,0,backend_rule_v0,2663,3636,2287,2913,14,21,23,23,54,true,normal_air,1781254142742
14936,node_01,1781254142,inference,,,normal_air,,false,0,backend_rule_v0,2641,3598,2279,2909,14,21,23,23,54,true,normal_air,1781254143804
14937,node_01,1781254143,inference,,,normal_air,,false,0,backend_rule_v0,2657,3647,2291,2909,14,21,23,23,54,true,normal_air,1781254144836
14938,node_01,1781254144,inference,,,normal_air,,false,0,backend_rule_v0,2637,3589,2281,2910,14,21,23,23,54,true,normal_air,1781254145884
14939,node_01,1781254145,inference,,,normal_air,,false,0,backend_rule_v0,2659,3649,2287,2908,14,21,23,23,54,true,normal_air,1781254146929
14940,node_01,1781254146,inference,,,normal_air,,false,0,backend_rule_v0,2644,3594,2283,2910,14,21,22,23,53.9,true,normal_air,1781254147975
14941,node_01,1781254147,inference,,,normal_air,,false,0,backend_rule_v0,2659,3653,2284,2909,14,22,23,23,53.9,true,normal_air,1781254149036
14942,node_01,1781254148,inference,,,normal_air,,false,0,backend_rule_v0,2635,3591,2282,2913,14,20,23,23,53.9,true,normal_air,1781254150069
14943,node_01,1781254149,inference,,,normal_air,,false,0,backend_rule_v0,2665,3651,2292,2911,14,20,23,23,54.1,true,normal_air,1781254151112
14944,node_01,1781254150,inference,,,normal_air,,false,0,backend_rule_v0,2638,3598,2282,2914,12,19,22,23,54.1,true,normal_air,1781254152179
14945,node_01,1781254151,inference,,,normal_air,,false,0,backend_rule_v0,2661,3649,2287,2909,12,19,22,23,54.1,true,normal_air,1781254153489
14946,node_01,1781254152,inference,,,normal_air,,false,0,backend_rule_v0,2641,3591,2282,2914,12,19,22,23,53.9,true,normal_air,1781254154416
14947,node_01,1781254153,inference,,,normal_air,,false,0,backend_rule_v0,2662,3645,2288,2910,12,20,22,23,53.9,true,normal_air,1781254155549
14948,node_01,1781254154,inference,,,normal_air,,false,0,backend_rule_v0,2638,3590,2281,2912,12,20,22,23,53.9,true,normal_air,1781254156607
14949,node_01,1781254155,inference,,,normal_air,,false,0,backend_rule_v0,2665,3647,2293,2911,12,20,22,23,53.9,true,normal_air,1781254157552
14950,node_01,1781254156,inference,,,normal_air,,false,0,backend_rule_v0,2636,3586,2282,2914,11,19,21,23,53.9,true,normal_air,1781254158625
14951,node_01,1781254157,inference,,,normal_air,,false,0,backend_rule_v0,2644,3642,2286,2909,11,19,21,23,53.9,true,normal_air,1781254159535
14952,node_01,1781254158,inference,,,normal_air,,false,0,backend_rule_v0,2641,3590,2280,2915,11,19,21,23,54,true,normal_air,1781254160573
14953,node_01,1781254160,inference,,,normal_air,,false,0,backend_rule_v0,2663,3646,2286,2916,11,20,22,23,54,true,normal_air,1781254161760
14954,node_01,1781254161,inference,,,normal_air,,false,0,backend_rule_v0,2639,3596,2280,2911,11,20,20,23,54,true,normal_air,1781254162728
14955,node_01,1781254162,inference,,,normal_air,,false,0,backend_rule_v0,2664,3646,2294,2912,11,20,20,23,54,true,normal_air,1781254163774
14956,node_01,1781254163,inference,,,normal_air,,false,0,backend_rule_v0,2635,3586,2281,2909,11,20,20,23,54,true,normal_air,1781254164713
14957,node_01,1781254164,inference,,,normal_air,,false,0,backend_rule_v0,2664,3645,2285,2912,11,20,20,23,54,true,normal_air,1781254165770
14958,node_01,1781254165,inference,,,normal_air,,false,0,backend_rule_v0,2641,3591,2281,2910,11,19,20,23,54,true,normal_air,1781254166807
14959,node_01,1781254166,inference,,,normal_air,,false,0,backend_rule_v0,2664,3635,2286,2910,11,19,20,23,54,true,normal_air,1781254167852
14960,node_01,1781254167,inference,,,normal_air,,false,0,backend_rule_v0,2638,3592,2283,2911,9,19,20,23,54,true,normal_air,1781254168897
14961,node_01,1781254168,inference,,,normal_air,,false,0,backend_rule_v0,2665,3653,2294,2915,9,19,20,23,53.9,true,normal_air,1781254169947
14962,node_01,1781254169,inference,,,normal_air,,false,0,backend_rule_v0,2637,3585,2280,2911,9,19,19,23,53.9,true,normal_air,1781254171006
14963,node_01,1781254170,inference,,,normal_air,,false,0,backend_rule_v0,2662,3651,2289,2913,9,19,19,23,53.9,true,normal_air,1781254172039
14964,node_01,1781254171,inference,,,normal_air,,false,0,backend_rule_v0,2648,3596,2281,2911,8,18,18,23,53.9,true,normal_air,1781254173089
14965,node_01,1781254172,inference,,,normal_air,,false,0,backend_rule_v0,2662,3640,2286,2914,7,18,18,23,53.9,true,normal_air,1781254174134
14966,node_01,1781254173,inference,,,normal_air,,false,0,backend_rule_v0,2636,3589,2277,2910,7,18,18,23,53.9,true,normal_air,1781254175178
14967,node_01,1781254174,inference,,,normal_air,,false,0,backend_rule_v0,2660,3650,2292,2908,8,19,19,23,53.9,true,normal_air,1781254176223
14968,node_01,1781254175,inference,,,normal_air,,false,0,backend_rule_v0,2639,3592,2278,2910,8,19,19,23,53.9,true,normal_air,1781254177271
14969,node_01,1781254176,inference,,,normal_air,,false,0,backend_rule_v0,2661,3648,2287,2914,8,19,19,23,53.9,true,normal_air,1781254178364
14970,node_01,1781254177,inference,,,normal_air,,false,0,backend_rule_v0,2646,3591,2277,2913,7,18,18,23,53.8,true,normal_air,1781254179362
14971,node_01,1781254178,inference,,,normal_air,,false,0,backend_rule_v0,2660,3644,2286,2910,7,18,18,23,53.8,true,normal_air,1781254180406
14972,node_01,1781254179,inference,,,normal_air,,false,0,backend_rule_v0,2638,3593,2282,2912,7,19,19,23,53.8,true,normal_air,1781254181456
14973,node_01,1781254180,inference,,,normal_air,,false,0,backend_rule_v0,2661,3657,2278,2915,7,19,19,23,53.9,true,normal_air,1781254182500
14974,node_01,1781254181,inference,,,normal_air,,false,0,backend_rule_v0,2641,3597,2282,2910,7,19,19,23,53.9,true,normal_air,1781254183546
14975,node_01,1781254183,inference,,,normal_air,,false,0,backend_rule_v0,2661,3649,2285,2910,7,19,19,23,53.9,true,normal_air,1781254184598
14976,node_01,1781254184,inference,,,normal_air,,false,0,backend_rule_v0,2645,3598,2282,2912,8,20,20,23,53.9,true,normal_air,1781254189924
14977,node_01,1781254185,inference,,,normal_air,,false,0,backend_rule_v0,2664,3651,2286,2910,8,20,20,23,53.9,true,normal_air,1781254189996
14978,node_01,1781254186,inference,,,normal_air,,false,0,backend_rule_v0,2641,3600,2282,2912,8,20,20,23,53.9,true,normal_air,1781254190066
14979,node_01,1781254187,inference,,,normal_air,,false,0,backend_rule_v0,2663,3647,2294,2914,8,20,20,23,53.9,true,normal_air,1781254190121
14980,node_01,1781254188,inference,,,normal_air,,false,0,backend_rule_v0,2640,3595,2282,2915,8,20,20,23,53.9,true,normal_air,1781254190180
14981,node_01,1781254189,inference,,,normal_air,,false,0,backend_rule_v0,2660,3648,2284,2912,7,19,19,23,53.9,true,normal_air,1781254190869
14982,node_01,1781254190,inference,,,normal_air,,false,0,backend_rule_v0,2646,3592,2281,2907,7,19,19,23,54,true,normal_air,1781254191915
