id,node_id,timestamp,mode,collection_label,trial_state,inference_class,event_marker,cigarette_detected,inference_score,model_version,voc_raw,co_raw,voc_mv,co_mv,pm1_0,pm2_5,pm10,temperature,humidity,pms_valid,classification,received_at
10949,node_01,1781248182,data_collection,cigarette_smoke,,,,false,,backend_pending,2670,3660,2292,2923,32,48,59,22.1,58.7,true,unclassified,1781248183985
10950,node_01,1781248183,data_collection,cigarette_smoke,,,,false,,backend_pending,2646,3620,2286,2925,32,48,59,22.1,58.7,true,unclassified,1781248185043
10951,node_01,1781248184,data_collection,cigarette_smoke,,,,false,,backend_pending,2671,3660,2302,2925,32,48,59,22.1,58.8,true,unclassified,1781248186078
10952,node_01,1781248185,data_collection,cigarette_smoke,,,,false,,backend_pending,2649,3627,2290,2923,32,48,59,22.1,58.8,true,unclassified,1781248187215
10953,node_01,1781248186,data_collection,cigarette_smoke,,,,false,,backend_pending,2674,3669,2295,2927,32,48,58,22.1,58.8,true,unclassified,1781248188173
10954,node_01,1781248187,data_collection,cigarette_smoke,,,,false,,backend_pending,2656,3616,2289,2923,32,48,58,22.1,58.7,true,unclassified,1781248189217
10955,node_01,1781248188,data_collection,cigarette_smoke,,,,false,,backend_pending,2672,3662,2292,2923,33,48,59,22.1,58.7,true,unclassified,1781248190288
10956,node_01,1781248189,data_collection,cigarette_smoke,,,,false,,backend_pending,2652,3618,2289,2923,33,48,59,22.1,58.7,true,unclassified,1781248191311
10957,node_01,1781248190,data_collection,cigarette_smoke,,,,false,,backend_pending,2674,3671,2300,2924,33,48,58,22.1,58.7,true,unclassified,1781248192448
10958,node_01,1781248191,data_collection,cigarette_smoke,,,,false,,backend_pending,2648,3624,2289,2925,33,48,58,22.1,58.7,true,unclassified,1781248193566
10959,node_01,1781248192,data_collection,cigarette_smoke,,,,false,,backend_pending,2670,3675,2295,2925,33,48,58,22.1,58.7,true,unclassified,1781248194490
10960,node_01,1781248193,data_collection,cigarette_smoke,,,,false,,backend_pending,2654,3613,2288,2924,33,48,58,22.1,58.7,true,unclassified,1781248195499
10961,node_01,1781248194,data_collection,cigarette_smoke,,,,false,,backend_pending,2672,3668,2294,2922,32,47,57,22.1,58.7,true,unclassified,1781248196633
10962,node_01,1781248195,data_collection,cigarette_smoke,,,,false,,backend_pending,2652,3620,2290,2923,32,47,57,22.1,58.7,true,unclassified,1781248197588
10963,node_01,1781248196,data_collection,cigarette_smoke,,,,false,,backend_pending,2671,3673,2303,2925,32,46,57,22.1,58.6,true,unclassified,1781248198707
10964,node_01,1781248198,data_collection,cigarette_smoke,,,,false,,backend_pending,2647,3616,2288,2925,32,46,57,22.1,58.6,true,unclassified,1781248199713
10965,node_01,1781248199,data_collection,cigarette_smoke,,,,false,,backend_pending,2673,3672,2294,2925,32,46,57,22.1,58.6,true,unclassified,1781248200783
10966,node_01,1781248200,data_collection,cigarette_smoke,,,,false,,backend_pending,2656,3616,2287,2926,32,46,57,22.2,58.8,true,unclassified,1781248201779
10967,node_01,1781248201,data_collection,cigarette_smoke,,,,false,,backend_pending,2673,3666,2294,2926,31,46,57,22.2,58.8,true,unclassified,1781248203826
10968,node_01,1781248202,data_collection,cigarette_smoke,,,,false,,backend_pending,2646,3614,2287,2925,31,46,57,22.2,58.8,true,unclassified,1781248203876
10969,node_01,1781248203,data_collection,cigarette_smoke,,,,false,,backend_pending,2673,3664,2300,2923,32,47,58,22.1,58.7,true,unclassified,1781248204932
10970,node_01,1781248204,data_collection,cigarette_smoke,,,,false,,backend_pending,2650,3619,2287,2927,32,47,58,22.1,58.7,true,unclassified,1781248205959
10971,node_01,1781248205,data_collection,cigarette_smoke,,,,false,,backend_pending,2672,3674,2295,2924,32,47,58,22.1,58.7,true,unclassified,1781248207005
10972,node_01,1781248206,data_collection,cigarette_smoke,,,,false,,backend_pending,2657,3620,2287,2922,32,47,58,22.1,58.6,true,unclassified,1781248208065
10973,node_01,1781248207,data_collection,cigarette_smoke,,,,false,,backend_pending,2672,3665,2296,2928,32,47,57,22.1,58.6,true,unclassified,1781248209263
10974,node_01,1781248208,data_collection,cigarette_smoke,,,,false,,backend_pending,2651,3620,2288,2924,32,47,57,22.1,58.6,true,unclassified,1781248210244
10975,node_01,1781248209,data_collection,cigarette_smoke,,,,false,,backend_pending,2673,3673,2302,2923,31,46,56,22.1,58.6,true,unclassified,1781248211197
10976,node_01,1781248210,data_collection,cigarette_smoke,,,,false,,backend_pending,2648,3625,2289,2924,31,46,56,22.1,58.6,true,unclassified,1781248212245
10977,node_01,1781248211,data_collection,cigarette_smoke,,,,false,,backend_pending,2676,3664,2295,2925,31,46,56,22.1,58.6,true,unclassified,1781248213329
10978,node_01,1781248212,data_collection,cigarette_smoke,,,,false,,backend_pending,2656,3626,2289,2924,31,47,57,22.1,58.5,true,unclassified,1781248214382
10979,node_01,1781248213,data_collection,cigarette_smoke,,,,false,,backend_pending,2673,3664,2296,2924,31,47,57,22.1,58.5,true,unclassified,1781248215480
10980,node_01,1781248214,data_collection,cigarette_smoke,,,,false,,backend_pending,2653,3621,2287,2925,31,47,57,22.1,58.5,true,unclassified,1781248216422
10981,node_01,1781248215,data_collection,cigarette_smoke,,,,false,,backend_pending,2672,3665,2304,2924,31,47,57,22.2,58.6,true,unclassified,1781248217470
10982,node_01,1781248216,data_collection,cigarette_smoke,,,,false,,backend_pending,2649,3616,2287,2925,31,47,57,22.2,58.6,true,unclassified,1781248218519
10983,node_01,1781248217,data_collection,cigarette_smoke,,,,false,,backend_pending,2673,3665,2294,2926,31,47,57,22.2,58.6,true,unclassified,1781248219565
10984,node_01,1781248218,data_collection,cigarette_smoke,,,,false,,backend_pending,2654,3626,2288,2923,30,46,56,22.1,58.5,true,unclassified,1781248220704
10985,node_01,1781248219,data_collection,cigarette_smoke,,,,false,,backend_pending,2674,3670,2293,2926,30,46,56,22.1,58.5,true,unclassified,1781248221661
10986,node_01,1781248221,data_collection,cigarette_smoke,,,,false,,backend_pending,2647,3624,2287,2922,31,47,57,22.1,58.5,true,unclassified,1781248222727
10987,node_01,1781248222,data_collection,cigarette_smoke,,,,false,,backend_pending,2671,3663,2302,2922,31,47,57,22.2,58.4,true,unclassified,1781248223775
10988,node_01,1781248223,data_collection,cigarette_smoke,,,,false,,backend_pending,2630,3623,2290,2926,32,47,57,22.2,58.4,true,unclassified,1781248224904
10989,node_01,1781248224,data_collection,cigarette_smoke,,,,false,,backend_pending,2673,3670,2293,2922,32,47,57,22.2,58.4,true,unclassified,1781248225842
10990,node_01,1781248225,data_collection,cigarette_smoke,,,,false,,backend_pending,2655,3620,2287,2924,32,47,57,22.2,58.5,true,unclassified,1781248226889
10991,node_01,1781248226,data_collection,cigarette_smoke,,,,false,,backend_pending,2670,3665,2295,2923,31,47,57,22.2,58.5,true,unclassified,1781248227972
10992,node_01,1781248227,data_collection,cigarette_smoke,,,,false,,backend_pending,2650,3620,2287,2924,30,45,56,22.2,58.5,true,unclassified,1781248228980
10993,node_01,1781248228,data_collection,cigarette_smoke,,,,false,,backend_pending,2675,3674,2303,2924,30,45,56,22.2,58.5,true,unclassified,1781248230134
10994,node_01,1781248229,data_collection,cigarette_smoke,,,,false,,backend_pending,2648,3619,2288,2926,30,45,55,22.2,58.5,true,unclassified,1781248231072
10995,node_01,1781248230,data_collection,cigarette_smoke,,,,false,,backend_pending,2671,3664,2296,2922,30,45,55,22.2,58.5,true,unclassified,1781248232198
10996,node_01,1781248231,data_collection,cigarette_smoke,,,,false,,backend_pending,2658,3627,2288,2926,30,45,55,22.2,58.5,true,unclassified,1781248233166
10997,node_01,1781248232,data_collection,cigarette_smoke,,,,false,,backend_pending,2667,3666,2296,2924,30,45,55,22.2,58.5,true,unclassified,1781248234225
10998,node_01,1781248233,data_collection,cigarette_smoke,,,,false,,backend_pending,2653,3616,2289,2924,30,45,54,22.2,58.5,true,unclassified,1781248235259
10999,node_01,1781248234,data_collection,cigarette_smoke,,,,false,,backend_pending,2675,3663,2304,2922,30,45,54,22.2,58.4,true,unclassified,1781248236308
11000,node_01,1781248235,data_collection,cigarette_smoke,,,,false,,backend_pending,2649,3617,2288,2924,30,45,54,22.2,58.4,true,unclassified,1781248237351
11001,node_01,1781248236,data_collection,cigarette_smoke,,,,false,,backend_pending,2671,3676,2294,2925,31,46,55,22.2,58.4,true,unclassified,1781248238414
11002,node_01,1781248237,data_collection,cigarette_smoke,,,,false,,backend_pending,2656,3620,2289,2925,31,46,55,22.2,58.4,true,unclassified,1781248239444
11003,node_01,1781248238,data_collection,cigarette_smoke,,,,false,,backend_pending,2672,3668,2295,2923,31,46,55,22.2,58.4,true,unclassified,1781248240503
11004,node_01,1781248239,data_collection,cigarette_smoke,,,,false,,backend_pending,2648,3620,2289,2924,31,46,55,22.2,58.4,true,unclassified,1781248241589
11005,node_01,1781248240,data_collection,cigarette_smoke,,,,false,,backend_pending,2671,3666,2302,2924,31,46,55,22.2,58.3,true,unclassified,1781248242588
11006,node_01,1781248241,data_collection,cigarette_smoke,,,,false,,backend_pending,2649,3624,2288,2924,31,46,55,22.2,58.3,true,unclassified,1781248243720
11007,node_01,1781248243,data_collection,cigarette_smoke,,,,false,,backend_pending,2673,3670,2295,2926,31,46,55,22.2,58.3,true,unclassified,1781248244719
11008,node_01,1781248244,data_collection,cigarette_smoke,,,,false,,backend_pending,2656,3621,2289,2929,31,46,56,22.2,58.3,true,unclassified,1781248245725
11009,node_01,1781248245,data_collection,cigarette_smoke,,,,false,,backend_pending,2673,3667,2293,2925,31,46,56,22.2,58.3,true,unclassified,1781248246771
11010,node_01,1781248246,data_collection,cigarette_smoke,,,,false,,backend_pending,2650,3612,2286,2924,31,46,56,22.2,58.3,true,unclassified,1781248247821
11011,node_01,1781248247,data_collection,cigarette_smoke,,,,false,,backend_pending,2672,3671,2300,2925,31,46,56,22.2,58.3,true,unclassified,1781248248866
11012,node_01,1781248248,data_collection,cigarette_smoke,,,,false,,backend_pending,2648,3613,2288,2923,30,45,55,22.2,58.3,true,unclassified,1781248249985
11013,node_01,1781248249,data_collection,cigarette_smoke,,,,false,,backend_pending,2672,3661,2295,2922,30,45,55,22.2,58.3,true,unclassified,1781248250959
11014,node_01,1781248250,data_collection,cigarette_smoke,,,,false,,backend_pending,2655,3621,2290,2924,30,45,55,22.2,58.4,true,unclassified,1781248252003
11015,node_01,1781248251,data_collection,cigarette_smoke,,,,false,,backend_pending,2669,3670,2296,2925,30,45,55,22.2,58.4,true,unclassified,1781248253080
11016,node_01,1781248252,data_collection,cigarette_smoke,,,,false,,backend_pending,2648,3618,2291,2924,30,45,55,22.2,58.4,true,unclassified,1781248254202
11017,node_01,1781248253,data_collection,cigarette_smoke,,,,false,,backend_pending,2672,3673,2302,2920,30,45,55,22.2,58.3,true,unclassified,1781248255315
11018,node_01,1781248254,data_collection,cigarette_smoke,,,,false,,backend_pending,2649,3623,2289,2926,31,46,56,22.2,58.3,true,unclassified,1781248256189
11019,node_01,1781248255,data_collection,cigarette_smoke,,,,false,,backend_pending,2671,3670,2295,2927,31,46,56,22.2,58.3,true,unclassified,1781248257262
11020,node_01,1781248256,data_collection,cigarette_smoke,,,,false,,backend_pending,2655,3615,2289,2923,31,46,56,22.2,58.2,true,unclassified,1781248258395
11021,node_01,1781248257,data_collection,cigarette_smoke,,,,false,,backend_pending,2672,3670,2291,2922,30,45,55,22.2,58.2,true,unclassified,1781248259413
11022,node_01,1781248258,data_collection,cigarette_smoke,,,,false,,backend_pending,2650,3620,2288,2925,30,45,55,22.2,58.2,true,unclassified,1781248260394
11023,node_01,1781248259,data_collection,cigarette_smoke,,,,false,,backend_pending,2651,3656,2301,2921,30,45,55,22.2,58.2,true,unclassified,1781248261486
11024,node_01,1781248260,data_collection,cigarette_smoke,,,,false,,backend_pending,2648,3616,2289,2923,31,46,56,22.2,58.2,true,unclassified,1781248262488
11025,node_01,1781248261,data_collection,cigarette_smoke,,,,false,,backend_pending,2671,3667,2295,2924,30,46,56,22.2,58.2,true,unclassified,1781248263624
11026,node_01,1781248262,data_collection,cigarette_smoke,,,,false,,backend_pending,2658,3613,2288,2921,29,45,55,22.3,58.3,true,unclassified,1781248264567
11027,node_01,1781248263,data_collection,cigarette_smoke,,,,false,,backend_pending,2672,3661,2294,2921,29,45,55,22.3,58.3,true,unclassified,1781248265652
11028,node_01,1781248264,data_collection,cigarette_smoke,,,,false,,backend_pending,2648,3623,2289,2926,29,45,55,22.3,58.3,true,unclassified,1781248266676
11029,node_01,1781248266,data_collection,cigarette_smoke,,,,false,,backend_pending,2650,3665,2301,2924,29,45,55,22.2,58.3,true,unclassified,1781248267719
11030,node_01,1781248267,data_collection,cigarette_smoke,,,,false,,backend_pending,2647,3617,2288,2923,30,46,57,22.2,58.3,true,unclassified,1781248268771
11031,node_01,1781248268,data_collection,cigarette_smoke,,,,false,,backend_pending,2676,3671,2295,2924,32,51,64,22.2,58.3,true,unclassified,1781248269808
11032,node_01,1781248269,data_collection,cigarette_smoke,,,,false,,backend_pending,2655,3613,2290,2925,36,64,74,22.3,58.1,true,unclassified,1781248270839
11033,node_01,1781248270,data_collection,cigarette_smoke,,,,false,,backend_pending,2670,3665,2294,2923,41,77,84,22.3,58.1,true,unclassified,1781248271890
11034,node_01,1781248271,data_collection,cigarette_smoke,,,,false,,backend_pending,2648,3615,2289,2924,47,90,98,22.3,58.1,true,unclassified,1781248272995
11035,node_01,1781248288,data_collection,cigarette_smoke,,,,false,,backend_pending,2655,3617,2286,2921,62,119,127,22.3,58,true,unclassified,1781248289676
11036,node_01,1781248289,data_collection,cigarette_smoke,,,,false,,backend_pending,2670,3666,2294,2922,65,124,133,22.3,58,true,unclassified,1781248291252
11037,node_01,1781248290,data_collection,cigarette_smoke,,,,false,,backend_pending,2648,3616,2289,2925,68,129,137,22.3,58,true,unclassified,1781248291817
11038,node_01,1781248297,data_collection,cigarette_smoke,,,,false,,backend_pending,2671,3668,2301,2925,83,153,162,22.3,58,true,unclassified,1781248299098
11039,node_01,1781248298,data_collection,cigarette_smoke,,,,false,,backend_pending,2648,3612,2285,2923,83,149,157,22.3,58,true,unclassified,1781248300148
11040,node_01,1781248299,data_collection,cigarette_smoke,,,,false,,backend_pending,2673,3667,2293,2925,81,146,153,22.3,58,true,unclassified,1781248301202
11041,node_01,1781248303,data_collection,cigarette_smoke,,,,false,,backend_pending,2672,3671,2303,2925,71,125,131,22.3,58,true,unclassified,1781248305380
11042,node_01,1781248304,data_collection,cigarette_smoke,,,,false,,backend_pending,2645,3619,2292,2924,71,123,128,22.3,58,true,unclassified,1781248306431
11043,node_01,1781248305,data_collection,cigarette_smoke,,,,false,,backend_pending,2671,3665,2296,2926,70,121,126,22.3,58,true,unclassified,1781248307609
11044,node_01,1781248345,data_collection,cigarette_smoke,,,,false,,backend_pending,2638,3667,2269,2919,66,94,96,22.3,57.5,true,unclassified,1781248347230
11045,node_01,1781248346,data_collection,cigarette_smoke,,,,false,,backend_pending,2618,3605,2266,2916,62,91,94,22.3,57.5,true,unclassified,1781248348638
11046,node_01,1781248347,data_collection,cigarette_smoke,,,,false,,backend_pending,2641,3657,2280,2922,60,87,90,22.3,57.5,true,unclassified,1781248349420
11047,node_01,1781248348,data_collection,cigarette_smoke,,,,false,,backend_pending,2618,3613,2265,2920,58,85,87,22.3,57.5,true,unclassified,1781248350449
11048,node_01,1781248349,data_collection,cigarette_smoke,,,,false,,backend_pending,2640,3657,2270,2918,56,80,83,22.3,57.5,true,unclassified,1781248351470
11049,node_01,1781248350,data_collection,cigarette_smoke,,,,false,,backend_pending,2624,3607,2265,2918,54,78,80,22.3,57.3,true,unclassified,1781248352926
11050,node_01,1781248351,data_collection,cigarette_smoke,,,,false,,backend_pending,2639,3660,2271,2918,52,76,79,22.3,57.3,true,unclassified,1781248353624
11051,node_01,1781248352,data_collection,cigarette_smoke,,,,false,,backend_pending,2616,3608,2268,2921,49,73,77,22.3,57.3,true,unclassified,1781248354562
11052,node_01,1781248353,data_collection,cigarette_smoke,,,,false,,backend_pending,2640,3660,2278,2921,48,70,76,22.3,57.2,true,unclassified,1781248355625
11053,node_01,1781248354,data_collection,cigarette_smoke,,,,false,,backend_pending,2618,3606,2263,2919,47,68,74,22.3,57.2,true,unclassified,1781248356686
11054,node_01,1781248356,data_collection,cigarette_smoke,,,,false,,backend_pending,2637,3591,2274,2901,46,67,74,22.3,57.2,true,unclassified,1781248357711
11055,node_01,1781248357,data_collection,cigarette_smoke,,,,false,,backend_pending,2633,3566,2269,2897,44,65,73,22.3,57.1,true,unclassified,1781248358762
11056,node_01,1781248358,data_collection,cigarette_smoke,,,,false,,backend_pending,2665,3648,2286,2918,43,64,72,22.3,57.1,true,unclassified,1781248359882
11057,node_01,1781248359,data_collection,cigarette_smoke,,,,false,,backend_pending,2642,3596,2283,2916,42,62,72,22.3,57.1,true,unclassified,1781248360884
11058,node_01,1781248360,data_collection,cigarette_smoke,,,,false,,backend_pending,2666,3657,2295,2914,42,61,71,22.3,56.9,true,unclassified,1781248361911
11059,node_01,1781248361,data_collection,cigarette_smoke,,,,false,,backend_pending,2639,3596,2283,2915,41,61,70,22.3,56.9,true,unclassified,1781248362965
11060,node_01,1781248362,data_collection,cigarette_smoke,,,,false,,backend_pending,2663,3655,2286,2915,41,61,70,22.3,56.9,true,unclassified,1781248363987
11061,node_01,1781248363,data_collection,cigarette_smoke,,,,false,,backend_pending,2646,3604,2286,2918,41,64,72,22.3,56.9,true,unclassified,1781248365047
11062,node_01,1781248364,data_collection,cigarette_smoke,,,,false,,backend_pending,2663,3650,2290,2917,44,70,76,22.3,56.9,true,unclassified,1781248366071
11063,node_01,1781248365,data_collection,cigarette_smoke,,,,false,,backend_pending,2642,3598,2283,2917,47,79,81,22.3,56.9,true,unclassified,1781248367151
11064,node_01,1781248366,data_collection,cigarette_smoke,,,,false,,backend_pending,2666,3652,2294,2918,50,88,91,22.4,56.6,true,unclassified,1781248368174
11065,node_01,1781248517,data_collection,cigarette_smoke,,,,false,,backend_pending,2653,3656,2289,2922,176,413,450,22,54,true,unclassified,1781248518832
11066,node_01,1781248518,data_collection,cigarette_smoke,,,,false,,backend_pending,2631,3603,2279,2918,179,415,450,22,54,true,unclassified,1781248519913
11067,node_01,1781248519,data_collection,cigarette_smoke,,,,false,,backend_pending,2653,3656,2283,2920,182,418,453,22,54,true,unclassified,1781248520925
11068,node_01,1781248520,data_collection,cigarette_smoke,,,,false,,backend_pending,2640,3603,2277,2919,187,427,462,22,54,true,unclassified,1781248521985
11069,node_01,1781248521,data_collection,cigarette_smoke,,,,false,,backend_pending,2654,3654,2281,2916,192,438,475,22,54,true,unclassified,1781248523022
11070,node_01,1781248522,data_collection,cigarette_smoke,,,,false,,backend_pending,2629,3609,2277,2918,199,452,489,22,54,true,unclassified,1781248524080
11071,node_01,1781249189,data_collection,cigarette_smoke,,,,false,,backend_pending,2667,3647,2297,2917,88,167,176,22.4,56,true,unclassified,1781249190703
11072,node_01,1781249190,data_collection,cigarette_smoke,,,,false,,backend_pending,2646,3605,2286,2922,83,158,165,22.4,56,true,unclassified,1781249191775
11073,node_01,1781249191,data_collection,cigarette_smoke,,,,false,,backend_pending,2668,3656,2294,2919,80,151,158,22.4,56,true,unclassified,1781249192796
11074,node_01,1781249208,data_collection,cigarette_smoke,,,,false,,backend_pending,2643,3606,2286,2915,56,92,98,22.3,55.5,true,unclassified,1781249210584
11075,node_01,1781249209,data_collection,cigarette_smoke,,,,false,,backend_pending,2665,3656,2291,2922,53,88,94,22.3,55.5,true,unclassified,1781249211630
11076,node_01,1781249211,data_collection,cigarette_smoke,,,,false,,backend_pending,2652,3602,2285,2917,51,85,90,22.3,55.4,true,unclassified,1781249212708
11077,node_01,1781249212,data_collection,cigarette_smoke,,,,false,,backend_pending,2669,3656,2291,2919,50,81,87,22.3,55.4,true,unclassified,1781249213721
11078,node_01,1781249213,data_collection,cigarette_smoke,,,,false,,backend_pending,2642,3607,2285,2916,48,78,84,22.3,55.4,true,unclassified,1781249214770
11079,node_01,1781249214,data_collection,cigarette_smoke,,,,false,,backend_pending,2666,3655,2295,2921,46,75,80,22.3,55.3,true,unclassified,1781249215972
11080,node_01,1781249215,data_collection,cigarette_smoke,,,,false,,backend_pending,2641,3607,2284,2914,44,72,78,22.3,55.3,true,unclassified,1781249216861
11081,node_01,1781249216,data_collection,cigarette_smoke,,,,false,,backend_pending,2669,3660,2292,2921,42,69,77,22.3,55.3,true,unclassified,1781249217908
11082,node_01,1781249217,data_collection,cigarette_smoke,,,,false,,backend_pending,2650,3608,2285,2917,41,67,75,22.3,55.2,true,unclassified,1781249218953
11083,node_01,1781249218,data_collection,cigarette_smoke,,,,false,,backend_pending,2666,3653,2290,2915,40,65,73,22.3,55.2,true,unclassified,1781249220004
11084,node_01,1781249219,data_collection,cigarette_smoke,,,,false,,backend_pending,2644,3610,2284,2919,40,64,73,22.3,55.2,true,unclassified,1781249221061
11085,node_01,1781249220,data_collection,cigarette_smoke,,,,false,,backend_pending,2653,3652,2298,2918,39,64,72,22.3,55.3,true,unclassified,1781249222096
11086,node_01,1781249221,data_collection,cigarette_smoke,,,,false,,backend_pending,2643,3602,2286,2917,40,64,73,22.3,55.3,true,unclassified,1781249223140
11087,node_01,1781249222,data_collection,cigarette_smoke,,,,false,,backend_pending,2661,3655,2288,2918,41,65,73,22.3,55.3,true,unclassified,1781249224186
11088,node_01,1781249223,data_collection,cigarette_smoke,,,,false,,backend_pending,2652,3610,2285,2919,41,65,73,22.3,55.1,true,unclassified,1781249225233
11089,node_01,1781249224,data_collection,cigarette_smoke,,,,false,,backend_pending,2670,3659,2292,2918,41,65,73,22.3,55.1,true,unclassified,1781249226278
11090,node_01,1781249225,data_collection,cigarette_smoke,,,,false,,backend_pending,2643,3609,2283,2914,43,67,75,22.3,55.1,true,unclassified,1781249227326
11091,node_01,1781249226,data_collection,cigarette_smoke,,,,false,,backend_pending,2668,3661,2301,2919,44,68,75,22.3,55,true,unclassified,1781249228384
11092,node_01,1781249227,data_collection,cigarette_smoke,,,,false,,backend_pending,2644,3605,2283,2918,46,70,77,22.3,55,true,unclassified,1781249229452
11093,node_01,1781249228,data_collection,cigarette_smoke,,,,false,,backend_pending,2664,3657,2292,2921,47,72,77,22.3,55,true,unclassified,1781249230466
11094,node_01,1781249229,data_collection,cigarette_smoke,,,,false,,backend_pending,2652,3607,2286,2917,47,73,77,22.3,55,true,unclassified,1781249231511
11095,node_01,1781249230,data_collection,cigarette_smoke,,,,false,,backend_pending,2669,3653,2292,2918,48,73,77,22.3,55,true,unclassified,1781249232630
11096,node_01,1781249231,data_collection,cigarette_smoke,,,,false,,backend_pending,2644,3610,2281,2920,50,74,78,22.3,55,true,unclassified,1781249233640
11097,node_01,1781249233,data_collection,cigarette_smoke,,,,false,,backend_pending,2670,3659,2297,2919,51,75,79,22.3,54.9,true,unclassified,1781249234664
11098,node_01,1781249234,data_collection,cigarette_smoke,,,,false,,backend_pending,2645,3604,2285,2921,52,76,79,22.3,54.9,true,unclassified,1781249235714
11099,node_01,1781249235,data_collection,cigarette_smoke,,,,false,,backend_pending,2666,3653,2291,2918,52,76,79,22.3,54.9,true,unclassified,1781249236741
11100,node_01,1781249236,data_collection,cigarette_smoke,,,,false,,backend_pending,2651,3606,2287,2916,53,77,80,22.3,54.9,true,unclassified,1781249237791
11101,node_01,1781249237,data_collection,cigarette_smoke,,,,false,,backend_pending,2670,3658,2291,2920,53,76,79,22.3,54.9,true,unclassified,1781249238843
11102,node_01,1781249238,data_collection,cigarette_smoke,,,,false,,backend_pending,2643,3607,2285,2920,52,76,79,22.3,54.9,true,unclassified,1781249239893
11103,node_01,1781249239,data_collection,cigarette_smoke,,,,false,,backend_pending,2670,3657,2296,2918,52,74,78,22.3,54.6,true,unclassified,1781249240985
11104,node_01,1781249240,data_collection,cigarette_smoke,,,,false,,backend_pending,2647,3593,2286,2916,50,72,77,22.3,54.6,true,unclassified,1781249241992
11105,node_01,1781249241,data_collection,cigarette_smoke,,,,false,,backend_pending,2655,3654,2291,2919,49,69,76,22.3,54.6,true,unclassified,1781249243021
11106,node_01,1781249242,data_collection,cigarette_smoke,,,,false,,backend_pending,2650,3612,2285,2915,47,67,74,22.3,54.5,true,unclassified,1781249244068
11107,node_01,1781249243,data_collection,cigarette_smoke,,,,false,,backend_pending,2668,3656,2291,2919,45,65,73,22.3,54.5,true,unclassified,1781249245211
11108,node_01,1781249244,data_collection,cigarette_smoke,,,,false,,backend_pending,2646,3607,2285,2920,44,65,73,22.3,54.5,true,unclassified,1781249246162
11109,node_01,1781249245,data_collection,cigarette_smoke,,,,false,,backend_pending,2668,3654,2301,2918,44,62,72,22.3,54.4,true,unclassified,1781249247391
11110,node_01,1781249246,data_collection,cigarette_smoke,,,,false,,backend_pending,2645,3608,2285,2917,42,61,71,22.3,54.4,true,unclassified,1781249248255
11111,node_01,1781249247,data_collection,cigarette_smoke,,,,false,,backend_pending,2670,3656,2290,2920,42,61,71,22.3,54.4,true,unclassified,1781249249298
11112,node_01,1781249248,data_collection,cigarette_smoke,,,,false,,backend_pending,2652,3604,2285,2918,43,62,72,22.3,54.3,true,unclassified,1781249250344
11113,node_01,1781249249,data_collection,cigarette_smoke,,,,false,,backend_pending,2669,3662,2290,2918,44,64,73,22.3,54.3,true,unclassified,1781249251390
11114,node_01,1781249250,data_collection,cigarette_smoke,,,,false,,backend_pending,2644,3605,2286,2918,44,65,73,22.3,54.3,true,unclassified,1781249252482
11115,node_01,1781249251,data_collection,cigarette_smoke,,,,false,,backend_pending,2669,3658,2302,2918,46,66,74,22.3,54.4,true,unclassified,1781249253487
11116,node_01,1781249252,data_collection,cigarette_smoke,,,,false,,backend_pending,2644,3607,2284,2916,47,69,75,22.3,54.4,true,unclassified,1781249254636
11117,node_01,1781249253,data_collection,cigarette_smoke,,,,false,,backend_pending,2669,3654,2290,2909,49,73,77,22.3,54.4,true,unclassified,1781249255835
11118,node_01,1781249254,data_collection,cigarette_smoke,,,,false,,backend_pending,2653,3608,2284,2917,54,79,82,22.3,54.2,true,unclassified,1781249256679
11119,node_01,1781249256,data_collection,cigarette_smoke,,,,false,,backend_pending,2668,3658,2288,2918,58,85,88,22.3,54.2,true,unclassified,1781249257715
11120,node_01,1781249257,data_collection,cigarette_smoke,,,,false,,backend_pending,2643,3609,2288,2918,63,94,97,22.3,54.2,true,unclassified,1781249258716
11121,node_01,1781249336,data_collection,cigarette_smoke,,,,false,,backend_pending,2656,3610,2288,2920,86,140,142,22,53,true,unclassified,1781249338304
11122,node_01,1781249337,data_collection,cigarette_smoke,,,,false,,backend_pending,2668,3658,2291,2919,85,139,142,22,53,true,unclassified,1781249339288
11123,node_01,1781249338,data_collection,cigarette_smoke,,,,false,,backend_pending,2645,3608,2285,2920,84,136,140,22,53,true,unclassified,1781249340350
11124,node_01,1781249339,data_collection,cigarette_smoke,,,,false,,backend_pending,2668,3654,2303,2921,84,137,139,22.1,53,true,unclassified,1781249341377
11125,node_01,1781249340,data_collection,cigarette_smoke,,,,false,,backend_pending,2645,3603,2287,2921,82,134,137,22.1,53,true,unclassified,1781249342490
11126,node_01,1781249341,data_collection,cigarette_smoke,,,,false,,backend_pending,2670,3659,2294,2921,80,132,134,22.1,53,true,unclassified,1781249343470
11127,node_01,1781249342,data_collection,cigarette_smoke,,,,false,,backend_pending,2653,3599,2285,2916,79,131,133,22,52.9,true,unclassified,1781249344711
11128,node_01,1781249343,data_collection,cigarette_smoke,,,,false,,backend_pending,2667,3662,2294,2920,78,129,131,22,52.9,true,unclassified,1781249345664
11129,node_01,1781249344,data_collection,cigarette_smoke,,,,false,,backend_pending,2647,3612,2286,2919,76,126,129,22,52.9,true,unclassified,1781249346643
11130,node_01,1781249346,data_collection,cigarette_smoke,,,,false,,backend_pending,2671,3661,2300,2919,73,119,121,22,52.9,true,unclassified,1781249347717
11131,node_01,1781249347,data_collection,cigarette_smoke,,,,false,,backend_pending,2643,3599,2286,2917,69,114,116,22,52.9,true,unclassified,1781249348720
11132,node_01,1781249348,data_collection,cigarette_smoke,,,,false,,backend_pending,2667,3659,2294,2920,69,113,115,22,52.9,true,unclassified,1781249349766
11133,node_01,1781249349,data_collection,cigarette_smoke,,,,false,,backend_pending,2651,3611,2288,2919,70,116,118,22,52.9,true,unclassified,1781249350797
11134,node_01,1781249350,data_collection,cigarette_smoke,,,,false,,backend_pending,2666,3657,2293,2917,71,118,120,22,52.9,true,unclassified,1781249351842
11135,node_01,1781249351,data_collection,cigarette_smoke,,,,false,,backend_pending,2645,3602,2287,2920,72,118,121,22,52.9,true,unclassified,1781249352939
11136,node_01,1781249352,data_collection,cigarette_smoke,,,,false,,backend_pending,2668,3655,2298,2921,73,120,123,22,52.9,true,unclassified,1781249353981
11137,node_01,1781249353,data_collection,cigarette_smoke,,,,false,,backend_pending,2644,3609,2289,2919,75,122,125,22,52.9,true,unclassified,1781249355001
11138,node_01,1781249354,data_collection,cigarette_smoke,,,,false,,backend_pending,2668,3654,2293,2919,77,124,128,22,52.9,true,unclassified,1781249356026
11139,node_01,1781249358,data_collection,cigarette_smoke,,,,false,,backend_pending,2668,3652,2298,2921,79,124,129,22,52.9,true,unclassified,1781249360220
11140,node_01,1781249359,data_collection,cigarette_smoke,,,,false,,backend_pending,2646,3610,2286,2919,78,122,126,22,52.9,true,unclassified,1781249361259
11141,node_01,1781249360,data_collection,cigarette_smoke,,,,false,,backend_pending,2671,3659,2294,2916,76,120,123,22,52.9,true,unclassified,1781249362304
11142,node_01,1781249361,data_collection,cigarette_smoke,,,,false,,backend_pending,2653,3612,2286,2918,74,115,119,22,52.9,true,unclassified,1781249363384
11143,node_01,1781249362,data_collection,cigarette_smoke,,,,false,,backend_pending,2669,3653,2294,2919,72,111,115,22,52.9,true,unclassified,1781249364399
11144,node_01,1781249363,data_collection,cigarette_smoke,,,,false,,backend_pending,2645,3606,2287,2919,70,106,110,22,52.9,true,unclassified,1781249365533
11145,node_01,1781249366,data_collection,cigarette_smoke,,,,false,,backend_pending,2669,3659,2293,2919,63,95,97,21.9,53.1,true,unclassified,1781249368585
11146,node_01,1781249367,data_collection,cigarette_smoke,,,,false,,backend_pending,2652,3605,2287,2920,61,92,95,21.9,53.2,true,unclassified,1781249369630
11147,node_01,1781249369,data_collection,cigarette_smoke,,,,false,,backend_pending,2668,3660,2296,2913,59,88,91,21.9,53.2,true,unclassified,1781249370679
11148,node_01,1781249370,data_collection,cigarette_smoke,,,,false,,backend_pending,2645,3607,2287,2916,57,85,88,21.9,53.2,true,unclassified,1781249371764
11149,node_01,1781249371,data_collection,cigarette_smoke,,,,false,,backend_pending,2670,3659,2300,2917,55,82,85,21.9,53.3,true,unclassified,1781249372772
11150,node_01,1781249372,data_collection,cigarette_smoke,,,,false,,backend_pending,2647,3610,2286,2920,54,80,83,21.9,53.3,true,unclassified,1781249373842
11151,node_01,1781249373,data_collection,cigarette_smoke,,,,false,,backend_pending,2671,3655,2291,2919,52,77,80,21.9,53.3,true,unclassified,1781249374870
11152,node_01,1781249374,data_collection,cigarette_smoke,,,,false,,backend_pending,2652,3613,2287,2917,51,75,78,21.9,53.3,true,unclassified,1781249375914
11153,node_01,1781249375,data_collection,cigarette_smoke,,,,false,,backend_pending,2669,3657,2295,2920,50,73,77,21.9,53.3,true,unclassified,1781249376972
11154,node_01,1781249376,data_collection,cigarette_smoke,,,,false,,backend_pending,2644,3604,2287,2921,48,70,76,21.9,53.3,true,unclassified,1781249378007
11155,node_01,1781249377,data_collection,cigarette_smoke,,,,false,,backend_pending,2671,3661,2302,2921,47,68,75,21.9,53.5,true,unclassified,1781249379078
11156,node_01,1781249378,data_collection,cigarette_smoke,,,,false,,backend_pending,2640,3603,2284,2918,45,65,72,21.9,53.5,true,unclassified,1781249380188
11157,node_01,1781249379,data_collection,cigarette_smoke,,,,false,,backend_pending,2669,3656,2292,2920,43,63,71,21.9,53.5,true,unclassified,1781249381181
11158,node_01,1781249380,data_collection,cigarette_smoke,,,,false,,backend_pending,2652,3607,2287,2919,42,61,71,21.9,53.5,true,unclassified,1781249382188
11159,node_01,1781249381,data_collection,cigarette_smoke,,,,false,,backend_pending,2671,3663,2294,2918,42,60,70,21.9,53.5,true,unclassified,1781249383264
11160,node_01,1781249382,data_collection,cigarette_smoke,,,,false,,backend_pending,2648,3609,2285,2918,41,60,69,21.9,53.5,true,unclassified,1781249384294
11161,node_01,1781249383,data_collection,cigarette_smoke,,,,false,,backend_pending,2670,3665,2302,2916,40,58,69,21.9,53.6,true,unclassified,1781249385397
11162,node_01,1781249384,data_collection,cigarette_smoke,,,,false,,backend_pending,2646,3602,2288,2919,40,58,68,21.9,53.6,true,unclassified,1781249386380
11163,node_01,1781249385,data_collection,cigarette_smoke,,,,false,,backend_pending,2672,3657,2290,2920,39,56,67,21.9,53.6,true,unclassified,1781249387440
11164,node_01,1781249386,data_collection,cigarette_smoke,,,,false,,backend_pending,2651,3611,2289,2918,38,56,67,21.8,53.7,true,unclassified,1781249388598
11165,node_01,1781249387,data_collection,cigarette_smoke,,,,false,,backend_pending,2669,3657,2294,2921,38,55,67,21.8,53.7,true,unclassified,1781249389528
11166,node_01,1781249388,data_collection,cigarette_smoke,,,,false,,backend_pending,2647,3581,2286,2917,36,54,66,21.8,53.7,true,unclassified,1781249390563
11167,node_01,1781249389,data_collection,cigarette_smoke,,,,false,,backend_pending,2671,3659,2299,2919,36,53,66,21.8,53.8,true,unclassified,1781249391646
11168,node_01,1781249391,data_collection,cigarette_smoke,,,,false,,backend_pending,2635,3607,2287,2918,35,53,65,21.8,53.8,true,unclassified,1781249392655
11169,node_01,1781249392,data_collection,cigarette_smoke,,,,false,,backend_pending,2669,3657,2292,2919,35,52,64,21.8,53.8,true,unclassified,1781249393721
11170,node_01,1781249393,data_collection,cigarette_smoke,,,,false,,backend_pending,2632,3607,2286,2914,34,51,63,21.8,53.9,true,unclassified,1781249394749
11171,node_01,1781249394,data_collection,cigarette_smoke,,,,false,,backend_pending,2669,3653,2292,2917,33,51,62,21.8,53.9,true,unclassified,1781249395792
11172,node_01,1781249395,data_collection,cigarette_smoke,,,,false,,backend_pending,2646,3603,2286,2919,33,50,62,21.8,53.9,true,unclassified,1781249396852
11173,node_01,1781249396,data_collection,cigarette_smoke,,,,false,,backend_pending,2668,3650,2301,2919,34,51,62,21.8,54.1,true,unclassified,1781249397984
11174,node_01,1781249397,data_collection,cigarette_smoke,,,,false,,backend_pending,2630,3615,2287,2921,34,51,62,21.8,54.1,true,unclassified,1781249398945
11175,node_01,1781249398,data_collection,cigarette_smoke,,,,false,,backend_pending,2648,3660,2293,2918,34,51,62,21.8,54.1,true,unclassified,1781249399990
11176,node_01,1781249399,data_collection,cigarette_smoke,,,,false,,backend_pending,2654,3609,2289,2920,33,50,61,21.8,54.2,true,unclassified,1781249401026
11177,node_01,1781249400,data_collection,cigarette_smoke,,,,false,,backend_pending,2670,3658,2292,2915,32,50,61,21.8,54.2,true,unclassified,1781249402095
11178,node_01,1781249401,data_collection,cigarette_smoke,,,,false,,backend_pending,2644,3612,2286,2918,32,50,61,21.8,54.2,true,unclassified,1781249403123
11179,node_01,1781249402,data_collection,cigarette_smoke,,,,false,,backend_pending,2668,3663,2299,2920,33,51,62,21.8,54.4,true,unclassified,1781249404172
11180,node_01,1781249403,data_collection,cigarette_smoke,,,,false,,backend_pending,2647,3611,2286,2922,33,51,62,21.8,54.4,true,unclassified,1781249405274
11181,node_01,1781249404,data_collection,cigarette_smoke,,,,false,,backend_pending,2669,3655,2289,2917,33,50,62,21.8,54.4,true,unclassified,1781249406290
11182,node_01,1781249405,data_collection,cigarette_smoke,,,,false,,backend_pending,2652,3607,2287,2917,33,50,61,21.8,54.5,true,unclassified,1781249407314
11183,node_01,1781249406,data_collection,cigarette_smoke,,,,false,,backend_pending,2670,3659,2293,2920,33,50,61,21.8,54.5,true,unclassified,1781249408418
11184,node_01,1781249407,data_collection,cigarette_smoke,,,,false,,backend_pending,2646,3603,2287,2917,33,50,61,21.8,54.5,true,unclassified,1781249409639
11185,node_01,1781249408,data_collection,cigarette_smoke,,,,false,,backend_pending,2672,3658,2299,2918,33,50,61,21.8,54.5,true,unclassified,1781249410491
11186,node_01,1781249409,data_collection,cigarette_smoke,,,,false,,backend_pending,2648,3612,2290,2919,33,50,61,21.8,54.5,true,unclassified,1781249411498
11187,node_01,1781249410,data_collection,cigarette_smoke,,,,false,,backend_pending,2669,3660,2291,2919,33,49,60,21.8,54.5,true,unclassified,1781249412659
11188,node_01,1781249411,data_collection,cigarette_smoke,,,,false,,backend_pending,2650,3610,2288,2915,31,48,59,21.8,54.6,true,unclassified,1781249413584
11189,node_01,1781249412,data_collection,cigarette_smoke,,,,false,,backend_pending,2668,3654,2293,2920,31,47,59,21.8,54.6,true,unclassified,1781249414688
11190,node_01,1781249414,data_collection,cigarette_smoke,,,,false,,backend_pending,2645,3600,2287,2918,30,47,59,21.8,54.6,true,unclassified,1781249415724
11191,node_01,1781249415,data_collection,cigarette_smoke,,,,false,,backend_pending,2672,3657,2302,2918,30,47,59,21.8,54.7,true,unclassified,1781249416724
11192,node_01,1781249416,data_collection,cigarette_smoke,,,,false,,backend_pending,2643,3597,2285,2917,30,47,58,21.8,54.7,true,unclassified,1781249417776
11193,node_01,1781249417,data_collection,cigarette_smoke,,,,false,,backend_pending,2669,3657,2294,2919,30,47,58,21.8,54.7,true,unclassified,1781249418897
11194,node_01,1781249418,data_collection,cigarette_smoke,,,,false,,backend_pending,2651,3606,2288,2915,30,47,57,21.8,54.9,true,unclassified,1781249419876
11195,node_01,1781249419,data_collection,cigarette_smoke,,,,false,,backend_pending,2648,3645,2291,2917,30,47,57,21.8,54.9,true,unclassified,1781249420930
11196,node_01,1781249420,data_collection,cigarette_smoke,,,,false,,backend_pending,2648,3601,2286,2918,31,48,57,21.8,54.9,true,unclassified,1781249421990
11197,node_01,1781249421,data_collection,cigarette_smoke,,,,false,,backend_pending,2669,3661,2300,2921,31,47,57,21.8,55,true,unclassified,1781249423007
11198,node_01,1781249422,data_collection,cigarette_smoke,,,,false,,backend_pending,2646,3609,2288,2919,31,47,57,21.8,55,true,unclassified,1781249424156
11199,node_01,1781249423,data_collection,cigarette_smoke,,,,false,,backend_pending,2665,3644,2291,2918,31,47,57,21.8,55,true,unclassified,1781249425094
11200,node_01,1781249424,data_collection,cigarette_smoke,,,,false,,backend_pending,2651,3603,2286,2917,31,47,57,21.8,55.2,true,unclassified,1781249426259
11201,node_01,1781249425,data_collection,cigarette_smoke,,,,false,,backend_pending,2666,3656,2291,2921,31,47,56,21.8,55.2,true,unclassified,1781249427213
11202,node_01,1781249426,data_collection,cigarette_smoke,,,,false,,backend_pending,2643,3613,2285,2920,30,46,55,21.8,55.2,true,unclassified,1781249428304
11203,node_01,1781249427,data_collection,cigarette_smoke,,,,false,,backend_pending,2671,3656,2301,2920,30,46,55,21.8,55.2,true,unclassified,1781249429326
11204,node_01,1781249428,data_collection,cigarette_smoke,,,,false,,backend_pending,2643,3605,2287,2915,30,46,55,21.8,55.2,true,unclassified,1781249430419
11205,node_01,1781249429,data_collection,cigarette_smoke,,,,false,,backend_pending,2669,3656,2292,2919,31,47,56,21.8,55.2,true,unclassified,1781249431479
11206,node_01,1781249430,data_collection,cigarette_smoke,,,,false,,backend_pending,2651,3607,2285,2917,31,47,56,21.7,55.3,true,unclassified,1781249432500
11207,node_01,1781249431,data_collection,cigarette_smoke,,,,false,,backend_pending,2667,3655,2293,2917,31,47,56,21.7,55.3,true,unclassified,1781249433502
11208,node_01,1781249432,data_collection,cigarette_smoke,,,,false,,backend_pending,2644,3607,2287,2917,31,47,56,21.7,55.3,true,unclassified,1781249434549
11209,node_01,1781249433,data_collection,cigarette_smoke,,,,false,,backend_pending,2668,3656,2302,2917,31,46,56,21.8,55.3,true,unclassified,1781249435583
11210,node_01,1781249434,data_collection,cigarette_smoke,,,,false,,backend_pending,2643,3606,2288,2919,29,45,55,21.8,55.3,true,unclassified,1781249436939
11211,node_01,1781249436,data_collection,cigarette_smoke,,,,false,,backend_pending,2670,3655,2290,2914,29,45,55,21.8,55.3,true,unclassified,1781249437690
11212,node_01,1781249437,data_collection,cigarette_smoke,,,,false,,backend_pending,2650,3609,2287,2917,29,45,55,21.8,55.5,true,unclassified,1781249438719
11213,node_01,1781249438,data_collection,cigarette_smoke,,,,false,,backend_pending,2671,3655,2293,2919,30,46,56,21.8,55.5,true,unclassified,1781249439776
11214,node_01,1781249439,data_collection,cigarette_smoke,,,,false,,backend_pending,2645,3601,2286,2918,31,46,56,21.8,55.5,true,unclassified,1781249440791
11215,node_01,1781249440,data_collection,cigarette_smoke,,,,false,,backend_pending,2666,3655,2301,2920,31,46,56,21.7,55.5,true,unclassified,1781249441839
11216,node_01,1781249441,data_collection,cigarette_smoke,,,,false,,backend_pending,2646,3605,2287,2920,31,47,57,21.7,55.5,true,unclassified,1781249442885
11217,node_01,1781249442,data_collection,cigarette_smoke,,,,false,,backend_pending,2668,3657,2292,2921,31,47,57,21.7,55.5,true,unclassified,1781249443929
11218,node_01,1781249443,data_collection,cigarette_smoke,,,,false,,backend_pending,2654,3607,2287,2917,31,47,57,21.7,55.7,true,unclassified,1781249444986
11219,node_01,1781249444,data_collection,cigarette_smoke,,,,false,,backend_pending,2668,3652,2293,2921,31,48,57,21.7,55.7,true,unclassified,1781249446023
11220,node_01,1781249445,data_collection,cigarette_smoke,,,,false,,backend_pending,2646,3604,2285,2919,32,48,57,21.7,55.7,true,unclassified,1781249447072
11221,node_01,1781249446,data_collection,cigarette_smoke,,,,false,,backend_pending,2671,3661,2302,2917,33,48,58,21.7,55.8,true,unclassified,1781249448115
11222,node_01,1781249447,data_collection,cigarette_smoke,,,,false,,backend_pending,2645,3609,2285,2922,32,47,58,21.7,55.8,true,unclassified,1781249449202
11223,node_01,1781249448,data_collection,cigarette_smoke,,,,false,,backend_pending,2668,3651,2293,2917,32,48,58,21.7,55.8,true,unclassified,1781249450319
11224,node_01,1781249449,data_collection,cigarette_smoke,,,,false,,backend_pending,2652,3606,2287,2920,32,47,58,21.7,55.8,true,unclassified,1781249451265
11225,node_01,1781249450,data_collection,cigarette_smoke,,,,false,,backend_pending,2668,3653,2291,2921,33,48,59,21.7,55.8,true,unclassified,1781249452368
11226,node_01,1781249451,data_collection,cigarette_smoke,,,,false,,backend_pending,2648,3609,2286,2917,33,48,59,21.7,55.8,true,unclassified,1781249453392
11227,node_01,1781249452,data_collection,cigarette_smoke,,,,false,,backend_pending,2670,3655,2297,2917,33,48,58,21.7,55.9,true,unclassified,1781249454396
11228,node_01,1781249453,data_collection,cigarette_smoke,,,,false,,backend_pending,2644,3608,2285,2918,33,48,58,21.7,55.9,true,unclassified,1781249455522
11229,node_01,1781249454,data_collection,cigarette_smoke,,,,false,,backend_pending,2668,3657,2289,2918,32,48,58,21.7,55.9,true,unclassified,1781249456544
11230,node_01,1781249455,data_collection,cigarette_smoke,,,,false,,backend_pending,2653,3608,2282,2919,31,47,57,21.7,56.2,true,unclassified,1781249457591
11231,node_01,1781249456,data_collection,cigarette_smoke,,,,false,,backend_pending,2669,3658,2295,2920,30,47,56,21.7,56.2,true,unclassified,1781249458615
11232,node_01,1781249457,data_collection,cigarette_smoke,,,,false,,backend_pending,2647,3606,2286,2918,30,46,56,21.7,56.2,true,unclassified,1781249459718
11233,node_01,1781249459,data_collection,cigarette_smoke,,,,false,,backend_pending,2642,3657,2301,2921,30,46,56,21.7,56.1,true,unclassified,1781249460706
11234,node_01,1781249460,data_collection,cigarette_smoke,,,,false,,backend_pending,2648,3606,2286,2918,30,46,56,21.7,56.1,true,unclassified,1781249461774
11235,node_01,1781249461,data_collection,cigarette_smoke,,,,false,,backend_pending,2671,3656,2292,2920,30,46,56,21.7,56.1,true,unclassified,1781249462769
11236,node_01,1781249462,data_collection,cigarette_smoke,,,,false,,backend_pending,2651,3606,2286,2920,30,46,56,21.7,56.3,true,unclassified,1781249463817
11237,node_01,1781249463,data_collection,cigarette_smoke,,,,false,,backend_pending,2672,3658,2294,2920,30,46,56,21.7,56.3,true,unclassified,1781249464864
11238,node_01,1781249464,data_collection,cigarette_smoke,,,,false,,backend_pending,2649,3600,2288,2920,30,46,56,21.7,56.3,true,unclassified,1781249465910
11239,node_01,1781249465,data_collection,cigarette_smoke,,,,false,,backend_pending,2671,3654,2303,2918,31,47,57,21.7,56.3,true,unclassified,1781249466991
11240,node_01,1781249466,data_collection,cigarette_smoke,,,,false,,backend_pending,2653,3606,2288,2919,32,47,57,21.7,56.3,true,unclassified,1781249468007
11241,node_01,1781249467,data_collection,cigarette_smoke,,,,false,,backend_pending,2669,3657,2293,2920,32,48,57,21.7,56.3,true,unclassified,1781249469065
11242,node_01,1781249468,data_collection,cigarette_smoke,,,,false,,backend_pending,2650,3609,2288,2918,32,48,57,21.7,56.5,true,unclassified,1781249470196
11243,node_01,1781249469,data_collection,cigarette_smoke,,,,false,,backend_pending,2672,3651,2292,2918,32,48,58,21.7,56.5,true,unclassified,1781249471153
11244,node_01,1781249470,data_collection,cigarette_smoke,,,,false,,backend_pending,2646,3567,2286,2920,32,48,58,21.7,56.5,true,unclassified,1781249472189
11245,node_01,1781249471,data_collection,cigarette_smoke,,,,false,,backend_pending,2669,3654,2303,2919,32,48,58,21.7,56.4,true,unclassified,1781249473380
11246,node_01,1781249472,data_collection,cigarette_smoke,,,,false,,backend_pending,2643,3609,2287,2919,32,47,57,21.7,56.4,true,unclassified,1781249474383
11247,node_01,1781249473,data_collection,cigarette_smoke,,,,false,,backend_pending,2673,3660,2292,2919,31,47,57,21.7,56.4,true,unclassified,1781249475331
11248,node_01,1781249474,data_collection,cigarette_smoke,,,,false,,backend_pending,2652,3612,2285,2917,31,47,57,21.7,56.6,true,unclassified,1781249476374
11249,node_01,1781249475,data_collection,cigarette_smoke,,,,false,,backend_pending,2669,3658,2292,2919,31,46,56,21.7,56.6,true,unclassified,1781249477433
11250,node_01,1781249476,data_collection,cigarette_smoke,,,,false,,backend_pending,2623,3603,2284,2915,30,45,55,21.7,56.6,true,unclassified,1781249478466
11251,node_01,1781249477,data_collection,cigarette_smoke,,,,false,,backend_pending,2669,3658,2298,2917,30,45,55,21.7,56.7,true,unclassified,1781249479609
11252,node_01,1781249478,data_collection,cigarette_smoke,,,,false,,backend_pending,2627,3561,2286,2920,30,45,54,21.7,56.7,true,unclassified,1781249480563
11253,node_01,1781249479,data_collection,cigarette_smoke,,,,false,,backend_pending,2666,3657,2291,2918,30,45,54,21.7,56.7,true,unclassified,1781249481605
11254,node_01,1781249481,data_collection,cigarette_smoke,,,,false,,backend_pending,2652,3596,2286,2916,30,45,54,21.7,56.7,true,unclassified,1781249482681
11255,node_01,1781249482,data_collection,cigarette_smoke,,,,false,,backend_pending,2671,3655,2290,2917,30,44,53,21.7,56.7,true,unclassified,1781249483704
11256,node_01,1781249483,data_collection,cigarette_smoke,,,,false,,backend_pending,2643,3604,2286,2918,30,45,54,21.7,56.7,true,unclassified,1781249484773
11257,node_01,1781249484,data_collection,cigarette_smoke,,,,false,,backend_pending,2669,3658,2298,2918,30,45,54,21.7,56.8,true,unclassified,1781249485793
11258,node_01,1781249485,data_collection,cigarette_smoke,,,,false,,backend_pending,2644,3604,2285,2912,30,45,54,21.7,56.8,true,unclassified,1781249486862
11259,node_01,1781249486,data_collection,cigarette_smoke,,,,false,,backend_pending,2667,3652,2290,2921,29,44,53,21.7,56.8,true,unclassified,1781249487907
11260,node_01,1781249487,data_collection,cigarette_smoke,,,,false,,backend_pending,2648,3600,2286,2917,29,44,53,21.7,56.9,true,unclassified,1781249488935
11261,node_01,1781249488,data_collection,cigarette_smoke,,,,false,,backend_pending,2664,3651,2293,2919,29,44,53,21.7,56.9,true,unclassified,1781249489991
11262,node_01,1781249489,data_collection,cigarette_smoke,,,,false,,backend_pending,2646,3606,2285,2919,29,44,53,21.7,56.9,true,unclassified,1781249491025
11263,node_01,1781249490,data_collection,cigarette_smoke,,,,false,,backend_pending,2668,3656,2300,2919,29,45,54,21.7,57,true,unclassified,1781249492069
11264,node_01,1781249491,data_collection,cigarette_smoke,,,,false,,backend_pending,2644,3605,2287,2917,30,45,55,21.7,57,true,unclassified,1781249493211
11265,node_01,1781249492,data_collection,cigarette_smoke,,,,false,,backend_pending,2670,3659,2292,2917,30,46,55,21.7,57,true,unclassified,1781249494249
11266,node_01,1781249493,data_collection,cigarette_smoke,,,,false,,backend_pending,2654,3598,2277,2917,30,47,56,21.7,57,true,unclassified,1781249495272
11267,node_01,1781249494,data_collection,cigarette_smoke,,,,false,,backend_pending,2669,3658,2292,2920,30,47,56,21.7,57,true,unclassified,1781249496296
11268,node_01,1781249495,data_collection,cigarette_smoke,,,,false,,backend_pending,2649,3611,2286,2916,32,48,58,21.7,57,true,unclassified,1781249497315
11269,node_01,1781249496,data_collection,cigarette_smoke,,,,false,,backend_pending,2667,3655,2300,2919,33,48,59,21.7,56.9,true,unclassified,1781249498448
11270,node_01,1781249497,data_collection,cigarette_smoke,,,,false,,backend_pending,2646,3608,2285,2917,32,48,59,21.7,56.9,true,unclassified,1781249499472
11271,node_01,1781249498,data_collection,cigarette_smoke,,,,false,,backend_pending,2669,3660,2291,2918,32,49,59,21.7,56.9,true,unclassified,1781249500441
11272,node_01,1781249499,data_collection,cigarette_smoke,,,,false,,backend_pending,2635,3610,2285,2919,32,49,59,21.7,57.2,true,unclassified,1781249501519
11273,node_01,1781249500,data_collection,cigarette_smoke,,,,false,,backend_pending,2666,3659,2292,2918,33,50,60,21.7,57.2,true,unclassified,1781249502552
11274,node_01,1781249501,data_collection,cigarette_smoke,,,,false,,backend_pending,2643,3603,2287,2919,33,49,60,21.7,57.2,true,unclassified,1781249503593
11275,node_01,1781249502,data_collection,cigarette_smoke,,,,false,,backend_pending,2669,3654,2297,2920,33,48,59,21.7,57.2,true,unclassified,1781249504693
11276,node_01,1781249504,data_collection,cigarette_smoke,,,,false,,backend_pending,2644,3604,2274,2918,33,48,58,21.7,57.2,true,unclassified,1781249505735
11277,node_01,1781249505,data_collection,cigarette_smoke,,,,false,,backend_pending,2668,3653,2287,2913,33,48,58,21.7,57.2,true,unclassified,1781249506729
11278,node_01,1781249506,data_collection,cigarette_smoke,,,,false,,backend_pending,2651,3601,2284,2915,33,48,57,21.7,57.3,true,unclassified,1781249507777
11279,node_01,1781249507,data_collection,cigarette_smoke,,,,false,,backend_pending,2671,3655,2291,2918,31,47,56,21.7,57.3,true,unclassified,1781249508814
11280,node_01,1781249508,data_collection,cigarette_smoke,,,,false,,backend_pending,2644,3608,2287,2918,31,46,56,21.7,57.3,true,unclassified,1781249509921
11281,node_01,1781249509,data_collection,cigarette_smoke,,,,false,,backend_pending,2668,3656,2298,2920,31,46,56,21.7,57.4,true,unclassified,1781249510944
11282,node_01,1781249510,data_collection,cigarette_smoke,,,,false,,backend_pending,2643,3609,2286,2916,31,47,56,21.7,57.4,true,unclassified,1781249511967
11283,node_01,1781249511,data_collection,cigarette_smoke,,,,false,,backend_pending,2671,3654,2292,2918,31,47,56,21.7,57.4,true,unclassified,1781249513000
11284,node_01,1781249512,data_collection,cigarette_smoke,,,,false,,backend_pending,2652,3609,2285,2917,31,47,56,21.7,57.5,true,unclassified,1781249514176
11285,node_01,1781249513,data_collection,cigarette_smoke,,,,false,,backend_pending,2670,3653,2292,2917,30,46,55,21.7,57.5,true,unclassified,1781249515150
11286,node_01,1781249514,data_collection,cigarette_smoke,,,,false,,backend_pending,2647,3601,2286,2917,30,46,55,21.7,57.5,true,unclassified,1781249516165
11287,node_01,1781249515,data_collection,cigarette_smoke,,,,false,,backend_pending,2669,3656,2299,2922,30,46,55,21.7,57.5,true,unclassified,1781249517188
11288,node_01,1781249516,data_collection,cigarette_smoke,,,,false,,backend_pending,2648,3605,2287,2918,31,46,56,21.7,57.5,true,unclassified,1781249518313
11289,node_01,1781249517,data_collection,cigarette_smoke,,,,false,,backend_pending,2668,3655,2292,2915,31,46,56,21.7,57.5,true,unclassified,1781249519278
11290,node_01,1781249518,data_collection,cigarette_smoke,,,,false,,backend_pending,2656,3610,2289,2915,31,46,56,21.6,57.7,true,unclassified,1781249520465
11291,node_01,1781249519,data_collection,cigarette_smoke,,,,false,,backend_pending,2670,3656,2291,2919,31,46,56,21.6,57.7,true,unclassified,1781249521390
11292,node_01,1781249520,data_collection,cigarette_smoke,,,,false,,backend_pending,2643,3598,2286,2919,31,46,56,21.6,57.7,true,unclassified,1781249522422
11293,node_01,1781249521,data_collection,cigarette_smoke,,,,false,,backend_pending,2668,3659,2301,2918,30,45,54,21.7,57.5,true,unclassified,1781249523465
11294,node_01,1781249522,data_collection,cigarette_smoke,,,,false,,backend_pending,2644,3606,2286,2918,30,45,54,21.7,57.5,true,unclassified,1781249524559
11295,node_01,1781249523,data_collection,cigarette_smoke,,,,false,,backend_pending,2671,3660,2292,2920,30,45,54,21.7,57.5,true,unclassified,1781249525582
11296,node_01,1781249524,data_collection,cigarette_smoke,,,,false,,backend_pending,2650,3607,2288,2918,31,46,55,21.7,57.7,true,unclassified,1781249526610
11297,node_01,1781249526,data_collection,cigarette_smoke,,,,false,,backend_pending,2668,3656,2290,2919,32,46,55,21.7,57.7,true,unclassified,1781249527717
11298,node_01,1781249527,data_collection,cigarette_smoke,,,,false,,backend_pending,2647,3609,2287,2916,32,46,55,21.7,57.7,true,unclassified,1781249528712
11299,node_01,1781249528,data_collection,cigarette_smoke,,,,false,,backend_pending,2670,3659,2300,2918,31,46,55,21.7,57.6,true,unclassified,1781249529751
11300,node_01,1781249529,data_collection,cigarette_smoke,,,,false,,backend_pending,2647,3612,2286,2919,31,46,55,21.7,57.6,true,unclassified,1781249530841
11301,node_01,1781249530,data_collection,cigarette_smoke,,,,false,,backend_pending,2670,3657,2292,2917,31,46,55,21.7,57.6,true,unclassified,1781249531856
11302,node_01,1781249531,data_collection,cigarette_smoke,,,,false,,backend_pending,2637,3610,2288,2919,30,44,54,21.7,57.8,true,unclassified,1781249532902
11303,node_01,1781249532,data_collection,cigarette_smoke,,,,false,,backend_pending,2669,3657,2292,2918,30,44,54,21.7,57.8,true,unclassified,1781249533933
11304,node_01,1781249533,data_collection,cigarette_smoke,,,,false,,backend_pending,2643,3609,2285,2915,30,44,54,21.7,57.8,true,unclassified,1781249535013
11305,node_01,1781249534,data_collection,cigarette_smoke,,,,false,,backend_pending,2649,3654,2298,2915,31,45,55,21.7,57.8,true,unclassified,1781249536035
11306,node_01,1781249535,data_collection,cigarette_smoke,,,,false,,backend_pending,2647,3609,2286,2916,31,45,55,21.7,57.8,true,unclassified,1781249537068
11307,node_01,1781249536,data_collection,cigarette_smoke,,,,false,,backend_pending,2668,3614,2290,2920,31,45,55,21.7,57.8,true,unclassified,1781249538148
11308,node_01,1781249537,data_collection,cigarette_smoke,,,,false,,backend_pending,2647,3604,2287,2919,30,44,54,21.7,58,true,unclassified,1781249539201
11309,node_01,1781249538,data_collection,cigarette_smoke,,,,false,,backend_pending,2668,3658,2293,2919,30,45,54,21.7,58,true,unclassified,1781249540228
11310,node_01,1781249539,data_collection,cigarette_smoke,,,,false,,backend_pending,2646,3606,2284,2920,30,45,54,21.7,58,true,unclassified,1781249541259
11311,node_01,1781249540,data_collection,cigarette_smoke,,,,false,,backend_pending,2666,3657,2301,2920,30,45,54,21.7,58,true,unclassified,1781249542375
11312,node_01,1781249541,data_collection,cigarette_smoke,,,,false,,backend_pending,2642,3603,2285,2919,30,45,54,21.7,58,true,unclassified,1781249543385
11313,node_01,1781249542,data_collection,cigarette_smoke,,,,false,,backend_pending,2670,3659,2290,2919,31,46,55,21.7,58,true,unclassified,1781249544394
11314,node_01,1781249543,data_collection,cigarette_smoke,,,,false,,backend_pending,2650,3604,2288,2919,31,46,55,21.7,58,true,unclassified,1781249545550
11315,node_01,1781249544,data_collection,cigarette_smoke,,,,false,,backend_pending,2668,3662,2292,2919,31,46,55,21.7,58,true,unclassified,1781249546497
11316,node_01,1781249545,data_collection,cigarette_smoke,,,,false,,backend_pending,2645,3608,2285,2918,30,45,53,21.7,58,true,unclassified,1781249547585
11317,node_01,1781249546,data_collection,cigarette_smoke,,,,false,,backend_pending,2669,3654,2300,2920,30,45,53,21.7,58.1,true,unclassified,1781249548583
11318,node_01,1781249547,data_collection,cigarette_smoke,,,,false,,backend_pending,2645,3607,2284,2915,30,44,53,21.7,58.1,true,unclassified,1781249549645
11319,node_01,1781249549,data_collection,cigarette_smoke,,,,false,,backend_pending,2668,3658,2291,2919,31,45,54,21.7,58.1,true,unclassified,1781249550713
11320,node_01,1781249550,data_collection,cigarette_smoke,,,,false,,backend_pending,2654,3608,2283,2919,31,45,54,21.7,58.1,true,unclassified,1781249551779
11321,node_01,1781249551,data_collection,cigarette_smoke,,,,false,,backend_pending,2668,3660,2292,2917,31,45,54,21.7,58.1,true,unclassified,1781249552768
11322,node_01,1781249552,data_collection,cigarette_smoke,,,,false,,backend_pending,2644,3611,2288,2915,31,45,54,21.7,58.1,true,unclassified,1781249553815
11323,node_01,1781249553,data_collection,cigarette_smoke,,,,false,,backend_pending,2670,3655,2296,2916,30,45,53,21.7,58.3,true,unclassified,1781249554948
11324,node_01,1781249554,data_collection,cigarette_smoke,,,,false,,backend_pending,2644,3605,2287,2919,30,45,53,21.7,58.3,true,unclassified,1781249555945
11325,node_01,1781249555,data_collection,cigarette_smoke,,,,false,,backend_pending,2670,3657,2294,2916,30,45,53,21.7,58.3,true,unclassified,1781249556953
11326,node_01,1781249556,data_collection,cigarette_smoke,,,,false,,backend_pending,2651,3613,2287,2917,30,45,53,21.7,58.2,true,unclassified,1781249558066
11327,node_01,1781249557,data_collection,cigarette_smoke,,,,false,,backend_pending,2670,3619,2290,2915,30,45,53,21.7,58.2,true,unclassified,1781249559051
11328,node_01,1781249558,data_collection,cigarette_smoke,,,,false,,backend_pending,2647,3608,2284,2918,29,44,52,21.7,58.2,true,unclassified,1781249560101
11329,node_01,1781249559,data_collection,cigarette_smoke,,,,false,,backend_pending,2672,3657,2299,2918,29,44,52,21.7,58.4,true,unclassified,1781249561216
11330,node_01,1781249560,data_collection,cigarette_smoke,,,,false,,backend_pending,2646,3609,2287,2919,30,45,53,21.7,58.4,true,unclassified,1781249562188
11331,node_01,1781249561,data_collection,cigarette_smoke,,,,false,,backend_pending,2666,3651,2291,2918,30,45,53,21.7,58.4,true,unclassified,1781249563265
11332,node_01,1781249562,data_collection,cigarette_smoke,,,,false,,backend_pending,2652,3603,2286,2916,30,45,53,21.7,58.4,true,unclassified,1781249564290
11333,node_01,1781249563,data_collection,cigarette_smoke,,,,false,,backend_pending,2669,3660,2291,2918,29,44,53,21.7,58.4,true,unclassified,1781249565420
11334,node_01,1781249564,data_collection,cigarette_smoke,,,,false,,backend_pending,2643,3604,2281,2920,29,44,53,21.7,58.4,true,unclassified,1781249566447
11335,node_01,1781249565,data_collection,cigarette_smoke,,,,false,,backend_pending,2668,3649,2300,2919,29,44,53,21.7,58.3,true,unclassified,1781249567420
11336,node_01,1781249566,data_collection,cigarette_smoke,,,,false,,backend_pending,2646,3610,2284,2917,30,45,54,21.7,58.3,true,unclassified,1781249568474
11337,node_01,1781249567,data_collection,cigarette_smoke,,,,false,,backend_pending,2669,3659,2292,2917,30,45,54,21.7,58.3,true,unclassified,1781249569745
11338,node_01,1781249568,data_collection,cigarette_smoke,,,,false,,backend_pending,2652,3612,2287,2919,30,45,54,21.7,58.4,true,unclassified,1781249570763
11339,node_01,1781249569,data_collection,cigarette_smoke,,,,false,,backend_pending,2668,3654,2291,2910,30,45,55,21.7,58.4,true,unclassified,1781249571681
11340,node_01,1781249571,data_collection,cigarette_smoke,,,,false,,backend_pending,2644,3603,2284,2919,30,45,55,21.7,58.4,true,unclassified,1781249572694
11341,node_01,1781249572,data_collection,cigarette_smoke,,,,false,,backend_pending,2667,3659,2300,2919,30,45,55,21.7,58.5,true,unclassified,1781249573723
11342,node_01,1781249573,data_collection,cigarette_smoke,,,,false,,backend_pending,2646,3609,2286,2917,29,44,54,21.7,58.5,true,unclassified,1781249574743
11343,node_01,1781249574,data_collection,cigarette_smoke,,,,false,,backend_pending,2669,3659,2291,2915,29,44,54,21.7,58.5,true,unclassified,1781249575791
11344,node_01,1781249575,data_collection,cigarette_smoke,,,,false,,backend_pending,2653,3601,2286,2915,29,44,54,21.7,58.5,true,unclassified,1781249576835
11345,node_01,1781249576,data_collection,cigarette_smoke,,,,false,,backend_pending,2669,3654,2291,2913,29,44,54,21.7,58.5,true,unclassified,1781249577883
11346,node_01,1781249577,data_collection,cigarette_smoke,,,,false,,backend_pending,2644,3600,2289,2916,29,44,54,21.7,58.5,true,unclassified,1781249578944
11347,node_01,1781249578,data_collection,cigarette_smoke,,,,false,,backend_pending,2653,3660,2299,2917,29,43,54,21.7,58.6,true,unclassified,1781249580006
11348,node_01,1781249579,data_collection,cigarette_smoke,,,,false,,backend_pending,2646,3610,2287,2915,29,43,54,21.7,58.6,true,unclassified,1781249581413
11349,node_01,1781249580,data_collection,cigarette_smoke,,,,false,,backend_pending,2669,3659,2293,2921,29,43,54,21.7,58.6,true,unclassified,1781249582075
11350,node_01,1781249581,data_collection,cigarette_smoke,,,,false,,backend_pending,2646,3602,2286,2916,30,44,55,21.7,58.6,true,unclassified,1781249583371
11351,node_01,1781249582,data_collection,cigarette_smoke,,,,false,,backend_pending,2662,3660,2292,2918,30,44,55,21.7,58.6,true,unclassified,1781249584199
11352,node_01,1781249583,data_collection,cigarette_smoke,,,,false,,backend_pending,2629,3611,2287,2918,30,44,55,21.7,58.6,true,unclassified,1781249585289
11353,node_01,1781249584,data_collection,cigarette_smoke,,,,false,,backend_pending,2669,3657,2302,2919,29,43,54,21.7,58.5,true,unclassified,1781249586313
11354,node_01,1781249585,data_collection,cigarette_smoke,,,,false,,backend_pending,2645,3604,2285,2914,29,43,54,21.7,58.5,true,unclassified,1781249587354
11355,node_01,1781249586,data_collection,cigarette_smoke,,,,false,,backend_pending,2670,3655,2290,2917,29,43,53,21.7,58.5,true,unclassified,1781249589437
11356,node_01,1781249587,data_collection,cigarette_smoke,,,,false,,backend_pending,2654,3605,2286,2916,30,44,54,21.7,58.7,true,unclassified,1781249590766
11357,node_01,1781249588,data_collection,cigarette_smoke,,,,false,,backend_pending,2643,3662,2293,2921,30,44,54,21.7,58.7,true,unclassified,1781249590788
11358,node_01,1781249589,data_collection,cigarette_smoke,,,,false,,backend_pending,2645,3606,2285,2919,30,44,54,21.7,58.7,true,unclassified,1781249591634
11359,node_01,1781249590,data_collection,cigarette_smoke,,,,false,,backend_pending,2669,3654,2299,2922,29,43,53,21.7,58.7,true,unclassified,1781249592900
11360,node_01,1781249591,data_collection,cigarette_smoke,,,,false,,backend_pending,2645,3611,2287,2917,29,43,53,21.7,58.7,true,unclassified,1781249593666
11361,node_01,1781249592,data_collection,cigarette_smoke,,,,false,,backend_pending,2670,3661,2293,2919,29,43,53,21.7,58.7,true,unclassified,1781249594704
11362,node_01,1781249594,data_collection,cigarette_smoke,,,,false,,backend_pending,2638,3606,2286,2915,30,44,54,21.7,58.7,true,unclassified,1781249595780
11363,node_01,1781249595,data_collection,cigarette_smoke,,,,false,,backend_pending,2666,3661,2293,2915,30,44,54,21.7,58.7,true,unclassified,1781249596786
11364,node_01,1781249596,data_collection,cigarette_smoke,,,,false,,backend_pending,2640,3607,2285,2920,30,44,54,21.7,58.7,true,unclassified,1781249597909
11365,node_01,1781249597,data_collection,cigarette_smoke,,,,false,,backend_pending,2672,3659,2297,2920,30,45,55,21.7,58.7,true,unclassified,1781249598890
11366,node_01,1781249598,data_collection,cigarette_smoke,,,,false,,backend_pending,2646,3567,2287,2918,30,45,55,21.7,58.7,true,unclassified,1781249599861
11367,node_01,1781249599,data_collection,cigarette_smoke,,,,false,,backend_pending,2667,3659,2293,2921,30,45,55,21.7,58.7,true,unclassified,1781249600907
11368,node_01,1781249600,data_collection,cigarette_smoke,,,,false,,backend_pending,2651,3608,2287,2920,30,45,55,21.7,58.8,true,unclassified,1781249601986
11369,node_01,1781249601,data_collection,cigarette_smoke,,,,false,,backend_pending,2663,3656,2291,2916,30,45,55,21.7,58.8,true,unclassified,1781249603046
11370,node_01,1781249602,data_collection,cigarette_smoke,,,,false,,backend_pending,2643,3599,2286,2916,29,44,54,21.7,58.8,true,unclassified,1781249604060
11371,node_01,1781249603,data_collection,cigarette_smoke,,,,false,,backend_pending,2668,3651,2300,2916,29,44,54,21.7,58.9,true,unclassified,1781249605176
11372,node_01,1781249604,data_collection,cigarette_smoke,,,,false,,backend_pending,2647,3607,2288,2922,29,44,54,21.7,58.9,true,unclassified,1781249606187
11373,node_01,1781249605,data_collection,cigarette_smoke,,,,false,,backend_pending,2667,3641,2288,2921,30,45,55,21.7,58.9,true,unclassified,1781249607312
11374,node_01,1781249606,data_collection,cigarette_smoke,,,,false,,backend_pending,2654,3610,2285,2920,30,45,55,21.7,58.9,true,unclassified,1781249608323
11375,node_01,1781249607,data_collection,cigarette_smoke,,,,false,,backend_pending,2668,3655,2289,2917,30,45,55,21.7,58.9,true,unclassified,1781249609357
11376,node_01,1781249608,data_collection,cigarette_smoke,,,,false,,backend_pending,2646,3606,2287,2916,29,44,54,21.7,58.9,true,unclassified,1781249610356
11377,node_01,1781249609,data_collection,cigarette_smoke,,,,false,,backend_pending,2670,3662,2300,2918,29,44,54,21.7,58.9,true,unclassified,1781249611412
11378,node_01,1781249610,data_collection,cigarette_smoke,,,,false,,backend_pending,2646,3608,2285,2920,30,44,54,21.7,58.9,true,unclassified,1781249612536
11379,node_01,1781249611,data_collection,cigarette_smoke,,,,false,,backend_pending,2669,3656,2293,2919,30,44,54,21.7,58.9,true,unclassified,1781249613613
11380,node_01,1781249612,data_collection,cigarette_smoke,,,,false,,backend_pending,2653,3612,2286,2918,30,44,54,21.7,58.9,true,unclassified,1781249614832
11381,node_01,1781249613,data_collection,cigarette_smoke,,,,false,,backend_pending,2669,3656,2292,2915,30,45,54,21.7,58.9,true,unclassified,1781249615610
11382,node_01,1781249614,data_collection,cigarette_smoke,,,,false,,backend_pending,2644,3609,2286,2917,30,45,54,21.7,58.9,true,unclassified,1781249616720
11383,node_01,1781249616,data_collection,cigarette_smoke,,,,false,,backend_pending,2667,3658,2299,2920,30,45,54,21.7,58.9,true,unclassified,1781249617767
11384,node_01,1781249617,data_collection,cigarette_smoke,,,,false,,backend_pending,2647,3613,2286,2915,30,45,54,21.7,58.9,true,unclassified,1781249618709
11385,node_01,1781249618,data_collection,cigarette_smoke,,,,false,,backend_pending,2669,3649,2291,2915,30,45,54,21.7,58.9,true,unclassified,1781249619827
11386,node_01,1781249619,data_collection,cigarette_smoke,,,,false,,backend_pending,2654,3604,2285,2919,30,45,54,21.7,59.1,true,unclassified,1781249620839
11387,node_01,1781249620,data_collection,cigarette_smoke,,,,false,,backend_pending,2664,3660,2292,2916,30,45,54,21.7,59.1,true,unclassified,1781249621866
11388,node_01,1781249621,data_collection,cigarette_smoke,,,,false,,backend_pending,2638,3602,2285,2920,30,44,54,21.7,59.1,true,unclassified,1781249622897
11389,node_01,1781249622,data_collection,cigarette_smoke,,,,false,,backend_pending,2667,3658,2299,2919,30,44,54,21.7,59,true,unclassified,1781249623929
11390,node_01,1781249623,data_collection,cigarette_smoke,,,,false,,backend_pending,2644,3599,2287,2920,31,45,55,21.7,59,true,unclassified,1781249624996
11391,node_01,1781249624,data_collection,cigarette_smoke,,,,false,,backend_pending,2671,3656,2291,2920,31,45,55,21.7,59,true,unclassified,1781249626050
11392,node_01,1781249625,data_collection,cigarette_smoke,,,,false,,backend_pending,2648,3608,2286,2920,31,45,55,21.7,59,true,unclassified,1781249627089
11393,node_01,1781249626,data_collection,cigarette_smoke,,,,false,,backend_pending,2670,3659,2292,2918,31,45,55,21.7,59,true,unclassified,1781249628132
11394,node_01,1781249627,data_collection,cigarette_smoke,,,,false,,backend_pending,2645,3608,2286,2919,31,45,54,21.7,59,true,unclassified,1781249629206
11395,node_01,1781249628,data_collection,cigarette_smoke,,,,false,,backend_pending,2668,3654,2300,2919,31,45,54,21.7,59.1,true,unclassified,1781249631208
11396,node_01,1781249629,data_collection,cigarette_smoke,,,,false,,backend_pending,2644,3607,2285,2919,30,43,53,21.7,59.1,true,unclassified,1781249631799
11397,node_01,1781249630,data_collection,cigarette_smoke,,,,false,,backend_pending,2670,3662,2290,2919,30,43,52,21.7,59.1,true,unclassified,1781249632474
11398,node_01,1781249631,data_collection,cigarette_smoke,,,,false,,backend_pending,2652,3606,2287,2919,30,43,52,21.7,59.1,true,unclassified,1781249633753
11399,node_01,1781249632,data_collection,cigarette_smoke,,,,false,,backend_pending,2668,3661,2292,2919,30,43,52,21.7,59.1,true,unclassified,1781249634479
11400,node_01,1781249633,data_collection,cigarette_smoke,,,,false,,backend_pending,2641,3565,2282,2914,30,44,52,21.7,59.1,true,unclassified,1781249635715
11401,node_01,1781249634,data_collection,cigarette_smoke,,,,false,,backend_pending,2671,3658,2299,2919,30,44,53,21.7,59.1,true,unclassified,1781249636590
11402,node_01,1781249635,data_collection,cigarette_smoke,,,,false,,backend_pending,2647,3607,2285,2920,31,45,54,21.7,59.1,true,unclassified,1781249637840
11403,node_01,1781249636,data_collection,cigarette_smoke,,,,false,,backend_pending,2669,3659,2292,2920,31,45,54,21.7,59.1,true,unclassified,1781249638746
11404,node_01,1781249637,data_collection,cigarette_smoke,,,,false,,backend_pending,2651,3603,2286,2920,31,45,54,21.7,59.2,true,unclassified,1781249639927
11405,node_01,1781249639,data_collection,cigarette_smoke,,,,false,,backend_pending,2672,3655,2288,2918,31,46,55,21.7,59.2,true,unclassified,1781249640688
11406,node_01,1781249640,data_collection,cigarette_smoke,,,,false,,backend_pending,2645,3605,2286,2917,31,46,55,21.7,59.2,true,unclassified,1781249641831
11407,node_01,1781249641,data_collection,cigarette_smoke,,,,false,,backend_pending,2668,3656,2301,2922,31,46,55,21.7,59.2,true,unclassified,1781249642772
11408,node_01,1781249642,data_collection,cigarette_smoke,,,,false,,backend_pending,2644,3607,2287,2916,30,45,54,21.7,59.2,true,unclassified,1781249645017
11409,node_01,1781249643,data_collection,cigarette_smoke,,,,false,,backend_pending,2668,3657,2291,2920,30,45,54,21.7,59.2,true,unclassified,1781249645044
11410,node_01,1781249644,data_collection,cigarette_smoke,,,,false,,backend_pending,2650,3605,2284,2918,31,46,55,21.7,59.1,true,unclassified,1781249645977
11411,node_01,1781249645,data_collection,cigarette_smoke,,,,false,,backend_pending,2668,3659,2293,2921,31,46,55,21.7,59.1,true,unclassified,1781249646957
11412,node_01,1781249646,data_collection,cigarette_smoke,,,,false,,backend_pending,2646,3596,2285,2918,31,46,55,21.7,59.1,true,unclassified,1781249648003
11413,node_01,1781249647,data_collection,cigarette_smoke,,,,false,,backend_pending,2667,3659,2301,2920,30,45,54,21.7,59.2,true,unclassified,1781249649062
11414,node_01,1781249648,data_collection,cigarette_smoke,,,,false,,backend_pending,2600,3606,2286,2921,30,44,53,21.7,59.2,true,unclassified,1781249650215
11415,node_01,1781249649,data_collection,cigarette_smoke,,,,false,,backend_pending,2670,3657,2290,2915,30,44,53,21.7,59.2,true,unclassified,1781249651242
11416,node_01,1781249650,data_collection,cigarette_smoke,,,,false,,backend_pending,2650,3602,2287,2913,31,45,54,21.7,59.4,true,unclassified,1781249652238
11417,node_01,1781249651,data_collection,cigarette_smoke,,,,false,,backend_pending,2670,3664,2290,2915,31,45,54,21.7,59.4,true,unclassified,1781249654865
11418,node_01,1781249652,data_collection,cigarette_smoke,,,,false,,backend_pending,2643,3606,2287,2915,31,45,54,21.7,59.4,true,unclassified,1781249656830
11419,node_01,1781249653,data_collection,cigarette_smoke,,,,false,,backend_pending,2669,3663,2301,2894,31,46,54,21.7,59.2,true,unclassified,1781249656841
11420,node_01,1781249654,data_collection,cigarette_smoke,,,,false,,backend_pending,2646,3600,2286,2919,31,46,55,21.7,59.2,true,unclassified,1781249658547
11421,node_01,1781249655,data_collection,cigarette_smoke,,,,false,,backend_pending,2670,3663,2293,2917,31,46,55,21.7,59.2,true,unclassified,1781249658562
11422,node_01,1781249656,data_collection,cigarette_smoke,,,,false,,backend_pending,2653,3607,2285,2918,30,45,54,21.7,59.2,true,unclassified,1781249658579
11423,node_01,1781249657,data_collection,cigarette_smoke,,,,false,,backend_pending,2665,3613,2291,2918,30,45,54,21.7,59.2,true,unclassified,1781249659742
11424,node_01,1781249658,data_collection,cigarette_smoke,,,,false,,backend_pending,2646,3611,2287,2917,30,45,54,21.7,59.2,true,unclassified,1781249660575
11425,node_01,1781249659,data_collection,cigarette_smoke,,,,false,,backend_pending,2666,3624,2299,2917,30,45,54,21.7,59.3,true,unclassified,1781249661679
11426,node_01,1781249661,data_collection,cigarette_smoke,,,,false,,backend_pending,2624,3611,2285,2914,30,45,54,21.7,59.3,true,unclassified,1781249662697
11427,node_01,1781249662,data_collection,cigarette_smoke,,,,false,,backend_pending,2669,3651,2291,2914,30,45,54,21.7,59.3,true,unclassified,1781249663716
11428,node_01,1781249663,data_collection,cigarette_smoke,,,,false,,backend_pending,2652,3607,2287,2921,31,46,55,21.7,59.5,true,unclassified,1781249664751
11429,node_01,1781249664,data_collection,cigarette_smoke,,,,false,,backend_pending,2665,3654,2290,2921,31,46,56,21.7,59.5,true,unclassified,1781249665790
11430,node_01,1781249665,data_collection,cigarette_smoke,,,,false,,backend_pending,2644,3604,2288,2919,31,46,56,21.7,59.5,true,unclassified,1781249666837
11431,node_01,1781249666,data_collection,cigarette_smoke,,,,false,,backend_pending,2667,3660,2301,2916,31,46,56,21.7,59.3,true,unclassified,1781249667903
11432,node_01,1781249667,data_collection,cigarette_smoke,,,,false,,backend_pending,2643,3604,2285,2914,31,46,56,21.7,59.3,true,unclassified,1781249668929
11433,node_01,1781249668,data_collection,cigarette_smoke,,,,false,,backend_pending,2666,3654,2291,2919,30,45,55,21.7,59.3,true,unclassified,1781249670008
11434,node_01,1781249669,data_collection,cigarette_smoke,,,,false,,backend_pending,2651,3598,2287,2920,30,45,55,21.7,59.3,true,unclassified,1781249671132
11435,node_01,1781249670,data_collection,cigarette_smoke,,,,false,,backend_pending,2650,3615,2291,2916,30,45,55,21.7,59.3,true,unclassified,1781249672083
11436,node_01,1781249671,data_collection,cigarette_smoke,,,,false,,backend_pending,2641,3577,2287,2915,30,45,55,21.7,59.3,true,unclassified,1781249673177
11437,node_01,1781249672,data_collection,cigarette_smoke,,,,false,,backend_pending,2669,3654,2298,2919,30,45,55,21.7,59.4,true,unclassified,1781249674182
11438,node_01,1781249673,data_collection,cigarette_smoke,,,,false,,backend_pending,2645,3602,2284,2916,29,45,55,21.7,59.4,true,unclassified,1781249675316
11439,node_01,1781249674,data_collection,cigarette_smoke,,,,false,,backend_pending,2663,3649,2290,2915,30,46,56,21.7,59.4,true,unclassified,1781249676377
11440,node_01,1781249675,data_collection,cigarette_smoke,,,,false,,backend_pending,2648,3603,2284,2914,30,46,56,21.7,59.4,true,unclassified,1781249677364
11441,node_01,1781249676,data_collection,cigarette_smoke,,,,false,,backend_pending,2669,3652,2289,2910,30,46,56,21.7,59.4,true,unclassified,1781249678386
11442,node_01,1781249677,data_collection,cigarette_smoke,,,,false,,backend_pending,2625,3608,2285,2916,29,45,55,21.7,59.4,true,unclassified,1781249679416
11443,node_01,1781249678,data_collection,cigarette_smoke,,,,false,,backend_pending,2666,3654,2297,2915,29,45,54,21.7,59.4,true,unclassified,1781249681876
11444,node_01,1781249679,data_collection,cigarette_smoke,,,,false,,backend_pending,2645,3601,2287,2916,29,45,54,21.7,59.4,true,unclassified,1781249681889
11445,node_01,1781249680,data_collection,cigarette_smoke,,,,false,,backend_pending,2670,3659,2290,2917,30,46,55,21.7,59.4,true,unclassified,1781249682674
11446,node_01,1781249681,data_collection,cigarette_smoke,,,,false,,backend_pending,2649,3606,2284,2915,30,46,55,21.8,59.4,true,unclassified,1781249683709
11447,node_01,1781249682,data_collection,cigarette_smoke,,,,false,,backend_pending,2669,3649,2289,2914,30,46,55,21.8,59.4,true,unclassified,1781249684626
11448,node_01,1781249684,data_collection,cigarette_smoke,,,,false,,backend_pending,2645,3602,2283,2916,30,46,55,21.8,59.4,true,unclassified,1781249685721
11449,node_01,1781249685,data_collection,cigarette_smoke,,,,false,,backend_pending,2666,3651,2298,2919,30,46,55,21.7,59.5,true,unclassified,1781249686763
11450,node_01,1781249686,data_collection,cigarette_smoke,,,,false,,backend_pending,2624,3583,2284,2919,30,46,56,21.7,59.5,true,unclassified,1781249687766
11451,node_01,1781249687,data_collection,cigarette_smoke,,,,false,,backend_pending,2664,3653,2290,2916,30,46,56,21.7,59.5,true,unclassified,1781249688819
11452,node_01,1781249688,data_collection,cigarette_smoke,,,,false,,backend_pending,2651,3607,2287,2920,30,46,56,21.7,59.4,true,unclassified,1781249689862
11453,node_01,1781249689,data_collection,cigarette_smoke,,,,false,,backend_pending,2668,3654,2292,2913,30,45,55,21.7,59.4,true,unclassified,1781249691046
11454,node_01,1781249690,data_collection,cigarette_smoke,,,,false,,backend_pending,2644,3599,2283,2916,30,45,55,21.7,59.4,true,unclassified,1781249691987
11455,node_01,1781249691,data_collection,cigarette_smoke,,,,false,,backend_pending,2668,3650,2295,2918,30,45,55,21.8,59.4,true,unclassified,1781249692997
11456,node_01,1781249692,data_collection,cigarette_smoke,,,,false,,backend_pending,2646,3603,2283,2918,30,45,54,21.8,59.4,true,unclassified,1781249694155
11457,node_01,1781249693,data_collection,cigarette_smoke,,,,false,,backend_pending,2665,3650,2290,2915,30,45,54,21.8,59.4,true,unclassified,1781249695166
11458,node_01,1781249694,data_collection,cigarette_smoke,,,,false,,backend_pending,2652,3604,2285,2915,30,45,54,21.8,59.3,true,unclassified,1781249696191
11459,node_01,1781249695,data_collection,cigarette_smoke,,,,false,,backend_pending,2668,3654,2293,2917,31,46,55,21.8,59.3,true,unclassified,1781249697217
11460,node_01,1781249696,data_collection,cigarette_smoke,,,,false,,backend_pending,2642,3584,2284,2917,31,46,55,21.8,59.3,true,unclassified,1781249698338
11461,node_01,1781249697,data_collection,cigarette_smoke,,,,false,,backend_pending,2664,3650,2298,2912,31,46,55,21.8,59.5,true,unclassified,1781249699358
11462,node_01,1781249698,data_collection,cigarette_smoke,,,,false,,backend_pending,2645,3606,2285,2915,31,46,55,21.8,59.5,true,unclassified,1781249700379
11463,node_01,1781249699,data_collection,cigarette_smoke,,,,false,,backend_pending,2667,3658,2289,2915,31,46,55,21.8,59.5,true,unclassified,1781249701388
11464,node_01,1781249700,data_collection,cigarette_smoke,,,,false,,backend_pending,2630,3595,2285,2917,31,46,55,21.7,59.6,true,unclassified,1781249702429
11465,node_01,1781249701,data_collection,cigarette_smoke,,,,false,,backend_pending,2668,3654,2290,2919,31,46,54,21.7,59.6,true,unclassified,1781249703462
11466,node_01,1781249702,data_collection,cigarette_smoke,,,,false,,backend_pending,2643,3598,2283,2917,31,46,54,21.7,59.6,true,unclassified,1781249704511
11467,node_01,1781249703,data_collection,cigarette_smoke,,,,false,,backend_pending,2667,3658,2299,2919,31,46,54,21.7,59.3,true,unclassified,1781249705601
11468,node_01,1781249704,data_collection,cigarette_smoke,,,,false,,backend_pending,2644,3601,2287,2917,31,46,54,21.7,59.3,true,unclassified,1781249706865
11469,node_01,1781249706,data_collection,cigarette_smoke,,,,false,,backend_pending,2666,3651,2290,2916,31,45,54,21.7,59.3,true,unclassified,1781249707726
11470,node_01,1781249707,data_collection,cigarette_smoke,,,,false,,backend_pending,2649,3604,2284,2918,30,44,52,21.7,59.4,true,unclassified,1781249708720
11471,node_01,1781249708,data_collection,cigarette_smoke,,,,false,,backend_pending,2670,3624,2290,2921,30,44,52,21.7,59.4,true,unclassified,1781249709743
11472,node_01,1781249709,data_collection,cigarette_smoke,,,,false,,backend_pending,2643,3606,2286,2918,30,44,52,21.7,59.4,true,unclassified,1781249710789
11473,node_01,1781249710,data_collection,cigarette_smoke,,,,false,,backend_pending,2660,3657,2299,2917,30,44,52,21.8,59.4,true,unclassified,1781249711834
11474,node_01,1781249711,data_collection,cigarette_smoke,,,,false,,backend_pending,2642,3606,2285,2919,30,44,52,21.8,59.4,true,unclassified,1781249712881
11475,node_01,1781249712,data_collection,cigarette_smoke,,,,false,,backend_pending,2668,3652,2292,2918,30,44,52,21.8,59.4,true,unclassified,1781249713938
11476,node_01,1781249713,data_collection,cigarette_smoke,,,,false,,backend_pending,2653,3608,2284,2915,31,45,53,21.8,59.4,true,unclassified,1781249715003
11477,node_01,1781249714,data_collection,cigarette_smoke,,,,false,,backend_pending,2667,3647,2293,2913,30,45,53,21.8,59.4,true,unclassified,1781249716054
11478,node_01,1781249715,data_collection,cigarette_smoke,,,,false,,backend_pending,2642,3598,2284,2914,30,45,53,21.8,59.4,true,unclassified,1781249717078
11479,node_01,1781249716,data_collection,cigarette_smoke,,,,false,,backend_pending,2667,3650,2299,2916,29,44,52,21.8,59.4,true,unclassified,1781249718191
11480,node_01,1781249717,data_collection,cigarette_smoke,,,,false,,backend_pending,2646,3606,2286,2915,29,44,52,21.8,59.4,true,unclassified,1781249719220
11481,node_01,1781249718,data_collection,cigarette_smoke,,,,false,,backend_pending,2667,3659,2292,2917,29,44,52,21.8,59.4,true,unclassified,1781249720246
11482,node_01,1781249719,data_collection,cigarette_smoke,,,,false,,backend_pending,2652,3601,2284,2913,29,44,52,21.8,59.4,true,unclassified,1781249721275
11483,node_01,1781249720,data_collection,cigarette_smoke,,,,false,,backend_pending,2669,3656,2290,2919,29,44,52,21.8,59.4,true,unclassified,1781249722396
11484,node_01,1781249721,data_collection,cigarette_smoke,,,,false,,backend_pending,2642,3605,2285,2918,29,44,52,21.8,59.4,true,unclassified,1781249723345
11485,node_01,1781249722,data_collection,cigarette_smoke,,,,false,,backend_pending,2667,3661,2298,2915,29,44,52,21.8,59.3,true,unclassified,1781249724444
11486,node_01,1781249723,data_collection,cigarette_smoke,,,,false,,backend_pending,2643,3602,2284,2915,29,44,52,21.8,59.3,true,unclassified,1781249725469
11487,node_01,1781249724,data_collection,cigarette_smoke,,,,false,,backend_pending,2667,3649,2289,2918,29,44,52,21.8,59.3,true,unclassified,1781249726595
11488,node_01,1781249725,data_collection,cigarette_smoke,,,,false,,backend_pending,2655,3603,2285,2920,31,45,53,21.8,59.4,true,unclassified,1781249727537
11489,node_01,1781249726,data_collection,cigarette_smoke,,,,false,,backend_pending,2667,3661,2292,2917,31,46,54,21.8,59.4,true,unclassified,1781249728643
11490,node_01,1781249727,data_collection,cigarette_smoke,,,,false,,backend_pending,2642,3606,2269,2920,30,45,53,21.8,59.4,true,unclassified,1781249729643
11491,node_01,1781249729,data_collection,cigarette_smoke,,,,false,,backend_pending,2662,3654,2299,2920,30,45,54,21.8,59.3,true,unclassified,1781249730690
11492,node_01,1781249730,data_collection,cigarette_smoke,,,,false,,backend_pending,2647,3609,2285,2917,30,45,54,21.8,59.3,true,unclassified,1781249731774
11493,node_01,1781249731,data_collection,cigarette_smoke,,,,false,,backend_pending,2664,3661,2291,2915,30,45,54,21.8,59.3,true,unclassified,1781249732772
11494,node_01,1781249732,data_collection,cigarette_smoke,,,,false,,backend_pending,2649,3599,2286,2915,30,45,54,21.8,59.3,true,unclassified,1781249733824
11495,node_01,1781249733,data_collection,cigarette_smoke,,,,false,,backend_pending,2667,3656,2290,2919,30,45,54,21.8,59.3,true,unclassified,1781249734890
11496,node_01,1781249734,data_collection,cigarette_smoke,,,,false,,backend_pending,2642,3605,2288,2919,31,46,55,21.8,59.3,true,unclassified,1781249736001
11497,node_01,1781249735,data_collection,cigarette_smoke,,,,false,,backend_pending,2665,3653,2297,2918,31,46,55,21.8,59.3,true,unclassified,1781249736997
11498,node_01,1781249736,data_collection,cigarette_smoke,,,,false,,backend_pending,2642,3608,2287,2915,31,46,55,21.8,59.3,true,unclassified,1781249738004
11499,node_01,1781249737,data_collection,cigarette_smoke,,,,false,,backend_pending,2667,3656,2293,2919,31,46,55,21.8,59.3,true,unclassified,1781249739069
11500,node_01,1781249738,data_collection,cigarette_smoke,,,,false,,backend_pending,2651,3608,2284,2919,31,46,55,21.8,59.3,true,unclassified,1781249740092
11501,node_01,1781249739,data_collection,cigarette_smoke,,,,false,,backend_pending,2666,3649,2292,2920,31,46,55,21.8,59.3,true,unclassified,1781249741238
11502,node_01,1781249740,data_collection,cigarette_smoke,,,,false,,backend_pending,2645,3609,2285,2914,30,45,54,21.8,59.3,true,unclassified,1781249742185
11503,node_01,1781249741,data_collection,cigarette_smoke,,,,false,,backend_pending,2668,3653,2297,2920,30,45,54,21.8,59.4,true,unclassified,1781249743267
11504,node_01,1781249742,data_collection,cigarette_smoke,,,,false,,backend_pending,2645,3605,2287,2917,29,45,54,21.8,59.4,true,unclassified,1781249744296
11505,node_01,1781249743,data_collection,cigarette_smoke,,,,false,,backend_pending,2667,3662,2291,2916,30,46,55,21.8,59.4,true,unclassified,1781249745322
11506,node_01,1781249744,data_collection,cigarette_smoke,,,,false,,backend_pending,2650,3599,2287,2918,30,46,55,21.8,59.2,true,unclassified,1781249746370
11507,node_01,1781249745,data_collection,cigarette_smoke,,,,false,,backend_pending,2665,3652,2291,2917,30,46,55,21.8,59.2,true,unclassified,1781249747420
11508,node_01,1781249746,data_collection,cigarette_smoke,,,,false,,backend_pending,2644,3605,2286,2915,29,45,54,21.8,59.2,true,unclassified,1781249748474
11509,node_01,1781249747,data_collection,cigarette_smoke,,,,false,,backend_pending,2667,3652,2300,2921,29,45,54,21.8,59.3,true,unclassified,1781249749573
11510,node_01,1781249748,data_collection,cigarette_smoke,,,,false,,backend_pending,2645,3601,2285,2918,29,45,54,21.8,59.3,true,unclassified,1781249750669
11511,node_01,1781249749,data_collection,cigarette_smoke,,,,false,,backend_pending,2667,3656,2292,2917,29,45,54,21.8,59.3,true,unclassified,1781249751618
11512,node_01,1781249751,data_collection,cigarette_smoke,,,,false,,backend_pending,2653,3600,2286,2916,29,45,54,21.8,59.2,true,unclassified,1781249752648
11513,node_01,1781249752,data_collection,cigarette_smoke,,,,false,,backend_pending,2656,3660,2288,2917,30,46,55,21.8,59.2,true,unclassified,1781249753703
11514,node_01,1781249753,data_collection,cigarette_smoke,,,,false,,backend_pending,2643,3597,2284,2917,31,46,55,21.8,59.2,true,unclassified,1781249754742
11515,node_01,1781249754,data_collection,cigarette_smoke,,,,false,,backend_pending,2670,3655,2296,2915,31,46,55,21.8,59.1,true,unclassified,1781249755790
11516,node_01,1781249755,data_collection,cigarette_smoke,,,,false,,backend_pending,2646,3610,2284,2920,30,45,54,21.8,59.1,true,unclassified,1781249756836
11517,node_01,1781249756,data_collection,cigarette_smoke,,,,false,,backend_pending,2664,3658,2290,2917,30,45,54,21.8,59.1,true,unclassified,1781249757881
11518,node_01,1781249757,data_collection,cigarette_smoke,,,,false,,backend_pending,2656,3607,2286,2917,30,45,54,21.8,59.3,true,unclassified,1781249758942
11519,node_01,1781249758,data_collection,cigarette_smoke,,,,false,,backend_pending,2664,3651,2289,2917,31,46,55,21.8,59.3,true,unclassified,1781249759990
11520,node_01,1781249759,data_collection,cigarette_smoke,,,,false,,backend_pending,2624,3597,2285,2921,31,46,55,21.8,59.3,true,unclassified,1781249761021
11521,node_01,1781249760,data_collection,cigarette_smoke,,,,false,,backend_pending,2662,3655,2299,2916,31,46,55,21.8,59.3,true,unclassified,1781249762066
11522,node_01,1781249761,data_collection,cigarette_smoke,,,,false,,backend_pending,2645,3612,2286,2914,30,45,54,21.8,59.3,true,unclassified,1781249763115
11523,node_01,1781249762,data_collection,cigarette_smoke,,,,false,,backend_pending,2665,3660,2291,2916,30,45,54,21.8,59.3,true,unclassified,1781249764160
11524,node_01,1781249763,data_collection,cigarette_smoke,,,,false,,backend_pending,2650,3609,2284,2917,30,45,54,21.8,59.2,true,unclassified,1781249765275
11525,node_01,1781249764,data_collection,cigarette_smoke,,,,false,,backend_pending,2667,3656,2291,2915,30,45,54,21.8,59.2,true,unclassified,1781249766265
11526,node_01,1781249765,data_collection,cigarette_smoke,,,,false,,backend_pending,2641,3606,2284,2918,30,44,54,21.8,59.2,true,unclassified,1781249767306
11527,node_01,1781249766,data_collection,cigarette_smoke,,,,false,,backend_pending,2663,3650,2299,2919,30,44,54,21.8,59.1,true,unclassified,1781249768373
11528,node_01,1781249767,data_collection,cigarette_smoke,,,,false,,backend_pending,2644,3600,2286,2920,31,45,55,21.8,59.1,true,unclassified,1781249769396
11529,node_01,1781249768,data_collection,cigarette_smoke,,,,false,,backend_pending,2665,3657,2294,2918,31,45,55,21.8,59.1,true,unclassified,1781249770441
11530,node_01,1781249769,data_collection,cigarette_smoke,,,,false,,backend_pending,2651,3607,2286,2917,30,44,54,21.8,59.1,true,unclassified,1781249771488
11531,node_01,1781249770,data_collection,cigarette_smoke,,,,false,,backend_pending,2669,3659,2291,2918,30,44,54,21.8,59.1,true,unclassified,1781249772530
11532,node_01,1781249771,data_collection,cigarette_smoke,,,,false,,backend_pending,2644,3602,2287,2922,30,44,54,21.8,59.1,true,unclassified,1781249773699
11533,node_01,1781249772,data_collection,cigarette_smoke,,,,false,,backend_pending,2667,3659,2297,2899,31,45,55,21.8,59.1,true,unclassified,1781249774624
11534,node_01,1781249774,data_collection,cigarette_smoke,,,,false,,backend_pending,2644,3606,2284,2918,31,45,55,21.8,59.1,true,unclassified,1781249775676
11535,node_01,1781249775,data_collection,cigarette_smoke,,,,false,,backend_pending,2666,3656,2290,2901,31,45,55,21.8,59.1,true,unclassified,1781249776717
11536,node_01,1781249776,data_collection,cigarette_smoke,,,,false,,backend_pending,2645,3597,2285,2919,30,44,54,21.9,59,true,unclassified,1781249777777
11537,node_01,1781249777,data_collection,cigarette_smoke,,,,false,,backend_pending,2638,3619,2291,2916,30,44,54,21.9,59,true,unclassified,1781249778828
11538,node_01,1781249778,data_collection,cigarette_smoke,,,,false,,backend_pending,2642,3606,2284,2914,30,44,54,21.9,59,true,unclassified,1781249779855
11539,node_01,1781249779,data_collection,cigarette_smoke,,,,false,,backend_pending,2668,3653,2297,2915,31,45,55,21.8,59.1,true,unclassified,1781249780974
11540,node_01,1781249780,data_collection,cigarette_smoke,,,,false,,backend_pending,2642,3607,2285,2918,31,45,55,21.8,59.1,true,unclassified,1781249782102
11541,node_01,1781249781,data_collection,cigarette_smoke,,,,false,,backend_pending,2665,3653,2292,2916,31,45,55,21.8,59.1,true,unclassified,1781249783010
11542,node_01,1781249782,data_collection,cigarette_smoke,,,,false,,backend_pending,2652,3613,2285,2918,31,45,55,21.8,59,true,unclassified,1781249784051
11543,node_01,1781249783,data_collection,cigarette_smoke,,,,false,,backend_pending,2665,3622,2290,2917,31,45,55,21.8,59,true,unclassified,1781249785175
11544,node_01,1781249784,data_collection,cigarette_smoke,,,,false,,backend_pending,2645,3612,2286,2919,31,45,55,21.8,59,true,unclassified,1781249786192
11545,node_01,1781249785,data_collection,cigarette_smoke,,,,false,,backend_pending,2667,3651,2297,2915,30,44,54,21.8,59.1,true,unclassified,1781249787183
11546,node_01,1781249786,data_collection,cigarette_smoke,,,,false,,backend_pending,2647,3608,2285,2919,30,43,53,21.8,59.1,true,unclassified,1781249788240
11547,node_01,1781249787,data_collection,cigarette_smoke,,,,false,,backend_pending,2667,3654,2290,2917,29,43,53,21.8,59.1,true,unclassified,1781249789367
11548,node_01,1781249788,data_collection,cigarette_smoke,,,,false,,backend_pending,2650,3608,2287,2918,29,43,53,21.9,58.8,true,unclassified,1781249790321
11549,node_01,1781249789,data_collection,cigarette_smoke,,,,false,,backend_pending,2666,3656,2289,2913,29,43,52,21.9,58.8,true,unclassified,1781249791368
11550,node_01,1781249790,data_collection,cigarette_smoke,,,,false,,backend_pending,2644,3603,2283,2916,30,44,53,21.9,58.8,true,unclassified,1781249792425
11551,node_01,1781249791,data_collection,cigarette_smoke,,,,false,,backend_pending,2669,3652,2285,2914,30,44,53,21.8,58.9,true,unclassified,1781249793461
11552,node_01,1781249792,data_collection,cigarette_smoke,,,,false,,backend_pending,2642,3606,2285,2919,30,44,53,21.8,58.9,true,unclassified,1781249794587
11553,node_01,1781249793,data_collection,cigarette_smoke,,,,false,,backend_pending,2669,3653,2290,2915,29,43,52,21.8,58.9,true,unclassified,1781249795602
11554,node_01,1781249794,data_collection,cigarette_smoke,,,,false,,backend_pending,2653,3604,2285,2918,29,43,52,21.8,58.9,true,unclassified,1781249796601
11555,node_01,1781249796,data_collection,cigarette_smoke,,,,false,,backend_pending,2665,3653,2292,2919,29,43,53,21.8,58.9,true,unclassified,1781249797768
11556,node_01,1781249797,data_collection,cigarette_smoke,,,,false,,backend_pending,2641,3604,2285,2918,30,44,54,21.8,58.9,true,unclassified,1781249798695
11557,node_01,1781249798,data_collection,cigarette_smoke,,,,false,,backend_pending,2666,3649,2298,2918,30,44,54,21.9,59,true,unclassified,1781249799740
11558,node_01,1781249799,data_collection,cigarette_smoke,,,,false,,backend_pending,2644,3605,2286,2918,30,44,54,21.9,59,true,unclassified,1781249800786
11559,node_01,1781249800,data_collection,cigarette_smoke,,,,false,,backend_pending,2668,3620,2289,2915,29,43,53,21.9,59,true,unclassified,1781249801840
11560,node_01,1781249801,data_collection,cigarette_smoke,,,,false,,backend_pending,2650,3584,2284,2918,29,43,53,21.9,58.8,true,unclassified,1781249802974
11561,node_01,1781249802,data_collection,cigarette_smoke,,,,false,,backend_pending,2665,3650,2291,2916,29,43,53,21.9,58.8,true,unclassified,1781249803935
11562,node_01,1781249803,data_collection,cigarette_smoke,,,,false,,backend_pending,2645,3600,2284,2912,30,44,54,21.9,58.8,true,unclassified,1781249804974
11563,node_01,1781249804,data_collection,cigarette_smoke,,,,false,,backend_pending,2665,3660,2296,2914,30,44,54,21.9,58.8,true,unclassified,1781249806036
11564,node_01,1781249805,data_collection,cigarette_smoke,,,,false,,backend_pending,2643,3599,2282,2916,30,44,53,21.9,58.8,true,unclassified,1781249807107
11565,node_01,1781249806,data_collection,cigarette_smoke,,,,false,,backend_pending,2661,3653,2286,2920,30,44,53,21.9,58.8,true,unclassified,1781249808124
11566,node_01,1781249807,data_collection,cigarette_smoke,,,,false,,backend_pending,2649,3565,2287,2920,30,44,53,21.9,58.9,true,unclassified,1781249809350
11567,node_01,1781249808,data_collection,cigarette_smoke,,,,false,,backend_pending,2668,3658,2290,2916,30,44,53,21.9,58.9,true,unclassified,1781249810211
11568,node_01,1781249809,data_collection,cigarette_smoke,,,,false,,backend_pending,2644,3605,2286,2917,30,44,53,21.9,58.9,true,unclassified,1781249811261
11569,node_01,1781249810,data_collection,cigarette_smoke,,,,false,,backend_pending,2666,3654,2297,2916,30,44,53,21.9,58.9,true,unclassified,1781249812303
11570,node_01,1781249811,data_collection,cigarette_smoke,,,,false,,backend_pending,2642,3604,2284,2919,30,44,53,21.9,58.9,true,unclassified,1781249813431
11571,node_01,1781249812,data_collection,cigarette_smoke,,,,false,,backend_pending,2667,3653,2288,2920,30,44,53,21.9,58.9,true,unclassified,1781249814422
11572,node_01,1781249813,data_collection,cigarette_smoke,,,,false,,backend_pending,2649,3602,2284,2919,30,44,53,21.9,59,true,unclassified,1781249815480
11573,node_01,1781249814,data_collection,cigarette_smoke,,,,false,,backend_pending,2661,3656,2287,2914,29,44,52,21.9,59,true,unclassified,1781249816512
11574,node_01,1781249815,data_collection,cigarette_smoke,,,,false,,backend_pending,2644,3606,2286,2919,29,44,52,21.9,59,true,unclassified,1781249817571
11575,node_01,1781249816,data_collection,cigarette_smoke,,,,false,,backend_pending,2632,3658,2297,2916,29,44,52,21.9,58.9,true,unclassified,1781249818665
11576,node_01,1781249817,data_collection,cigarette_smoke,,,,false,,backend_pending,2644,3601,2282,2916,29,44,52,21.9,58.9,true,unclassified,1781249819732
11577,node_01,1781249819,data_collection,cigarette_smoke,,,,false,,backend_pending,2664,3660,2268,2916,29,44,52,21.9,58.9,true,unclassified,1781249820813
11578,node_01,1781249820,data_collection,cigarette_smoke,,,,false,,backend_pending,2652,3599,2283,2913,29,44,52,21.9,58.9,true,unclassified,1781249821727
11579,node_01,1781249821,data_collection,cigarette_smoke,,,,false,,backend_pending,2662,3647,2290,2916,30,45,53,21.9,58.9,true,unclassified,1781249822796
11580,node_01,1781249822,data_collection,cigarette_smoke,,,,false,,backend_pending,2641,3595,2282,2912,30,45,53,21.9,58.9,true,unclassified,1781249823823
11581,node_01,1781249823,data_collection,cigarette_smoke,,,,false,,backend_pending,2662,3650,2296,2914,30,45,53,21.9,58.8,true,unclassified,1781249824903
11582,node_01,1781249824,data_collection,cigarette_smoke,,,,false,,backend_pending,2634,3588,2281,2915,29,44,52,21.9,58.8,true,unclassified,1781249825949
11583,node_01,1781249825,data_collection,cigarette_smoke,,,,false,,backend_pending,2664,3655,2286,2915,29,44,52,21.9,58.8,true,unclassified,1781249827033
11584,node_01,1781249826,data_collection,cigarette_smoke,,,,false,,backend_pending,2644,3592,2282,2917,29,43,52,21.9,58.8,true,unclassified,1781249828005
11585,node_01,1781249827,data_collection,cigarette_smoke,,,,false,,backend_pending,2665,3657,2289,2914,29,43,52,21.9,58.8,true,unclassified,1781249829124
11586,node_01,1781249828,data_collection,cigarette_smoke,,,,false,,backend_pending,2639,3599,2281,2913,29,43,52,21.9,58.8,true,unclassified,1781249830234
11587,node_01,1781249829,data_collection,cigarette_smoke,,,,false,,backend_pending,2666,3651,2293,2912,29,43,52,21.9,58.8,true,unclassified,1781249831252
11588,node_01,1781249830,data_collection,cigarette_smoke,,,,false,,backend_pending,2643,3608,2281,2914,29,43,52,21.9,58.8,true,unclassified,1781249832239
11589,node_01,1781249831,data_collection,cigarette_smoke,,,,false,,backend_pending,2646,3651,2291,2916,29,43,52,21.9,58.8,true,unclassified,1781249833317
11590,node_01,1781249832,data_collection,cigarette_smoke,,,,false,,backend_pending,2648,3598,2282,2917,30,44,53,21.9,58.8,true,unclassified,1781249834356
11591,node_01,1781249833,data_collection,cigarette_smoke,,,,false,,backend_pending,2662,3651,2289,2918,30,44,53,21.9,58.8,true,unclassified,1781249835413
11592,node_01,1781249834,data_collection,cigarette_smoke,,,,false,,backend_pending,2642,3598,2282,2919,30,43,53,21.9,58.8,true,unclassified,1781249836429
11593,node_01,1781249835,data_collection,cigarette_smoke,,,,false,,backend_pending,2664,3656,2294,2912,30,43,53,21.9,58.7,true,unclassified,1781249837480
11594,node_01,1781249836,data_collection,cigarette_smoke,,,,false,,backend_pending,2640,3569,2282,2912,29,43,53,21.9,58.7,true,unclassified,1781249838500
11595,node_01,1781249837,data_collection,cigarette_smoke,,,,false,,backend_pending,2668,3657,2290,2919,29,43,53,21.9,58.7,true,unclassified,1781249839799
11596,node_01,1781249838,data_collection,cigarette_smoke,,,,false,,backend_pending,2648,3601,2281,2919,29,43,53,21.9,58.7,true,unclassified,1781249840675
11597,node_01,1781249839,data_collection,cigarette_smoke,,,,false,,backend_pending,2663,3652,2286,2914,29,43,53,21.9,58.7,true,unclassified,1781249841612
11598,node_01,1781249841,data_collection,cigarette_smoke,,,,false,,backend_pending,2645,3604,2283,2914,29,43,52,21.9,58.7,true,unclassified,1781249842700
11599,node_01,1781249842,data_collection,cigarette_smoke,,,,false,,backend_pending,2645,3652,2295,2918,28,42,51,22,58.7,true,unclassified,1781249843699
11600,node_01,1781249843,data_collection,cigarette_smoke,,,,false,,backend_pending,2638,3601,2280,2912,28,42,51,22,58.7,true,unclassified,1781249844747
11601,node_01,1781249844,data_collection,cigarette_smoke,,,,false,,backend_pending,2665,3652,2287,2920,28,42,51,22,58.7,true,unclassified,1781249845823
11602,node_01,1781249845,data_collection,cigarette_smoke,,,,false,,backend_pending,2636,3597,2282,2911,28,42,51,21.9,58.7,true,unclassified,1781249846841
11603,node_01,1781249846,data_collection,cigarette_smoke,,,,false,,backend_pending,2664,3656,2288,2914,28,42,51,21.9,58.7,true,unclassified,1781249847896
11604,node_01,1781249847,data_collection,cigarette_smoke,,,,false,,backend_pending,2634,3604,2284,2921,28,42,51,21.9,58.7,true,unclassified,1781249848936
11605,node_01,1781249848,data_collection,cigarette_smoke,,,,false,,backend_pending,2662,3660,2297,2919,28,42,51,22,58.6,true,unclassified,1781249849974
11606,node_01,1781249849,data_collection,cigarette_smoke,,,,false,,backend_pending,2642,3598,2285,2917,28,42,52,22,58.6,true,unclassified,1781249851065
11607,node_01,1781249850,data_collection,cigarette_smoke,,,,false,,backend_pending,2649,3652,2289,2919,28,42,52,22,58.6,true,unclassified,1781249852065
11608,node_01,1781249851,data_collection,cigarette_smoke,,,,false,,backend_pending,2650,3602,2283,2915,29,44,53,21.9,58.5,true,unclassified,1781249853116
11609,node_01,1781249852,data_collection,cigarette_smoke,,,,false,,backend_pending,2665,3662,2289,2918,29,44,53,21.9,58.5,true,unclassified,1781249854171
11610,node_01,1781249853,data_collection,cigarette_smoke,,,,false,,backend_pending,2626,3595,2284,2917,29,44,53,21.9,58.5,true,unclassified,1781249855320
11611,node_01,1781249854,data_collection,cigarette_smoke,,,,false,,backend_pending,2663,3655,2295,2919,29,44,53,22,58.5,true,unclassified,1781249856269
11612,node_01,1781249855,data_collection,cigarette_smoke,,,,false,,backend_pending,2636,3607,2284,2920,29,44,53,22,58.5,true,unclassified,1781249857365
11613,node_01,1781249856,data_collection,cigarette_smoke,,,,false,,backend_pending,2666,3656,2288,2913,28,43,52,22,58.5,true,unclassified,1781249858347
11614,node_01,1781249857,data_collection,cigarette_smoke,,,,false,,backend_pending,2646,3609,2286,2920,28,43,52,21.9,58.6,true,unclassified,1781249859414
11615,node_01,1781249858,data_collection,cigarette_smoke,,,,false,,backend_pending,2667,3659,2291,2917,28,43,52,21.9,58.6,true,unclassified,1781249860462
11616,node_01,1781249859,data_collection,cigarette_smoke,,,,false,,backend_pending,2626,3604,2280,2918,28,43,52,21.9,58.6,true,unclassified,1781249861484
11617,node_01,1781249860,data_collection,cigarette_smoke,,,,false,,backend_pending,2665,3656,2297,2916,28,43,52,22,58.4,true,unclassified,1781249862529
11618,node_01,1781249861,data_collection,cigarette_smoke,,,,false,,backend_pending,2643,3607,2284,2919,28,43,52,22,58.4,true,unclassified,1781249863710
11619,node_01,1781249862,data_collection,cigarette_smoke,,,,false,,backend_pending,2668,3661,2289,2917,28,43,52,22,58.4,true,unclassified,1781249864720
11620,node_01,1781249864,data_collection,cigarette_smoke,,,,false,,backend_pending,2633,3602,2283,2917,28,43,52,22,58.4,true,unclassified,1781249865675
11621,node_01,1781249865,data_collection,cigarette_smoke,,,,false,,backend_pending,2662,3654,2290,2913,28,43,52,22,58.4,true,unclassified,1781249866727
11622,node_01,1781249866,data_collection,cigarette_smoke,,,,false,,backend_pending,2620,3611,2282,2918,30,46,55,22,58.4,true,unclassified,1781249867763
11623,node_01,1781249867,data_collection,cigarette_smoke,,,,false,,backend_pending,2666,3651,2300,2916,32,50,61,22,58.4,true,unclassified,1781249868810
11624,node_01,1781249868,data_collection,cigarette_smoke,,,,false,,backend_pending,2642,3604,2284,2914,35,53,66,22,58.4,true,unclassified,1781249869931
11625,node_01,1781249869,data_collection,cigarette_smoke,,,,false,,backend_pending,2667,3658,2287,2918,39,60,70,22,58.4,true,unclassified,1781249871133
11626,node_01,1781249870,data_collection,cigarette_smoke,,,,false,,backend_pending,2650,3607,2281,2914,43,68,75,22,58.3,true,unclassified,1781249871973
11627,node_01,1781249871,data_collection,cigarette_smoke,,,,false,,backend_pending,2664,3655,2289,2918,48,74,78,22,58.3,true,unclassified,1781249873032
11628,node_01,1781249872,data_collection,cigarette_smoke,,,,false,,backend_pending,2639,3603,2282,2916,50,79,82,22,58.3,true,unclassified,1781249874075
11629,node_01,1781249873,data_collection,cigarette_smoke,,,,false,,backend_pending,2667,3655,2296,2917,54,85,87,22,58.3,true,unclassified,1781249875186
11630,node_01,1781249874,data_collection,cigarette_smoke,,,,false,,backend_pending,2643,3610,2279,2916,57,89,93,22,58.3,true,unclassified,1781249876201
11631,node_01,1781249875,data_collection,cigarette_smoke,,,,false,,backend_pending,2665,3653,2288,2915,60,95,98,22,58.3,true,unclassified,1781249877231
11632,node_01,1781249878,data_collection,cigarette_smoke,,,,false,,backend_pending,2642,3602,2284,2917,60,94,98,22.1,58.4,true,unclassified,1781249880608
11633,node_01,1781249879,data_collection,cigarette_smoke,,,,false,,backend_pending,2660,3646,2295,2914,58,90,94,22,58.4,true,unclassified,1781249881458
11634,node_01,1781249880,data_collection,cigarette_smoke,,,,false,,backend_pending,2624,3578,2274,2910,56,87,90,22,58.4,true,unclassified,1781249882411
11635,node_01,1781249881,data_collection,cigarette_smoke,,,,false,,backend_pending,2658,3652,2287,2912,53,84,88,22,58.4,true,unclassified,1781249883458
11636,node_01,1781249882,data_collection,cigarette_smoke,,,,false,,backend_pending,2644,3599,2281,2915,51,80,84,22,58.3,true,unclassified,1781249884655
11637,node_01,1781249883,data_collection,cigarette_smoke,,,,false,,backend_pending,2624,3645,2258,2910,48,77,80,22,58.3,true,unclassified,1781249885714
11638,node_01,1781249884,inference,,,normal_air,,false,0.2,backend_rule_v0,2626,3613,2270,2922,47,74,78,22,58.3,true,normal_air,1781249886596
11639,node_01,1781249886,inference,,,normal_air,,false,0.2,backend_rule_v0,2649,3666,2281,2920,45,71,77,22.1,58.4,true,normal_air,1781249887723
11640,node_01,1781249887,inference,,,normal_air,,false,0.2,backend_rule_v0,2625,3611,2271,2920,44,70,76,22.1,58.4,true,normal_air,1781249888695
11641,node_01,1781249888,inference,,,normal_air,,false,0.2,backend_rule_v0,2644,3662,2278,2919,42,67,75,22.1,58.4,true,normal_air,1781249889783
11642,node_01,1781249889,inference,,,normal_air,,false,0.2,backend_rule_v0,2632,3609,2272,2921,42,65,73,22,58.4,true,normal_air,1781249890783
11643,node_01,1781249890,inference,,,normal_air,,false,0.2,backend_rule_v0,2647,3658,2275,2921,40,62,72,22,58.4,true,normal_air,1781249891831
11644,node_01,1781249891,inference,,,normal_air,,false,0.2,backend_rule_v0,2625,3614,2269,2921,40,60,71,22,58.4,true,normal_air,1781249892876
11645,node_01,1781249892,inference,,,normal_air,,false,0.2,backend_rule_v0,2631,3664,2280,2918,38,59,70,22,58.2,true,normal_air,1781249893932
11646,node_01,1781249893,inference,,,normal_air,,false,0.2,backend_rule_v0,2626,3604,2269,2919,38,57,68,22,58.2,true,normal_air,1781249894968
11647,node_01,1781249894,inference,,,normal_air,,false,0.2,backend_rule_v0,2645,3660,2275,2921,36,56,67,22,58.2,true,normal_air,1781249896014
11648,node_01,1781249895,inference,,,normal_air,,false,0.2,backend_rule_v0,2635,3611,2271,2921,35,53,66,22,58.2,true,normal_air,1781249897067
11649,node_01,1781249896,inference,,,normal_air,,false,0.2,backend_rule_v0,2671,3663,2295,2923,34,52,65,22,58.2,true,normal_air,1781249898227
11650,node_01,1781249897,inference,,,normal_air,,false,0.2,backend_rule_v0,2644,3614,2289,2921,34,51,64,22,58.2,true,normal_air,1781249899344
11651,node_01,1781249898,inference,,,normal_air,,false,0.2,backend_rule_v0,2672,3661,2300,2924,33,51,63,22.1,58.3,true,normal_air,1781249900203
11652,node_01,1781249899,inference,,,normal_air,,false,0.2,backend_rule_v0,2648,3607,2287,2921,33,50,62,22.1,58.3,true,normal_air,1781249901253
11653,node_01,1781249900,inference,,,normal_air,,false,0.2,backend_rule_v0,2671,3660,2293,2920,33,50,62,22.1,58.3,true,normal_air,1781249902295
11654,node_01,1781249901,inference,,,normal_air,,false,0.192,backend_rule_v0,2655,3611,2286,2921,32,49,61,22.1,58.2,true,normal_air,1781249903448
11655,node_01,1781249902,inference,,,normal_air,,false,0.192,backend_rule_v0,2674,3665,2294,2923,32,49,61,22.1,58.2,true,normal_air,1781249904566
11656,node_01,1781249903,inference,,,normal_air,,false,0.18400000000000002,backend_rule_v0,2645,3610,2289,2922,32,48,60,22.1,58.2,true,normal_air,1781249905489
11657,node_01,1781249904,inference,,,normal_air,,false,0.18400000000000002,backend_rule_v0,2671,3662,2297,2919,32,48,61,22.1,58.2,true,normal_air,1781249906483
11658,node_01,1781249905,inference,,,normal_air,,false,0.18400000000000002,backend_rule_v0,2646,3611,2285,2919,31,48,60,22.1,58.2,true,normal_air,1781249907534
11659,node_01,1781249906,inference,,,normal_air,,false,0.18400000000000002,backend_rule_v0,2668,3665,2292,2921,31,48,60,22.1,58.2,true,normal_air,1781249908615
11660,node_01,1781249907,inference,,,normal_air,,false,0.168,backend_rule_v0,2650,3610,2284,2919,30,46,57,22.1,58.2,true,normal_air,1781249909719
11661,node_01,1781249909,inference,,,normal_air,,false,0.168,backend_rule_v0,2665,3660,2287,2918,30,46,56,22.1,58.2,true,normal_air,1781249910665
11662,node_01,1781249910,inference,,,normal_air,,false,0.16000000000000003,backend_rule_v0,2644,3609,2285,2921,30,45,56,22.1,58.2,true,normal_air,1781249911717
11663,node_01,1781249911,inference,,,normal_air,,false,0.168,backend_rule_v0,2667,3660,2299,2922,30,46,57,22.1,58.1,true,normal_air,1781249912758
11664,node_01,1781249912,inference,,,normal_air,,false,0.168,backend_rule_v0,2643,3603,2284,2922,30,46,56,22.1,58.1,true,normal_air,1781249913803
11665,node_01,1781249913,inference,,,normal_air,,false,0.168,backend_rule_v0,2667,3665,2292,2920,30,46,56,22.1,58.1,true,normal_air,1781249914859
11666,node_01,1781249914,inference,,,normal_air,,false,0.16000000000000003,backend_rule_v0,2653,3618,2287,2922,30,45,56,22.1,58.2,true,normal_air,1781249915899
11667,node_01,1781249915,inference,,,normal_air,,false,0.16000000000000003,backend_rule_v0,2643,3629,2272,2905,30,45,55,22.1,58.2,true,normal_air,1781249916942
11668,node_01,1781249916,inference,,,normal_air,,false,0.15200000000000002,backend_rule_v0,2635,3582,2277,2905,29,44,54,22.1,58.2,true,normal_air,1781249918003
11669,node_01,1781249917,inference,,,normal_air,,false,0.192,backend_rule_v0,2659,3611,2290,2908,30,49,62,22.1,58.1,true,normal_air,1781249919037
11670,node_01,1781249918,inference,,,normal_air,,false,0.2,backend_rule_v0,2637,3588,2283,2912,32,60,72,22.1,58.1,true,normal_air,1781249920096
11671,node_01,1781249919,inference,,,normal_air,,false,0.2,backend_rule_v0,2666,3656,2293,2921,36,86,95,22.1,58.1,true,normal_air,1781249921135
11672,node_01,1781249920,inference,,,normal_air,,false,0.2,backend_rule_v0,2654,3617,2288,2923,43,116,131,22.1,58.1,true,normal_air,1781249922383
11673,node_01,1781249921,inference,,,normal_air,,false,0.2,backend_rule_v0,2667,3657,2292,2923,51,150,167,22.1,58.1,true,normal_air,1781249923359
11674,node_01,1781249922,inference,,,normal_air,,false,0.2,backend_rule_v0,2643,3604,2286,2921,59,183,204,22.1,58.1,true,normal_air,1781249924266
11675,node_01,1781249923,inference,,,normal_air,,false,0.2,backend_rule_v0,2652,3662,2300,2923,70,220,244,22.1,58.2,true,normal_air,1781249925321
11676,node_01,1781249924,inference,,,normal_air,,false,0.2,backend_rule_v0,2639,3617,2287,2926,83,261,287,22.1,58.2,true,normal_air,1781249926427
11677,node_01,1781249925,inference,,,normal_air,,false,0.2,backend_rule_v0,2667,3661,2291,2923,97,306,335,22.1,58.2,true,normal_air,1781249927405
11678,node_01,1781249926,inference,,,normal_air,,false,0.2,backend_rule_v0,2647,3616,2284,2925,113,353,385,22.1,58,true,normal_air,1781249928526
11679,node_01,1781249927,inference,,,normal_air,,false,0.2,backend_rule_v0,2672,3663,2292,2922,129,394,428,22.1,58,true,normal_air,1781249929501
11680,node_01,1781249928,inference,,,normal_air,,false,0.2,backend_rule_v0,2645,3620,2288,2923,146,439,474,22.1,58,true,normal_air,1781249930546
