voc_mv,co_mv,pm1_0,pm2_5,pm10,temperature,humidity,label_index,label
2165.0,2764.0,0.0,0.0,0.0,23.1,63.1,0,normal_air
2144.0,2737.0,0.0,0.0,0.0,23.1,63.0,0,normal_air
2165.0,2759.0,0.0,0.0,0.0,23.2,63.3,0,normal_air
2145.0,2739.0,0.0,0.0,0.0,23.2,63.2,0,normal_air
2152.0,2738.0,0.0,0.0,0.0,23.2,63.5,0,normal_air
2142.0,2737.0,0.0,0.0,0.0,23.2,63.4,0,normal_air
2166.0,2763.0,0.0,0.0,0.0,23.2,63.5,0,normal_air
2142.0,2739.0,0.0,0.0,0.0,23.2,63.7,0,normal_air
2165.0,2763.0,0.0,0.0,0.0,23.2,64.0,0,normal_air
2144.0,2745.0,0.0,0.0,0.0,23.3,63.8,0,normal_air
2165.0,2761.0,0.0,0.0,0.0,23.3,63.9,0,normal_air
2142.0,2734.0,0.0,0.0,0.0,23.3,65.9,0,normal_air
2142.0,2734.0,0.0,0.0,0.0,23.7,82.0,0,normal_air
2165.0,2762.0,0.0,1.0,1.0,23.7,84.1,0,normal_air
2146.0,2738.0,0.0,0.0,0.0,23.7,75.9,0,normal_air
2142.0,2734.0,0.0,0.0,0.0,23.7,70.5,0,normal_air
2147.0,2740.0,0.0,0.0,0.0,23.7,65.7,0,normal_air
2167.0,2765.0,0.0,0.0,0.0,23.8,65.5,0,normal_air
2146.0,2739.0,0.0,0.0,0.0,23.8,65.6,0,normal_air
2167.0,2766.0,0.0,0.0,0.0,23.9,65.6,0,normal_air
2155.0,2766.0,0.0,0.0,0.0,23.9,65.2,0,normal_air
2168.0,2749.0,0.0,0.0,0.0,24.0,65.2,0,normal_air
2147.0,2738.0,0.0,0.0,0.0,24.0,65.0,0,normal_air
2167.0,2766.0,0.0,0.0,1.0,24.0,65.1,0,normal_air
2163.0,2765.0,0.0,0.0,0.0,24.1,64.8,0,normal_air
2148.0,2740.0,0.0,0.0,0.0,24.1,64.9,0,normal_air
2146.0,2756.0,0.0,0.0,0.0,24.1,64.7,0,normal_air
2167.0,2764.0,0.0,0.0,0.0,24.1,64.7,0,normal_air
2167.0,2765.0,0.0,0.0,0.0,24.2,64.8,0,normal_air
2144.0,2739.0,0.0,0.0,0.0,24.2,64.9,0,normal_air
2166.0,2764.0,0.0,0.0,0.0,24.2,64.7,0,normal_air
2144.0,2741.0,0.0,0.0,0.0,24.2,64.7,0,normal_air
2165.0,2743.0,0.0,0.0,0.0,24.3,64.8,0,normal_air
2146.0,2737.0,0.0,0.0,0.0,24.3,64.6,0,normal_air
2166.0,2763.0,0.0,0.0,0.0,24.3,64.4,0,normal_air
2146.0,2739.0,0.0,0.0,0.0,24.3,64.5,0,normal_air
2141.0,2738.0,0.0,0.0,0.0,24.3,64.6,0,normal_air
2165.0,2765.0,0.0,0.0,0.0,24.4,64.6,0,normal_air
2146.0,2740.0,0.0,0.0,0.0,24.4,64.6,0,normal_air
2166.0,2764.0,0.0,0.0,0.0,24.4,64.5,0,normal_air
2150.0,2743.0,0.0,0.0,0.0,24.6,64.6,0,normal_air
2149.0,2741.0,0.0,0.0,0.0,24.6,64.5,0,normal_air
2150.0,2741.0,0.0,0.0,0.0,24.7,64.4,0,normal_air
2151.0,2743.0,0.0,0.0,0.0,24.6,64.6,0,normal_air
2169.0,2768.0,0.0,0.0,0.0,24.7,64.5,0,normal_air
2167.0,2768.0,0.0,0.0,0.0,24.6,64.5,0,normal_air
2169.0,2766.0,0.0,0.0,0.0,24.6,64.5,0,normal_air
2169.0,2768.0,0.0,0.0,0.0,24.6,64.5,0,normal_air
2149.0,2743.0,0.0,0.0,0.0,24.6,64.4,0,normal_air
2150.0,2742.0,0.0,0.0,0.0,24.7,64.4,0,normal_air
2150.0,2740.0,0.0,0.0,0.0,24.6,64.4,0,normal_air
2150.0,2742.0,0.0,0.0,0.0,24.7,64.4,0,normal_air
2162.0,2740.0,0.0,0.0,0.0,24.7,64.4,0,normal_air
2153.0,2740.0,0.0,0.0,0.0,24.7,64.4,0,normal_air
2147.0,2741.0,0.0,0.0,0.0,24.7,64.5,0,normal_air
2153.0,2740.0,0.0,0.0,0.0,24.7,64.4,0,normal_air
2148.0,2739.0,0.0,0.0,0.0,24.7,64.4,0,normal_air
2155.0,2742.0,0.0,0.0,0.0,24.7,64.4,0,normal_air
2159.0,2740.0,0.0,0.0,0.0,24.6,64.5,0,normal_air
2148.0,2741.0,0.0,0.0,0.0,24.7,64.5,0,normal_air
2154.0,2739.0,0.0,0.0,0.0,24.7,64.4,0,normal_air
2147.0,2742.0,0.0,0.0,0.0,24.7,64.4,0,normal_air
2148.0,2742.0,0.0,0.0,0.0,24.7,64.5,0,normal_air
2151.0,2740.0,0.0,0.0,0.0,24.7,64.5,0,normal_air
2148.0,2741.0,0.0,0.0,0.0,24.7,64.5,0,normal_air
2160.0,2738.0,0.0,0.0,0.0,24.7,64.7,0,normal_air
2145.0,2740.0,0.0,0.0,0.0,24.7,64.6,0,normal_air
2146.0,2739.0,0.0,0.0,0.0,24.7,64.6,0,normal_air
2146.0,2741.0,0.0,0.0,0.0,24.7,64.6,0,normal_air
2145.0,2741.0,0.0,0.0,0.0,24.7,64.5,0,normal_air
2151.0,2740.0,0.0,0.0,0.0,24.7,64.5,0,normal_air
2147.0,2738.0,0.0,0.0,0.0,24.7,64.6,0,normal_air
2160.0,2743.0,0.0,0.0,0.0,24.7,64.6,0,normal_air
2147.0,2742.0,0.0,0.0,0.0,24.7,64.7,0,normal_air
2146.0,2743.0,0.0,0.0,0.0,24.7,64.7,0,normal_air
2154.0,2740.0,0.0,0.0,0.0,24.8,64.5,0,normal_air
2145.0,2740.0,0.0,0.0,0.0,24.8,64.6,0,normal_air
2149.0,2738.0,0.0,0.0,0.0,24.8,64.7,0,normal_air
2147.0,2741.0,0.0,0.0,0.0,24.7,64.5,0,normal_air
2148.0,2742.0,0.0,0.0,0.0,24.7,64.4,0,normal_air
2146.0,2742.0,0.0,0.0,0.0,24.7,64.5,0,normal_air
2145.0,2739.0,0.0,0.0,0.0,24.7,64.5,0,normal_air
2153.0,2741.0,0.0,0.0,0.0,24.7,64.5,0,normal_air
2144.0,2738.0,0.0,0.0,0.0,24.7,64.4,0,normal_air
2153.0,2741.0,0.0,0.0,0.0,24.7,64.6,0,normal_air
2146.0,2738.0,0.0,0.0,0.0,24.8,64.5,0,normal_air
2147.0,2740.0,0.0,0.0,0.0,24.7,64.6,0,normal_air
2158.0,2737.0,0.0,0.0,0.0,24.7,64.7,0,normal_air
2145.0,2741.0,0.0,0.0,0.0,24.8,64.5,0,normal_air
2154.0,2740.0,0.0,0.0,0.0,24.7,64.5,0,normal_air
2154.0,2741.0,0.0,0.0,0.0,24.7,64.7,0,normal_air
2145.0,2740.0,0.0,0.0,0.0,24.7,64.6,0,normal_air
2160.0,2741.0,0.0,0.0,0.0,24.8,64.7,0,normal_air
2144.0,2741.0,0.0,0.0,0.0,24.7,64.8,0,normal_air
2160.0,2740.0,0.0,0.0,0.0,24.8,64.8,0,normal_air
2150.0,2737.0,0.0,0.0,0.0,24.8,64.8,0,normal_air
2149.0,2738.0,0.0,0.0,0.0,24.8,64.7,0,normal_air
2153.0,2741.0,0.0,0.0,0.0,24.8,64.6,0,normal_air
2146.0,2741.0,0.0,0.0,0.0,24.7,64.7,0,normal_air
2150.0,2737.0,0.0,0.0,0.0,24.8,64.6,0,normal_air
2145.0,2740.0,0.0,0.0,0.0,24.7,64.7,0,normal_air
2159.0,2739.0,0.0,0.0,0.0,24.7,64.7,0,normal_air
2152.0,2740.0,0.0,0.0,0.0,24.7,64.7,0,normal_air
2145.0,2741.0,0.0,0.0,0.0,24.8,64.6,0,normal_air
2152.0,2739.0,0.0,0.0,0.0,24.8,64.6,0,normal_air
2144.0,2740.0,0.0,0.0,0.0,24.7,64.6,0,normal_air
2150.0,2739.0,0.0,0.0,0.0,24.8,64.8,0,normal_air
2159.0,2737.0,0.0,0.0,0.0,24.8,64.7,0,normal_air
2159.0,2739.0,0.0,0.0,0.0,24.8,64.7,0,normal_air
2150.0,2742.0,0.0,0.0,0.0,24.8,64.7,0,normal_air
2145.0,2740.0,0.0,0.0,0.0,24.8,64.7,0,normal_air
2144.0,2741.0,0.0,0.0,0.0,24.8,64.7,0,normal_air
2145.0,2737.0,0.0,0.0,0.0,24.8,64.6,0,normal_air
2144.0,2737.0,0.0,0.0,0.0,24.8,64.7,0,normal_air
2161.0,2740.0,0.0,0.0,0.0,24.8,64.8,0,normal_air
2146.0,2740.0,0.0,0.0,0.0,24.8,64.8,0,normal_air
2150.0,2737.0,0.0,0.0,0.0,24.8,64.7,0,normal_air
2146.0,2739.0,0.0,0.0,0.0,24.8,64.7,0,normal_air
2142.0,2739.0,0.0,0.0,0.0,24.8,64.7,0,normal_air
2153.0,2740.0,0.0,0.0,0.0,24.8,64.7,0,normal_air
2144.0,2742.0,0.0,0.0,0.0,24.8,64.8,0,normal_air
2159.0,2737.0,0.0,0.0,0.0,24.8,64.8,0,normal_air
2145.0,2741.0,0.0,0.0,0.0,24.8,65.0,0,normal_air
2147.0,2739.0,0.0,0.0,0.0,24.8,65.0,0,normal_air
2145.0,2740.0,0.0,0.0,0.0,24.8,64.9,0,normal_air
2144.0,2739.0,0.0,0.0,0.0,24.8,64.9,0,normal_air
2151.0,2740.0,0.0,0.0,0.0,24.8,64.9,0,normal_air
2144.0,2741.0,0.0,0.0,0.0,24.8,65.0,0,normal_air
2160.0,2740.0,0.0,0.0,0.0,24.8,64.9,0,normal_air
2146.0,2741.0,0.0,0.0,0.0,24.8,64.9,0,normal_air
2148.0,2741.0,0.0,0.0,0.0,24.8,64.9,0,normal_air
2149.0,2741.0,0.0,0.0,0.0,24.8,64.9,0,normal_air
2145.0,2741.0,0.0,0.0,0.0,24.8,64.9,0,normal_air
2150.0,2741.0,0.0,0.0,0.0,24.8,65.0,0,normal_air
2145.0,2739.0,0.0,0.0,0.0,24.8,64.9,0,normal_air
2143.0,2737.0,0.0,0.0,0.0,24.8,65.0,0,normal_air
2151.0,2739.0,0.0,0.0,0.0,24.8,65.1,0,normal_air
2144.0,2741.0,0.0,0.0,0.0,24.8,65.0,0,normal_air
2150.0,2740.0,0.0,0.0,0.0,24.8,65.0,0,normal_air
2152.0,2737.0,0.0,0.0,0.0,24.9,65.0,0,normal_air
2152.0,2741.0,0.0,0.0,0.0,24.8,64.8,0,normal_air
2159.0,2739.0,0.0,0.0,0.0,24.8,65.0,0,normal_air
2144.0,2741.0,0.0,0.0,0.0,24.9,65.0,0,normal_air
2159.0,2738.0,0.0,0.0,0.0,24.9,65.0,0,normal_air
2146.0,2739.0,0.0,0.0,0.0,24.8,64.9,0,normal_air
2150.0,2739.0,0.0,0.0,0.0,24.8,64.9,0,normal_air
2151.0,2737.0,0.0,0.0,0.0,24.9,64.7,0,normal_air
2143.0,2740.0,0.0,0.0,0.0,24.9,64.8,0,normal_air
2157.0,2740.0,0.0,0.0,0.0,24.9,64.8,0,normal_air
2143.0,2738.0,0.0,0.0,0.0,24.9,64.9,0,normal_air
2160.0,2739.0,0.0,0.0,0.0,24.9,64.9,0,normal_air
2150.0,2740.0,0.0,0.0,0.0,24.9,64.9,0,normal_air
2151.0,2737.0,0.0,0.0,0.0,24.9,65.0,0,normal_air
2153.0,2739.0,0.0,0.0,0.0,24.9,64.8,0,normal_air
2146.0,2740.0,0.0,0.0,0.0,24.9,64.8,0,normal_air
2150.0,2739.0,0.0,0.0,0.0,24.9,64.9,0,normal_air
2143.0,2739.0,0.0,0.0,0.0,24.9,64.9,0,normal_air
2159.0,2738.0,0.0,0.0,0.0,24.8,64.9,0,normal_air
2150.0,2738.0,0.0,0.0,0.0,24.8,64.9,0,normal_air
2146.0,2741.0,0.0,0.0,0.0,24.9,64.8,0,normal_air
2152.0,2740.0,0.0,0.0,0.0,24.9,65.0,0,normal_air
2143.0,2739.0,0.0,0.0,0.0,24.9,64.9,0,normal_air
2145.0,2737.0,0.0,0.0,0.0,24.9,64.8,0,normal_air
2160.0,2738.0,0.0,0.0,0.0,24.9,64.9,0,normal_air
2144.0,2739.0,0.0,0.0,0.0,24.8,64.8,0,normal_air
2150.0,2739.0,0.0,0.0,0.0,24.9,64.8,0,normal_air
2145.0,2739.0,0.0,0.0,0.0,24.9,64.9,0,normal_air
2145.0,2741.0,0.0,0.0,0.0,24.9,64.9,0,normal_air
2145.0,2738.0,0.0,0.0,0.0,24.9,64.7,0,normal_air
2144.0,2738.0,0.0,0.0,0.0,24.9,64.9,0,normal_air
2160.0,2740.0,0.0,0.0,0.0,24.9,64.8,0,normal_air
2145.0,2739.0,0.0,0.0,0.0,24.9,64.6,0,normal_air
2150.0,2739.0,0.0,0.0,0.0,24.9,64.8,0,normal_air
2145.0,2738.0,0.0,0.0,0.0,24.9,64.9,0,normal_air
2144.0,2742.0,0.0,0.0,0.0,24.9,64.8,0,normal_air
2150.0,2740.0,0.0,0.0,0.0,24.9,64.9,0,normal_air
2143.0,2737.0,0.0,0.0,0.0,24.9,64.9,0,normal_air
2159.0,2739.0,0.0,0.0,0.0,24.9,65.0,0,normal_air
2144.0,2740.0,0.0,0.0,0.0,24.9,64.8,0,normal_air
2143.0,2738.0,0.0,0.0,0.0,24.9,64.8,0,normal_air
2145.0,2738.0,0.0,0.0,0.0,24.9,64.9,0,normal_air
2144.0,2738.0,0.0,0.0,0.0,24.9,64.9,0,normal_air
2150.0,2740.0,0.0,0.0,0.0,24.9,65.0,0,normal_air
2145.0,2739.0,0.0,0.0,0.0,24.9,64.9,0,normal_air
2160.0,2737.0,0.0,0.0,0.0,24.9,64.9,0,normal_air
2149.0,2741.0,0.0,0.0,0.0,24.9,64.9,0,normal_air
2143.0,2738.0,0.0,0.0,0.0,24.9,64.8,0,normal_air
2152.0,2741.0,0.0,0.0,0.0,25.0,64.8,0,normal_air
2144.0,2739.0,0.0,0.0,0.0,24.9,64.8,0,normal_air
2149.0,2740.0,0.0,0.0,0.0,24.9,64.8,0,normal_air
2160.0,2739.0,0.0,0.0,0.0,24.9,64.8,0,normal_air
2143.0,2739.0,0.0,0.0,0.0,24.9,65.0,0,normal_air
2151.0,2739.0,0.0,0.0,0.0,25.0,64.9,0,normal_air
2144.0,2740.0,0.0,0.0,0.0,25.0,65.0,0,normal_air
2149.0,2740.0,0.0,0.0,0.0,24.9,64.9,0,normal_air
2152.0,2740.0,0.0,0.0,0.0,24.9,64.8,0,normal_air
2150.0,2738.0,0.0,0.0,0.0,24.9,64.9,0,normal_air
2162.0,2739.0,0.0,0.0,0.0,24.9,65.0,0,normal_air
2146.0,2737.0,0.0,0.0,0.0,24.9,64.9,0,normal_air
2160.0,2737.0,0.0,0.0,0.0,25.0,65.0,0,normal_air
2143.0,2738.0,0.0,0.0,0.0,24.9,64.9,0,normal_air
2148.0,2739.0,0.0,0.0,0.0,24.9,64.9,0,normal_air
2149.0,2739.0,0.0,0.0,0.0,25.0,64.9,0,normal_air
2145.0,2739.0,0.0,0.0,0.0,25.0,64.8,0,normal_air
2158.0,2737.0,0.0,0.0,0.0,24.9,64.9,0,normal_air
2145.0,2741.0,0.0,0.0,0.0,25.0,64.9,0,normal_air
2161.0,2741.0,0.0,0.0,0.0,24.9,64.9,0,normal_air
2152.0,2738.0,0.0,0.0,0.0,24.9,64.9,0,normal_air
2147.0,2741.0,0.0,0.0,0.0,24.9,65.0,0,normal_air
2153.0,2741.0,0.0,0.0,0.0,25.0,65.0,0,normal_air
2145.0,2740.0,0.0,0.0,0.0,24.9,64.9,0,normal_air
2144.0,2741.0,0.0,0.0,0.0,24.9,64.9,0,normal_air
2145.0,2741.0,0.0,0.0,0.0,24.9,65.0,0,normal_air
2144.0,2739.0,0.0,0.0,0.0,24.9,65.0,0,normal_air
2152.0,2739.0,0.0,0.0,0.0,24.9,65.0,0,normal_air
2145.0,2738.0,0.0,0.0,0.0,25.0,64.9,0,normal_air
2152.0,2740.0,0.0,0.0,0.0,25.0,64.9,0,normal_air
2145.0,2738.0,0.0,0.0,0.0,25.0,64.9,0,normal_air
2142.0,2738.0,0.0,0.0,0.0,25.0,64.8,0,normal_air
2156.0,2741.0,0.0,0.0,0.0,25.0,64.8,0,normal_air
2146.0,2738.0,0.0,0.0,0.0,25.0,64.9,0,normal_air
2150.0,2740.0,0.0,0.0,0.0,25.0,64.8,0,normal_air
2144.0,2740.0,0.0,0.0,0.0,25.0,64.9,0,normal_air
2146.0,2737.0,0.0,0.0,0.0,25.0,64.9,0,normal_air
2144.0,2741.0,0.0,0.0,0.0,25.0,64.9,0,normal_air
2143.0,2740.0,0.0,0.0,0.0,25.0,65.0,0,normal_air
2159.0,2740.0,0.0,0.0,0.0,25.0,65.0,0,normal_air
2144.0,2741.0,0.0,0.0,0.0,25.0,65.0,0,normal_air
2151.0,2739.0,0.0,0.0,0.0,25.0,65.1,0,normal_air
2145.0,2739.0,0.0,0.0,0.0,25.0,64.9,0,normal_air
2146.0,2738.0,0.0,0.0,0.0,25.0,65.0,0,normal_air
2150.0,2740.0,0.0,0.0,0.0,25.0,65.1,0,normal_air
2142.0,2738.0,0.0,0.0,0.0,25.0,64.8,0,normal_air
2160.0,2738.0,0.0,0.0,0.0,25.0,65.0,0,normal_air
2148.0,2742.0,0.0,0.0,0.0,25.0,65.0,0,normal_air
2144.0,2740.0,0.0,0.0,0.0,25.0,65.0,0,normal_air
2149.0,2739.0,0.0,0.0,0.0,25.0,64.9,0,normal_air
2142.0,2740.0,0.0,0.0,0.0,25.0,65.0,0,normal_air
2151.0,2739.0,0.0,0.0,0.0,25.0,65.0,0,normal_air
2160.0,2740.0,0.0,0.0,0.0,25.0,65.0,0,normal_air
2160.0,2740.0,0.0,0.0,0.0,25.0,65.0,0,normal_air
2148.0,2737.0,0.0,0.0,0.0,25.0,65.0,0,normal_air
2145.0,2739.0,0.0,0.0,0.0,25.0,65.0,0,normal_air
2150.0,2739.0,0.0,0.0,0.0,25.0,64.9,0,normal_air
2145.0,2739.0,0.0,0.0,0.0,25.0,64.9,0,normal_air
2151.0,2741.0,0.0,0.0,0.0,25.0,65.0,0,normal_air
2154.0,2739.0,0.0,0.0,0.0,25.0,64.8,0,normal_air
2145.0,2741.0,0.0,0.0,0.0,25.0,65.0,0,normal_air
2150.0,2738.0,0.0,0.0,0.0,25.0,64.8,0,normal_air
2145.0,2738.0,0.0,0.0,0.0,25.0,65.0,0,normal_air
2151.0,2738.0,0.0,0.0,0.0,25.0,64.9,0,normal_air
2149.0,2737.0,0.0,0.0,0.0,25.0,64.9,0,normal_air
2151.0,2738.0,0.0,0.0,0.0,25.1,64.8,0,normal_air
2159.0,2737.0,0.0,0.0,0.0,25.0,64.8,0,normal_air
2143.0,2740.0,0.0,0.0,0.0,25.0,64.8,0,normal_air
2160.0,2740.0,0.0,0.0,0.0,25.0,64.8,0,normal_air
2145.0,2738.0,0.0,0.0,0.0,25.0,64.9,0,normal_air
2153.0,2739.0,0.0,0.0,0.0,25.0,64.9,0,normal_air
2152.0,2739.0,0.0,0.0,0.0,25.1,64.9,0,normal_air
2146.0,2738.0,0.0,0.0,0.0,25.0,64.9,0,normal_air
2156.0,2739.0,0.0,0.0,0.0,25.1,64.8,0,normal_air
2146.0,2740.0,0.0,0.0,0.0,25.1,64.7,0,normal_air
2145.0,2738.0,0.0,0.0,0.0,25.1,64.7,0,normal_air
2150.0,2739.0,0.0,0.0,0.0,25.0,64.8,0,normal_air
2146.0,2738.0,0.0,0.0,0.0,25.0,64.9,0,normal_air
2148.0,2736.0,0.0,0.0,0.0,25.0,64.8,0,normal_air
2143.0,2739.0,0.0,0.0,0.0,25.1,64.8,0,normal_air
2145.0,2741.0,0.0,0.0,0.0,25.1,64.9,0,normal_air
2145.0,2738.0,0.0,0.0,0.0,25.0,65.0,0,normal_air
2144.0,2739.0,0.0,0.0,0.0,25.0,65.0,0,normal_air
2147.0,2740.0,0.0,0.0,0.0,25.0,65.0,0,normal_air
2144.0,2738.0,0.0,0.0,0.0,25.0,64.9,0,normal_air
2152.0,2740.0,0.0,0.0,0.0,25.0,64.9,0,normal_air
2144.0,2737.0,0.0,0.0,0.0,25.1,65.0,0,normal_air
2144.0,2735.0,0.0,0.0,0.0,25.1,65.0,0,normal_air
2156.0,2739.0,0.0,0.0,0.0,25.1,65.2,0,normal_air
2145.0,2741.0,0.0,0.0,0.0,25.1,65.0,0,normal_air
2151.0,2741.0,0.0,0.0,0.0,25.0,65.2,0,normal_air
2145.0,2740.0,0.0,0.0,0.0,25.1,65.3,0,normal_air
2143.0,2739.0,0.0,0.0,0.0,25.1,65.2,0,normal_air
2143.0,2739.0,0.0,0.0,0.0,25.1,65.2,0,normal_air
2146.0,2738.0,0.0,0.0,0.0,25.0,65.2,0,normal_air
2160.0,2739.0,0.0,0.0,0.0,25.0,65.2,0,normal_air
2150.0,2739.0,0.0,0.0,0.0,25.0,65.2,0,normal_air
2148.0,2739.0,0.0,0.0,0.0,25.1,65.2,0,normal_air
2151.0,2738.0,0.0,0.0,0.0,25.1,65.3,0,normal_air
2145.0,2739.0,0.0,0.0,0.0,25.1,65.3,0,normal_air
2152.0,2738.0,0.0,0.0,0.0,25.0,65.3,0,normal_air
2143.0,2739.0,0.0,0.0,0.0,25.0,65.1,0,normal_air
2156.0,2740.0,0.0,0.0,0.0,25.1,65.1,0,normal_air
2149.0,2740.0,0.0,0.0,0.0,25.1,65.1,0,normal_air
2146.0,2738.0,0.0,0.0,0.0,25.1,65.1,0,normal_air
2149.0,2738.0,0.0,0.0,0.0,25.1,65.1,0,normal_air
2143.0,2738.0,0.0,0.0,0.0,25.1,65.0,0,normal_air
2133.0,2740.0,0.0,0.0,0.0,25.0,65.1,0,normal_air
2160.0,2739.0,0.0,0.0,0.0,25.1,65.0,0,normal_air
2159.0,2739.0,0.0,0.0,0.0,25.1,65.0,0,normal_air
2152.0,2741.0,0.0,0.0,0.0,25.1,65.0,0,normal_air
2145.0,2740.0,0.0,0.0,0.0,25.1,65.0,0,normal_air
2151.0,2740.0,0.0,0.0,0.0,25.1,65.0,0,normal_air
2146.0,2739.0,0.0,0.0,0.0,25.1,65.0,0,normal_air
2152.0,2742.0,0.0,0.0,0.0,25.1,65.1,0,normal_air
2159.0,2739.0,0.0,0.0,0.0,25.1,65.0,0,normal_air
2145.0,2739.0,0.0,0.0,0.0,25.1,65.0,0,normal_air
2151.0,2740.0,0.0,0.0,0.0,25.1,65.0,0,normal_air
2146.0,2740.0,0.0,0.0,0.0,25.1,65.0,0,normal_air
2151.0,2740.0,0.0,0.0,0.0,25.1,65.0,0,normal_air
2152.0,2738.0,0.0,0.0,0.0,25.0,65.0,0,normal_air
2146.0,2738.0,0.0,0.0,0.0,25.1,64.9,0,normal_air
2161.0,2739.0,0.0,0.0,0.0,25.1,65.0,0,normal_air
2146.0,2739.0,0.0,0.0,0.0,25.1,65.1,0,normal_air
2147.0,2737.0,0.0,0.0,0.0,25.1,65.1,0,normal_air
2144.0,2738.0,0.0,0.0,0.0,25.1,64.9,0,normal_air
2144.0,2738.0,0.0,0.0,0.0,25.1,65.2,0,normal_air
2150.0,2741.0,0.0,0.0,0.0,25.1,65.0,0,normal_air
2143.0,2739.0,0.0,0.0,0.0,25.1,65.0,0,normal_air
2159.0,2740.0,0.0,0.0,0.0,25.1,65.0,0,normal_air
2145.0,2739.0,0.0,0.0,0.0,25.1,65.0,0,normal_air
2143.0,2738.0,0.0,0.0,0.0,25.1,65.0,0,normal_air
2152.0,2738.0,0.0,0.0,0.0,25.1,65.0,0,normal_air
2146.0,2740.0,0.0,0.0,0.0,25.1,65.0,0,normal_air
2152.0,2738.0,0.0,0.0,0.0,25.1,65.0,0,normal_air
2146.0,2740.0,0.0,0.0,0.0,25.1,65.1,0,normal_air
2145.0,2738.0,0.0,0.0,0.0,25.1,65.0,0,normal_air
2146.0,2739.0,0.0,0.0,0.0,25.1,65.0,0,normal_air
2144.0,2739.0,0.0,0.0,0.0,25.1,65.0,0,normal_air
2150.0,2741.0,0.0,0.0,0.0,25.1,65.0,0,normal_air
2144.0,2740.0,0.0,0.0,0.0,25.1,65.1,0,normal_air
2150.0,2741.0,0.0,0.0,0.0,25.1,65.1,0,normal_air
2145.0,2740.0,0.0,0.0,0.0,25.1,65.1,0,normal_air
2144.0,2738.0,0.0,0.0,0.0,25.1,65.2,0,normal_air
2159.0,2739.0,0.0,0.0,0.0,25.1,65.2,0,normal_air
2146.0,2740.0,0.0,0.0,0.0,25.1,65.2,0,normal_air
2150.0,2739.0,0.0,0.0,0.0,25.1,65.2,0,normal_air
2151.0,2738.0,0.0,0.0,0.0,25.1,65.0,0,normal_air
2143.0,2739.0,0.0,0.0,0.0,25.1,65.1,0,normal_air
2158.0,2741.0,0.0,0.0,0.0,25.1,65.2,0,normal_air
2146.0,2740.0,0.0,0.0,0.0,25.1,65.2,0,normal_air
2158.0,2739.0,0.0,0.0,0.0,25.1,65.2,0,normal_air
2151.0,2740.0,0.0,0.0,0.0,25.1,65.2,0,normal_air
2153.0,2739.0,0.0,0.0,0.0,25.1,65.3,0,normal_air
2152.0,2740.0,0.0,0.0,0.0,25.1,65.4,0,normal_air
2145.0,2739.0,0.0,0.0,0.0,25.1,65.4,0,normal_air
2150.0,2737.0,0.0,0.0,0.0,25.1,65.3,0,normal_air
2143.0,2739.0,0.0,0.0,0.0,25.1,65.3,0,normal_air
2159.0,2738.0,0.0,0.0,0.0,25.1,65.3,0,normal_air
2150.0,2739.0,0.0,0.0,0.0,25.1,65.3,0,normal_air
2144.0,2739.0,0.0,0.0,0.0,25.1,65.3,0,normal_air
2150.0,2740.0,0.0,0.0,0.0,25.1,65.2,0,normal_air
2146.0,2739.0,0.0,0.0,0.0,25.1,65.2,0,normal_air
2150.0,2738.0,0.0,0.0,0.0,25.1,65.1,0,normal_air
2161.0,2740.0,0.0,0.0,0.0,25.1,65.1,0,normal_air
2159.0,2737.0,0.0,0.0,0.0,25.1,65.2,0,normal_air
2151.0,2738.0,0.0,0.0,0.0,25.1,65.2,0,normal_air
2144.0,2738.0,0.0,0.0,0.0,25.1,65.1,0,normal_air
2153.0,2737.0,0.0,0.0,0.0,25.2,65.1,0,normal_air
2145.0,2739.0,0.0,0.0,0.0,25.1,65.2,0,normal_air
2145.0,2738.0,0.0,0.0,0.0,25.1,65.2,0,normal_air
2160.0,2738.0,0.0,0.0,0.0,25.1,65.0,0,normal_air
2146.0,2739.0,0.0,0.0,0.0,25.1,65.1,0,normal_air
2152.0,2739.0,0.0,0.0,0.0,25.2,65.2,0,normal_air
2145.0,2741.0,0.0,0.0,0.0,25.1,65.1,0,normal_air
2143.0,2737.0,0.0,0.0,0.0,25.2,65.1,0,normal_air
2150.0,2739.0,0.0,0.0,0.0,25.1,65.0,0,normal_air
2144.0,2738.0,0.0,0.0,0.0,25.1,65.0,0,normal_air
2160.0,2738.0,0.0,0.0,0.0,25.1,65.2,0,normal_air
2145.0,2738.0,0.0,0.0,0.0,25.1,64.9,0,normal_air
2144.0,2738.0,0.0,0.0,0.0,25.1,64.9,0,normal_air
2144.0,2737.0,0.0,0.0,0.0,25.1,65.0,0,normal_air
2146.0,2740.0,0.0,0.0,0.0,25.1,65.1,0,normal_air
2149.0,2740.0,0.0,0.0,0.0,25.1,65.1,0,normal_air
2144.0,2739.0,0.0,0.0,0.0,25.1,65.1,0,normal_air
2158.0,2738.0,0.0,0.0,0.0,25.2,65.0,0,normal_air
2144.0,2738.0,0.0,0.0,0.0,25.2,65.1,0,normal_air
2145.0,2738.0,0.0,0.0,0.0,25.2,65.1,0,normal_air
2153.0,2742.0,0.0,0.0,0.0,25.1,65.1,0,normal_air
2144.0,2739.0,0.0,0.0,0.0,25.1,65.1,0,normal_air
2150.0,2739.0,0.0,0.0,0.0,25.2,65.0,0,normal_air
2144.0,2740.0,0.0,0.0,0.0,25.1,65.1,0,normal_air
2144.0,2739.0,0.0,0.0,0.0,25.2,65.0,0,normal_air
2151.0,2739.0,0.0,0.0,0.0,25.2,65.2,0,normal_air
2144.0,2739.0,0.0,0.0,0.0,25.2,65.1,0,normal_air
2152.0,2739.0,0.0,0.0,0.0,25.1,65.2,0,normal_air
2149.0,2738.0,0.0,0.0,0.0,25.1,65.0,0,normal_air
2152.0,2739.0,0.0,0.0,0.0,25.1,65.0,0,normal_air
2159.0,2737.0,0.0,0.0,0.0,25.1,65.0,0,normal_air
2146.0,2741.0,0.0,0.0,0.0,25.1,65.0,0,normal_air
2157.0,2739.0,0.0,0.0,0.0,25.1,65.0,0,normal_air
2145.0,2741.0,0.0,0.0,0.0,25.1,65.1,0,normal_air
2149.0,2740.0,0.0,0.0,0.0,25.1,65.0,0,normal_air
2151.0,2742.0,0.0,0.0,0.0,25.2,65.0,0,normal_air
2147.0,2739.0,0.0,0.0,0.0,25.1,65.1,0,normal_air
2158.0,2739.0,0.0,0.0,0.0,25.1,65.1,0,normal_air
2146.0,2738.0,0.0,0.0,0.0,25.2,65.1,0,normal_air
2159.0,2736.0,0.0,0.0,0.0,25.1,65.1,0,normal_air
2154.0,2738.0,0.0,0.0,0.0,25.1,65.1,0,normal_air
2152.0,2740.0,0.0,0.0,0.0,25.1,65.1,0,normal_air
2151.0,2739.0,0.0,0.0,0.0,25.1,65.1,0,normal_air
2145.0,2740.0,0.0,0.0,0.0,25.2,65.0,0,normal_air
2150.0,2740.0,0.0,0.0,0.0,25.1,65.2,0,normal_air
2145.0,2740.0,0.0,0.0,0.0,25.2,65.0,0,normal_air
2159.0,2741.0,0.0,0.0,0.0,25.1,65.0,0,normal_air
2149.0,2739.0,0.0,0.0,0.0,25.1,65.0,0,normal_air
2144.0,2738.0,0.0,0.0,0.0,25.1,65.1,0,normal_air
2151.0,2740.0,0.0,0.0,0.0,25.1,64.9,0,normal_air
2144.0,2739.0,0.0,0.0,0.0,25.2,65.0,0,normal_air
2143.0,2736.0,0.0,0.0,0.0,25.1,65.0,0,normal_air
2159.0,2740.0,0.0,0.0,0.0,25.1,65.0,0,normal_air
2145.0,2740.0,0.0,0.0,0.0,25.1,65.0,0,normal_air
2151.0,2738.0,0.0,0.0,0.0,25.2,65.1,0,normal_air
2142.0,2738.0,0.0,0.0,0.0,25.1,65.1,0,normal_air
2143.0,2737.0,0.0,0.0,0.0,25.1,65.1,0,normal_air
2143.0,2741.0,0.0,0.0,0.0,25.1,65.0,0,normal_air
2143.0,2739.0,0.0,0.0,0.0,25.1,65.1,0,normal_air
2159.0,2740.0,0.0,0.0,0.0,25.2,65.0,0,normal_air
2143.0,2739.0,0.0,0.0,0.0,25.1,65.1,0,normal_air
2150.0,2738.0,0.0,0.0,0.0,25.1,65.1,0,normal_air
2145.0,2738.0,0.0,0.0,0.0,25.2,65.2,0,normal_air
2145.0,2739.0,0.0,0.0,0.0,25.1,65.1,0,normal_air
2151.0,2737.0,0.0,0.0,0.0,25.2,65.2,0,normal_air
2144.0,2738.0,0.0,0.0,0.0,25.2,65.2,0,normal_air
2158.0,2739.0,0.0,0.0,0.0,25.1,65.0,0,normal_air
2144.0,2739.0,0.0,0.0,0.0,25.1,65.1,0,normal_air
2145.0,2738.0,0.0,0.0,0.0,25.1,65.1,0,normal_air
2143.0,2737.0,0.0,0.0,0.0,25.2,65.0,0,normal_air
2145.0,2739.0,0.0,0.0,0.0,25.2,65.1,0,normal_air
2151.0,2741.0,0.0,0.0,0.0,25.2,65.1,0,normal_air
2144.0,2740.0,0.0,0.0,0.0,25.1,65.1,0,normal_air
2159.0,2741.0,0.0,0.0,0.0,25.2,65.2,0,normal_air
2147.0,2737.0,0.0,0.0,0.0,25.2,65.2,0,normal_air
2142.0,2736.0,0.0,0.0,0.0,25.2,65.0,0,normal_air
2150.0,2738.0,0.0,0.0,0.0,25.2,65.0,0,normal_air
2142.0,2738.0,0.0,0.0,0.0,25.2,65.1,0,normal_air
2149.0,2738.0,0.0,0.0,0.0,25.2,65.0,0,normal_air
2154.0,2739.0,0.0,0.0,0.0,25.2,65.0,0,normal_air
2145.0,2740.0,0.0,0.0,0.0,25.2,65.1,0,normal_air
2151.0,2738.0,0.0,0.0,0.0,25.1,65.0,0,normal_air
2143.0,2739.0,0.0,0.0,0.0,25.2,65.1,0,normal_air
2151.0,2739.0,0.0,0.0,0.0,25.2,65.0,0,normal_air
2148.0,2737.0,0.0,0.0,0.0,25.2,65.0,0,normal_air
2149.0,2738.0,0.0,0.0,0.0,25.2,65.0,0,normal_air
2158.0,2737.0,0.0,0.0,0.0,25.2,65.0,0,normal_air
2142.0,2737.0,0.0,0.0,0.0,25.2,64.9,0,normal_air
2159.0,2740.0,0.0,0.0,0.0,25.2,65.1,0,normal_air
2141.0,2735.0,0.0,0.0,0.0,25.2,64.9,0,normal_air
2150.0,2738.0,0.0,0.0,0.0,25.2,65.0,0,normal_air
2149.0,2738.0,0.0,0.0,0.0,25.2,65.0,0,normal_air
2143.0,2738.0,0.0,0.0,0.0,25.2,65.0,0,normal_air
2155.0,2738.0,0.0,0.0,0.0,25.2,65.0,0,normal_air
2145.0,2739.0,0.0,0.0,0.0,25.2,65.0,0,normal_air
2158.0,2738.0,0.0,0.0,0.0,25.2,65.0,0,normal_air
2152.0,2741.0,0.0,0.0,0.0,25.2,65.0,0,normal_air
2152.0,2737.0,0.0,0.0,0.0,25.2,65.0,0,normal_air
2147.0,2736.0,0.0,0.0,0.0,25.2,65.1,0,normal_air
2143.0,2740.0,0.0,0.0,0.0,25.2,65.1,0,normal_air
2144.0,2740.0,0.0,0.0,0.0,25.2,65.1,0,normal_air
2146.0,2739.0,0.0,0.0,0.0,25.2,65.0,0,normal_air
2145.0,2738.0,0.0,0.0,0.0,25.2,65.0,0,normal_air
2148.0,2736.0,0.0,0.0,0.0,25.2,64.9,0,normal_air
2145.0,2740.0,0.0,0.0,0.0,25.2,64.9,0,normal_air
2151.0,2738.0,0.0,0.0,0.0,25.2,65.0,0,normal_air
2146.0,2741.0,0.0,0.0,0.0,25.2,65.1,0,normal_air
2145.0,2739.0,0.0,0.0,0.0,25.2,65.0,0,normal_air
2156.0,2739.0,0.0,0.0,0.0,25.2,65.0,0,normal_air
2143.0,2738.0,0.0,0.0,0.0,25.2,65.1,0,normal_air
2149.0,2737.0,0.0,0.0,0.0,25.2,65.1,0,normal_air
2144.0,2738.0,0.0,0.0,0.0,25.2,65.0,0,normal_air
2145.0,2738.0,0.0,0.0,0.0,25.2,65.0,0,normal_air
2143.0,2739.0,0.0,0.0,0.0,25.2,65.0,0,normal_air
2142.0,2737.0,0.0,0.0,0.0,25.2,65.1,0,normal_air
2161.0,2741.0,0.0,0.0,0.0,25.2,65.0,0,normal_air
2142.0,2739.0,0.0,0.0,0.0,25.2,65.0,0,normal_air
2148.0,2739.0,0.0,0.0,0.0,25.2,65.0,0,normal_air
2145.0,2739.0,0.0,0.0,0.0,25.2,65.0,0,normal_air
2144.0,2740.0,0.0,0.0,0.0,25.2,65.1,0,normal_air
2150.0,2737.0,0.0,0.0,0.0,25.2,65.1,0,normal_air
2143.0,2738.0,0.0,0.0,0.0,25.2,65.0,0,normal_air
2156.0,2739.0,0.0,0.0,0.0,25.2,65.0,0,normal_air
2151.0,2736.0,0.0,0.0,0.0,25.2,65.0,0,normal_air
2144.0,2738.0,0.0,0.0,0.0,25.2,64.9,0,normal_air
2151.0,2739.0,0.0,0.0,0.0,25.2,65.3,0,normal_air
2142.0,2738.0,0.0,0.0,0.0,25.3,65.6,0,normal_air
2149.0,2738.0,0.0,0.0,0.0,25.2,65.9,0,normal_air
2160.0,2740.0,0.0,0.0,0.0,25.2,65.9,0,normal_air
2159.0,2741.0,0.0,0.0,0.0,25.2,65.6,0,normal_air
2151.0,2741.0,0.0,0.0,0.0,25.2,65.6,0,normal_air
2145.0,2739.0,0.0,0.0,0.0,25.2,65.3,0,normal_air
2150.0,2739.0,0.0,0.0,0.0,25.2,65.3,0,normal_air
2145.0,2739.0,0.0,0.0,0.0,25.3,65.3,0,normal_air
2153.0,2739.0,0.0,0.0,0.0,25.2,65.1,0,normal_air
2159.0,2737.0,0.0,0.0,0.0,25.3,65.1,0,normal_air
2144.0,2738.0,0.0,0.0,0.0,25.2,65.1,0,normal_air
2150.0,2740.0,0.0,0.0,0.0,25.2,65.1,0,normal_air
2142.0,2739.0,0.0,0.0,0.0,25.2,65.1,0,normal_air
2151.0,2737.0,0.0,0.0,0.0,25.3,65.0,0,normal_air
2151.0,2738.0,0.0,0.0,0.0,25.3,65.0,0,normal_air
2149.0,2739.0,0.0,0.0,0.0,25.3,65.2,0,normal_air
2158.0,2738.0,0.0,0.0,0.0,25.3,65.3,0,normal_air
2146.0,2739.0,0.0,0.0,0.0,25.2,65.3,0,normal_air
2162.0,2739.0,0.0,0.0,0.0,25.3,65.3,0,normal_air
2144.0,2739.0,0.0,0.0,0.0,25.3,65.3,0,normal_air
2148.0,2740.0,0.0,0.0,0.0,25.3,65.1,0,normal_air
2151.0,2738.0,0.0,0.0,0.0,25.3,65.2,0,normal_air
2144.0,2740.0,0.0,0.0,0.0,25.2,65.1,0,normal_air
2157.0,2738.0,0.0,0.0,0.0,25.3,65.2,0,normal_air
2144.0,2740.0,0.0,0.0,0.0,25.2,65.2,0,normal_air
2145.0,2739.0,0.0,0.0,0.0,25.2,65.2,0,normal_air
2151.0,2739.0,0.0,0.0,0.0,25.3,65.3,0,normal_air
2143.0,2738.0,0.0,0.0,0.0,25.3,65.1,0,normal_air
2150.0,2740.0,0.0,0.0,0.0,25.3,65.1,0,normal_air
2142.0,2739.0,0.0,0.0,0.0,25.3,65.0,0,normal_air
2144.0,2739.0,0.0,0.0,0.0,25.3,65.0,0,normal_air
2145.0,2738.0,0.0,0.0,0.0,25.3,65.1,0,normal_air
2142.0,2739.0,0.0,0.0,0.0,25.3,65.1,0,normal_air
2149.0,2739.0,0.0,0.0,0.0,25.3,65.1,0,normal_air
2144.0,2741.0,0.0,0.0,0.0,25.3,65.1,0,normal_air
2149.0,2737.0,0.0,0.0,0.0,25.3,65.0,0,normal_air
2144.0,2737.0,0.0,0.0,0.0,25.3,65.2,0,normal_air
2143.0,2737.0,0.0,0.0,0.0,25.3,65.0,0,normal_air
2160.0,2739.0,0.0,0.0,0.0,25.3,65.0,0,normal_air
2144.0,2738.0,0.0,0.0,0.0,25.3,65.0,0,normal_air
2152.0,2739.0,0.0,0.0,0.0,25.3,65.0,0,normal_air
2140.0,2739.0,0.0,0.0,0.0,25.3,65.0,0,normal_air
2145.0,2737.0,0.0,0.0,0.0,25.3,64.9,0,normal_air
2144.0,2739.0,0.0,0.0,0.0,25.3,65.0,0,normal_air
2143.0,2739.0,0.0,0.0,0.0,25.3,64.9,0,normal_air
2160.0,2740.0,0.0,0.0,0.0,25.3,64.9,0,normal_air
2151.0,2739.0,0.0,0.0,0.0,25.3,64.9,0,normal_air
2150.0,2737.0,0.0,0.0,0.0,25.3,64.9,0,normal_air
2151.0,2738.0,0.0,0.0,0.0,25.3,65.0,0,normal_air
2141.0,2736.0,0.0,0.0,0.0,25.3,65.0,0,normal_air
2150.0,2738.0,0.0,0.0,0.0,25.3,65.0,0,normal_air
2144.0,2740.0,0.0,0.0,0.0,25.3,64.9,0,normal_air
2158.0,2738.0,0.0,0.0,0.0,25.3,65.0,0,normal_air
2149.0,2740.0,0.0,0.0,0.0,25.3,65.0,0,normal_air
2144.0,2738.0,0.0,0.0,0.0,25.3,64.9,0,normal_air
2151.0,2739.0,0.0,0.0,0.0,25.3,65.0,0,normal_air
2143.0,2740.0,0.0,0.0,0.0,25.3,65.0,0,normal_air
2151.0,2740.0,0.0,0.0,0.0,25.3,64.9,0,normal_air
2159.0,2740.0,0.0,0.0,0.0,25.3,65.0,0,normal_air
2158.0,2737.0,0.0,0.0,0.0,25.3,64.9,0,normal_air
2153.0,2740.0,0.0,0.0,0.0,25.3,64.9,0,normal_air
2145.0,2740.0,0.0,0.0,0.0,25.3,65.0,0,normal_air
2149.0,2737.0,0.0,0.0,0.0,25.3,65.0,0,normal_air
2144.0,2738.0,0.0,0.0,0.0,25.3,64.8,0,normal_air
2148.0,2737.0,0.0,0.0,0.0,25.3,64.9,0,normal_air
2157.0,2737.0,0.0,0.0,0.0,25.3,64.9,0,normal_air
2142.0,2740.0,0.0,0.0,0.0,25.3,64.9,0,normal_air
2150.0,2740.0,0.0,0.0,0.0,25.3,64.9,0,normal_air
2145.0,2738.0,0.0,0.0,0.0,25.3,64.9,0,normal_air
2152.0,2740.0,0.0,0.0,0.0,25.3,64.9,0,normal_air
2153.0,2741.0,0.0,0.0,0.0,25.3,64.9,0,normal_air
2144.0,2740.0,0.0,0.0,0.0,25.3,64.8,0,normal_air
2161.0,2742.0,0.0,0.0,0.0,25.3,64.9,0,normal_air
2143.0,2739.0,0.0,0.0,0.0,25.3,64.9,0,normal_air
2145.0,2737.0,0.0,0.0,0.0,25.3,64.9,0,normal_air
2143.0,2738.0,0.0,0.0,0.0,25.3,64.9,0,normal_air
2143.0,2739.0,0.0,0.0,0.0,25.3,64.9,0,normal_air
2151.0,2739.0,0.0,0.0,0.0,25.3,64.8,0,normal_air
2144.0,2739.0,0.0,0.0,0.0,25.3,64.8,0,normal_air
2160.0,2740.0,0.0,0.0,0.0,25.3,64.8,0,normal_air
2143.0,2740.0,0.0,0.0,0.0,25.3,64.8,0,normal_air
2144.0,2738.0,0.0,0.0,0.0,25.3,64.8,0,normal_air
2150.0,2738.0,0.0,0.0,0.0,25.3,64.8,0,normal_air
2144.0,2737.0,0.0,0.0,0.0,25.3,64.7,0,normal_air
2149.0,2738.0,0.0,0.0,0.0,25.3,64.8,0,normal_air
2144.0,2740.0,0.0,0.0,0.0,25.3,64.7,0,normal_air
2143.0,2738.0,0.0,0.0,0.0,25.3,64.8,0,normal_air
2145.0,2739.0,0.0,0.0,0.0,25.3,64.9,0,normal_air
2145.0,2739.0,0.0,0.0,0.0,25.3,64.9,0,normal_air
2150.0,2738.0,0.0,0.0,0.0,25.3,64.9,0,normal_air
2144.0,2740.0,0.0,0.0,0.0,25.3,64.9,0,normal_air
2152.0,2738.0,0.0,0.0,0.0,25.3,64.9,0,normal_air
2144.0,2739.0,0.0,0.0,0.0,25.3,64.8,0,normal_air
2146.0,2738.0,0.0,0.0,0.0,25.3,64.7,0,normal_air
2159.0,2739.0,0.0,0.0,0.0,25.3,64.8,0,normal_air
2145.0,2739.0,0.0,0.0,0.0,25.3,64.9,0,normal_air
2150.0,2739.0,0.0,0.0,0.0,25.3,64.8,0,normal_air
2151.0,2739.0,0.0,0.0,0.0,25.3,64.8,0,normal_air
2143.0,2737.0,0.0,0.0,0.0,25.3,64.8,0,normal_air
2160.0,2738.0,0.0,0.0,0.0,25.3,64.9,0,normal_air
2145.0,2738.0,0.0,0.0,0.0,25.3,64.8,0,normal_air
2160.0,2740.0,0.0,0.0,0.0,25.3,64.8,0,normal_air
2152.0,2738.0,0.0,0.0,0.0,25.3,64.8,0,normal_air
2150.0,2736.0,0.0,0.0,0.0,25.3,64.8,0,normal_air
2151.0,2738.0,0.0,0.0,0.0,25.3,64.8,0,normal_air
2144.0,2740.0,0.0,0.0,0.0,25.3,64.8,0,normal_air
2153.0,2738.0,0.0,0.0,0.0,25.3,64.8,0,normal_air
2143.0,2738.0,0.0,0.0,0.0,25.3,64.8,0,normal_air
2158.0,2739.0,0.0,0.0,0.0,25.3,64.8,0,normal_air
2150.0,2739.0,0.0,0.0,0.0,25.3,64.8,0,normal_air
2143.0,2739.0,0.0,0.0,0.0,25.4,64.9,0,normal_air
2151.0,2739.0,0.0,0.0,0.0,25.3,64.9,0,normal_air
2143.0,2739.0,0.0,0.0,0.0,25.3,65.1,0,normal_air
2150.0,2739.0,0.0,0.0,0.0,25.4,64.9,0,normal_air
2159.0,2738.0,0.0,0.0,0.0,25.3,64.9,0,normal_air
2160.0,2737.0,0.0,0.0,0.0,25.3,65.0,0,normal_air
2147.0,2736.0,0.0,0.0,0.0,25.3,65.0,0,normal_air
2144.0,2738.0,0.0,0.0,0.0,25.3,65.0,0,normal_air
2151.0,2738.0,0.0,0.0,0.0,25.3,64.9,0,normal_air
2144.0,2738.0,0.0,0.0,0.0,25.3,64.9,0,normal_air
2144.0,2738.0,0.0,0.0,0.0,25.3,65.0,0,normal_air
2160.0,2739.0,0.0,0.0,0.0,25.3,65.0,0,normal_air
2145.0,2739.0,0.0,0.0,0.0,25.3,64.9,0,normal_air
2150.0,2737.0,0.0,0.0,0.0,25.3,64.9,0,normal_air
2143.0,2737.0,0.0,0.0,0.0,25.3,65.0,0,normal_air
2144.0,2739.0,0.0,0.0,0.0,25.3,64.9,0,normal_air
2148.0,2738.0,0.0,0.0,0.0,25.3,64.9,0,normal_air
2142.0,2736.0,0.0,0.0,0.0,25.3,64.9,0,normal_air
2155.0,2738.0,0.0,0.0,0.0,25.3,64.8,0,normal_air
2144.0,2738.0,0.0,0.0,0.0,25.4,64.8,0,normal_air
2142.0,2736.0,0.0,0.0,0.0,25.4,64.8,0,normal_air
2144.0,2740.0,0.0,0.0,0.0,25.3,64.9,0,normal_air
2145.0,2739.0,0.0,0.0,0.0,25.3,64.8,0,normal_air
2151.0,2737.0,0.0,0.0,0.0,25.3,64.9,0,normal_air
2144.0,2738.0,0.0,0.0,0.0,25.3,64.9,0,normal_air
2157.0,2739.0,0.0,0.0,0.0,25.3,64.9,0,normal_air
2144.0,2739.0,0.0,0.0,0.0,25.3,64.7,0,normal_air
2144.0,2737.0,0.0,0.0,0.0,25.3,64.7,0,normal_air
2150.0,2737.0,0.0,0.0,0.0,25.4,64.8,0,normal_air
2145.0,2738.0,0.0,0.0,0.0,25.3,64.9,0,normal_air
2151.0,2739.0,0.0,0.0,0.0,25.3,64.7,0,normal_air
2146.0,2739.0,0.0,0.0,0.0,25.3,64.8,0,normal_air
2144.0,2738.0,0.0,0.0,0.0,25.4,64.9,0,normal_air
2150.0,2739.0,0.0,0.0,0.0,25.3,64.8,0,normal_air
2143.0,2739.0,0.0,0.0,0.0,25.3,64.9,0,normal_air
2150.0,2738.0,0.0,0.0,0.0,25.4,64.9,0,normal_air
2147.0,2737.0,0.0,0.0,0.0,25.4,65.0,0,normal_air
2150.0,2736.0,0.0,0.0,0.0,25.3,65.1,0,normal_air
2161.0,2741.0,0.0,0.0,0.0,25.4,65.1,0,normal_air
2142.0,2737.0,0.0,0.0,0.0,25.4,65.0,0,normal_air
2158.0,2740.0,0.0,0.0,0.0,25.4,65.0,0,normal_air
2143.0,2737.0,0.0,0.0,0.0,25.3,65.1,0,normal_air
2150.0,2740.0,0.0,0.0,0.0,25.4,65.2,0,normal_air
2148.0,2740.0,0.0,0.0,0.0,25.4,65.0,0,normal_air
2143.0,2738.0,0.0,0.0,0.0,25.4,65.1,0,normal_air
2153.0,2739.0,0.0,0.0,0.0,25.4,65.0,0,normal_air
2143.0,2740.0,0.0,0.0,0.0,25.4,65.0,0,normal_air
2157.0,2737.0,0.0,0.0,0.0,25.4,65.0,0,normal_air
2150.0,2738.0,0.0,0.0,0.0,25.4,65.0,0,normal_air
2150.0,2737.0,0.0,0.0,0.0,25.4,65.0,0,normal_air
2148.0,2739.0,0.0,0.0,0.0,25.4,64.9,0,normal_air
2141.0,2739.0,0.0,0.0,0.0,25.4,64.9,0,normal_air
2151.0,2736.0,0.0,0.0,0.0,25.4,64.9,0,normal_air
2143.0,2739.0,0.0,0.0,0.0,25.3,64.9,0,normal_air
2159.0,2737.0,0.0,0.0,0.0,25.4,64.9,0,normal_air
2147.0,2739.0,0.0,0.0,0.0,25.4,64.9,0,normal_air
2142.0,2740.0,0.0,0.0,0.0,25.4,64.9,0,normal_air
2151.0,2739.0,0.0,0.0,0.0,25.4,64.9,0,normal_air
2142.0,2736.0,0.0,0.0,0.0,25.4,64.8,0,normal_air
2143.0,2739.0,0.0,0.0,0.0,25.4,64.8,0,normal_air
2158.0,2737.0,0.0,0.0,0.0,25.4,64.8,0,normal_air
2144.0,2739.0,0.0,0.0,0.0,25.4,65.0,0,normal_air
2149.0,2740.0,0.0,0.0,0.0,25.4,64.9,0,normal_air
2145.0,2738.0,0.0,0.0,0.0,25.4,64.9,0,normal_air
2143.0,2737.0,0.0,0.0,0.0,25.4,64.9,0,normal_air
2144.0,2740.0,0.0,0.0,0.0,25.4,64.9,0,normal_air
2143.0,2736.0,0.0,0.0,0.0,25.4,64.9,0,normal_air
2158.0,2738.0,0.0,0.0,0.0,25.4,64.8,0,normal_air
2147.0,2738.0,0.0,0.0,0.0,25.4,64.9,0,normal_air
2146.0,2737.0,0.0,0.0,0.0,25.4,64.8,0,normal_air
2144.0,2739.0,0.0,0.0,0.0,25.4,64.9,0,normal_air
2143.0,2738.0,0.0,0.0,0.0,25.4,64.9,0,normal_air
2149.0,2739.0,0.0,0.0,0.0,25.4,64.9,0,normal_air
2141.0,2736.0,0.0,0.0,0.0,25.4,64.9,0,normal_air
2154.0,2739.0,0.0,0.0,0.0,25.4,64.9,0,normal_air
2144.0,2739.0,0.0,0.0,0.0,25.4,64.9,0,normal_air
2145.0,2740.0,0.0,0.0,0.0,25.4,64.9,0,normal_air
2142.0,2738.0,0.0,0.0,0.0,25.3,64.9,0,normal_air
2145.0,2737.0,0.0,0.0,0.0,25.4,64.8,0,normal_air
2148.0,2737.0,0.0,0.0,0.0,25.4,64.7,0,normal_air
2145.0,2737.0,0.0,0.0,0.0,25.4,64.9,0,normal_air
2159.0,2739.0,0.0,0.0,0.0,25.4,64.9,0,normal_air
2152.0,2739.0,0.0,0.0,0.0,25.4,64.9,0,normal_air
2144.0,2740.0,0.0,0.0,0.0,25.4,64.9,0,normal_air
2149.0,2737.0,0.0,0.0,0.0,25.4,64.8,0,normal_air
2143.0,2737.0,0.0,0.0,0.0,25.4,64.9,0,normal_air
2149.0,2738.0,0.0,0.0,0.0,25.4,64.8,0,normal_air
2158.0,2739.0,0.0,0.0,0.0,25.4,64.9,0,normal_air
2142.0,2738.0,0.0,0.0,0.0,25.4,64.9,0,normal_air
2150.0,2737.0,0.0,0.0,0.0,25.4,64.8,0,normal_air
2143.0,2740.0,0.0,0.0,0.0,25.4,64.7,0,normal_air
2150.0,2737.0,0.0,0.0,0.0,25.4,64.8,0,normal_air
2151.0,2739.0,0.0,0.0,0.0,25.4,64.7,0,normal_air
2149.0,2740.0,0.0,0.0,0.0,25.4,64.8,0,normal_air
2157.0,2737.0,0.0,0.0,0.0,25.4,64.8,0,normal_air
2142.0,2737.0,0.0,0.0,0.0,25.4,64.7,0,normal_air
2159.0,2741.0,0.0,0.0,0.0,25.4,64.8,0,normal_air
2143.0,2739.0,0.0,0.0,0.0,25.4,64.7,0,normal_air
2147.0,2739.0,0.0,0.0,0.0,25.4,64.8,0,normal_air
2149.0,2738.0,0.0,0.0,0.0,25.4,64.7,0,normal_air
2143.0,2737.0,0.0,0.0,0.0,25.4,64.8,0,normal_air
2158.0,2737.0,0.0,0.0,0.0,25.4,64.8,0,normal_air
2144.0,2739.0,0.0,0.0,0.0,25.4,64.8,0,normal_air
2157.0,2736.0,0.0,0.0,0.0,25.4,64.8,0,normal_air
2150.0,2738.0,0.0,0.0,0.0,25.4,64.8,0,normal_air
2150.0,2738.0,0.0,0.0,0.0,25.4,64.7,0,normal_air
2152.0,2741.0,0.0,0.0,0.0,25.4,64.7,0,normal_air
2142.0,2737.0,0.0,0.0,0.0,25.4,64.7,0,normal_air
2142.0,2738.0,0.0,0.0,0.0,25.4,64.8,0,normal_air
2143.0,2738.0,0.0,0.0,0.0,25.4,64.4,0,normal_air
2143.0,2737.0,0.0,0.0,0.0,25.4,64.4,0,normal_air
2150.0,2740.0,0.0,0.0,0.0,25.4,64.4,0,normal_air
2144.0,2739.0,0.0,0.0,0.0,25.4,64.2,0,normal_air
2148.0,2738.0,0.0,0.0,0.0,25.4,64.4,0,normal_air
2147.0,2739.0,0.0,0.0,0.0,25.4,64.3,0,normal_air
2144.0,2740.0,0.0,0.0,0.0,25.4,64.1,0,normal_air
2159.0,2738.0,0.0,0.0,0.0,25.4,64.1,0,normal_air
2144.0,2739.0,0.0,0.0,0.0,25.4,64.1,0,normal_air
2152.0,2739.0,0.0,0.0,0.0,25.4,64.0,0,normal_air
2145.0,2740.0,0.0,0.0,0.0,25.4,64.0,0,normal_air
2145.0,2739.0,0.0,0.0,0.0,25.4,63.9,0,normal_air
2146.0,2741.0,0.0,0.0,0.0,25.4,63.8,0,normal_air
2144.0,2739.0,0.0,0.0,0.0,25.4,63.8,0,normal_air
2160.0,2737.0,0.0,0.0,0.0,25.4,63.9,0,normal_air
2143.0,2740.0,0.0,0.0,0.0,25.4,63.7,0,normal_air
2151.0,2740.0,0.0,0.0,0.0,25.4,63.6,0,normal_air
2145.0,2739.0,0.0,0.0,0.0,25.4,63.4,0,normal_air
2145.0,2739.0,0.0,0.0,0.0,25.4,63.4,0,normal_air
2151.0,2738.0,0.0,0.0,0.0,25.4,63.2,0,normal_air
2144.0,2738.0,0.0,0.0,0.0,25.4,63.0,0,normal_air
2160.0,2740.0,0.0,0.0,0.0,25.4,62.8,0,normal_air
2144.0,2739.0,0.0,0.0,0.0,25.4,62.8,0,normal_air
2142.0,2739.0,0.0,0.0,0.0,25.4,62.8,0,normal_air
2151.0,2740.0,0.0,0.0,0.0,25.4,62.6,0,normal_air
2144.0,2740.0,0.0,0.0,0.0,25.4,62.5,0,normal_air
2148.0,2737.0,0.0,0.0,0.0,25.4,62.4,0,normal_air
2159.0,2739.0,0.0,0.0,0.0,25.4,62.3,0,normal_air
2156.0,2736.0,0.0,0.0,0.0,25.4,62.3,0,normal_air
2149.0,2740.0,0.0,0.0,0.0,25.4,62.3,0,normal_air
2143.0,2739.0,0.0,0.0,0.0,25.4,62.1,0,normal_air
2146.0,2737.0,0.0,0.0,0.0,25.4,62.1,0,normal_air
2145.0,2739.0,0.0,0.0,0.0,25.4,62.1,0,normal_air
2149.0,2740.0,0.0,0.0,0.0,25.4,62.0,0,normal_air
2155.0,2739.0,0.0,0.0,0.0,25.4,62.1,0,normal_air
2144.0,2739.0,0.0,0.0,0.0,25.4,62.0,0,normal_air
2151.0,2738.0,0.0,0.0,0.0,25.5,62.1,0,normal_air
2142.0,2737.0,0.0,0.0,0.0,25.4,62.0,0,normal_air
2149.0,2739.0,0.0,0.0,0.0,25.4,61.8,0,normal_air
2152.0,2738.0,0.0,0.0,0.0,25.5,61.8,0,normal_air
2147.0,2737.0,0.0,0.0,0.0,25.4,61.8,0,normal_air
2158.0,2738.0,0.0,0.0,0.0,25.4,61.9,0,normal_air
2142.0,2737.0,0.0,0.0,0.0,25.4,62.0,0,normal_air
2161.0,2738.0,0.0,0.0,0.0,25.4,61.9,0,normal_air
2146.0,2737.0,0.0,0.0,0.0,25.4,61.6,0,normal_air
2149.0,2737.0,0.0,0.0,0.0,25.4,61.5,0,normal_air
2149.0,2740.0,0.0,0.0,0.0,25.5,61.4,0,normal_air
2143.0,2738.0,0.0,0.0,0.0,25.4,61.3,0,normal_air
2158.0,2739.0,0.0,0.0,0.0,25.4,61.5,0,normal_air
2144.0,2737.0,0.0,0.0,0.0,25.5,61.4,0,normal_air
2146.0,2738.0,0.0,0.0,0.0,25.5,61.4,0,normal_air
2149.0,2740.0,0.0,0.0,0.0,25.5,61.3,0,normal_air
2144.0,2739.0,0.0,0.0,0.0,25.4,61.4,0,normal_air
2151.0,2738.0,0.0,0.0,0.0,25.5,61.1,0,normal_air
2144.0,2741.0,0.0,0.0,0.0,25.4,61.1,0,normal_air
2144.0,2738.0,0.0,0.0,0.0,25.5,61.0,0,normal_air
2145.0,2739.0,0.0,0.0,0.0,25.5,60.9,0,normal_air
2144.0,2738.0,0.0,0.0,0.0,25.5,60.9,0,normal_air
2151.0,2739.0,0.0,0.0,0.0,25.5,60.8,0,normal_air
2144.0,2737.0,0.0,0.0,0.0,25.4,60.7,0,normal_air
2150.0,2738.0,0.0,0.0,0.0,25.5,60.7,0,normal_air
2144.0,2739.0,0.0,0.0,0.0,25.4,60.6,0,normal_air
2143.0,2738.0,0.0,0.0,0.0,25.4,60.5,0,normal_air
2160.0,2740.0,0.0,0.0,0.0,25.5,60.4,0,normal_air
2144.0,2738.0,0.0,0.0,0.0,25.4,60.3,0,normal_air
2150.0,2739.0,0.0,0.0,0.0,25.4,60.3,0,normal_air
2143.0,2740.0,0.0,0.0,0.0,25.5,60.4,0,normal_air
2144.0,2739.0,0.0,0.0,0.0,25.5,60.2,0,normal_air
2143.0,2739.0,0.0,0.0,0.0,25.5,60.0,0,normal_air
2145.0,2739.0,0.0,0.0,0.0,25.4,60.0,0,normal_air
2162.0,2741.0,0.0,0.0,0.0,25.4,59.8,0,normal_air
2144.0,2740.0,0.0,0.0,0.0,25.4,59.8,0,normal_air
2151.0,2739.0,0.0,0.0,0.0,25.4,59.7,0,normal_air
2150.0,2740.0,0.0,0.0,0.0,25.4,59.8,0,normal_air
2144.0,2739.0,0.0,0.0,0.0,25.4,59.7,0,normal_air
2151.0,2738.0,0.0,0.0,0.0,25.4,59.6,0,normal_air
2143.0,2738.0,0.0,0.0,0.0,25.4,59.5,0,normal_air
2160.0,2740.0,0.0,0.0,0.0,25.4,59.6,0,normal_air
2150.0,2738.0,0.0,0.0,0.0,25.4,59.6,0,normal_air
2142.0,2740.0,0.0,0.0,0.0,25.4,59.6,0,normal_air
2148.0,2738.0,0.0,0.0,0.0,25.4,59.5,0,normal_air
2145.0,2739.0,0.0,0.0,0.0,25.4,59.4,0,normal_air
2152.0,2736.0,0.0,0.0,0.0,25.4,59.5,0,normal_air
2158.0,2739.0,0.0,0.0,0.0,25.4,59.4,0,normal_air
2158.0,2739.0,0.0,0.0,0.0,25.4,59.1,0,normal_air
2152.0,2738.0,0.0,0.0,0.0,25.4,59.1,0,normal_air
2145.0,2738.0,0.0,0.0,0.0,25.4,59.2,0,normal_air
2152.0,2740.0,0.0,0.0,0.0,25.4,59.2,0,normal_air
2142.0,2739.0,0.0,0.0,0.0,25.4,59.1,0,normal_air
2148.0,2740.0,0.0,0.0,0.0,25.4,59.1,0,normal_air
2159.0,2738.0,0.0,0.0,0.0,25.4,58.9,0,normal_air
2143.0,2736.0,0.0,0.0,0.0,25.4,59.1,0,normal_air
2149.0,2738.0,0.0,0.0,0.0,25.4,58.9,0,normal_air
2143.0,2738.0,0.0,0.0,0.0,25.3,58.9,0,normal_air
2150.0,2740.0,0.0,0.0,0.0,25.4,58.8,0,normal_air
2151.0,2737.0,0.0,0.0,0.0,25.4,58.9,0,normal_air
2145.0,2740.0,0.0,0.0,0.0,25.4,58.8,0,normal_air
2159.0,2741.0,0.0,0.0,0.0,25.4,58.8,0,normal_air
2146.0,2739.0,0.0,0.0,0.0,25.4,58.7,0,normal_air
2146.0,2740.0,0.0,0.0,0.0,25.4,58.7,0,normal_air
2144.0,2742.0,0.0,0.0,0.0,25.4,58.7,0,normal_air
2142.0,2739.0,0.0,0.0,0.0,25.3,58.8,0,normal_air
2149.0,2741.0,0.0,0.0,0.0,25.3,58.7,0,normal_air
2143.0,2740.0,0.0,0.0,0.0,25.3,58.7,0,normal_air
2161.0,2740.0,0.0,0.0,0.0,25.4,58.5,0,normal_air
2145.0,2738.0,0.0,0.0,0.0,25.4,58.4,0,normal_air
2146.0,2739.0,0.0,0.0,0.0,25.4,58.4,0,normal_air
2150.0,2740.0,0.0,0.0,0.0,25.4,58.4,0,normal_air
2146.0,2740.0,0.0,0.0,0.0,25.3,58.3,0,normal_air
2148.0,2738.0,0.0,0.0,0.0,25.4,58.3,0,normal_air
2146.0,2738.0,0.0,0.0,0.0,25.4,58.2,0,normal_air
2146.0,2741.0,0.0,0.0,0.0,25.4,58.2,0,normal_air
2145.0,2740.0,0.0,0.0,0.0,25.3,58.1,0,normal_air
2143.0,2740.0,0.0,0.0,0.0,25.3,58.1,0,normal_air
2150.0,2739.0,0.0,0.0,0.0,25.3,58.1,0,normal_air
2146.0,2739.0,0.0,0.0,0.0,25.3,58.0,0,normal_air
2150.0,2737.0,0.0,0.0,0.0,25.3,57.9,0,normal_air
2146.0,2740.0,0.0,0.0,0.0,25.3,57.8,0,normal_air
2144.0,2740.0,0.0,0.0,0.0,25.3,57.7,0,normal_air
2159.0,2738.0,0.0,0.0,0.0,25.3,57.8,0,normal_air
2145.0,2741.0,0.0,0.0,0.0,25.3,57.5,0,normal_air
2150.0,2739.0,0.0,0.0,0.0,25.3,57.5,0,normal_air
2152.0,2741.0,0.0,0.0,0.0,25.3,57.8,0,normal_air
2144.0,2741.0,0.0,0.0,0.0,25.3,57.5,0,normal_air
2159.0,2739.0,0.0,0.0,0.0,25.3,57.5,0,normal_air
2146.0,2742.0,0.0,0.0,0.0,25.3,57.4,0,normal_air
2162.0,2741.0,0.0,0.0,0.0,25.3,57.5,0,normal_air
2153.0,2738.0,0.0,0.0,0.0,25.3,57.5,0,normal_air
2152.0,2741.0,0.0,0.0,0.0,25.3,57.4,0,normal_air
2151.0,2741.0,0.0,0.0,0.0,25.3,57.4,0,normal_air
2146.0,2739.0,0.0,0.0,0.0,25.3,57.4,0,normal_air
2152.0,2739.0,0.0,0.0,0.0,25.3,57.3,0,normal_air
2143.0,2737.0,0.0,0.0,0.0,25.2,57.3,0,normal_air
2158.0,2739.0,0.0,0.0,0.0,25.2,57.3,0,normal_air
2152.0,2738.0,0.0,0.0,0.0,25.2,57.3,0,normal_air
2145.0,2738.0,0.0,0.0,0.0,25.2,57.3,0,normal_air
2151.0,2740.0,0.0,0.0,0.0,25.2,57.1,0,normal_air
2145.0,2740.0,0.0,0.0,0.0,25.2,57.1,0,normal_air
2151.0,2737.0,0.0,0.0,0.0,25.2,57.1,0,normal_air
2156.0,2737.0,0.0,0.0,0.0,25.2,57.0,0,normal_air
2157.0,2740.0,0.0,0.0,0.0,25.2,57.1,0,normal_air
2149.0,2738.0,0.0,0.0,0.0,25.2,57.1,0,normal_air
2144.0,2738.0,0.0,0.0,0.0,25.3,57.0,0,normal_air
2149.0,2738.0,0.0,0.0,0.0,25.2,57.0,0,normal_air
2143.0,2739.0,0.0,0.0,0.0,25.2,56.9,0,normal_air
2145.0,2738.0,0.0,0.0,0.0,25.2,56.9,0,normal_air
2160.0,2740.0,0.0,0.0,0.0,25.2,57.0,0,normal_air
2146.0,2739.0,0.0,0.0,0.0,25.2,57.0,0,normal_air
2152.0,2742.0,0.0,0.0,0.0,25.2,57.0,0,normal_air
2146.0,2740.0,0.0,0.0,0.0,25.2,56.7,0,normal_air
2144.0,2739.0,0.0,0.0,0.0,25.2,56.8,0,normal_air
2149.0,2737.0,0.0,0.0,0.0,25.2,56.8,0,normal_air
2145.0,2740.0,0.0,0.0,0.0,25.2,56.6,0,normal_air
2160.0,2738.0,0.0,0.0,0.0,25.2,56.6,0,normal_air
2145.0,2739.0,0.0,0.0,0.0,25.2,56.6,0,normal_air
2144.0,2738.0,0.0,0.0,0.0,25.2,56.6,0,normal_air
2144.0,2739.0,0.0,0.0,0.0,25.2,56.4,0,normal_air
2146.0,2740.0,0.0,0.0,0.0,25.2,56.5,0,normal_air
2150.0,2739.0,0.0,0.0,0.0,25.2,56.4,0,normal_air
2146.0,2741.0,0.0,0.0,0.0,25.2,56.5,0,normal_air
2161.0,2742.0,0.0,0.0,0.0,25.2,56.3,0,normal_air
2146.0,2738.0,0.0,0.0,0.0,25.2,56.1,0,normal_air
2145.0,2739.0,0.0,0.0,0.0,25.2,56.1,0,normal_air
2153.0,2741.0,0.0,0.0,0.0,25.2,56.3,0,normal_air
2145.0,2740.0,0.0,0.0,0.0,25.2,56.2,0,normal_air
2152.0,2742.0,0.0,0.0,0.0,25.2,56.2,0,normal_air
2144.0,2737.0,0.0,0.0,0.0,25.2,56.2,0,normal_air
2145.0,2740.0,0.0,0.0,0.0,25.2,56.1,0,normal_air
2145.0,2739.0,0.0,0.0,0.0,25.2,56.0,0,normal_air
2144.0,2741.0,0.0,0.0,0.0,25.2,56.0,0,normal_air
2150.0,2739.0,0.0,0.0,0.0,25.2,56.1,0,normal_air
2149.0,2724.0,0.0,0.0,0.0,25.2,56.1,0,normal_air
2150.0,2739.0,0.0,0.0,0.0,25.2,56.0,0,normal_air
2161.0,2739.0,0.0,0.0,0.0,25.2,56.0,0,normal_air
2145.0,2741.0,0.0,0.0,0.0,25.1,55.9,0,normal_air
2159.0,2739.0,0.0,0.0,0.0,25.2,56.0,0,normal_air
2144.0,2737.0,0.0,0.0,0.0,25.2,55.8,0,normal_air
2150.0,2739.0,0.0,0.0,0.0,25.1,55.8,0,normal_air
2153.0,2737.0,0.0,0.0,0.0,25.2,55.9,0,normal_air
2147.0,2738.0,0.0,0.0,0.0,25.2,55.9,0,normal_air
2158.0,2739.0,0.0,0.0,0.0,25.1,55.7,0,normal_air
2144.0,2739.0,0.0,0.0,0.0,25.1,55.8,0,normal_air
2160.0,2739.0,0.0,0.0,0.0,25.1,55.7,0,normal_air
2153.0,2740.0,0.0,0.0,0.0,25.1,55.7,0,normal_air
2150.0,2738.0,0.0,0.0,0.0,25.2,55.5,0,normal_air
2148.0,2738.0,0.0,0.0,0.0,25.2,55.6,0,normal_air
2144.0,2741.0,0.0,0.0,0.0,25.1,55.5,0,normal_air
2151.0,2739.0,0.0,0.0,0.0,25.1,55.4,0,normal_air
2145.0,2741.0,0.0,0.0,0.0,25.1,55.5,0,normal_air
2160.0,2739.0,0.0,0.0,0.0,25.1,55.3,0,normal_air
2148.0,2737.0,0.0,0.0,0.0,25.1,55.3,0,normal_air
2145.0,2740.0,0.0,0.0,0.0,25.1,55.3,0,normal_air
2150.0,2739.0,0.0,0.0,0.0,25.1,55.4,0,normal_air
2145.0,2738.0,0.0,0.0,0.0,25.1,55.4,0,normal_air
2145.0,2740.0,0.0,0.0,0.0,25.1,55.3,0,normal_air
2156.0,2742.0,0.0,0.0,0.0,25.1,55.3,0,normal_air
2146.0,2738.0,0.0,0.0,0.0,25.1,55.3,0,normal_air
2150.0,2741.0,0.0,0.0,0.0,25.1,55.3,0,normal_air
2145.0,2740.0,0.0,0.0,0.0,25.1,55.1,0,normal_air
2146.0,2741.0,0.0,0.0,0.0,25.1,55.1,0,normal_air
2143.0,2740.0,0.0,0.0,0.0,25.1,55.0,0,normal_air
2145.0,2740.0,0.0,0.0,0.0,25.1,55.2,0,normal_air
2161.0,2741.0,0.0,0.0,0.0,25.1,55.1,0,normal_air
2144.0,2740.0,0.0,0.0,0.0,25.1,55.1,0,normal_air
2150.0,2738.0,0.0,0.0,0.0,25.1,55.1,0,normal_air
2144.0,2737.0,0.0,0.0,0.0,25.1,54.9,0,normal_air
2146.0,2741.0,0.0,0.0,0.0,25.1,54.9,0,normal_air
2149.0,2737.0,0.0,0.0,0.0,25.1,55.0,0,normal_air
2144.0,2737.0,0.0,0.0,0.0,25.1,55.2,0,normal_air
2158.0,2740.0,0.0,0.0,0.0,25.1,55.3,0,normal_air
2144.0,2739.0,0.0,0.0,0.0,25.1,55.3,0,normal_air
2143.0,2740.0,0.0,0.0,0.0,25.1,55.3,0,normal_air
2144.0,2737.0,0.0,0.0,0.0,25.1,55.4,0,normal_air
2144.0,2739.0,0.0,0.0,0.0,25.1,55.3,0,normal_air
2148.0,2738.0,0.0,0.0,0.0,25.1,55.1,0,normal_air
2144.0,2739.0,0.0,0.0,0.0,25.1,55.0,0,normal_air
2159.0,2738.0,0.0,0.0,0.0,25.1,54.7,0,normal_air
2146.0,2737.0,0.0,0.0,0.0,25.1,54.7,0,normal_air
2145.0,2740.0,0.0,0.0,0.0,25.1,54.7,0,normal_air
2149.0,2740.0,0.0,0.0,0.0,25.1,54.8,0,normal_air
2144.0,2737.0,0.0,0.0,0.0,25.1,54.7,0,normal_air
2151.0,2736.0,0.0,0.0,0.0,25.1,54.8,0,normal_air
2159.0,2739.0,0.0,0.0,0.0,25.1,54.6,0,normal_air
2143.0,2738.0,0.0,0.0,0.0,25.1,54.5,0,normal_air
2151.0,2739.0,0.0,0.0,0.0,25.1,54.6,0,normal_air
2146.0,2739.0,0.0,0.0,0.0,25.1,54.4,0,normal_air
2148.0,2738.0,0.0,0.0,0.0,25.1,54.6,0,normal_air
2152.0,2741.0,0.0,0.0,0.0,25.1,54.4,0,normal_air
2151.0,2739.0,0.0,0.0,0.0,25.0,54.5,0,normal_air
2160.0,2740.0,0.0,0.0,0.0,25.1,54.3,0,normal_air
2145.0,2739.0,0.0,0.0,0.0,25.1,54.3,0,normal_air
2159.0,2738.0,0.0,0.0,0.0,25.0,54.5,0,normal_air
2144.0,2737.0,0.0,0.0,0.0,25.1,54.4,0,normal_air
2150.0,2739.0,0.0,0.0,0.0,25.0,54.4,0,normal_air
2151.0,2741.0,0.0,0.0,0.0,25.1,54.6,0,normal_air
2144.0,2739.0,0.0,0.0,0.0,25.0,54.4,0,normal_air
2161.0,2740.0,0.0,0.0,0.0,25.1,54.2,0,normal_air
2145.0,2738.0,0.0,0.0,0.0,25.1,54.2,0,normal_air
2157.0,2737.0,0.0,0.0,0.0,25.0,54.0,0,normal_air
2152.0,2738.0,0.0,0.0,0.0,25.0,54.0,0,normal_air
2151.0,2738.0,0.0,0.0,0.0,25.1,54.0,0,normal_air
2152.0,2737.0,0.0,0.0,0.0,25.0,54.1,0,normal_air
2145.0,2738.0,0.0,0.0,0.0,25.1,54.1,0,normal_air
2145.0,2738.0,0.0,0.0,0.0,25.0,54.1,0,normal_air
2144.0,2737.0,0.0,0.0,0.0,25.0,53.9,0,normal_air
2145.0,2740.0,0.0,0.0,0.0,25.0,53.9,0,normal_air
2151.0,2739.0,0.0,0.0,0.0,25.0,53.8,0,normal_air
2147.0,2738.0,0.0,0.0,0.0,25.0,53.8,0,normal_air
2153.0,2741.0,0.0,0.0,0.0,25.0,53.7,0,normal_air
2144.0,2738.0,0.0,0.0,0.0,25.1,53.7,0,normal_air
2143.0,2739.0,0.0,0.0,0.0,25.0,53.7,0,normal_air
2161.0,2739.0,0.0,0.0,0.0,25.0,53.7,0,normal_air
2144.0,2739.0,0.0,0.0,0.0,25.0,53.7,0,normal_air
2151.0,2737.0,0.0,0.0,0.0,25.0,53.7,0,normal_air
2146.0,2739.0,0.0,0.0,0.0,25.0,53.7,0,normal_air
2143.0,2737.0,0.0,0.0,0.0,25.0,53.7,0,normal_air
2147.0,2739.0,0.0,0.0,0.0,25.0,53.7,0,normal_air
2145.0,2740.0,0.0,0.0,0.0,25.0,53.6,0,normal_air
2160.0,2739.0,0.0,0.0,0.0,25.0,53.7,0,normal_air
2145.0,2739.0,0.0,0.0,0.0,25.0,53.5,0,normal_air
2153.0,2740.0,0.0,0.0,0.0,25.0,53.6,0,normal_air
2144.0,2740.0,0.0,0.0,0.0,25.0,53.6,0,normal_air
2145.0,2741.0,0.0,0.0,0.0,25.0,53.5,0,normal_air
2152.0,2738.0,0.0,0.0,0.0,25.0,53.7,0,normal_air
2144.0,2741.0,0.0,0.0,0.0,25.0,53.6,0,normal_air
2158.0,2740.0,0.0,0.0,0.0,25.0,53.6,0,normal_air
2144.0,2739.0,0.0,0.0,0.0,25.0,53.4,0,normal_air
2144.0,2739.0,0.0,0.0,0.0,25.0,53.4,0,normal_air
2152.0,2738.0,0.0,0.0,0.0,25.0,54.0,0,normal_air
2145.0,2738.0,0.0,0.0,0.0,25.0,54.1,0,normal_air
2152.0,2738.0,0.0,0.0,0.0,25.0,53.9,0,normal_air
2159.0,2738.0,0.0,0.0,0.0,25.0,54.0,0,normal_air
2161.0,2740.0,0.0,0.0,0.0,25.0,53.7,0,normal_air
2152.0,2742.0,0.0,0.0,0.0,25.0,53.7,0,normal_air
2145.0,2738.0,0.0,0.0,0.0,25.0,53.6,0,normal_air
2151.0,2740.0,0.0,0.0,0.0,25.0,53.6,0,normal_air
2144.0,2738.0,0.0,0.0,0.0,25.0,53.4,0,normal_air
2153.0,2739.0,0.0,0.0,0.0,24.9,53.5,0,normal_air
2158.0,2740.0,0.0,0.0,0.0,25.0,53.2,0,normal_air
2146.0,2741.0,0.0,0.0,0.0,25.0,53.1,0,normal_air
2151.0,2742.0,0.0,0.0,0.0,25.0,53.2,0,normal_air
2146.0,2739.0,0.0,0.0,0.0,25.0,53.1,0,normal_air
2150.0,2740.0,0.0,0.0,0.0,25.0,53.0,0,normal_air
2153.0,2740.0,0.0,0.0,0.0,25.0,53.2,0,normal_air
2152.0,2740.0,0.0,0.0,0.0,25.0,53.1,0,normal_air
2157.0,2739.0,0.0,0.0,0.0,25.0,53.1,0,normal_air
2148.0,2741.0,0.0,0.0,0.0,25.0,53.0,0,normal_air
2162.0,2741.0,0.0,0.0,0.0,24.9,52.8,0,normal_air
2146.0,2741.0,0.0,0.0,0.0,24.9,53.0,0,normal_air
2150.0,2738.0,0.0,0.0,0.0,24.9,53.1,0,normal_air
2151.0,2739.0,0.0,0.0,0.0,24.9,53.0,0,normal_air
2144.0,2740.0,0.0,0.0,0.0,24.9,53.1,0,normal_air
2160.0,2741.0,0.0,0.0,0.0,24.9,52.8,0,normal_air
2145.0,2739.0,0.0,0.0,0.0,24.9,52.9,0,normal_air
2145.0,2738.0,0.0,0.0,0.0,24.9,52.9,0,normal_air
2152.0,2739.0,0.0,0.0,0.0,24.9,52.8,0,normal_air
2144.0,2738.0,0.0,0.0,0.0,24.9,52.8,0,normal_air
2151.0,2740.0,0.0,0.0,0.0,24.9,52.7,0,normal_air
2148.0,2739.0,0.0,0.0,0.0,24.9,52.7,0,normal_air
2145.0,2740.0,0.0,0.0,0.0,24.9,52.8,0,normal_air
2146.0,2740.0,0.0,0.0,0.0,24.9,52.7,0,normal_air
2146.0,2737.0,0.0,0.0,0.0,24.9,52.7,0,normal_air
2150.0,2740.0,0.0,0.0,0.0,24.9,52.7,0,normal_air
2146.0,2739.0,0.0,0.0,0.0,24.9,52.8,0,normal_air
2153.0,2742.0,0.0,0.0,0.0,24.9,52.8,0,normal_air
2143.0,2739.0,0.0,0.0,0.0,24.9,52.7,0,normal_air
2145.0,2740.0,0.0,0.0,0.0,24.9,52.6,0,normal_air
2159.0,2739.0,0.0,0.0,0.0,24.9,52.7,0,normal_air
2146.0,2741.0,0.0,0.0,0.0,24.9,52.6,0,normal_air
2153.0,2740.0,0.0,0.0,0.0,24.9,52.5,0,normal_air
2143.0,2739.0,0.0,0.0,0.0,24.9,52.5,0,normal_air
2144.0,2740.0,0.0,0.0,0.0,24.9,52.6,0,normal_air
2146.0,2741.0,0.0,0.0,0.0,24.9,52.7,0,normal_air
2145.0,2739.0,0.0,0.0,0.0,24.9,52.6,0,normal_air
2159.0,2740.0,0.0,0.0,0.0,24.8,52.5,0,normal_air
2144.0,2739.0,0.0,0.0,0.0,24.9,52.6,0,normal_air
2153.0,2741.0,0.0,0.0,0.0,24.9,52.5,0,normal_air
2151.0,2740.0,0.0,0.0,0.0,24.9,52.5,0,normal_air
2145.0,2738.0,0.0,0.0,0.0,24.9,52.4,0,normal_air
2150.0,2738.0,0.0,0.0,0.0,24.9,52.2,0,normal_air
2145.0,2740.0,0.0,0.0,0.0,24.9,52.4,0,normal_air
2158.0,2741.0,0.0,0.0,0.0,24.8,52.5,0,normal_air
2153.0,2741.0,0.0,0.0,0.0,24.8,52.5,0,normal_air
2145.0,2742.0,0.0,0.0,0.0,24.8,52.5,0,normal_air
2152.0,2740.0,0.0,0.0,0.0,24.9,52.5,0,normal_air
2144.0,2740.0,0.0,0.0,0.0,24.8,52.6,0,normal_air
2152.0,2741.0,0.0,0.0,0.0,24.8,52.6,0,normal_air
2159.0,2740.0,0.0,0.0,0.0,24.8,52.6,0,normal_air
2160.0,2741.0,0.0,0.0,0.0,24.8,52.5,0,normal_air
2149.0,2739.0,0.0,0.0,0.0,24.8,52.5,0,normal_air
2146.0,2739.0,0.0,0.0,0.0,24.8,52.4,0,normal_air
2153.0,2738.0,0.0,0.0,0.0,24.8,52.5,0,normal_air
2146.0,2741.0,0.0,0.0,0.0,24.8,52.4,0,normal_air
2150.0,2739.0,0.0,0.0,0.0,24.8,52.4,0,normal_air
2159.0,2740.0,0.0,0.0,0.0,24.8,52.5,0,normal_air
2144.0,2741.0,0.0,0.0,0.0,24.8,52.5,0,normal_air
2152.0,2740.0,0.0,0.0,0.0,24.8,52.7,0,normal_air
2145.0,2740.0,0.0,0.0,0.0,24.8,52.6,0,normal_air
2152.0,2738.0,0.0,0.0,0.0,24.8,52.5,0,normal_air
2153.0,2740.0,0.0,0.0,0.0,24.8,52.5,0,normal_air
2145.0,2738.0,0.0,0.0,0.0,24.8,52.5,0,normal_air
2161.0,2739.0,0.0,0.0,0.0,24.8,52.7,0,normal_air
2147.0,2742.0,0.0,0.0,0.0,24.8,52.5,0,normal_air
2144.0,2738.0,0.0,0.0,0.0,24.8,52.5,0,normal_air
2144.0,2741.0,0.0,0.0,0.0,24.8,52.6,0,normal_air
2147.0,2742.0,0.0,0.0,0.0,24.7,52.5,0,normal_air
2150.0,2737.0,0.0,0.0,0.0,24.8,52.3,0,normal_air
2147.0,2742.0,0.0,0.0,0.0,24.8,52.5,0,normal_air
2161.0,2741.0,0.0,0.0,0.0,24.8,52.2,0,normal_air
2146.0,2740.0,0.0,0.0,0.0,24.7,52.2,0,normal_air
2145.0,2740.0,0.0,0.0,0.0,24.7,52.2,0,normal_air
2152.0,2739.0,0.0,0.0,0.0,24.7,52.3,0,normal_air
2146.0,2739.0,0.0,0.0,0.0,24.8,52.0,0,normal_air
2151.0,2740.0,0.0,0.0,0.0,24.8,52.1,0,normal_air
2146.0,2741.0,0.0,0.0,0.0,24.8,52.1,0,normal_air
2147.0,2739.0,0.0,0.0,0.0,24.7,52.1,0,normal_air
2145.0,2741.0,0.0,0.0,0.0,24.7,52.0,0,normal_air
2145.0,2739.0,0.0,0.0,0.0,24.7,52.0,0,normal_air
2152.0,2740.0,0.0,0.0,0.0,24.7,52.1,0,normal_air
2146.0,2740.0,0.0,0.0,0.0,24.8,51.9,0,normal_air
2152.0,2741.0,0.0,0.0,0.0,24.8,51.9,0,normal_air
2145.0,2742.0,0.0,0.0,0.0,24.7,52.0,0,normal_air
2146.0,2740.0,0.0,0.0,0.0,24.7,51.9,0,normal_air
2159.0,2739.0,0.0,0.0,0.0,24.8,51.9,0,normal_air
2143.0,2739.0,0.0,0.0,0.0,24.7,52.0,0,normal_air
2152.0,2741.0,0.0,0.0,0.0,24.7,51.8,0,normal_air
2152.0,2740.0,0.0,0.0,0.0,24.7,51.9,0,normal_air
2147.0,2742.0,0.0,0.0,0.0,24.8,51.9,0,normal_air
2159.0,2740.0,0.0,0.0,0.0,24.8,51.7,0,normal_air
2145.0,2740.0,0.0,0.0,0.0,24.7,51.7,0,normal_air
2159.0,2739.0,0.0,0.0,0.0,24.8,51.7,0,normal_air
2150.0,2741.0,0.0,0.0,0.0,24.8,51.7,0,normal_air
2153.0,2741.0,0.0,0.0,0.0,24.8,51.6,0,normal_air
2150.0,2739.0,0.0,0.0,0.0,24.8,51.6,0,normal_air
2145.0,2739.0,0.0,0.0,0.0,24.8,51.8,0,normal_air
2151.0,2738.0,0.0,0.0,0.0,24.7,51.6,0,normal_air
2144.0,2738.0,0.0,0.0,0.0,24.7,51.7,0,normal_air
2162.0,2741.0,0.0,0.0,0.0,24.7,51.6,0,normal_air
2151.0,2740.0,0.0,0.0,0.0,24.7,51.6,0,normal_air
2147.0,2741.0,0.0,0.0,0.0,24.7,51.4,0,normal_air
2153.0,2739.0,0.0,0.0,0.0,24.8,51.6,0,normal_air
2146.0,2740.0,0.0,0.0,0.0,24.7,51.4,0,normal_air
2154.0,2740.0,0.0,0.0,0.0,24.7,51.5,0,normal_air
2160.0,2740.0,0.0,0.0,0.0,24.7,51.4,0,normal_air
2160.0,2739.0,0.0,0.0,0.0,24.7,51.3,0,normal_air
2152.0,2739.0,0.0,0.0,0.0,24.7,51.3,0,normal_air
2146.0,2741.0,0.0,0.0,0.0,24.7,51.3,0,normal_air
2152.0,2740.0,0.0,0.0,0.0,24.7,51.5,0,normal_air
2145.0,2738.0,0.0,0.0,0.0,24.7,51.4,0,normal_air
2145.0,2741.0,0.0,0.0,0.0,24.7,51.3,0,normal_air
2161.0,2741.0,0.0,0.0,0.0,24.7,51.2,0,normal_air
2147.0,2742.0,0.0,0.0,0.0,24.7,51.4,0,normal_air
2150.0,2739.0,0.0,0.0,0.0,24.7,51.4,0,normal_air
2146.0,2738.0,0.0,0.0,0.0,24.7,51.2,0,normal_air
2146.0,2740.0,0.0,0.0,0.0,24.7,51.3,0,normal_air
2154.0,2741.0,0.0,0.0,0.0,24.7,51.3,0,normal_air
2145.0,2741.0,0.0,0.0,0.0,24.7,51.5,0,normal_air
2158.0,2741.0,0.0,0.0,0.0,24.7,51.6,0,normal_air
2147.0,2742.0,0.0,0.0,0.0,24.6,51.4,0,normal_air
2146.0,2741.0,0.0,0.0,0.0,24.6,51.4,0,normal_air
2144.0,2737.0,0.0,0.0,0.0,24.6,51.7,0,normal_air
2146.0,2739.0,0.0,0.0,0.0,24.7,51.6,0,normal_air
2151.0,2739.0,0.0,0.0,0.0,24.6,51.6,0,normal_air
2147.0,2742.0,0.0,0.0,0.0,24.7,51.6,0,normal_air
2160.0,2740.0,0.0,0.0,0.0,24.7,51.9,0,normal_air
2147.0,2742.0,0.0,0.0,0.0,24.7,51.7,0,normal_air
2145.0,2741.0,0.0,0.0,0.0,24.7,51.7,0,normal_air
2150.0,2740.0,0.0,0.0,0.0,24.6,51.8,0,normal_air
2145.0,2741.0,0.0,0.0,0.0,24.6,51.9,0,normal_air
2152.0,2741.0,0.0,0.0,0.0,24.6,51.8,0,normal_air
2144.0,2741.0,0.0,0.0,0.0,24.7,51.9,0,normal_air
2145.0,2740.0,0.0,0.0,0.0,24.6,51.8,0,normal_air
2145.0,2740.0,0.0,0.0,0.0,24.6,51.8,0,normal_air
2144.0,2740.0,0.0,0.0,0.0,24.6,51.8,0,normal_air
2153.0,2740.0,0.0,0.0,0.0,24.6,52.0,0,normal_air
2152.0,2742.0,0.0,0.0,0.0,24.7,51.9,0,normal_air
2148.0,2740.0,0.0,0.0,0.0,24.6,51.5,0,normal_air
2159.0,2740.0,0.0,0.0,0.0,24.6,51.5,0,normal_air
2147.0,2740.0,0.0,0.0,0.0,24.6,51.7,0,normal_air
2161.0,2740.0,0.0,0.0,0.0,24.6,51.5,0,normal_air
2144.0,2741.0,0.0,0.0,0.0,24.6,51.6,0,normal_air
2149.0,2741.0,0.0,0.0,0.0,24.6,51.5,0,normal_air
2150.0,2739.0,0.0,0.0,0.0,24.6,51.4,0,normal_air
2148.0,2741.0,0.0,0.0,0.0,24.6,51.6,0,normal_air
2159.0,2740.0,0.0,0.0,0.0,24.6,51.5,0,normal_air
2146.0,2740.0,0.0,0.0,0.0,24.6,51.4,0,normal_air
2155.0,2740.0,0.0,0.0,0.0,24.6,51.4,0,normal_air
2150.0,2741.0,0.0,0.0,0.0,24.6,51.4,0,normal_air
2150.0,2739.0,0.0,0.0,0.0,24.6,51.3,0,normal_air
2151.0,2741.0,0.0,0.0,0.0,24.6,51.3,0,normal_air
2145.0,2741.0,0.0,0.0,0.0,24.6,51.3,0,normal_air
2148.0,2741.0,0.0,0.0,0.0,24.6,51.3,0,normal_air
2144.0,2739.0,0.0,0.0,0.0,24.6,51.2,0,normal_air
2162.0,2740.0,0.0,0.0,0.0,24.6,51.3,0,normal_air
2150.0,2738.0,0.0,0.0,0.0,24.6,51.3,0,normal_air
2145.0,2741.0,0.0,0.0,0.0,24.6,51.0,0,normal_air
2150.0,2740.0,0.0,0.0,0.0,24.6,51.1,0,normal_air
2145.0,2741.0,0.0,0.0,0.0,24.5,51.1,0,normal_air
2146.0,2738.0,0.0,0.0,0.0,24.5,51.1,0,normal_air
2162.0,2740.0,0.0,0.0,0.0,24.5,51.2,0,normal_air
2147.0,2741.0,0.0,0.0,0.0,24.5,51.4,0,normal_air
2151.0,2741.0,0.0,0.0,0.0,24.5,51.3,0,normal_air
2146.0,2739.0,0.0,0.0,0.0,24.5,51.2,0,normal_air
2147.0,2740.0,0.0,0.0,0.0,24.6,51.0,0,normal_air
2145.0,2741.0,0.0,0.0,0.0,24.5,51.4,0,normal_air
2145.0,2737.0,0.0,0.0,0.0,24.5,51.4,0,normal_air
2160.0,2739.0,0.0,0.0,0.0,24.5,51.5,0,normal_air
2145.0,2738.0,0.0,0.0,0.0,24.5,51.4,0,normal_air
2153.0,2741.0,0.0,0.0,0.0,24.5,51.5,0,normal_air
2121.0,2711.0,0.0,0.0,0.0,24.5,51.6,0,normal_air
2144.0,2739.0,0.0,0.0,0.0,24.5,51.7,0,normal_air
2152.0,2738.0,0.0,0.0,0.0,24.5,51.9,0,normal_air
2144.0,2738.0,0.0,0.0,0.0,24.5,52.2,0,normal_air
2268.0,2882.0,0.0,0.0,0.0,24.5,52.4,0,normal_air
2257.0,2881.0,0.0,0.0,0.0,24.5,52.5,0,normal_air
2257.0,2879.0,0.0,0.0,0.0,24.5,52.5,0,normal_air
2259.0,2881.0,0.0,0.0,0.0,24.5,52.5,0,normal_air
2259.0,2879.0,0.0,0.0,0.0,24.5,52.4,0,normal_air
2263.0,2880.0,0.0,0.0,0.0,24.5,52.3,0,normal_air
2258.0,2879.0,0.0,0.0,0.0,24.5,52.5,0,normal_air
2270.0,2881.0,0.0,0.0,0.0,24.5,52.4,0,normal_air
2259.0,2882.0,0.0,0.0,0.0,24.5,52.5,0,normal_air
2258.0,2881.0,0.0,0.0,0.0,24.5,52.5,0,normal_air
2263.0,2881.0,0.0,0.0,0.0,24.5,52.3,0,normal_air
2257.0,2880.0,0.0,0.0,0.0,24.5,52.5,0,normal_air
2262.0,2880.0,0.0,0.0,0.0,24.5,52.6,0,normal_air
2268.0,2880.0,0.0,0.0,0.0,24.5,52.5,0,normal_air
2258.0,2878.0,0.0,0.0,0.0,24.5,52.7,0,normal_air
2262.0,2880.0,0.0,0.0,0.0,24.5,52.7,0,normal_air
2257.0,2877.0,0.0,0.0,0.0,24.5,52.7,0,normal_air
2263.0,2880.0,0.0,0.0,0.0,24.5,52.6,0,normal_air
2263.0,2880.0,0.0,0.0,0.0,24.5,52.7,0,normal_air
2263.0,2879.0,0.0,0.0,0.0,24.5,52.8,0,normal_air
2267.0,2880.0,0.0,0.0,0.0,24.5,52.9,0,normal_air
2257.0,2879.0,0.0,0.0,0.0,24.5,52.9,0,normal_air
2268.0,2880.0,0.0,0.0,0.0,24.5,53.0,0,normal_air
2258.0,2880.0,0.0,0.0,0.0,24.5,53.0,0,normal_air
2263.0,2881.0,0.0,0.0,0.0,24.5,53.0,0,normal_air
2263.0,2880.0,0.0,0.0,0.0,24.5,53.0,0,normal_air
2257.0,2878.0,0.0,0.0,0.0,24.5,53.1,0,normal_air
2268.0,2881.0,0.0,0.0,0.0,24.5,53.2,0,normal_air
2257.0,2879.0,0.0,0.0,0.0,24.5,53.2,0,normal_air
2267.0,2881.0,0.0,0.0,0.0,24.5,53.4,0,normal_air
2262.0,2881.0,0.0,0.0,0.0,24.5,53.4,0,normal_air
2261.0,2879.0,0.0,0.0,0.0,24.6,53.5,0,normal_air
2262.0,2880.0,0.0,0.0,0.0,24.5,53.4,0,normal_air
2257.0,2881.0,0.0,0.0,0.0,24.5,53.4,0,normal_air
2263.0,2881.0,0.0,0.0,0.0,24.5,53.6,0,normal_air
2256.0,2877.0,0.0,0.0,0.0,24.6,54.0,0,normal_air
2257.0,2878.0,0.0,0.0,0.0,24.6,54.0,0,normal_air
2263.0,2881.0,0.0,0.0,0.0,24.5,54.2,0,normal_air
2257.0,2878.0,0.0,0.0,0.0,24.6,54.3,0,normal_air
2261.0,2880.0,0.0,0.0,0.0,24.6,54.3,0,normal_air
2258.0,2879.0,0.0,0.0,0.0,24.5,54.3,0,normal_air
2256.0,2877.0,0.0,0.0,0.0,24.5,54.2,0,normal_air
2267.0,2878.0,0.0,0.0,0.0,24.6,54.2,0,normal_air
2256.0,2880.0,0.0,0.0,0.0,24.6,54.1,0,normal_air
2261.0,2877.0,0.0,0.0,0.0,24.5,54.1,0,normal_air
2257.0,2881.0,0.0,0.0,0.0,24.6,54.1,0,normal_air
2256.0,2878.0,0.0,0.0,0.0,24.5,54.3,0,normal_air
2255.0,2879.0,0.0,0.0,0.0,24.6,54.1,0,normal_air
2256.0,2880.0,0.0,0.0,0.0,24.6,54.2,0,normal_air
2266.0,2880.0,0.0,0.0,0.0,24.6,54.2,0,normal_air
2257.0,2878.0,0.0,0.0,0.0,24.6,54.4,0,normal_air
2261.0,2878.0,0.0,0.0,0.0,24.6,54.3,0,normal_air
2258.0,2880.0,0.0,0.0,0.0,24.6,54.4,0,normal_air
2257.0,2879.0,0.0,0.0,0.0,24.6,54.5,0,normal_air
2261.0,2877.0,0.0,0.0,0.0,24.6,54.3,0,normal_air
2257.0,2881.0,0.0,0.0,0.0,24.6,54.5,0,normal_air
2266.0,2879.0,0.0,0.0,0.0,24.6,54.5,0,normal_air
2256.0,2880.0,0.0,0.0,0.0,24.5,54.8,0,normal_air
2257.0,2879.0,0.0,0.0,0.0,24.5,54.8,0,normal_air
2262.0,2878.0,0.0,0.0,0.0,24.6,54.8,0,normal_air
2256.0,2880.0,0.0,0.0,0.0,24.6,54.8,0,normal_air
2261.0,2880.0,0.0,0.0,0.0,24.6,54.8,0,normal_air
2267.0,2878.0,0.0,0.0,0.0,24.6,54.8,0,normal_air
2266.0,2880.0,0.0,0.0,0.0,24.5,54.8,0,normal_air
2260.0,2879.0,0.0,0.0,0.0,24.5,54.8,0,normal_air
2257.0,2879.0,0.0,0.0,0.0,24.6,55.0,0,normal_air
2260.0,2877.0,0.0,0.0,0.0,24.6,55.0,0,normal_air
2255.0,2879.0,0.0,0.0,0.0,24.6,54.9,0,normal_air
2260.0,2880.0,0.0,0.0,0.0,24.6,55.2,0,normal_air
2267.0,2879.0,0.0,0.0,0.0,24.6,55.0,0,normal_air
2257.0,2880.0,0.0,0.0,0.0,24.6,55.0,0,normal_air
2261.0,2881.0,0.0,0.0,0.0,24.6,55.2,0,normal_air
2254.0,2881.0,0.0,0.0,0.0,24.6,55.1,0,normal_air
2261.0,2878.0,0.0,0.0,0.0,24.6,55.3,0,normal_air
2260.0,2880.0,0.0,0.0,0.0,24.6,55.3,0,normal_air
2261.0,2880.0,0.0,0.0,0.0,24.6,55.3,0,normal_air
2268.0,2879.0,0.0,0.0,0.0,24.6,55.5,0,normal_air
2256.0,2877.0,0.0,0.0,0.0,24.6,55.5,0,normal_air
2267.0,2880.0,0.0,0.0,0.0,24.6,55.4,0,normal_air
2254.0,2880.0,0.0,0.0,0.0,24.6,55.6,0,normal_air
2260.0,2879.0,0.0,0.0,0.0,24.6,55.7,0,normal_air
2259.0,2878.0,0.0,0.0,0.0,24.7,55.5,0,normal_air
2255.0,2877.0,0.0,0.0,0.0,24.6,55.7,0,normal_air
2268.0,2880.0,0.0,0.0,0.0,24.6,55.7,0,normal_air
2256.0,2880.0,0.0,0.0,0.0,24.6,55.8,0,normal_air
2257.0,2878.0,0.0,0.0,0.0,24.6,55.8,0,normal_air
2262.0,2878.0,0.0,0.0,0.0,24.6,55.8,0,normal_air
2255.0,2879.0,0.0,0.0,0.0,24.6,55.8,0,normal_air
2260.0,2878.0,0.0,0.0,0.0,24.6,55.8,0,normal_air
2256.0,2880.0,0.0,0.0,0.0,24.6,55.9,0,normal_air
2255.0,2879.0,0.0,0.0,0.0,24.7,55.8,0,normal_air
2254.0,2880.0,0.0,0.0,0.0,24.8,58.6,0,normal_air
2254.0,2877.0,0.0,0.0,0.0,24.8,58.6,0,normal_air
2265.0,2877.0,0.0,0.0,0.0,24.8,58.6,0,normal_air
2255.0,2877.0,0.0,0.0,0.0,24.8,58.7,0,normal_air
2258.0,2876.0,0.0,0.0,0.0,24.8,58.7,0,normal_air
2256.0,2878.0,0.0,0.0,0.0,24.8,58.6,0,normal_air
2257.0,2877.0,0.0,0.0,0.0,24.8,58.7,0,normal_air
2262.0,2879.0,0.0,0.0,0.0,24.9,58.6,0,normal_air
2255.0,2879.0,0.0,0.0,0.0,24.8,58.8,0,normal_air
2266.0,2879.0,0.0,0.0,0.0,24.8,58.8,0,normal_air
2255.0,2878.0,0.0,0.0,0.0,24.8,58.8,0,normal_air
2255.0,2879.0,0.0,0.0,0.0,24.8,58.8,0,normal_air
2257.0,2879.0,0.0,0.0,0.0,24.9,58.8,0,normal_air
2255.0,2876.0,0.0,0.0,0.0,24.9,58.9,0,normal_air
2261.0,2878.0,0.0,0.0,0.0,24.8,58.8,0,normal_air
2257.0,2879.0,0.0,0.0,0.0,24.9,58.8,0,normal_air
2266.0,2879.0,0.0,0.0,0.0,24.9,58.8,0,normal_air
2260.0,2877.0,0.0,0.0,0.0,24.9,58.8,0,normal_air
2256.0,2877.0,0.0,0.0,0.0,24.9,59.0,0,normal_air
2260.0,2879.0,0.0,0.0,0.0,24.9,59.0,0,normal_air
2256.0,2876.0,0.0,0.0,0.0,24.9,59.0,0,normal_air
2261.0,2880.0,0.0,0.0,0.0,24.9,58.9,0,normal_air
2265.0,2879.0,0.0,0.0,0.0,24.9,59.1,0,normal_air
2256.0,2879.0,0.0,0.0,0.0,24.9,59.0,0,normal_air
2260.0,2878.0,0.0,0.0,0.0,24.9,59.0,0,normal_air
2257.0,2879.0,0.0,0.0,0.0,24.9,59.1,0,normal_air
2260.0,2876.0,0.0,0.0,0.0,24.9,59.2,0,normal_air
2259.0,2876.0,0.0,0.0,0.0,24.9,59.3,0,normal_air
2261.0,2876.0,0.0,0.0,0.0,24.9,59.1,0,normal_air
2267.0,2879.0,0.0,0.0,0.0,24.9,59.2,0,normal_air
2256.0,2878.0,0.0,0.0,0.0,24.9,59.3,0,normal_air
2266.0,2877.0,0.0,0.0,0.0,24.9,59.2,0,normal_air
2257.0,2878.0,0.0,0.0,0.0,24.9,59.2,0,normal_air
2261.0,2878.0,0.0,0.0,0.0,24.9,59.2,0,normal_air
2260.0,2878.0,0.0,0.0,0.0,24.9,59.2,0,normal_air
2253.0,2879.0,0.0,0.0,0.0,24.9,59.2,0,normal_air
2265.0,2877.0,0.0,0.0,0.0,24.9,59.2,0,normal_air
2256.0,2879.0,0.0,0.0,0.0,24.9,59.3,0,normal_air
2265.0,2879.0,0.0,0.0,0.0,24.9,59.3,0,normal_air
2258.0,2878.0,0.0,0.0,0.0,24.9,59.3,0,normal_air
2259.0,2878.0,0.0,0.0,0.0,24.9,59.3,0,normal_air
2259.0,2878.0,0.0,0.0,0.0,24.9,59.3,0,normal_air
2255.0,2879.0,0.0,0.0,0.0,24.9,59.3,0,normal_air
2257.0,2877.0,0.0,0.0,0.0,24.9,59.3,0,normal_air
2256.0,2878.0,0.0,0.0,0.0,24.9,59.4,0,normal_air
2256.0,2879.0,0.0,0.0,0.0,24.9,59.4,0,normal_air
2259.0,2877.0,0.0,0.0,0.0,24.9,59.4,0,normal_air
2256.0,2877.0,0.0,0.0,0.0,24.9,59.4,0,normal_air
2258.0,2877.0,0.0,0.0,0.0,24.9,59.2,0,normal_air
2255.0,2878.0,0.0,0.0,0.0,24.9,59.4,0,normal_air
2253.0,2878.0,0.0,0.0,0.0,24.9,59.4,0,normal_air
2265.0,2876.0,0.0,0.0,0.0,25.0,59.5,0,normal_air
2255.0,2877.0,0.0,0.0,0.0,24.9,59.5,0,normal_air
2260.0,2878.0,0.0,0.0,0.0,25.0,59.5,0,normal_air
2255.0,2877.0,0.0,0.0,0.0,24.9,59.6,0,normal_air
2252.0,2877.0,0.0,0.0,0.0,25.0,59.5,0,normal_air
2256.0,2879.0,0.0,0.0,0.0,25.0,59.6,0,normal_air
2254.0,2880.0,0.0,0.0,0.0,24.9,59.6,0,normal_air
2266.0,2878.0,0.0,0.0,0.0,25.0,59.5,0,normal_air
2254.0,2877.0,0.0,0.0,0.0,25.0,59.6,0,normal_air
2259.0,2879.0,0.0,0.0,0.0,24.9,59.5,0,normal_air
2254.0,2878.0,0.0,0.0,0.0,25.0,59.7,0,normal_air
2256.0,2878.0,0.0,0.0,0.0,24.9,59.6,0,normal_air
2259.0,2876.0,0.0,0.0,0.0,25.0,59.6,0,normal_air
2252.0,2877.0,0.0,0.0,0.0,24.9,59.8,0,normal_air
2265.0,2877.0,0.0,0.0,0.0,25.0,59.8,0,normal_air
2258.0,2877.0,0.0,0.0,0.0,25.0,59.8,0,normal_air
2254.0,2877.0,0.0,0.0,0.0,24.9,59.7,0,normal_air
2258.0,2877.0,0.0,0.0,0.0,25.0,59.6,0,normal_air
2254.0,2877.0,0.0,0.0,0.0,25.0,59.8,0,normal_air
2260.0,2876.0,0.0,0.0,0.0,25.0,59.8,0,normal_air
2266.0,2877.0,0.0,0.0,0.0,25.0,60.0,0,normal_air
2266.0,2877.0,0.0,0.0,0.0,25.0,59.8,0,normal_air
2257.0,2877.0,0.0,0.0,0.0,25.0,59.8,0,normal_air
2253.0,2877.0,0.0,0.0,0.0,25.0,59.9,0,normal_air
2259.0,2877.0,0.0,0.0,0.0,25.0,60.1,0,normal_air
2253.0,2875.0,0.0,0.0,0.0,25.0,60.0,0,normal_air
2260.0,2877.0,0.0,0.0,0.0,25.0,60.0,0,normal_air
2263.0,2879.0,0.0,0.0,0.0,25.0,60.0,0,normal_air
2254.0,2876.0,0.0,0.0,0.0,25.0,59.9,0,normal_air
2260.0,2876.0,0.0,0.0,0.0,25.0,60.0,0,normal_air
2253.0,2874.0,0.0,0.0,0.0,25.0,60.0,0,normal_air
2260.0,2879.0,0.0,0.0,0.0,25.0,60.1,0,normal_air
2258.0,2877.0,0.0,0.0,0.0,25.0,60.1,0,normal_air
2259.0,2878.0,0.0,0.0,0.0,25.0,60.2,0,normal_air
2265.0,2876.0,0.0,0.0,0.0,25.0,60.2,0,normal_air
2255.0,2878.0,0.0,0.0,0.0,25.0,60.2,0,normal_air
2266.0,2878.0,0.0,0.0,0.0,25.0,60.1,0,normal_air
2255.0,2877.0,0.0,0.0,0.0,25.0,60.1,0,normal_air
2258.0,2878.0,0.0,0.0,0.0,25.0,60.2,0,normal_air
2261.0,2880.0,0.0,0.0,0.0,25.0,60.2,0,normal_air
2255.0,2878.0,0.0,0.0,0.0,25.0,60.1,0,normal_air
2265.0,2878.0,0.0,0.0,0.0,25.0,60.2,0,normal_air
2255.0,2877.0,0.0,0.0,0.0,25.0,60.2,0,normal_air
2254.0,2880.0,0.0,0.0,0.0,25.0,60.2,0,normal_air
2260.0,2878.0,0.0,0.0,0.0,25.0,60.2,0,normal_air
2254.0,2878.0,0.0,0.0,0.0,25.0,60.3,0,normal_air
2259.0,2877.0,0.0,0.0,0.0,25.0,60.3,0,normal_air
2255.0,2877.0,0.0,0.0,0.0,25.0,60.2,0,normal_air
2254.0,2878.0,0.0,0.0,0.0,25.0,60.3,0,normal_air
2253.0,2880.0,0.0,0.0,0.0,25.0,60.5,0,normal_air
2255.0,2879.0,0.0,0.0,0.0,25.0,60.5,0,normal_air
2258.0,2878.0,0.0,0.0,0.0,25.1,60.6,0,normal_air
2255.0,2878.0,0.0,0.0,0.0,25.1,60.5,0,normal_air
2258.0,2877.0,0.0,0.0,0.0,25.0,60.3,0,normal_air
2256.0,2880.0,0.0,0.0,0.0,25.1,60.5,0,normal_air
2254.0,2875.0,0.0,0.0,0.0,25.1,60.3,0,normal_air
2265.0,2879.0,0.0,0.0,0.0,25.1,60.5,0,normal_air
2255.0,2878.0,0.0,0.0,0.0,25.0,60.5,0,normal_air
2260.0,2877.0,0.0,0.0,0.0,25.1,60.5,0,normal_air
2254.0,2877.0,0.0,0.0,0.0,25.1,60.5,0,normal_air
2252.0,2879.0,0.0,0.0,0.0,25.1,60.5,0,normal_air
2253.0,2878.0,0.0,0.0,0.0,25.1,60.4,0,normal_air
2253.0,2879.0,0.0,0.0,0.0,25.1,60.3,0,normal_air
2266.0,2877.0,0.0,0.0,0.0,25.1,60.4,0,normal_air
2259.0,2877.0,0.0,0.0,0.0,25.1,60.4,0,normal_air
2256.0,2878.0,0.0,0.0,0.0,25.1,60.5,0,normal_air
2259.0,2879.0,0.0,0.0,0.0,25.1,60.4,0,normal_air
2255.0,2877.0,0.0,0.0,0.0,25.1,60.4,0,normal_air
2259.0,2879.0,0.0,0.0,0.0,25.1,60.7,0,normal_air
2255.0,2879.0,0.0,0.0,0.0,25.1,60.5,0,normal_air
2265.0,2878.0,0.0,0.0,0.0,25.1,60.5,0,normal_air
2259.0,2879.0,0.0,0.0,0.0,25.1,60.5,0,normal_air
2255.0,2878.0,0.0,0.0,0.0,25.1,60.5,0,normal_air
2260.0,2878.0,0.0,0.0,0.0,25.1,60.7,0,normal_air
2255.0,2875.0,0.0,0.0,0.0,25.1,60.5,0,normal_air
2257.0,2876.0,0.0,0.0,0.0,25.1,60.6,0,normal_air
2265.0,2877.0,0.0,0.0,0.0,25.1,60.6,0,normal_air
2264.0,2879.0,0.0,0.0,0.0,25.1,60.6,0,normal_air
2261.0,2878.0,0.0,0.0,0.0,25.1,60.6,0,normal_air
2255.0,2881.0,0.0,0.0,0.0,25.1,60.7,0,normal_air
2258.0,2877.0,0.0,0.0,0.0,25.1,60.6,0,normal_air
2253.0,2875.0,0.0,0.0,0.0,25.1,60.7,0,normal_air
2259.0,2878.0,0.0,0.0,0.0,25.1,60.6,0,normal_air
2266.0,2878.0,0.0,0.0,0.0,25.1,60.6,0,normal_air
2253.0,2876.0,0.0,0.0,0.0,25.1,60.8,0,normal_air
2259.0,2879.0,0.0,0.0,0.0,25.1,60.7,0,normal_air
2257.0,2878.0,0.0,0.0,0.0,25.1,60.6,0,normal_air
2260.0,2879.0,0.0,0.0,0.0,25.1,60.7,0,normal_air
2260.0,2878.0,0.0,0.0,0.0,25.1,60.8,0,normal_air
2255.0,2877.0,0.0,0.0,0.0,25.1,60.8,0,normal_air
2265.0,2878.0,0.0,0.0,0.0,25.1,60.8,0,normal_air
2256.0,2879.0,0.0,0.0,0.0,25.1,60.8,0,normal_air
2256.0,2878.0,0.0,0.0,0.0,25.1,60.8,0,normal_air
2255.0,2879.0,0.0,0.0,0.0,25.1,60.9,0,normal_air
2254.0,2877.0,0.0,0.0,0.0,25.1,60.9,0,normal_air
2260.0,2879.0,0.0,0.0,0.0,25.1,60.9,0,normal_air
2254.0,2878.0,0.0,0.0,0.0,25.1,60.9,0,normal_air
2266.0,2878.0,0.0,0.0,0.0,25.1,61.0,0,normal_air
2255.0,2877.0,0.0,0.0,0.0,25.1,61.1,0,normal_air
2256.0,2878.0,0.0,0.0,0.0,25.1,61.1,0,normal_air
2260.0,2879.0,0.0,0.0,0.0,25.1,60.9,0,normal_air
2256.0,2877.0,0.0,0.0,0.0,25.1,61.0,0,normal_air
2258.0,2876.0,0.0,0.0,0.0,25.1,61.0,0,normal_air
2255.0,2879.0,0.0,0.0,0.0,25.1,61.1,0,normal_air
2254.0,2879.0,0.0,0.0,0.0,25.1,61.0,0,normal_air
2254.0,2878.0,0.0,0.0,0.0,25.1,61.0,0,normal_air
2255.0,2877.0,0.0,0.0,0.0,25.1,61.0,0,normal_air
2258.0,2877.0,0.0,0.0,0.0,25.1,61.3,0,normal_air
2252.0,2877.0,0.0,0.0,0.0,25.1,61.1,0,normal_air
2258.0,2875.0,0.0,0.0,0.0,25.1,61.1,0,normal_air
2256.0,2878.0,0.0,0.0,0.0,25.1,61.1,0,normal_air
2255.0,2879.0,0.0,0.0,0.0,25.1,61.1,0,normal_air
2266.0,2876.0,0.0,0.0,0.0,25.1,61.2,0,normal_air
2254.0,2878.0,0.0,0.0,0.0,25.1,61.3,0,normal_air
2258.0,2875.0,0.0,0.0,0.0,25.1,61.2,0,normal_air
2257.0,2876.0,0.0,0.0,0.0,25.1,61.1,0,normal_air
2255.0,2878.0,0.0,0.0,0.0,25.1,61.2,0,normal_air
2265.0,2878.0,0.0,0.0,0.0,25.1,61.3,0,normal_air
2255.0,2879.0,0.0,0.0,0.0,25.1,61.3,0,normal_air
2265.0,2878.0,0.0,0.0,0.0,25.1,61.4,0,normal_air
2259.0,2878.0,0.0,0.0,0.0,25.1,61.4,0,normal_air
2259.0,2878.0,0.0,0.0,0.0,25.1,61.3,0,normal_air
2258.0,2876.0,0.0,0.0,0.0,25.1,61.3,0,normal_air
2254.0,2877.0,0.0,0.0,0.0,25.1,61.3,0,normal_air
2259.0,2877.0,0.0,0.0,0.0,25.1,61.3,0,normal_air
2253.0,2877.0,0.0,0.0,0.0,25.1,61.3,0,normal_air
2266.0,2877.0,0.0,0.0,0.0,25.1,61.3,0,normal_air
2258.0,2876.0,0.0,0.0,0.0,25.1,61.3,0,normal_air
2254.0,2876.0,0.0,0.0,0.0,25.1,61.5,0,normal_air
2257.0,2879.0,0.0,0.0,0.0,25.1,61.4,0,normal_air
2256.0,2881.0,0.0,0.0,0.0,25.1,61.3,0,normal_air
2259.0,2879.0,0.0,0.0,0.0,25.2,61.4,0,normal_air
2265.0,2877.0,0.0,0.0,0.0,25.1,61.8,0,normal_air
2265.0,2880.0,0.0,0.0,0.0,25.1,61.9,0,normal_air
2260.0,2880.0,0.0,0.0,0.0,25.1,61.9,0,normal_air
2256.0,2878.0,0.0,0.0,0.0,25.1,61.8,0,normal_air
2260.0,2875.0,0.0,0.0,0.0,25.2,61.8,0,normal_air
2255.0,2878.0,0.0,0.0,0.0,25.1,61.5,0,normal_air
2254.0,2878.0,0.0,0.0,0.0,25.2,61.6,0,normal_air
2264.0,2878.0,0.0,0.0,0.0,25.1,61.6,0,normal_air
2255.0,2876.0,0.0,0.0,0.0,25.1,61.6,0,normal_air
2260.0,2879.0,0.0,0.0,0.0,25.2,61.7,0,normal_air
2253.0,2877.0,0.0,0.0,0.0,25.2,61.4,0,normal_air
2256.0,2878.0,0.0,0.0,0.0,25.2,61.7,0,normal_air
2261.0,2879.0,0.0,0.0,0.0,25.2,61.7,0,normal_air
2256.0,2879.0,0.0,0.0,0.0,25.2,61.6,0,normal_air
2266.0,2878.0,0.0,0.0,0.0,25.1,61.6,0,normal_air
2256.0,2878.0,0.0,0.0,0.0,25.2,61.7,0,normal_air
2256.0,2878.0,0.0,0.0,0.0,25.2,61.7,0,normal_air
2255.0,2877.0,0.0,0.0,0.0,25.2,61.5,0,normal_air
2256.0,2879.0,0.0,0.0,0.0,25.2,61.6,0,normal_air
2260.0,2877.0,0.0,0.0,0.0,25.2,61.6,0,normal_air
2255.0,2879.0,0.0,0.0,0.0,25.2,61.6,0,normal_air
2264.0,2876.0,0.0,0.0,0.0,25.2,61.6,0,normal_air
2255.0,2876.0,0.0,0.0,0.0,25.2,61.7,0,normal_air
2254.0,2876.0,0.0,0.0,0.0,25.2,61.7,0,normal_air
2259.0,2876.0,0.0,0.0,0.0,25.2,61.6,0,normal_air
2254.0,2878.0,0.0,0.0,0.0,25.1,61.6,0,normal_air
2259.0,2877.0,0.0,0.0,0.0,25.2,61.6,0,normal_air
2254.0,2879.0,0.0,0.0,0.0,25.2,61.7,0,normal_air
2256.0,2877.0,0.0,0.0,0.0,25.2,61.6,0,normal_air
2260.0,2878.0,0.0,0.0,0.0,25.2,61.7,0,normal_air
2256.0,2879.0,0.0,0.0,0.0,25.2,61.7,0,normal_air
2258.0,2878.0,0.0,0.0,0.0,25.2,61.6,0,normal_air
2259.0,2876.0,0.0,0.0,0.0,25.2,61.7,0,normal_air
2259.0,2876.0,0.0,0.0,0.0,25.2,61.7,0,normal_air
2263.0,2877.0,0.0,0.0,0.0,25.2,61.9,0,normal_air
2254.0,2878.0,0.0,0.0,0.0,25.2,61.8,0,normal_air
2264.0,2877.0,0.0,0.0,0.0,25.2,61.8,0,normal_air
2253.0,2876.0,0.0,0.0,0.0,25.2,61.7,0,normal_air
2261.0,2877.0,0.0,0.0,0.0,25.2,61.6,0,normal_air
2260.0,2877.0,0.0,0.0,0.0,25.2,61.7,0,normal_air
2255.0,2878.0,0.0,0.0,0.0,25.2,61.7,0,normal_air
2266.0,2877.0,0.0,0.0,0.0,25.2,61.7,0,normal_air
2255.0,2876.0,0.0,0.0,0.0,25.2,61.8,0,normal_air
2265.0,2878.0,0.0,0.0,0.0,25.2,61.8,0,normal_air
2258.0,2877.0,0.0,0.0,0.0,25.2,61.8,0,normal_air
2259.0,2878.0,0.0,0.0,0.0,25.2,61.9,0,normal_air
2259.0,2879.0,0.0,0.0,0.0,25.2,61.8,0,normal_air
2254.0,2877.0,0.0,0.0,0.0,25.2,61.9,0,normal_air
2258.0,2875.0,0.0,0.0,0.0,25.2,61.8,0,normal_air
2254.0,2880.0,0.0,0.0,0.0,25.2,61.8,0,normal_air
2264.0,2877.0,0.0,0.0,0.0,25.2,61.7,0,normal_air
2260.0,2876.0,0.0,0.0,0.0,25.2,61.7,0,normal_air
2253.0,2877.0,0.0,0.0,0.0,25.2,61.6,0,normal_air
2259.0,2878.0,0.0,0.0,0.0,25.2,61.7,0,normal_air
2254.0,2878.0,0.0,0.0,0.0,25.2,61.9,0,normal_air
2254.0,2877.0,0.0,0.0,0.0,25.2,61.9,0,normal_air
2263.0,2876.0,0.0,0.0,0.0,25.2,61.8,0,normal_air
2255.0,2878.0,0.0,0.0,0.0,25.2,61.8,0,normal_air
2260.0,2879.0,0.0,0.0,0.0,25.2,61.8,0,normal_air
2255.0,2878.0,0.0,0.0,0.0,25.2,61.9,0,normal_air
2253.0,2875.0,0.0,0.0,0.0,25.2,61.7,0,normal_air
2253.0,2876.0,0.0,0.0,0.0,25.2,61.8,0,normal_air
2255.0,2879.0,0.0,0.0,0.0,25.2,61.8,0,normal_air
2265.0,2877.0,0.0,0.0,0.0,25.2,62.0,0,normal_air
2255.0,2876.0,0.0,0.0,0.0,25.3,61.9,0,normal_air
2260.0,2877.0,0.0,0.0,0.0,25.2,61.9,0,normal_air
2254.0,2876.0,0.0,0.0,0.0,25.2,61.9,0,normal_air
2254.0,2878.0,0.0,0.0,0.0,25.2,61.8,0,normal_air
2257.0,2878.0,0.0,0.0,0.0,25.2,61.9,0,normal_air
2253.0,2876.0,0.0,0.0,0.0,25.2,62.0,0,normal_air
2266.0,2877.0,0.0,0.0,0.0,25.2,62.0,0,normal_air
2254.0,2876.0,0.0,0.0,0.0,25.2,62.0,0,normal_air
2255.0,2877.0,0.0,0.0,0.0,25.2,62.0,0,normal_air
2253.0,2877.0,0.0,0.0,0.0,25.2,62.0,0,normal_air
2254.0,2875.0,0.0,0.0,0.0,25.2,61.9,0,normal_air
2257.0,2876.0,0.0,0.0,0.0,25.2,62.0,0,normal_air
2255.0,2878.0,0.0,0.0,0.0,25.2,62.1,0,normal_air
2263.0,2876.0,0.0,0.0,0.0,25.2,62.0,0,normal_air
2256.0,2877.0,0.0,0.0,0.0,25.2,62.0,0,normal_air
2253.0,2878.0,0.0,0.0,0.0,25.2,62.0,0,normal_air
2259.0,2879.0,0.0,0.0,0.0,25.3,62.3,0,normal_air
2253.0,2875.0,0.0,0.0,0.0,25.2,62.0,0,normal_air
2259.0,2877.0,0.0,0.0,0.0,25.2,62.2,0,normal_air
2262.0,2877.0,0.0,0.0,0.0,25.2,62.2,0,normal_air
2254.0,2878.0,0.0,0.0,0.0,25.2,62.3,0,normal_air
2258.0,2875.0,0.0,0.0,0.0,25.2,62.1,0,normal_air
2254.0,2877.0,0.0,0.0,0.0,25.2,62.0,0,normal_air
2259.0,2877.0,0.0,0.0,0.0,25.2,62.1,0,normal_air
2257.0,2878.0,0.0,0.0,0.0,25.2,62.1,0,normal_air
2259.0,2878.0,0.0,0.0,0.0,25.2,62.3,0,normal_air
2265.0,2877.0,0.0,0.0,0.0,25.2,62.5,0,normal_air
2254.0,2875.0,0.0,0.0,0.0,25.2,62.3,0,normal_air
2264.0,2877.0,0.0,0.0,0.0,25.2,62.4,0,normal_air
2254.0,2876.0,0.0,0.0,0.0,25.2,62.4,0,normal_air
2259.0,2876.0,0.0,0.0,0.0,25.3,62.3,0,normal_air
2259.0,2878.0,0.0,0.0,0.0,25.2,62.3,0,normal_air
2254.0,2877.0,0.0,0.0,0.0,25.3,62.4,0,normal_air
2264.0,2877.0,0.0,0.0,0.0,25.2,62.3,0,normal_air
2254.0,2878.0,0.0,0.0,0.0,25.2,62.3,0,normal_air
2266.0,2878.0,0.0,0.0,0.0,25.2,62.2,0,normal_air
2259.0,2877.0,0.0,0.0,0.0,25.2,62.2,0,normal_air
2258.0,2878.0,0.0,0.0,0.0,25.3,62.2,0,normal_air
2255.0,2876.0,0.0,0.0,0.0,25.2,62.2,0,normal_air
2254.0,2878.0,0.0,0.0,0.0,25.3,62.4,0,normal_air
2254.0,2878.0,0.0,0.0,0.0,25.2,62.4,0,normal_air
2254.0,2878.0,0.0,0.0,0.0,25.3,62.3,0,normal_air
2253.0,2877.0,0.0,0.0,0.0,25.3,62.3,0,normal_air
2256.0,2877.0,0.0,0.0,0.0,25.2,62.3,0,normal_air
2257.0,2877.0,0.0,0.0,0.0,25.3,62.3,0,normal_air
2259.0,2877.0,0.0,0.0,0.0,25.2,62.4,0,normal_air
2254.0,2877.0,0.0,0.0,0.0,25.3,62.4,0,normal_air
2254.0,2878.0,0.0,0.0,0.0,25.2,62.4,0,normal_air
2262.0,2875.0,0.0,0.0,0.0,25.3,62.4,0,normal_air
2255.0,2880.0,0.0,0.0,0.0,25.3,62.4,0,normal_air
2259.0,2877.0,0.0,0.0,0.0,25.3,62.4,0,normal_air
2254.0,2878.0,0.0,0.0,0.0,25.3,62.4,0,normal_air
2254.0,2878.0,0.0,0.0,0.0,25.2,62.4,0,normal_air
2255.0,2877.0,0.0,0.0,0.0,25.3,62.4,0,normal_air
2253.0,2878.0,0.0,0.0,0.0,25.3,62.5,0,normal_air
2266.0,2876.0,0.0,0.0,0.0,25.2,62.4,0,normal_air
2252.0,2878.0,0.0,0.0,0.0,25.2,62.4,0,normal_air
2256.0,2878.0,0.0,0.0,0.0,25.3,62.5,0,normal_air
2255.0,2877.0,0.0,0.0,0.0,25.3,62.4,0,normal_air
2253.0,2878.0,0.0,0.0,0.0,25.3,62.5,0,normal_air
2258.0,2877.0,0.0,0.0,0.0,25.2,62.5,0,normal_air
2254.0,2878.0,0.0,0.0,0.0,25.3,62.7,0,normal_air
2264.0,2877.0,0.0,0.0,0.0,25.2,62.5,0,normal_air
2258.0,2877.0,0.0,0.0,0.0,25.2,62.5,0,normal_air
2257.0,2877.0,0.0,0.0,0.0,25.3,62.6,0,normal_air
2261.0,2878.0,0.0,0.0,0.0,25.3,62.5,0,normal_air
2254.0,2877.0,0.0,0.0,0.0,25.3,62.6,0,normal_air
2257.0,2876.0,0.0,0.0,0.0,25.3,62.5,0,normal_air
2266.0,2876.0,0.0,0.0,0.0,25.3,62.5,0,normal_air
2265.0,2876.0,0.0,0.0,0.0,25.2,62.6,0,normal_air
2259.0,2877.0,0.0,0.0,0.0,25.2,62.6,0,normal_air
2255.0,2878.0,0.0,0.0,0.0,25.3,62.5,0,normal_air
2259.0,2878.0,0.0,0.0,0.0,25.3,62.6,0,normal_air
2252.0,2877.0,0.0,0.0,0.0,25.3,62.6,0,normal_air
2260.0,2877.0,0.0,0.0,0.0,25.3,62.7,0,normal_air
2265.0,2876.0,0.0,0.0,0.0,25.3,62.6,0,normal_air
2256.0,2878.0,0.0,0.0,0.0,25.3,62.6,0,normal_air
2258.0,2877.0,0.0,0.0,0.0,25.3,62.6,0,normal_air
2253.0,2875.0,0.0,0.0,0.0,25.3,62.7,0,normal_air
2259.0,2878.0,0.0,0.0,0.0,25.3,62.7,0,normal_air
2261.0,2879.0,0.0,0.0,0.0,25.3,62.7,0,normal_air
2256.0,2877.0,0.0,0.0,0.0,25.3,62.7,0,normal_air
2265.0,2876.0,0.0,0.0,0.0,25.3,62.5,0,normal_air
2254.0,2878.0,0.0,0.0,0.0,25.3,62.8,0,normal_air
2265.0,2877.0,0.0,0.0,0.0,25.3,62.6,0,normal_air
2254.0,2878.0,0.0,0.0,0.0,25.3,62.7,0,normal_air
2257.0,2877.0,0.0,0.0,0.0,25.3,62.6,0,normal_air
2258.0,2878.0,0.0,0.0,0.0,25.3,62.5,0,normal_air
2254.0,2877.0,0.0,0.0,0.0,25.3,62.6,0,normal_air
2265.0,2878.0,0.0,0.0,0.0,25.3,62.8,0,normal_air
2252.0,2877.0,0.0,0.0,0.0,25.3,62.7,0,normal_air
2253.0,2878.0,0.0,0.0,0.0,25.3,62.7,0,normal_air
2259.0,2878.0,0.0,0.0,0.0,25.3,62.9,0,normal_air
2256.0,2877.0,0.0,0.0,0.0,25.3,62.8,0,normal_air
2259.0,2878.0,0.0,0.0,0.0,25.3,62.7,0,normal_air
2254.0,2878.0,0.0,0.0,0.0,25.3,62.8,0,normal_air
2253.0,2877.0,0.0,0.0,0.0,25.3,62.8,0,normal_air
2255.0,2877.0,0.0,0.0,0.0,25.3,62.9,0,normal_air
2255.0,2878.0,0.0,0.0,0.0,25.3,62.9,0,normal_air
2259.0,2876.0,0.0,0.0,0.0,25.3,62.7,0,normal_air
2254.0,2877.0,0.0,0.0,0.0,25.3,62.8,0,normal_air
2259.0,2877.0,0.0,0.0,0.0,25.3,62.8,0,normal_air
2255.0,2878.0,0.0,0.0,0.0,25.3,62.7,0,normal_air
2254.0,2878.0,0.0,0.0,0.0,25.3,62.8,0,normal_air
2265.0,2878.0,0.0,0.0,0.0,25.3,62.7,0,normal_air
2256.0,2879.0,0.0,0.0,0.0,25.3,62.8,0,normal_air
2259.0,2878.0,0.0,0.0,0.0,25.3,62.8,0,normal_air
2254.0,2878.0,0.0,0.0,0.0,25.3,62.8,0,normal_air
2256.0,2879.0,0.0,0.0,0.0,25.3,62.9,0,normal_air
2254.0,2877.0,0.0,0.0,0.0,25.3,62.9,0,normal_air
2254.0,2877.0,0.0,0.0,0.0,25.3,62.9,0,normal_air
2264.0,2876.0,0.0,0.0,0.0,25.3,63.0,0,normal_air
2254.0,2878.0,0.0,0.0,0.0,25.3,62.9,0,normal_air
2257.0,2875.0,0.0,0.0,0.0,25.3,62.9,0,normal_air
2260.0,2877.0,0.0,0.0,0.0,25.3,62.8,0,normal_air
2254.0,2877.0,0.0,0.0,0.0,25.3,63.0,0,normal_air
2260.0,2876.0,0.0,0.0,0.0,25.3,62.9,0,normal_air
2256.0,2878.0,0.0,0.0,0.0,25.3,63.1,0,normal_air
2263.0,2880.0,0.0,0.0,0.0,25.3,62.9,0,normal_air
2259.0,2879.0,0.0,0.0,0.0,25.3,62.9,0,normal_air
2252.0,2876.0,0.0,0.0,0.0,25.3,62.8,0,normal_air
2261.0,2879.0,0.0,0.0,0.0,25.3,62.9,0,normal_air
2253.0,2876.0,0.0,0.0,0.0,25.3,62.9,0,normal_air
2257.0,2877.0,0.0,0.0,0.0,25.3,62.9,0,normal_air
2263.0,2877.0,0.0,0.0,0.0,25.3,63.0,0,normal_air
2265.0,2875.0,0.0,0.0,0.0,25.3,63.0,0,normal_air
2259.0,2876.0,0.0,0.0,0.0,25.3,63.0,0,normal_air
2255.0,2877.0,0.0,0.0,0.0,25.3,63.1,0,normal_air
2257.0,2878.0,0.0,0.0,0.0,25.3,63.1,0,normal_air
2254.0,2877.0,0.0,0.0,0.0,25.3,62.8,0,normal_air
2259.0,2878.0,0.0,0.0,0.0,25.3,63.1,0,normal_air
2263.0,2877.0,0.0,0.0,0.0,25.3,63.0,0,normal_air
2254.0,2878.0,0.0,0.0,0.0,25.3,62.9,0,normal_air
2259.0,2878.0,0.0,0.0,0.0,25.3,62.9,0,normal_air
2254.0,2877.0,0.0,0.0,0.0,25.3,63.0,0,normal_air
2259.0,2876.0,0.0,0.0,0.0,25.3,62.9,0,normal_air
2259.0,2877.0,0.0,0.0,0.0,25.3,63.0,0,normal_air
2253.0,2875.0,0.0,0.0,0.0,25.3,63.0,0,normal_air
2266.0,2877.0,0.0,0.0,0.0,25.3,63.0,0,normal_air
2252.0,2876.0,0.0,0.0,0.0,25.3,63.0,0,normal_air
2254.0,2878.0,0.0,0.0,0.0,25.3,63.0,0,normal_air
2252.0,2876.0,0.0,0.0,0.0,25.4,63.1,0,normal_air
2254.0,2876.0,0.0,0.0,0.0,25.3,63.1,0,normal_air
2258.0,2877.0,0.0,0.0,0.0,25.3,63.1,0,normal_air
2255.0,2876.0,0.0,0.0,0.0,25.3,63.0,0,normal_air
2264.0,2875.0,0.0,0.0,0.0,25.3,63.0,0,normal_air
2254.0,2877.0,0.0,0.0,0.0,25.3,63.1,0,normal_air
2252.0,2875.0,0.0,0.0,0.0,25.3,63.1,0,normal_air
2259.0,2876.0,0.0,0.0,0.0,25.4,63.1,0,normal_air
2252.0,2875.0,0.0,0.0,0.0,25.3,63.1,0,normal_air
2257.0,2878.0,0.0,0.0,0.0,25.3,63.1,0,normal_air
2253.0,2876.0,0.0,0.0,0.0,25.3,63.1,0,normal_air
2254.0,2876.0,0.0,0.0,0.0,25.3,63.1,0,normal_air
2255.0,2876.0,0.0,0.0,0.0,25.3,63.1,0,normal_air
2251.0,2879.0,0.0,0.0,0.0,25.3,63.1,0,normal_air
2257.0,2877.0,0.0,0.0,0.0,25.3,63.3,0,normal_air
2254.0,2877.0,0.0,0.0,0.0,25.3,63.2,0,normal_air
2258.0,2876.0,0.0,0.0,0.0,25.3,63.2,0,normal_air
2253.0,2877.0,0.0,0.0,0.0,25.3,63.2,0,normal_air
2254.0,2877.0,0.0,0.0,0.0,25.3,63.1,0,normal_air
2262.0,2878.0,0.0,0.0,0.0,25.3,63.1,0,normal_air
2254.0,2877.0,0.0,0.0,0.0,25.3,63.0,0,normal_air
2258.0,2876.0,0.0,0.0,0.0,25.3,63.3,0,normal_air
2258.0,2876.0,0.0,0.0,0.0,25.3,63.2,0,normal_air
2255.0,2877.0,0.0,0.0,0.0,25.3,63.1,0,normal_air
2266.0,2876.0,0.0,0.0,0.0,25.3,63.1,0,normal_air
2254.0,2876.0,0.0,0.0,0.0,25.3,63.2,0,normal_air
2263.0,2877.0,0.0,0.0,0.0,25.3,63.2,0,normal_air
2256.0,2875.0,0.0,0.0,0.0,25.3,63.2,0,normal_air
2260.0,2878.0,0.0,0.0,0.0,25.3,63.2,0,normal_air
2259.0,2876.0,0.0,0.0,0.0,25.3,63.1,0,normal_air
2253.0,2876.0,0.0,0.0,0.0,25.3,63.3,0,normal_air
2258.0,2876.0,0.0,0.0,0.0,25.3,63.2,0,normal_air
2251.0,2875.0,0.0,0.0,0.0,25.3,63.1,0,normal_air
2266.0,2877.0,0.0,0.0,0.0,25.4,63.3,0,normal_air
2260.0,2876.0,0.0,0.0,0.0,25.4,63.3,0,normal_air
2254.0,2878.0,0.0,0.0,0.0,25.3,63.3,0,normal_air
2258.0,2874.0,0.0,0.0,0.0,25.3,63.2,0,normal_air
2254.0,2879.0,0.0,0.0,0.0,25.3,63.2,0,normal_air
2258.0,2877.0,0.0,0.0,0.0,25.3,63.1,0,normal_air
2264.0,2876.0,0.0,0.0,0.0,25.3,63.4,0,normal_air
2263.0,2875.0,0.0,0.0,0.0,25.4,63.2,0,normal_air
2259.0,2878.0,0.0,0.0,0.0,25.4,63.2,0,normal_air
2253.0,2877.0,0.0,0.0,0.0,25.3,63.3,0,normal_air
2259.0,2877.0,0.0,0.0,0.0,25.3,63.1,0,normal_air
2254.0,2877.0,0.0,0.0,0.0,25.3,63.4,0,normal_air
2254.0,2879.0,0.0,0.0,0.0,25.4,63.2,0,normal_air
2266.0,2878.0,0.0,0.0,0.0,25.4,63.3,0,normal_air
2254.0,2878.0,0.0,0.0,0.0,25.3,63.3,0,normal_air
2257.0,2876.0,0.0,0.0,0.0,25.3,63.3,0,normal_air
2253.0,2877.0,0.0,0.0,0.0,25.3,63.4,0,normal_air
2253.0,2876.0,0.0,0.0,0.0,25.3,63.4,0,normal_air
2260.0,2875.0,0.0,0.0,0.0,25.3,63.4,0,normal_air
2252.0,2873.0,0.0,0.0,0.0,25.3,63.4,0,normal_air
2267.0,2879.0,0.0,0.0,0.0,25.4,63.3,0,normal_air
2254.0,2875.0,0.0,0.0,0.0,25.3,63.4,0,normal_air
2254.0,2875.0,0.0,0.0,0.0,25.3,63.4,0,normal_air
2254.0,2877.0,0.0,0.0,0.0,25.3,63.2,0,normal_air
2255.0,2877.0,0.0,0.0,0.0,25.3,63.3,0,normal_air
2258.0,2873.0,0.0,0.0,0.0,25.4,63.4,0,normal_air
2253.0,2877.0,0.0,0.0,0.0,25.4,63.4,0,normal_air
2265.0,2877.0,0.0,0.0,0.0,25.4,63.2,0,normal_air
2253.0,2875.0,0.0,0.0,0.0,25.4,63.4,0,normal_air
2254.0,2878.0,0.0,0.0,0.0,25.4,63.4,0,normal_air
2256.0,2878.0,0.0,0.0,0.0,25.4,63.3,0,normal_air
2254.0,2876.0,0.0,0.0,0.0,25.4,63.2,0,normal_air
2257.0,2877.0,0.0,0.0,0.0,25.4,63.4,0,normal_air
2254.0,2877.0,0.0,0.0,0.0,25.4,63.4,0,normal_air
2252.0,2875.0,0.0,0.0,0.0,25.4,63.3,0,normal_air
2254.0,2876.0,0.0,0.0,0.0,25.4,63.3,0,normal_air
2252.0,2877.0,0.0,0.0,0.0,25.4,63.3,0,normal_air
2259.0,2877.0,0.0,0.0,0.0,25.3,63.3,0,normal_air
2257.0,2878.0,0.0,0.0,0.0,25.4,63.4,0,normal_air
2258.0,2877.0,0.0,0.0,0.0,25.4,63.4,0,normal_air
2264.0,2877.0,0.0,0.0,0.0,25.4,63.4,0,normal_air
2252.0,2875.0,0.0,0.0,0.0,25.4,63.3,0,normal_air
2265.0,2878.0,0.0,0.0,0.0,25.4,63.4,0,normal_air
2254.0,2876.0,0.0,0.0,0.0,25.4,63.4,0,normal_air
2257.0,2876.0,0.0,0.0,0.0,25.4,63.3,0,normal_air
2256.0,2876.0,0.0,0.0,0.0,25.4,63.3,0,normal_air
2252.0,2877.0,0.0,0.0,0.0,25.4,63.3,0,normal_air
2263.0,2876.0,0.0,0.0,0.0,25.4,63.4,0,normal_air
2254.0,2877.0,0.0,0.0,0.0,25.4,63.3,0,normal_air
2264.0,2878.0,0.0,0.0,0.0,25.4,63.4,0,normal_air
2258.0,2873.0,0.0,0.0,0.0,25.4,63.4,0,normal_air
2257.0,2876.0,0.0,0.0,0.0,25.4,63.3,0,normal_air
2256.0,2876.0,0.0,0.0,0.0,25.4,63.3,0,normal_air
2252.0,2876.0,0.0,0.0,0.0,25.4,63.5,0,normal_air
2260.0,2877.0,0.0,0.0,0.0,25.4,63.3,0,normal_air
2254.0,2878.0,0.0,0.0,0.0,25.4,63.4,0,normal_air
2264.0,2877.0,0.0,0.0,0.0,25.4,63.3,0,normal_air
2257.0,2877.0,0.0,0.0,0.0,25.4,63.3,0,normal_air
2253.0,2878.0,0.0,0.0,0.0,25.4,63.2,0,normal_air
2258.0,2875.0,0.0,0.0,0.0,25.4,63.2,0,normal_air
2253.0,2877.0,0.0,0.0,0.0,25.4,63.4,0,normal_air
2252.0,2876.0,0.0,0.0,0.0,25.4,63.3,0,normal_air
2263.0,2876.0,0.0,0.0,0.0,25.4,63.4,0,normal_air
2254.0,2878.0,0.0,0.0,0.0,25.4,63.3,0,normal_air
2258.0,2875.0,0.0,0.0,0.0,25.4,63.4,0,normal_air
2255.0,2878.0,0.0,0.0,0.0,25.4,63.2,0,normal_air
2254.0,2877.0,0.0,0.0,0.0,25.4,63.4,0,normal_air
2252.0,2877.0,0.0,0.0,0.0,25.4,63.3,0,normal_air
2254.0,2877.0,0.0,0.0,0.0,25.4,63.4,0,normal_air
2264.0,2875.0,0.0,0.0,0.0,25.4,63.2,0,normal_air
2252.0,2877.0,0.0,0.0,0.0,25.4,63.3,0,normal_air
2258.0,2876.0,0.0,0.0,0.0,25.4,63.3,0,normal_air
2254.0,2876.0,0.0,0.0,0.0,25.4,63.3,0,normal_air
2255.0,2877.0,0.0,0.0,0.0,25.4,63.3,0,normal_air
2258.0,2877.0,0.0,0.0,0.0,25.4,63.4,0,normal_air
2255.0,2877.0,0.0,0.0,0.0,25.4,63.3,0,normal_air
2262.0,2877.0,0.0,0.0,0.0,25.4,63.3,0,normal_air
2254.0,2876.0,0.0,0.0,0.0,25.4,63.5,0,normal_air
2252.0,2879.0,0.0,0.0,0.0,25.4,63.5,0,normal_air
2248.0,2877.0,0.0,0.0,0.0,25.4,63.4,0,normal_air
2255.0,2878.0,0.0,0.0,0.0,25.4,63.3,0,normal_air
2256.0,2876.0,0.0,0.0,0.0,25.4,63.4,0,normal_air
2255.0,2878.0,0.0,0.0,0.0,25.4,63.3,0,normal_air
2264.0,2875.0,0.0,0.0,0.0,25.4,63.4,0,normal_air
2254.0,2877.0,0.0,0.0,0.0,25.4,63.4,0,normal_air
2253.0,2877.0,0.0,0.0,0.0,25.4,63.4,0,normal_air
2256.0,2877.0,0.0,0.0,0.0,25.4,63.3,0,normal_air
2254.0,2879.0,0.0,0.0,0.0,25.4,63.4,0,normal_air
2258.0,2876.0,0.0,0.0,0.0,25.4,63.5,0,normal_air
2264.0,2877.0,0.0,0.0,0.0,25.4,63.4,0,normal_air
2253.0,2875.0,0.0,0.0,0.0,25.4,63.5,0,normal_air
2257.0,2875.0,0.0,0.0,0.0,25.4,63.3,0,normal_air
2255.0,2876.0,0.0,0.0,0.0,25.4,63.3,0,normal_air
2259.0,2877.0,0.0,0.0,0.0,25.4,63.2,0,normal_air
2258.0,2877.0,0.0,0.0,0.0,25.4,63.4,0,normal_air
2257.0,2877.0,0.0,0.0,0.0,25.4,63.4,0,normal_air
2265.0,2877.0,0.0,0.0,0.0,25.4,63.4,0,normal_air
2252.0,2878.0,0.0,0.0,0.0,25.4,63.4,0,normal_air
2264.0,2875.0,0.0,0.0,0.0,25.4,63.2,0,normal_air
2254.0,2877.0,0.0,0.0,0.0,25.4,63.3,0,normal_air
2256.0,2875.0,0.0,0.0,0.0,25.5,63.4,0,normal_air
2258.0,2877.0,0.0,0.0,0.0,25.4,63.3,0,normal_air
2253.0,2876.0,0.0,0.0,0.0,25.4,63.4,0,normal_air
2265.0,2875.0,0.0,0.0,0.0,25.4,63.5,0,normal_air
2254.0,2878.0,0.0,0.0,0.0,25.4,63.4,0,normal_air
2263.0,2876.0,0.0,0.0,0.0,25.4,63.3,0,normal_air
2257.0,2877.0,0.0,0.0,0.0,25.4,63.3,0,normal_air
2259.0,2878.0,0.0,0.0,0.0,25.4,63.4,0,normal_air
2260.0,2876.0,0.0,0.0,0.0,25.4,63.4,0,normal_air
2253.0,2877.0,0.0,0.0,0.0,25.5,63.6,0,normal_air
2253.0,2875.0,0.0,0.0,0.0,25.5,63.4,0,normal_air
2251.0,2877.0,0.0,0.0,0.0,25.5,63.4,0,normal_air
2255.0,2876.0,0.0,0.0,0.0,25.5,63.4,0,normal_air
2258.0,2877.0,0.0,0.0,0.0,25.4,63.4,0,normal_air
2255.0,2878.0,0.0,0.0,0.0,25.4,63.4,0,normal_air
2258.0,2876.0,0.0,0.0,0.0,25.4,63.4,0,normal_air
2254.0,2876.0,0.0,0.0,0.0,25.5,63.4,0,normal_air
2255.0,2877.0,0.0,0.0,0.0,25.4,63.3,0,normal_air
2264.0,2874.0,0.0,0.0,0.0,25.5,63.5,0,normal_air
2254.0,2878.0,0.0,0.0,0.0,25.4,63.4,0,normal_air
2257.0,2876.0,0.0,0.0,0.0,25.4,63.5,0,normal_air
2254.0,2876.0,0.0,0.0,0.0,25.4,63.5,0,normal_air
2253.0,2874.0,0.0,0.0,0.0,25.4,63.6,0,normal_air
2253.0,2877.0,0.0,0.0,0.0,25.5,63.5,0,normal_air
2253.0,2878.0,0.0,0.0,0.0,25.4,63.4,0,normal_air
2266.0,2877.0,0.0,0.0,0.0,25.5,63.5,0,normal_air
2254.0,2876.0,0.0,0.0,0.0,25.4,63.5,0,normal_air
2258.0,2878.0,0.0,0.0,0.0,25.5,63.4,0,normal_air
2254.0,2877.0,0.0,0.0,0.0,25.4,63.4,0,normal_air
2254.0,2876.0,0.0,0.0,0.0,25.4,63.5,0,normal_air
2258.0,2878.0,0.0,0.0,0.0,25.5,63.4,0,normal_air
2253.0,2877.0,0.0,0.0,0.0,25.4,63.4,0,normal_air
2265.0,2877.0,0.0,0.0,0.0,25.4,63.5,0,normal_air
2253.0,2876.0,0.0,0.0,0.0,25.5,63.5,0,normal_air
2254.0,2875.0,0.0,0.0,0.0,25.5,63.5,0,normal_air
2261.0,2875.0,0.0,0.0,0.0,25.4,63.5,0,normal_air
2253.0,2877.0,0.0,0.0,0.0,25.5,63.4,0,normal_air
2258.0,2875.0,0.0,0.0,0.0,25.5,63.5,0,normal_air
2264.0,2878.0,0.0,0.0,0.0,25.4,63.5,0,normal_air
2265.0,2877.0,0.0,0.0,0.0,25.4,63.5,0,normal_air
2258.0,2877.0,0.0,0.0,0.0,25.4,63.5,0,normal_air
2255.0,2877.0,0.0,0.0,0.0,25.5,63.5,0,normal_air
2259.0,2874.0,0.0,0.0,0.0,25.4,63.5,0,normal_air
2255.0,2877.0,0.0,0.0,0.0,25.4,63.5,0,normal_air
2261.0,2878.0,0.0,0.0,0.0,25.5,63.4,0,normal_air
2266.0,2878.0,0.0,0.0,0.0,25.5,63.4,0,normal_air
2255.0,2875.0,0.0,0.0,0.0,25.5,63.4,0,normal_air
2259.0,2877.0,0.0,0.0,0.0,25.4,63.4,0,normal_air
2255.0,2878.0,0.0,0.0,0.0,25.4,63.4,0,normal_air
2257.0,2877.0,0.0,0.0,0.0,25.5,63.4,0,normal_air
2261.0,2878.0,0.0,0.0,0.0,25.5,63.5,0,normal_air
2254.0,2876.0,0.0,0.0,0.0,25.5,63.3,0,normal_air
2253.0,2877.0,0.0,0.0,0.0,25.5,63.5,0,normal_air
2265.0,2878.0,0.0,0.0,0.0,25.5,63.5,0,normal_air
2255.0,2878.0,0.0,0.0,0.0,25.5,63.6,0,normal_air
2260.0,2878.0,0.0,0.0,0.0,25.5,63.4,0,normal_air
2255.0,2878.0,0.0,0.0,0.0,25.5,63.5,0,normal_air
2253.0,2878.0,0.0,0.0,0.0,25.5,63.6,0,normal_air
2259.0,2880.0,0.0,0.0,0.0,25.5,63.5,0,normal_air
2254.0,2876.0,0.0,0.0,0.0,25.5,63.4,0,normal_air
2264.0,2877.0,0.0,0.0,0.0,25.5,63.6,0,normal_air
2259.0,2877.0,0.0,0.0,0.0,25.5,63.6,0,normal_air
2256.0,2878.0,0.0,0.0,0.0,25.5,63.5,0,normal_air
2258.0,2877.0,0.0,0.0,0.0,25.5,63.4,0,normal_air
2254.0,2878.0,0.0,0.0,0.0,25.5,63.4,0,normal_air
2261.0,2879.0,0.0,0.0,0.0,25.5,63.5,0,normal_air
2266.0,2878.0,0.0,0.0,0.0,25.5,63.4,0,normal_air
2266.0,2878.0,0.0,0.0,0.0,25.5,63.4,0,normal_air
2257.0,2877.0,0.0,0.0,0.0,25.5,63.4,0,normal_air
2254.0,2877.0,0.0,0.0,0.0,25.5,63.5,0,normal_air
2258.0,2877.0,0.0,0.0,0.0,25.5,63.5,0,normal_air
2256.0,2878.0,0.0,0.0,0.0,25.5,63.4,0,normal_air
2258.0,2876.0,0.0,0.0,0.0,25.5,63.4,0,normal_air
2263.0,2878.0,0.0,0.0,0.0,25.6,63.5,0,normal_air
2254.0,2879.0,0.0,0.0,0.0,25.5,63.4,0,normal_air
2260.0,2878.0,0.0,0.0,0.0,25.5,63.4,0,normal_air
2255.0,2879.0,0.0,0.0,0.0,25.5,63.5,0,normal_air
2260.0,2879.0,0.0,0.0,0.0,25.6,63.4,0,normal_air
2258.0,2879.0,0.0,0.0,0.0,25.5,63.4,0,normal_air
2260.0,2876.0,0.0,0.0,0.0,25.6,63.4,0,normal_air
2267.0,2879.0,0.0,0.0,0.0,25.5,63.4,0,normal_air
2254.0,2877.0,0.0,0.0,0.0,25.5,63.2,0,normal_air
2266.0,2878.0,0.0,0.0,0.0,25.5,63.3,0,normal_air
2254.0,2876.0,0.0,0.0,0.0,25.5,63.4,0,normal_air
2255.0,2877.0,0.0,0.0,0.0,25.5,63.4,0,normal_air
2256.0,2876.0,0.0,0.0,0.0,25.5,63.4,0,normal_air
2254.0,2878.0,0.0,0.0,0.0,25.6,63.3,0,normal_air
2265.0,2879.0,0.0,0.0,0.0,25.6,63.5,0,normal_air
2256.0,2877.0,0.0,0.0,0.0,25.5,63.4,0,normal_air
2255.0,2877.0,0.0,0.0,0.0,25.5,63.4,0,normal_air
2259.0,2876.0,0.0,0.0,0.0,25.6,63.4,0,normal_air
2254.0,2878.0,0.0,0.0,0.0,25.5,63.3,0,normal_air
2257.0,2878.0,0.0,0.0,0.0,25.6,63.3,0,normal_air
2253.0,2878.0,0.0,0.0,0.0,25.6,63.3,0,normal_air
2253.0,2878.0,0.0,0.0,0.0,25.6,63.3,0,normal_air
2257.0,2875.0,0.0,0.0,0.0,25.6,63.3,0,normal_air
2263.0,2876.0,0.0,0.0,0.0,25.6,63.3,0,normal_air
2252.0,2875.0,0.0,0.0,0.0,25.6,63.3,0,normal_air
2264.0,2877.0,0.0,0.0,0.0,25.6,63.3,0,normal_air
2253.0,2878.0,0.0,0.0,0.0,25.6,63.2,0,normal_air
2259.0,2878.0,0.0,0.0,0.0,25.6,63.3,0,normal_air
2260.0,2879.0,0.0,0.0,0.0,25.6,63.4,0,normal_air
2254.0,2878.0,0.0,0.0,0.0,25.6,63.2,0,normal_air
2264.0,2878.0,0.0,0.0,0.0,25.6,63.2,0,normal_air
2253.0,2876.0,0.0,0.0,0.0,25.6,63.2,0,normal_air
2263.0,2877.0,0.0,0.0,0.0,25.6,63.3,0,normal_air
2259.0,2878.0,0.0,0.0,0.0,25.6,63.3,0,normal_air
2254.0,2877.0,0.0,0.0,0.0,25.6,63.2,0,normal_air
2256.0,2878.0,0.0,0.0,0.0,25.6,63.2,0,normal_air
2252.0,2877.0,0.0,0.0,0.0,25.6,63.3,0,normal_air
2253.0,2879.0,0.0,0.0,0.0,25.6,63.2,0,normal_air
2249.0,2877.0,0.0,0.0,0.0,25.6,63.3,0,normal_air
2255.0,2878.0,0.0,0.0,0.0,25.6,63.3,0,normal_air
2260.0,2878.0,0.0,0.0,0.0,25.6,63.2,0,normal_air
2254.0,2877.0,0.0,0.0,0.0,25.6,63.1,0,normal_air
2261.0,2878.0,0.0,0.0,0.0,25.6,63.1,0,normal_air
2254.0,2878.0,0.0,0.0,0.0,25.6,63.4,0,normal_air
2254.0,2879.0,0.0,0.0,0.0,25.7,63.2,0,normal_air
2266.0,2879.0,0.0,0.0,0.0,25.6,63.2,0,normal_air
2255.0,2878.0,0.0,0.0,0.0,25.6,63.2,0,normal_air
2259.0,2878.0,0.0,0.0,0.0,25.6,63.2,0,normal_air
2254.0,2878.0,0.0,0.0,0.0,25.7,63.2,0,normal_air
2254.0,2879.0,0.0,0.0,0.0,25.6,63.3,0,normal_air
2254.0,2877.0,0.0,0.0,0.0,25.7,63.1,0,normal_air
2254.0,2877.0,0.0,0.0,0.0,25.7,63.1,0,normal_air
2266.0,2878.0,0.0,0.0,0.0,25.7,63.3,0,normal_air
2254.0,2876.0,0.0,0.0,0.0,25.7,63.3,0,normal_air
2260.0,2877.0,0.0,0.0,0.0,25.7,63.2,0,normal_air
2256.0,2877.0,0.0,0.0,0.0,25.7,63.4,0,normal_air
2256.0,2878.0,0.0,0.0,0.0,25.6,63.2,0,normal_air
2259.0,2877.0,0.0,0.0,0.0,25.7,63.3,0,normal_air
2254.0,2876.0,0.0,0.0,0.0,25.7,63.3,0,normal_air
2267.0,2879.0,0.0,0.0,0.0,25.7,63.4,0,normal_air
2258.0,2878.0,0.0,0.0,0.0,25.7,63.4,0,normal_air
2255.0,2877.0,0.0,0.0,0.0,25.6,63.1,0,normal_air
2258.0,2877.0,0.0,0.0,0.0,25.7,63.4,0,normal_air
2254.0,2877.0,0.0,0.0,0.0,25.7,63.3,0,normal_air
2260.0,2877.0,0.0,0.0,0.0,25.7,63.2,0,normal_air
2265.0,2879.0,0.0,0.0,0.0,25.7,63.1,0,normal_air
2264.0,2878.0,0.0,0.0,0.0,25.7,63.1,0,normal_air
2256.0,2876.0,0.0,0.0,0.0,25.7,63.1,0,normal_air
2255.0,2877.0,0.0,0.0,0.0,25.7,63.3,0,normal_air
2257.0,2877.0,0.0,0.0,0.0,25.7,63.2,0,normal_air
2254.0,2879.0,0.0,0.0,0.0,25.7,63.1,0,normal_air
2257.0,2876.0,0.0,0.0,0.0,25.7,63.1,0,normal_air
2263.0,2875.0,0.0,0.0,0.0,25.7,63.3,0,normal_air
2254.0,2876.0,0.0,0.0,0.0,25.7,63.1,0,normal_air
2260.0,2877.0,0.0,0.0,0.0,25.7,63.1,0,normal_air
2252.0,2878.0,0.0,0.0,0.0,25.7,63.2,0,normal_air
2259.0,2877.0,0.0,0.0,0.0,25.7,63.1,0,normal_air
2258.0,2876.0,0.0,0.0,0.0,25.7,63.2,0,normal_air
2257.0,2876.0,0.0,0.0,0.0,25.7,63.2,0,normal_air
2266.0,2877.0,0.0,0.0,0.0,25.7,63.2,0,normal_air
2253.0,2877.0,0.0,0.0,0.0,25.7,63.2,0,normal_air
2266.0,2877.0,0.0,0.0,0.0,25.7,63.2,0,normal_air
2255.0,2878.0,0.0,0.0,0.0,25.7,63.2,0,normal_air
2255.0,2879.0,0.0,0.0,0.0,25.7,63.1,0,normal_air
2259.0,2877.0,0.0,0.0,0.0,25.7,63.1,0,normal_air
2253.0,2879.0,0.0,0.0,0.0,25.7,63.2,0,normal_air
2264.0,2876.0,0.0,0.0,0.0,25.7,63.2,0,normal_air
2254.0,2877.0,0.0,0.0,0.0,25.7,63.3,0,normal_air
2252.0,2878.0,0.0,0.0,0.0,25.7,63.3,0,normal_air
2258.0,2877.0,0.0,0.0,0.0,25.7,63.1,0,normal_air
2254.0,2875.0,0.0,0.0,0.0,25.7,63.2,0,normal_air
2257.0,2878.0,0.0,0.0,0.0,25.7,63.1,0,normal_air
2253.0,2878.0,0.0,0.0,0.0,25.7,63.0,0,normal_air
2255.0,2877.0,0.0,0.0,0.0,25.7,63.1,0,normal_air
2253.0,2876.0,0.0,0.0,0.0,25.7,63.0,0,normal_air
2254.0,2879.0,0.0,0.0,0.0,25.7,63.0,0,normal_air
2255.0,2878.0,0.0,0.0,0.0,25.7,63.1,0,normal_air
2252.0,2877.0,0.0,0.0,0.0,25.7,63.2,0,normal_air
2259.0,2876.0,0.0,0.0,0.0,25.7,63.2,0,normal_air
2253.0,2879.0,0.0,0.0,0.0,25.7,63.2,0,normal_air
2255.0,2877.0,0.0,0.0,0.0,25.7,63.0,0,normal_air
2261.0,2876.0,0.0,0.0,0.0,25.7,63.0,0,normal_air
2256.0,2877.0,0.0,0.0,0.0,25.8,63.1,0,normal_air
2258.0,2878.0,0.0,0.0,0.0,25.7,63.1,0,normal_air
2253.0,2875.0,0.0,0.0,0.0,25.8,63.0,0,normal_air
2255.0,2877.0,0.0,0.0,0.0,25.7,63.0,0,normal_air
2255.0,2879.0,0.0,0.0,0.0,25.7,63.0,0,normal_air
2254.0,2876.0,0.0,0.0,0.0,25.7,62.9,0,normal_air
2267.0,2879.0,0.0,0.0,0.0,25.7,62.9,0,normal_air
2260.0,2877.0,0.0,0.0,0.0,25.7,62.9,0,normal_air
2258.0,2880.0,0.0,0.0,0.0,25.7,63.1,0,normal_air
2261.0,2878.0,0.0,0.0,0.0,25.7,63.0,0,normal_air
2255.0,2879.0,0.0,0.0,0.0,25.8,63.0,0,normal_air
2260.0,2878.0,0.0,0.0,0.0,25.7,63.1,0,normal_air
2255.0,2877.0,0.0,0.0,0.0,25.7,62.9,0,normal_air
2265.0,2877.0,0.0,0.0,0.0,25.8,63.1,0,normal_air
2259.0,2878.0,0.0,0.0,0.0,25.8,63.1,0,normal_air
2250.0,2878.0,0.0,0.0,0.0,25.8,63.0,0,normal_air
2259.0,2876.0,0.0,0.0,0.0,25.8,62.9,0,normal_air
2255.0,2879.0,0.0,0.0,0.0,25.8,62.9,0,normal_air
2257.0,2878.0,0.0,0.0,0.0,25.8,63.1,0,normal_air
2266.0,2877.0,0.0,0.0,0.0,25.7,63.0,0,normal_air
2265.0,2877.0,0.0,0.0,0.0,25.7,63.0,0,normal_air
2259.0,2878.0,0.0,0.0,0.0,25.7,63.0,0,normal_air
2255.0,2877.0,0.0,0.0,0.0,25.7,62.8,0,normal_air
2259.0,2879.0,0.0,0.0,0.0,25.8,62.9,0,normal_air
2255.0,2878.0,0.0,0.0,0.0,25.8,63.0,0,normal_air
2260.0,2878.0,0.0,0.0,0.0,25.8,63.0,0,normal_air
2263.0,2878.0,0.0,0.0,0.0,25.8,63.0,0,normal_air
2254.0,2879.0,0.0,0.0,0.0,25.8,62.9,0,normal_air
2259.0,2877.0,0.0,0.0,0.0,25.8,62.9,0,normal_air
2255.0,2878.0,0.0,0.0,0.0,25.8,63.0,0,normal_air
2255.0,2877.0,0.0,0.0,0.0,25.8,62.9,0,normal_air
2257.0,2879.0,0.0,0.0,0.0,25.8,62.9,0,normal_air
2253.0,2877.0,0.0,0.0,0.0,25.8,62.8,0,normal_air
2265.0,2878.0,0.0,0.0,0.0,25.8,62.8,0,normal_air
2254.0,2877.0,0.0,0.0,0.0,25.8,62.8,0,normal_air
2253.0,2876.0,0.0,0.0,0.0,25.8,62.8,0,normal_air
2254.0,2876.0,0.0,0.0,0.0,25.8,62.8,0,normal_air
2256.0,2878.0,0.0,0.0,0.0,25.8,62.9,0,normal_air
2259.0,2877.0,0.0,0.0,0.0,25.8,62.8,0,normal_air
2255.0,2877.0,0.0,0.0,0.0,25.8,62.9,0,normal_air
2266.0,2878.0,0.0,0.0,0.0,25.8,62.9,0,normal_air
2253.0,2878.0,0.0,0.0,0.0,25.8,62.8,0,normal_air
2256.0,2879.0,0.0,0.0,0.0,25.8,62.8,0,normal_air
2258.0,2880.0,0.0,0.0,0.0,25.8,62.8,0,normal_air
2254.0,2878.0,0.0,0.0,0.0,25.8,62.9,0,normal_air
2258.0,2878.0,0.0,0.0,0.0,25.8,62.8,0,normal_air
2254.0,2877.0,0.0,0.0,0.0,25.8,62.8,0,normal_air
2253.0,2877.0,0.0,0.0,0.0,25.8,62.9,0,normal_air
2254.0,2876.0,0.0,0.0,0.0,25.8,63.0,0,normal_air
2255.0,2878.0,0.0,0.0,0.0,25.8,63.0,0,normal_air
2260.0,2878.0,0.0,0.0,0.0,25.8,63.0,0,normal_air
2253.0,2879.0,0.0,0.0,0.0,25.8,62.9,0,normal_air
2259.0,2879.0,0.0,0.0,0.0,25.8,62.7,0,normal_air
2256.0,2878.0,0.0,0.0,0.0,25.8,62.9,0,normal_air
2256.0,2878.0,0.0,0.0,0.0,25.8,62.9,0,normal_air
2265.0,2877.0,0.0,0.0,0.0,25.8,62.9,0,normal_air
2254.0,2878.0,0.0,0.0,0.0,25.8,63.0,0,normal_air
2261.0,2878.0,0.0,0.0,0.0,25.8,62.7,0,normal_air
2258.0,2879.0,0.0,0.0,0.0,25.8,62.7,0,normal_air
2255.0,2879.0,0.0,0.0,0.0,25.8,62.7,0,normal_air
2264.0,2878.0,0.0,0.0,0.0,25.8,62.8,0,normal_air
2255.0,2879.0,0.0,0.0,0.0,25.8,62.8,0,normal_air
2266.0,2879.0,0.0,0.0,0.0,25.8,62.7,0,normal_air
2260.0,2879.0,0.0,0.0,0.0,25.8,62.7,0,normal_air
2259.0,2877.0,0.0,0.0,0.0,25.8,62.7,0,normal_air
2260.0,2877.0,0.0,0.0,0.0,25.8,62.7,0,normal_air
2256.0,2879.0,0.0,0.0,0.0,25.8,62.7,0,normal_air
2259.0,2876.0,0.0,0.0,0.0,25.8,62.7,0,normal_air
2254.0,2878.0,0.0,0.0,0.0,25.8,62.7,0,normal_air
2265.0,2877.0,0.0,0.0,0.0,25.8,62.8,0,normal_air
2256.0,2876.0,0.0,0.0,0.0,25.8,62.8,0,normal_air
2252.0,2876.0,0.0,0.0,0.0,25.8,62.8,0,normal_air
2257.0,2876.0,0.0,0.0,0.0,25.8,62.8,0,normal_air
2252.0,2876.0,0.0,0.0,0.0,25.8,62.8,0,normal_air
2258.0,2877.0,0.0,0.0,0.0,25.8,62.8,0,normal_air
2264.0,2877.0,0.0,0.0,0.0,25.8,62.8,0,normal_air
2264.0,2877.0,0.0,0.0,0.0,25.8,62.8,0,normal_air
2258.0,2877.0,0.0,0.0,0.0,25.8,62.8,0,normal_air
2252.0,2876.0,0.0,0.0,0.0,25.8,62.7,0,normal_air
2252.0,2878.0,0.0,0.0,0.0,25.8,62.8,0,normal_air
2256.0,2877.0,0.0,0.0,0.0,25.8,62.6,0,normal_air
2254.0,2876.0,0.0,0.0,0.0,25.8,62.8,0,normal_air
2264.0,2878.0,0.0,0.0,0.0,25.8,62.6,0,normal_air
2254.0,2878.0,0.0,0.0,0.0,25.8,62.8,0,normal_air
2259.0,2877.0,0.0,0.0,0.0,25.8,62.7,0,normal_air
2254.0,2876.0,0.0,0.0,0.0,25.8,62.8,0,normal_air
2254.0,2879.0,0.0,0.0,0.0,25.8,62.9,0,normal_air
2255.0,2878.0,0.0,0.0,0.0,25.8,62.8,0,normal_air
2254.0,2877.0,0.0,0.0,0.0,25.8,62.8,0,normal_air
2262.0,2876.0,0.0,0.0,0.0,25.8,62.8,0,normal_air
2253.0,2877.0,0.0,0.0,0.0,25.8,62.8,0,normal_air
2254.0,2877.0,0.0,0.0,0.0,25.8,62.8,0,normal_air
2255.0,2877.0,0.0,0.0,0.0,25.8,62.7,0,normal_air
2254.0,2876.0,0.0,0.0,0.0,25.8,62.7,0,normal_air
2258.0,2877.0,0.0,0.0,0.0,25.8,62.8,0,normal_air
2254.0,2877.0,0.0,0.0,0.0,25.8,62.8,0,normal_air
2264.0,2876.0,0.0,0.0,0.0,25.8,62.7,0,normal_air
2252.0,2877.0,0.0,0.0,0.0,25.8,62.8,0,normal_air
2254.0,2879.0,0.0,0.0,0.0,25.8,62.8,0,normal_air
2259.0,2878.0,0.0,0.0,0.0,25.8,62.8,0,normal_air
2253.0,2877.0,0.0,0.0,0.0,25.8,62.7,0,normal_air
2259.0,2879.0,0.0,0.0,0.0,25.8,62.9,0,normal_air
2254.0,2879.0,0.0,0.0,0.0,25.8,62.8,0,normal_air
2252.0,2876.0,0.0,0.0,0.0,25.8,62.7,0,normal_air
2256.0,2877.0,0.0,0.0,0.0,25.8,62.8,0,normal_air
2255.0,2879.0,0.0,0.0,0.0,25.8,62.9,0,normal_air
2259.0,2878.0,0.0,0.0,0.0,25.8,62.8,0,normal_air
2258.0,2878.0,0.0,0.0,0.0,25.8,62.8,0,normal_air
2258.0,2879.0,0.0,0.0,0.0,25.8,62.9,0,normal_air
2263.0,2880.0,0.0,0.0,0.0,25.8,62.8,0,normal_air
2254.0,2878.0,0.0,0.0,0.0,25.8,62.7,0,normal_air
2265.0,2878.0,0.0,0.0,0.0,25.8,62.9,0,normal_air
2253.0,2876.0,0.0,0.0,0.0,25.8,62.8,0,normal_air
2258.0,2876.0,0.0,0.0,0.0,25.8,62.8,0,normal_air
2259.0,2876.0,0.0,0.0,0.0,25.8,62.9,0,normal_air
2255.0,2874.0,0.0,0.0,0.0,25.8,62.8,0,normal_air
2264.0,2878.0,0.0,0.0,0.0,25.8,62.8,0,normal_air
2253.0,2876.0,0.0,0.0,0.0,25.8,62.8,0,normal_air
2263.0,2875.0,0.0,0.0,0.0,25.8,62.8,0,normal_air
2257.0,2876.0,0.0,0.0,0.0,25.8,62.8,0,normal_air
2258.0,2878.0,0.0,0.0,0.0,25.8,62.9,0,normal_air
2258.0,2876.0,0.0,0.0,0.0,25.8,62.9,0,normal_air
2254.0,2878.0,0.0,0.0,0.0,25.8,62.9,0,normal_air
2254.0,2876.0,0.0,0.0,0.0,25.8,62.9,0,normal_air
2252.0,2878.0,0.0,0.0,0.0,25.8,62.8,0,normal_air
2263.0,2876.0,0.0,0.0,0.0,25.8,62.8,0,normal_air
2258.0,2876.0,0.0,0.0,0.0,25.8,62.8,0,normal_air
2254.0,2879.0,0.0,0.0,0.0,25.8,62.7,0,normal_air
2257.0,2879.0,0.0,0.0,0.0,25.8,62.7,0,normal_air
2254.0,2876.0,0.0,0.0,0.0,25.8,62.5,0,normal_air
2254.0,2880.0,0.0,0.0,0.0,25.8,62.7,0,normal_air
2266.0,2875.0,0.0,0.0,0.0,25.8,62.5,0,normal_air
2252.0,2878.0,0.0,0.0,0.0,25.8,62.5,0,normal_air
2258.0,2877.0,0.0,0.0,0.0,25.8,62.5,0,normal_air
2254.0,2878.0,0.0,0.0,0.0,25.8,62.5,0,normal_air
2252.0,2876.0,0.0,0.0,0.0,25.8,62.6,0,normal_air
2255.0,2878.0,0.0,0.0,0.0,25.8,62.3,0,normal_air
2254.0,2875.0,0.0,0.0,0.0,25.8,62.2,0,normal_air
2264.0,2876.0,0.0,0.0,0.0,25.8,62.1,0,normal_air
2253.0,2877.0,0.0,0.0,0.0,25.8,62.1,0,normal_air
2258.0,2877.0,0.0,0.0,0.0,25.8,62.0,0,normal_air
2254.0,2876.0,0.0,0.0,0.0,25.8,62.1,0,normal_air
2253.0,2877.0,0.0,0.0,0.0,25.8,61.8,0,normal_air
2261.0,2878.0,0.0,0.0,0.0,25.8,61.9,0,normal_air
2254.0,2879.0,0.0,0.0,0.0,25.8,61.8,0,normal_air
2263.0,2877.0,0.0,0.0,0.0,25.8,61.8,0,normal_air
2253.0,2878.0,0.0,0.0,0.0,25.8,61.6,0,normal_air
2253.0,2877.0,0.0,0.0,0.0,25.8,61.6,0,normal_air
2253.0,2875.0,0.0,0.0,0.0,25.8,61.3,0,normal_air
2255.0,2877.0,0.0,0.0,0.0,25.8,61.4,0,normal_air
2258.0,2876.0,0.0,0.0,0.0,25.8,61.4,0,normal_air
2254.0,2878.0,0.0,0.0,0.0,25.8,61.3,0,normal_air
2264.0,2877.0,0.0,0.0,0.0,25.8,61.1,0,normal_air
2258.0,2878.0,0.0,0.0,0.0,25.8,61.1,0,normal_air
2254.0,2877.0,0.0,0.0,0.0,25.8,61.1,0,normal_air
2259.0,2878.0,0.0,0.0,0.0,25.8,61.1,0,normal_air
2254.0,2879.0,0.0,0.0,0.0,25.8,60.9,0,normal_air
2259.0,2878.0,0.0,0.0,0.0,25.8,60.8,0,normal_air
2263.0,2875.0,0.0,0.0,0.0,25.8,60.7,0,normal_air
2255.0,2878.0,0.0,0.0,0.0,25.8,60.6,0,normal_air
2258.0,2877.0,0.0,0.0,0.0,25.8,60.5,0,normal_air
2253.0,2876.0,0.0,0.0,0.0,25.8,60.6,0,normal_air
2258.0,2878.0,0.0,0.0,0.0,25.8,60.7,0,normal_air
2255.0,2879.0,0.0,0.0,0.0,25.8,60.4,0,normal_air
2258.0,2876.0,0.0,0.0,0.0,25.8,60.4,0,normal_air
2264.0,2877.0,0.0,0.0,0.0,25.8,60.2,0,normal_air
2251.0,2878.0,0.0,0.0,0.0,25.8,60.3,0,normal_air
2264.0,2876.0,0.0,0.0,0.0,25.8,60.2,0,normal_air
2255.0,2877.0,0.0,0.0,0.0,25.8,60.2,0,normal_air
2258.0,2879.0,0.0,0.0,0.0,25.8,60.2,0,normal_air
2258.0,2877.0,0.0,0.0,0.0,25.8,60.0,0,normal_air
2253.0,2877.0,0.0,0.0,0.0,25.8,60.1,0,normal_air
2263.0,2875.0,0.0,0.0,0.0,25.7,59.8,0,normal_air
2253.0,2878.0,0.0,0.0,0.0,25.7,59.9,0,normal_air
2267.0,2879.0,0.0,0.0,0.0,25.8,59.9,0,normal_air
2260.0,2877.0,0.0,0.0,0.0,25.8,59.9,0,normal_air
2259.0,2876.0,0.0,0.0,0.0,25.8,59.9,0,normal_air
2257.0,2875.0,0.0,0.0,0.0,25.7,59.5,0,normal_air
2255.0,2878.0,0.0,0.0,0.0,25.7,59.7,0,normal_air
2255.0,2881.0,0.0,0.0,0.0,25.7,59.6,0,normal_air
2254.0,2879.0,0.0,0.0,0.0,25.7,59.4,0,normal_air
2253.0,2878.0,0.0,0.0,0.0,25.7,59.4,0,normal_air
2256.0,2876.0,0.0,0.0,0.0,25.7,59.4,0,normal_air
2255.0,2878.0,0.0,0.0,0.0,25.7,59.4,0,normal_air
2257.0,2878.0,0.0,0.0,0.0,25.7,59.2,0,normal_air
2255.0,2877.0,0.0,0.0,0.0,25.7,59.2,0,normal_air
2254.0,2877.0,0.0,0.0,0.0,25.7,59.2,0,normal_air
2264.0,2878.0,0.0,0.0,0.0,25.7,59.2,0,normal_air
2255.0,2879.0,0.0,0.0,0.0,25.7,59.1,0,normal_air
2260.0,2879.0,0.0,0.0,0.0,25.7,59.0,0,normal_air
2254.0,2879.0,0.0,0.0,0.0,25.7,59.0,0,normal_air
2256.0,2879.0,0.0,0.0,0.0,25.7,59.1,0,normal_air
2256.0,2878.0,0.0,0.0,0.0,25.7,59.0,0,normal_air
2255.0,2877.0,0.0,0.0,0.0,25.7,58.9,0,normal_air
2265.0,2879.0,0.0,0.0,0.0,25.7,58.9,0,normal_air
2255.0,2876.0,0.0,0.0,0.0,25.7,58.8,0,normal_air
2258.0,2878.0,0.0,0.0,0.0,25.7,59.0,0,normal_air
2256.0,2878.0,0.0,0.0,0.0,25.7,58.8,0,normal_air
2254.0,2879.0,0.0,0.0,0.0,25.7,58.7,0,normal_air
2259.0,2875.0,0.0,0.0,0.0,25.7,58.8,0,normal_air
2255.0,2877.0,0.0,0.0,0.0,25.7,58.7,0,normal_air
2265.0,2878.0,0.0,0.0,0.0,25.7,58.6,0,normal_air
2261.0,2877.0,0.0,0.0,0.0,25.7,58.6,0,normal_air
2257.0,2877.0,0.0,0.0,0.0,25.6,58.6,0,normal_air
2259.0,2879.0,0.0,0.0,0.0,25.7,58.5,0,normal_air
2257.0,2877.0,0.0,0.0,0.0,25.7,58.6,0,normal_air
2260.0,2878.0,0.0,0.0,0.0,25.6,58.4,0,normal_air
2265.0,2877.0,0.0,0.0,0.0,25.7,58.4,0,normal_air
2266.0,2878.0,0.0,0.0,0.0,25.7,58.3,0,normal_air
2260.0,2879.0,0.0,0.0,0.0,25.7,58.3,0,normal_air
2256.0,2877.0,0.0,0.0,0.0,25.7,58.3,0,normal_air
2259.0,2880.0,0.0,0.0,0.0,25.6,58.2,0,normal_air
2255.0,2878.0,0.0,0.0,0.0,25.7,58.1,0,normal_air
2259.0,2878.0,0.0,0.0,0.0,25.7,58.1,0,normal_air
2265.0,2877.0,0.0,0.0,0.0,25.6,57.9,0,normal_air
2255.0,2880.0,0.0,0.0,0.0,25.7,57.9,0,normal_air
2260.0,2879.0,0.0,0.0,0.0,25.6,57.9,0,normal_air
2254.0,2876.0,0.0,0.0,0.0,25.7,57.8,0,normal_air
2257.0,2877.0,0.0,0.0,0.0,25.6,57.8,0,normal_air
2260.0,2877.0,0.0,0.0,0.0,25.6,57.9,0,normal_air
2259.0,2877.0,0.0,0.0,0.0,25.7,57.6,0,normal_air
2266.0,2879.0,0.0,0.0,0.0,25.6,57.7,0,normal_air
2255.0,2876.0,0.0,0.0,0.0,25.6,57.6,0,normal_air
2267.0,2878.0,0.0,0.0,0.0,25.7,57.4,0,normal_air
2255.0,2879.0,0.0,0.0,0.0,25.6,57.6,0,normal_air
2258.0,2878.0,0.0,0.0,0.0,25.6,57.4,0,normal_air
2259.0,2877.0,0.0,0.0,0.0,25.7,57.5,0,normal_air
2257.0,2878.0,0.0,0.0,0.0,25.6,57.4,0,normal_air
2266.0,2876.0,0.0,0.0,0.0,25.7,57.3,0,normal_air
2255.0,2878.0,0.0,0.0,0.0,25.6,57.3,0,normal_air
2254.0,2878.0,0.0,0.0,0.0,25.6,57.3,0,normal_air
2260.0,2879.0,0.0,0.0,0.0,25.6,57.3,0,normal_air
2254.0,2877.0,0.0,0.0,0.0,25.6,57.2,0,normal_air
2259.0,2879.0,0.0,0.0,0.0,25.6,57.2,0,normal_air
2256.0,2878.0,0.0,0.0,0.0,25.6,57.2,0,normal_air
2256.0,2879.0,0.0,0.0,0.0,25.7,57.0,0,normal_air
2256.0,2878.0,0.0,0.0,0.0,25.6,57.1,0,normal_air
2256.0,2877.0,0.0,0.0,0.0,25.6,57.1,0,normal_air
2258.0,2877.0,0.0,0.0,0.0,25.6,57.0,0,normal_air
2256.0,2878.0,0.0,0.0,0.0,25.6,57.0,0,normal_air
2258.0,2877.0,0.0,0.0,0.0,25.6,57.0,0,normal_air
2254.0,2879.0,0.0,0.0,0.0,25.6,57.0,0,normal_air
2255.0,2879.0,0.0,0.0,0.0,25.6,56.7,0,normal_air
2266.0,2878.0,0.0,0.0,0.0,25.6,57.0,0,normal_air
2252.0,2878.0,0.0,0.0,0.0,25.6,56.8,0,normal_air
2260.0,2878.0,0.0,0.0,0.0,25.6,56.8,0,normal_air
2252.0,2877.0,0.0,0.0,0.0,25.6,56.7,0,normal_air
2254.0,2875.0,0.0,0.0,0.0,25.6,56.8,0,normal_air
2254.0,2876.0,0.0,0.0,0.0,25.6,56.6,0,normal_air
2254.0,2876.0,0.0,0.0,0.0,25.6,56.5,0,normal_air
2265.0,2878.0,0.0,0.0,0.0,25.6,56.5,0,normal_air
2259.0,2876.0,0.0,0.0,0.0,25.6,56.5,0,normal_air
2259.0,2878.0,0.0,0.0,0.0,25.6,56.2,0,normal_air
2260.0,2878.0,0.0,0.0,0.0,25.6,56.5,0,normal_air
2255.0,2879.0,0.0,0.0,0.0,25.6,56.5,0,normal_air
2260.0,2877.0,0.0,0.0,0.0,25.6,56.3,0,normal_air
2252.0,2878.0,0.0,0.0,0.0,25.6,56.4,0,normal_air
2265.0,2876.0,0.0,0.0,0.0,25.5,56.4,0,normal_air
2259.0,2878.0,0.0,0.0,0.0,25.5,56.4,0,normal_air
2256.0,2877.0,0.0,0.0,0.0,25.6,56.2,0,normal_air
2260.0,2876.0,0.0,0.0,0.0,25.6,56.3,0,normal_air
2256.0,2880.0,0.0,0.0,0.0,25.6,56.2,0,normal_air
2258.0,2877.0,0.0,0.0,0.0,25.6,56.2,0,normal_air
2266.0,2877.0,0.0,0.0,0.0,25.6,56.2,0,normal_air
2266.0,2879.0,0.0,0.0,0.0,25.6,56.1,0,normal_air
2260.0,2876.0,0.0,0.0,0.0,25.6,56.1,0,normal_air
2254.0,2878.0,0.0,0.0,0.0,25.5,56.0,0,normal_air
2258.0,2878.0,0.0,0.0,0.0,25.5,55.9,0,normal_air
2254.0,2879.0,0.0,0.0,0.0,25.6,55.9,0,normal_air
2260.0,2877.0,0.0,0.0,0.0,25.6,55.9,0,normal_air
2267.0,2878.0,0.0,0.0,0.0,25.6,55.9,0,normal_air
2255.0,2879.0,0.0,0.0,0.0,25.5,55.6,0,normal_air
2258.0,2877.0,0.0,0.0,0.0,25.6,55.7,0,normal_air
2255.0,2877.0,0.0,0.0,0.0,25.5,55.7,0,normal_air
2260.0,2878.0,0.0,0.0,0.0,25.5,55.7,0,normal_air
2258.0,2879.0,0.0,0.0,0.0,25.5,55.7,0,normal_air
2254.0,2877.0,0.0,0.0,0.0,25.6,55.6,0,normal_air
2267.0,2876.0,0.0,0.0,0.0,25.5,55.6,0,normal_air
2257.0,2878.0,0.0,0.0,0.0,25.5,55.7,0,normal_air
2253.0,2876.0,0.0,0.0,0.0,25.5,55.7,0,normal_air
2253.0,2878.0,0.0,0.0,0.0,25.5,55.7,0,normal_air
2253.0,2878.0,0.0,0.0,0.0,25.5,55.7,0,normal_air
2259.0,2880.0,0.0,0.0,0.0,25.5,55.8,0,normal_air
2254.0,2877.0,0.0,0.0,0.0,25.5,55.9,0,normal_air
2266.0,2877.0,0.0,0.0,0.0,25.5,55.8,0,normal_air
2255.0,2879.0,0.0,0.0,0.0,25.5,55.7,0,normal_air
2253.0,2879.0,0.0,0.0,0.0,25.5,55.7,0,normal_air
2260.0,2876.0,0.0,0.0,0.0,25.5,55.6,0,normal_air
2254.0,2877.0,0.0,0.0,0.0,25.6,55.5,0,normal_air
2258.0,2877.0,0.0,0.0,0.0,25.5,55.5,0,normal_air
2255.0,2879.0,0.0,0.0,0.0,25.5,55.4,0,normal_air
2254.0,2879.0,0.0,0.0,0.0,25.5,55.6,0,normal_air
2254.0,2876.0,0.0,0.0,0.0,25.5,55.8,0,normal_air
2256.0,2879.0,0.0,0.0,0.0,25.5,55.8,0,normal_air
2259.0,2878.0,0.0,0.0,0.0,25.5,55.7,0,normal_air
2254.0,2876.0,0.0,0.0,0.0,25.5,55.4,0,normal_air
2258.0,2878.0,0.0,0.0,0.0,25.5,55.3,0,normal_air
2253.0,2879.0,0.0,0.0,0.0,25.5,55.2,0,normal_air
2253.0,2876.0,0.0,0.0,0.0,25.5,55.1,0,normal_air
2265.0,2876.0,0.0,0.0,0.0,25.5,55.2,0,normal_air
2255.0,2879.0,0.0,0.0,0.0,25.5,55.1,0,normal_air
2261.0,2877.0,0.0,0.0,0.0,25.5,55.0,0,normal_air
2258.0,2877.0,0.0,0.0,0.0,25.5,54.9,0,normal_air
2255.0,2876.0,0.0,0.0,0.0,25.5,55.1,0,normal_air
2267.0,2877.0,0.0,0.0,0.0,25.5,54.9,0,normal_air
2254.0,2877.0,0.0,0.0,0.0,25.5,54.9,0,normal_air
2267.0,2879.0,0.0,0.0,0.0,25.4,54.8,0,normal_air
2260.0,2877.0,0.0,0.0,0.0,25.4,54.8,0,normal_air
2260.0,2878.0,0.0,0.0,0.0,25.4,54.9,0,normal_air
2259.0,2877.0,0.0,0.0,0.0,25.5,54.6,0,normal_air
2256.0,2879.0,0.0,0.0,0.0,25.4,54.8,0,normal_air
2259.0,2877.0,0.0,0.0,0.0,25.5,54.9,0,normal_air
2255.0,2878.0,0.0,0.0,0.0,25.4,54.5,0,normal_air
2266.0,2878.0,0.0,0.0,0.0,25.4,54.9,0,normal_air
2260.0,2880.0,0.0,0.0,0.0,25.4,54.9,0,normal_air
2256.0,2879.0,0.0,0.0,0.0,25.4,54.9,0,normal_air
2260.0,2876.0,0.0,0.0,0.0,25.4,54.7,0,normal_air
2255.0,2877.0,0.0,0.0,0.0,25.4,54.6,0,normal_air
2258.0,2877.0,0.0,0.0,0.0,25.4,54.7,0,normal_air
2264.0,2877.0,0.0,0.0,0.0,25.4,54.7,0,normal_air
2265.0,2880.0,0.0,0.0,0.0,25.4,54.6,0,normal_air
2261.0,2878.0,0.0,0.0,0.0,25.4,54.6,0,normal_air
2257.0,2879.0,0.0,0.0,0.0,25.4,54.6,0,normal_air
2262.0,2878.0,0.0,0.0,0.0,25.4,54.5,0,normal_air
2254.0,2876.0,0.0,0.0,0.0,25.4,54.5,0,normal_air
2255.0,2878.0,0.0,0.0,0.0,25.4,54.6,0,normal_air
2263.0,2876.0,0.0,0.0,0.0,25.3,54.4,0,normal_air
2256.0,2877.0,0.0,0.0,0.0,25.3,54.4,0,normal_air
2261.0,2877.0,0.0,0.0,0.0,25.3,54.4,0,normal_air
2256.0,2877.0,0.0,0.0,0.0,25.3,54.2,0,normal_air
2255.0,2876.0,0.0,0.0,0.0,25.3,54.1,0,normal_air
2261.0,2878.0,0.0,0.0,0.0,25.3,54.1,0,normal_air
2254.0,2879.0,0.0,0.0,0.0,25.3,54.0,0,normal_air
2265.0,2878.0,0.0,0.0,0.0,25.4,54.0,0,normal_air
2256.0,2879.0,0.0,0.0,0.0,25.4,54.0,0,normal_air
2256.0,2877.0,0.0,0.0,0.0,25.4,54.0,0,normal_air
2256.0,2879.0,0.0,0.0,0.0,25.3,53.9,0,normal_air
2255.0,2877.0,0.0,0.0,0.0,25.3,54.0,0,normal_air
2260.0,2877.0,0.0,0.0,0.0,25.3,54.1,0,normal_air
2254.0,2876.0,0.0,0.0,0.0,25.3,54.1,0,normal_air
2267.0,2876.0,0.0,0.0,0.0,25.3,53.9,0,normal_air
2255.0,2878.0,0.0,0.0,0.0,25.3,53.9,0,normal_air
2254.0,2877.0,0.0,0.0,0.0,25.3,53.9,0,normal_air
2259.0,2878.0,0.0,0.0,0.0,25.3,53.9,0,normal_air
2256.0,2877.0,0.0,0.0,0.0,25.3,53.8,0,normal_air
2258.0,2877.0,0.0,0.0,0.0,25.4,53.8,0,normal_air
2255.0,2878.0,0.0,0.0,0.0,25.3,53.8,0,normal_air
2255.0,2877.0,0.0,0.0,0.0,25.4,53.8,0,normal_air
2261.0,2878.0,0.0,0.0,0.0,25.3,53.8,0,normal_air
2254.0,2877.0,0.0,0.0,0.0,25.3,53.8,0,normal_air
2261.0,2878.0,0.0,0.0,0.0,25.3,53.8,0,normal_air
2259.0,2877.0,0.0,0.0,0.0,25.3,53.8,0,normal_air
2261.0,2877.0,0.0,0.0,0.0,25.4,53.7,0,normal_air
2268.0,2880.0,0.0,0.0,0.0,25.3,53.6,0,normal_air
2255.0,2879.0,0.0,0.0,0.0,25.3,53.6,0,normal_air
2266.0,2877.0,0.0,0.0,0.0,25.3,53.7,0,normal_air
2256.0,2878.0,0.0,0.0,0.0,25.3,53.7,0,normal_air
2260.0,2876.0,0.0,0.0,0.0,25.3,53.6,0,normal_air
2259.0,2878.0,0.0,0.0,0.0,25.3,53.5,0,normal_air
2255.0,2877.0,0.0,0.0,0.0,25.3,53.4,0,normal_air
2265.0,2878.0,0.0,0.0,0.0,25.3,53.4,0,normal_air
2255.0,2878.0,0.0,0.0,0.0,25.3,53.5,0,normal_air
2266.0,2878.0,0.0,0.0,0.0,25.3,53.4,0,normal_air
2261.0,2877.0,0.0,0.0,0.0,25.3,53.4,0,normal_air
2259.0,2877.0,0.0,0.0,0.0,25.3,53.5,0,normal_air
2258.0,2879.0,0.0,0.0,0.0,25.3,53.6,0,normal_air
2256.0,2878.0,0.0,0.0,0.0,25.3,53.4,0,normal_air
2261.0,2876.0,0.0,0.0,0.0,25.3,53.3,0,normal_air
2256.0,2879.0,0.0,0.0,0.0,25.3,53.2,0,normal_air
2265.0,2878.0,0.0,0.0,0.0,25.3,53.2,0,normal_air
2260.0,2878.0,0.0,0.0,0.0,25.3,53.2,0,normal_air
2256.0,2877.0,0.0,0.0,0.0,25.3,53.1,0,normal_air
2260.0,2879.0,0.0,0.0,0.0,25.3,53.0,0,normal_air
2255.0,2880.0,0.0,0.0,0.0,25.3,52.9,0,normal_air
2256.0,2879.0,0.0,0.0,0.0,25.3,53.1,0,normal_air
2266.0,2878.0,0.0,0.0,0.0,25.3,53.0,0,normal_air
2255.0,2879.0,0.0,0.0,0.0,25.3,53.3,0,normal_air
2261.0,2878.0,0.0,0.0,0.0,25.3,53.7,0,normal_air
2255.0,2877.0,0.0,0.0,0.0,25.3,53.7,0,normal_air
2256.0,2878.0,0.0,0.0,0.0,25.3,53.7,0,normal_air
2256.0,2878.0,0.0,0.0,0.0,25.3,53.4,0,normal_air
2255.0,2878.0,0.0,0.0,0.0,25.3,53.2,0,normal_air
2265.0,2878.0,0.0,0.0,0.0,25.3,53.4,0,normal_air
2256.0,2879.0,0.0,0.0,0.0,25.3,53.1,0,normal_air
2260.0,2879.0,0.0,0.0,0.0,25.3,53.2,0,normal_air
2255.0,2879.0,0.0,0.0,0.0,25.3,53.1,0,normal_air
2256.0,2878.0,0.0,0.0,0.0,25.3,52.9,0,normal_air
2260.0,2878.0,0.0,0.0,0.0,25.3,53.0,0,normal_air
2255.0,2880.0,0.0,0.0,0.0,25.3,52.8,0,normal_air
2264.0,2877.0,0.0,0.0,0.0,25.3,52.8,0,normal_air
2254.0,2878.0,0.0,0.0,0.0,25.3,52.8,0,normal_air
2254.0,2877.0,0.0,0.0,0.0,25.3,52.8,0,normal_air
2254.0,2878.0,0.0,0.0,0.0,25.3,52.7,0,normal_air
2255.0,2878.0,0.0,0.0,0.0,25.3,52.7,0,normal_air
2257.0,2876.0,0.0,0.0,0.0,25.3,52.7,0,normal_air
2256.0,2878.0,0.0,0.0,0.0,25.3,52.7,0,normal_air
2266.0,2878.0,0.0,0.0,0.0,25.3,52.6,0,normal_air
2259.0,2876.0,0.0,0.0,0.0,25.3,52.6,0,normal_air
2255.0,2877.0,0.0,0.0,0.0,25.3,52.6,0,normal_air
2258.0,2877.0,0.0,0.0,0.0,25.3,52.7,0,normal_air
2257.0,2877.0,0.0,0.0,0.0,25.3,52.6,0,normal_air
2261.0,2877.0,0.0,0.0,0.0,25.3,52.5,0,normal_air
2267.0,2879.0,0.0,0.0,0.0,25.2,52.4,0,normal_air
2257.0,2877.0,0.0,0.0,0.0,25.3,52.5,0,normal_air
2261.0,2877.0,0.0,0.0,0.0,25.2,52.5,0,normal_air
2255.0,2878.0,0.0,0.0,0.0,25.2,52.4,0,normal_air
2260.0,2878.0,0.0,0.0,0.0,25.2,52.3,0,normal_air
2262.0,2878.0,0.0,0.0,0.0,25.2,52.4,0,normal_air
2261.0,2879.0,0.0,0.0,0.0,25.2,52.1,0,normal_air
2266.0,2879.0,0.0,0.0,0.0,25.3,52.2,0,normal_air
2256.0,2878.0,0.0,0.0,0.0,25.2,52.3,0,normal_air
2266.0,2876.0,0.0,0.0,0.0,25.3,52.1,0,normal_air
2256.0,2879.0,0.0,0.0,0.0,25.2,52.2,0,normal_air
2259.0,2876.0,0.0,0.0,0.0,25.2,52.3,0,normal_air
2259.0,2877.0,0.0,0.0,0.0,25.2,52.2,0,normal_air
2256.0,2877.0,0.0,0.0,0.0,25.2,52.0,0,normal_air
2265.0,2878.0,0.0,0.0,0.0,25.2,52.0,0,normal_air
2256.0,2878.0,0.0,0.0,0.0,25.2,52.1,0,normal_air
2265.0,2879.0,0.0,0.0,0.0,25.2,52.1,0,normal_air
2263.0,2878.0,0.0,0.0,0.0,25.2,52.1,0,normal_air
2256.0,2878.0,0.0,0.0,0.0,25.2,52.1,0,normal_air
2261.0,2879.0,0.0,0.0,0.0,25.2,52.0,0,normal_air
2255.0,2878.0,0.0,0.0,0.0,25.2,52.0,0,normal_air
2254.0,2879.0,0.0,0.0,0.0,25.2,51.8,0,normal_air
2255.0,2878.0,0.0,0.0,0.0,25.2,51.8,0,normal_air
2256.0,2879.0,0.0,0.0,0.0,25.2,51.8,0,normal_air
2260.0,2878.0,0.0,0.0,0.0,25.2,51.8,0,normal_air
2256.0,2876.0,0.0,0.0,0.0,25.2,51.9,0,normal_air
2262.0,2880.0,0.0,0.0,0.0,25.2,51.8,0,normal_air
2257.0,2879.0,0.0,0.0,0.0,25.2,51.8,0,normal_air
2244.0,2877.0,0.0,0.0,0.0,25.2,51.7,0,normal_air
2267.0,2879.0,0.0,0.0,0.0,25.2,51.8,0,normal_air
2254.0,2877.0,0.0,0.0,0.0,25.2,51.8,0,normal_air
2260.0,2878.0,0.0,0.0,0.0,25.2,51.7,0,normal_air
2255.0,2878.0,0.0,0.0,0.0,25.2,51.7,0,normal_air
2257.0,2877.0,0.0,0.0,0.0,25.2,51.7,0,normal_air
2256.0,2877.0,0.0,0.0,0.0,25.2,51.8,0,normal_air
2257.0,2878.0,0.0,0.0,0.0,25.1,51.6,0,normal_air
2266.0,2878.0,0.0,0.0,0.0,25.1,51.6,0,normal_air
2258.0,2879.0,0.0,0.0,0.0,25.1,51.7,0,normal_air
2260.0,2880.0,0.0,0.0,0.0,25.1,51.6,0,normal_air
2257.0,2880.0,0.0,0.0,0.0,25.1,51.6,0,normal_air
2256.0,2876.0,0.0,0.0,0.0,25.1,51.5,0,normal_air
2260.0,2879.0,0.0,0.0,0.0,25.1,51.6,0,normal_air
2255.0,2878.0,0.0,0.0,0.0,25.1,51.5,0,normal_air
2267.0,2879.0,0.0,0.0,0.0,25.1,51.5,0,normal_air
2254.0,2879.0,0.0,0.0,0.0,25.1,51.5,0,normal_air
2256.0,2879.0,0.0,0.0,0.0,25.1,51.6,0,normal_air
2262.0,2879.0,0.0,0.0,0.0,25.1,51.5,0,normal_air
2255.0,2878.0,0.0,0.0,0.0,25.1,51.4,0,normal_air
2261.0,2880.0,0.0,0.0,0.0,25.1,51.4,0,normal_air
2265.0,2877.0,0.0,0.0,0.0,25.1,51.5,0,normal_air
2266.0,2877.0,0.0,0.0,0.0,25.1,51.3,0,normal_air
2261.0,2879.0,0.0,0.0,0.0,25.1,51.3,0,normal_air
2256.0,2880.0,0.0,0.0,0.0,25.1,51.4,0,normal_air
2261.0,2877.0,0.0,0.0,0.0,25.1,51.4,0,normal_air
2256.0,2879.0,0.0,0.0,0.0,25.0,51.4,0,normal_air
2261.0,2880.0,0.0,0.0,0.0,25.0,51.3,0,normal_air
2266.0,2878.0,0.0,0.0,0.0,25.1,51.4,0,normal_air
2256.0,2879.0,0.0,0.0,0.0,25.0,51.2,0,normal_air
2261.0,2878.0,0.0,0.0,0.0,25.1,51.3,0,normal_air
2257.0,2880.0,0.0,0.0,0.0,25.0,51.4,0,normal_air
2260.0,2879.0,0.0,0.0,0.0,25.0,51.3,0,normal_air
2261.0,2879.0,0.0,0.0,0.0,25.0,51.3,0,normal_air
2262.0,2879.0,0.0,0.0,0.0,25.0,51.4,0,normal_air
2266.0,2879.0,0.0,0.0,0.0,25.0,51.3,0,normal_air
2256.0,2878.0,0.0,0.0,0.0,25.0,51.3,0,normal_air
2266.0,2878.0,0.0,0.0,0.0,25.0,51.2,0,normal_air
2258.0,2878.0,0.0,0.0,0.0,25.0,51.2,0,normal_air
2261.0,2878.0,0.0,0.0,0.0,25.0,51.2,0,normal_air
2262.0,2879.0,0.0,0.0,0.0,25.0,51.2,0,normal_air
2257.0,2878.0,0.0,0.0,0.0,25.0,51.0,0,normal_air
2267.0,2878.0,0.0,0.0,0.0,25.0,51.0,0,normal_air
2254.0,2878.0,0.0,0.0,0.0,25.0,51.2,0,normal_air
2255.0,2876.0,0.0,0.0,0.0,25.0,51.2,0,normal_air
2260.0,2878.0,0.0,0.0,0.0,25.0,51.0,0,normal_air
2255.0,2877.0,0.0,0.0,0.0,25.0,51.1,0,normal_air
2263.0,2878.0,0.0,0.0,0.0,25.0,51.0,0,normal_air
2258.0,2879.0,0.0,0.0,0.0,25.0,51.1,0,normal_air
2257.0,2879.0,0.0,0.0,0.0,24.9,50.8,0,normal_air
2256.0,2879.0,0.0,0.0,0.0,24.9,50.9,0,normal_air
2255.0,2879.0,0.0,0.0,0.0,24.9,50.9,0,normal_air
2261.0,2880.0,0.0,0.0,0.0,24.9,51.0,0,normal_air
2255.0,2879.0,0.0,0.0,0.0,25.0,50.8,0,normal_air
2261.0,2878.0,0.0,0.0,0.0,24.9,51.0,0,normal_air
2256.0,2879.0,0.0,0.0,0.0,24.9,51.0,0,normal_air
2257.0,2880.0,0.0,0.0,0.0,24.9,50.8,0,normal_air
2266.0,2877.0,0.0,0.0,0.0,24.9,51.0,0,normal_air
2255.0,2877.0,0.0,0.0,0.0,24.9,51.1,0,normal_air
2260.0,2879.0,0.0,0.0,0.0,24.9,51.0,0,normal_air
2257.0,2879.0,0.0,0.0,0.0,24.9,51.1,0,normal_air
2257.0,2879.0,0.0,0.0,0.0,24.9,51.0,0,normal_air
2256.0,2878.0,0.0,0.0,0.0,24.9,50.8,0,normal_air
2257.0,2880.0,0.0,0.0,0.0,24.9,50.7,0,normal_air
2266.0,2878.0,0.0,0.0,0.0,24.9,50.8,0,normal_air
2261.0,2880.0,0.0,0.0,0.0,24.9,50.8,0,normal_air
2260.0,2878.0,0.0,0.0,0.0,24.9,50.8,0,normal_air
2262.0,2879.0,0.0,0.0,0.0,24.9,50.8,0,normal_air
2258.0,2879.0,0.0,0.0,0.0,24.9,50.8,0,normal_air
2260.0,2877.0,0.0,0.0,0.0,24.9,50.8,0,normal_air
2257.0,2878.0,0.0,0.0,0.0,24.9,50.9,0,normal_air
2266.0,2877.0,0.0,0.0,0.0,24.9,51.0,0,normal_air
2262.0,2877.0,0.0,0.0,0.0,24.9,51.0,0,normal_air
2256.0,2878.0,0.0,0.0,0.0,24.8,51.0,0,normal_air
2261.0,2879.0,0.0,0.0,0.0,24.9,51.1,0,normal_air
2255.0,2879.0,0.0,0.0,0.0,24.8,51.1,0,normal_air
2261.0,2878.0,0.0,0.0,0.0,24.8,51.1,0,normal_air
2267.0,2878.0,0.0,0.0,0.0,24.8,51.3,0,normal_air
2267.0,2879.0,0.0,0.0,0.0,24.8,51.4,0,normal_air
2260.0,2879.0,0.0,0.0,0.0,24.8,51.4,0,normal_air
2256.0,2878.0,0.0,0.0,0.0,24.8,51.4,0,normal_air
2261.0,2878.0,0.0,0.0,0.0,24.9,51.5,0,normal_air
2254.0,2877.0,0.0,0.0,0.0,24.8,51.6,0,normal_air
2259.0,2878.0,0.0,0.0,0.0,24.8,51.6,0,normal_air
2266.0,2878.0,0.0,0.0,0.0,24.8,51.8,0,normal_air
2255.0,2876.0,0.0,0.0,0.0,24.8,51.9,0,normal_air
2259.0,2877.0,0.0,0.0,0.0,24.8,51.8,0,normal_air
2256.0,2877.0,0.0,0.0,0.0,24.8,51.8,0,normal_air
2261.0,2880.0,0.0,0.0,0.0,24.8,51.8,0,normal_air
2261.0,2876.0,0.0,0.0,0.0,24.8,51.7,0,normal_air
2256.0,2877.0,0.0,0.0,0.0,24.8,51.7,0,normal_air
2266.0,2877.0,0.0,0.0,0.0,24.8,51.8,0,normal_air
2255.0,2877.0,0.0,0.0,0.0,24.8,51.8,0,normal_air
2254.0,2877.0,0.0,0.0,0.0,24.8,51.8,0,normal_air
2257.0,2878.0,0.0,0.0,0.0,24.8,51.7,0,normal_air
2255.0,2878.0,0.0,0.0,0.0,24.8,51.4,0,normal_air
2260.0,2878.0,0.0,0.0,0.0,24.8,51.4,0,normal_air
2256.0,2877.0,0.0,0.0,0.0,24.8,51.4,0,normal_air
2267.0,2875.0,0.0,0.0,0.0,24.8,51.4,0,normal_air
2255.0,2878.0,0.0,0.0,0.0,24.8,51.3,0,normal_air
2255.0,2876.0,0.0,0.0,0.0,24.8,51.3,0,normal_air
2259.0,2877.0,0.0,0.0,0.0,24.8,51.4,0,normal_air
2255.0,2878.0,0.0,0.0,0.0,24.8,51.5,0,normal_air
2259.0,2877.0,0.0,0.0,0.0,24.8,51.6,0,normal_air
2255.0,2876.0,0.0,0.0,0.0,24.7,51.4,0,normal_air
2256.0,2878.0,0.0,0.0,0.0,24.7,51.6,0,normal_air
2254.0,2878.0,0.0,0.0,0.0,24.8,51.5,0,normal_air
2255.0,2877.0,0.0,0.0,0.0,24.8,51.5,0,normal_air
2258.0,2877.0,0.0,0.0,0.0,24.8,51.3,0,normal_air
2255.0,2878.0,0.0,0.0,0.0,24.8,51.4,0,normal_air
2257.0,2876.0,0.0,0.0,0.0,24.7,51.5,0,normal_air
2255.0,2879.0,0.0,0.0,0.0,24.7,51.3,0,normal_air
2255.0,2879.0,0.0,0.0,0.0,24.8,51.4,0,normal_air
2265.0,2878.0,0.0,0.0,0.0,24.7,51.5,0,normal_air
2253.0,2877.0,0.0,0.0,0.0,24.7,51.2,0,normal_air
2260.0,2877.0,0.0,0.0,0.0,24.7,51.4,0,normal_air
2260.0,2876.0,0.0,0.0,0.0,24.7,51.2,0,normal_air
2254.0,2877.0,0.0,0.0,0.0,24.7,51.3,0,normal_air
2262.0,2876.0,0.0,0.0,0.0,24.8,51.3,0,normal_air
2253.0,2875.0,0.0,0.0,0.0,24.7,51.5,0,normal_air
2265.0,2876.0,0.0,0.0,0.0,24.7,51.4,0,normal_air
2259.0,2877.0,0.0,0.0,0.0,24.7,51.4,0,normal_air
2258.0,2876.0,0.0,0.0,0.0,24.8,51.6,0,normal_air
2248.0,2878.0,0.0,0.0,0.0,24.7,51.6,0,normal_air
2254.0,2876.0,0.0,0.0,0.0,24.7,51.8,0,normal_air
2259.0,2878.0,0.0,0.0,0.0,24.8,51.6,0,normal_air
2255.0,2877.0,0.0,0.0,0.0,24.7,51.6,0,normal_air
2266.0,2877.0,0.0,0.0,0.0,24.7,51.5,0,normal_air
2257.0,2877.0,0.0,0.0,0.0,24.7,51.5,0,normal_air
2253.0,2877.0,0.0,0.0,0.0,24.7,51.6,0,normal_air
2257.0,2877.0,0.0,0.0,0.0,24.7,51.4,0,normal_air
2253.0,2878.0,0.0,0.0,0.0,24.7,51.6,0,normal_air
2260.0,2877.0,0.0,0.0,0.0,24.7,51.6,0,normal_air
2265.0,2877.0,0.0,0.0,0.0,24.7,51.5,0,normal_air
2266.0,2877.0,0.0,0.0,0.0,24.7,51.2,0,normal_air
2259.0,2878.0,0.0,0.0,0.0,24.7,51.2,0,normal_air
2254.0,2878.0,0.0,0.0,0.0,24.7,51.1,0,normal_air
2258.0,2878.0,0.0,0.0,0.0,24.7,51.1,0,normal_air
2253.0,2877.0,0.0,0.0,0.0,24.7,51.3,0,normal_air
2255.0,2877.0,0.0,0.0,0.0,24.7,51.3,0,normal_air
2264.0,2876.0,0.0,0.0,0.0,24.7,51.2,0,normal_air
2255.0,2877.0,0.0,0.0,0.0,24.8,51.4,0,normal_air
2258.0,2877.0,0.0,0.0,0.0,24.7,51.3,0,normal_air
2255.0,2877.0,0.0,0.0,0.0,24.7,51.4,0,normal_air
2252.0,2876.0,0.0,0.0,0.0,24.7,51.3,0,normal_air
2257.0,2876.0,0.0,0.0,0.0,24.7,51.5,0,normal_air
2254.0,2877.0,0.0,0.0,0.0,24.7,51.7,0,normal_air
2264.0,2877.0,0.0,0.0,0.0,24.7,51.8,0,normal_air
2255.0,2877.0,0.0,0.0,0.0,24.7,51.9,0,normal_air
2253.0,2876.0,0.0,0.0,0.0,24.7,51.9,0,normal_air
2255.0,2875.0,0.0,0.0,0.0,24.7,51.9,0,normal_air
2254.0,2876.0,0.0,0.0,0.0,24.7,51.8,0,normal_air
2257.0,2874.0,0.0,0.0,0.0,24.7,51.8,0,normal_air
2253.0,2877.0,0.0,0.0,0.0,24.7,51.9,0,normal_air
2266.0,2876.0,0.0,0.0,0.0,24.7,51.8,0,normal_air
2253.0,2875.0,0.0,0.0,0.0,24.7,51.8,0,normal_air
2252.0,2877.0,0.0,0.0,0.0,24.7,51.8,0,normal_air
2259.0,2877.0,0.0,0.0,0.0,24.7,51.7,0,normal_air
2254.0,2876.0,0.0,0.0,0.0,24.7,51.8,0,normal_air
2257.0,2874.0,0.0,0.0,0.0,24.7,51.9,0,normal_air
2255.0,2878.0,0.0,0.0,0.0,24.7,52.0,0,normal_air
2254.0,2875.0,0.0,0.0,0.0,24.7,52.1,0,normal_air
2253.0,2875.0,0.0,0.0,0.0,24.7,52.1,0,normal_air
2254.0,2877.0,0.0,0.0,0.0,24.7,52.1,0,normal_air
2260.0,2877.0,0.0,0.0,0.0,24.7,52.1,0,normal_air
2259.0,2876.0,0.0,0.0,0.0,24.7,52.2,0,normal_air
2258.0,2877.0,0.0,0.0,0.0,24.7,52.4,0,normal_air
2265.0,2878.0,0.0,0.0,0.0,24.7,52.4,0,normal_air
2253.0,2878.0,0.0,0.0,0.0,24.7,52.4,0,normal_air
2266.0,2877.0,0.0,0.0,0.0,24.7,52.4,0,normal_air
2254.0,2876.0,0.0,0.0,0.0,24.7,52.5,0,normal_air
2256.0,2877.0,0.0,0.0,0.0,24.7,52.6,0,normal_air
2258.0,2876.0,0.0,0.0,0.0,24.7,52.5,0,normal_air
2254.0,2877.0,0.0,0.0,0.0,24.7,52.4,0,normal_air
2265.0,2876.0,0.0,0.0,0.0,24.7,52.7,0,normal_air
2254.0,2875.0,0.0,0.0,0.0,24.7,52.6,0,normal_air
2263.0,2875.0,0.0,0.0,0.0,24.7,52.7,0,normal_air
2258.0,2877.0,0.0,0.0,0.0,24.7,52.7,0,normal_air
2260.0,2876.0,0.0,0.0,0.0,24.7,53.1,0,normal_air
2259.0,2873.0,0.0,0.0,0.0,24.7,53.3,0,normal_air
2254.0,2877.0,0.0,0.0,0.0,24.7,53.4,0,normal_air
2257.0,2878.0,0.0,0.0,0.0,24.7,53.3,0,normal_air
2256.0,2877.0,0.0,0.0,0.0,24.7,53.3,0,normal_air
2264.0,2877.0,0.0,0.0,0.0,24.7,53.3,0,normal_air
2258.0,2876.0,0.0,0.0,0.0,24.7,53.3,0,normal_air
2254.0,2874.0,0.0,0.0,0.0,24.7,53.3,0,normal_air
2258.0,2874.0,0.0,0.0,0.0,24.7,53.5,0,normal_air
2253.0,2876.0,0.0,0.0,0.0,24.7,53.4,0,normal_air
2251.0,2874.0,0.0,0.0,0.0,24.7,53.3,0,normal_air
2265.0,2876.0,0.0,0.0,0.0,24.7,53.3,0,normal_air
2253.0,2878.0,0.0,0.0,0.0,24.7,53.4,0,normal_air
2258.0,2878.0,0.0,0.0,0.0,24.7,53.4,0,normal_air
2255.0,2876.0,0.0,0.0,0.0,24.7,53.6,0,normal_air
2255.0,2874.0,0.0,0.0,0.0,24.7,53.6,0,normal_air
2253.0,2878.0,0.0,0.0,0.0,24.7,53.6,0,normal_air
2254.0,2875.0,0.0,0.0,0.0,24.7,53.7,0,normal_air
2265.0,2877.0,0.0,0.0,0.0,24.7,54.0,0,normal_air
2254.0,2877.0,0.0,0.0,0.0,24.7,54.0,0,normal_air
2260.0,2878.0,0.0,0.0,0.0,24.7,54.1,0,normal_air
2253.0,2878.0,0.0,0.0,0.0,24.7,54.0,0,normal_air
2253.0,2874.0,0.0,0.0,0.0,24.7,54.0,0,normal_air
2260.0,2875.0,0.0,0.0,0.0,24.7,53.9,0,normal_air
2256.0,2876.0,0.0,0.0,0.0,24.7,54.0,0,normal_air
2262.0,2875.0,0.0,0.0,0.0,24.7,54.1,0,normal_air
2254.0,2875.0,0.0,0.0,0.0,24.7,54.1,0,normal_air
2253.0,2877.0,0.0,0.0,0.0,24.7,54.1,0,normal_air
2256.0,2876.0,0.0,0.0,0.0,24.7,54.1,0,normal_air
2255.0,2878.0,0.0,0.0,0.0,24.7,54.2,0,normal_air
2260.0,2879.0,0.0,0.0,0.0,24.7,54.1,0,normal_air
2254.0,2877.0,0.0,0.0,0.0,24.7,54.1,0,normal_air
2265.0,2875.0,0.0,0.0,0.0,24.7,54.3,0,normal_air
2255.0,2876.0,0.0,0.0,0.0,24.7,54.3,0,normal_air
2255.0,2876.0,0.0,0.0,0.0,24.7,54.3,0,normal_air
2260.0,2877.0,0.0,0.0,0.0,24.7,54.5,0,normal_air
2254.0,2877.0,0.0,0.0,0.0,24.7,54.4,0,normal_air
2260.0,2877.0,0.0,0.0,0.0,24.7,54.4,0,normal_air
2266.0,2876.0,0.0,0.0,0.0,24.7,54.5,0,normal_air
2255.0,2879.0,0.0,0.0,0.0,24.7,54.5,0,normal_air
2256.0,2875.0,0.0,0.0,0.0,24.8,55.2,0,normal_air
2257.0,2878.0,0.0,0.0,0.0,24.8,55.5,0,normal_air
2256.0,2878.0,0.0,0.0,0.0,24.8,55.4,0,normal_air
2272.0,2882.0,0.0,0.0,0.0,24.8,55.4,0,normal_air
2272.0,2899.0,0.0,0.0,0.0,24.8,55.8,0,normal_air
2270.0,2899.0,0.0,0.0,0.0,24.8,55.9,0,normal_air
2270.0,2898.0,0.0,0.0,0.0,24.8,56.0,0,normal_air
2257.0,2889.0,0.0,0.0,0.0,24.8,55.9,0,normal_air
2256.0,2876.0,0.0,0.0,0.0,24.8,55.9,0,normal_air
2255.0,2875.0,0.0,0.0,0.0,24.8,55.8,0,normal_air
2255.0,2877.0,0.0,0.0,0.0,24.8,55.8,0,normal_air
2259.0,2876.0,0.0,0.0,0.0,24.8,55.9,0,normal_air
2254.0,2876.0,0.0,0.0,0.0,24.8,55.8,0,normal_air
2260.0,2876.0,0.0,0.0,0.0,24.8,56.0,0,normal_air
2254.0,2877.0,0.0,0.0,0.0,24.8,55.9,0,normal_air
2256.0,2878.0,0.0,0.0,0.0,24.8,56.0,0,normal_air
2255.0,2874.0,0.0,0.0,0.0,24.8,56.0,0,normal_air
2256.0,2876.0,0.0,0.0,0.0,24.8,56.0,0,normal_air
2257.0,2876.0,0.0,0.0,0.0,24.8,55.9,0,normal_air
2258.0,2876.0,0.0,0.0,0.0,24.8,56.0,0,normal_air
2259.0,2878.0,0.0,0.0,0.0,24.9,56.0,0,normal_air
2263.0,2877.0,0.0,0.0,0.0,24.9,56.1,0,normal_air
2254.0,2875.0,0.0,0.0,0.0,24.9,56.1,0,normal_air
2263.0,2875.0,0.0,0.0,0.0,24.8,56.2,0,normal_air
2253.0,2875.0,0.0,0.0,0.0,24.9,56.2,0,normal_air
2259.0,2875.0,0.0,0.0,0.0,24.9,56.2,0,normal_air
2257.0,2875.0,0.0,0.0,0.0,24.9,56.1,0,normal_air
2253.0,2875.0,0.0,0.0,0.0,24.8,56.3,0,normal_air
2264.0,2878.0,0.0,0.0,0.0,24.8,56.2,0,normal_air
2253.0,2876.0,0.0,0.0,0.0,24.8,56.3,0,normal_air
2264.0,2878.0,0.0,0.0,0.0,24.8,56.2,0,normal_air
2259.0,2875.0,0.0,0.0,0.0,24.8,56.2,0,normal_air
2257.0,2877.0,0.0,0.0,0.0,24.9,56.4,0,normal_air
2259.0,2877.0,0.0,0.0,0.0,24.9,56.3,0,normal_air
2254.0,2878.0,0.0,0.0,0.0,24.8,56.4,0,normal_air
2256.0,2879.0,0.0,0.0,0.0,24.9,56.5,0,normal_air
2253.0,2876.0,0.0,0.0,0.0,24.9,56.5,0,normal_air
2264.0,2876.0,0.0,0.0,0.0,24.9,56.5,0,normal_air
2260.0,2876.0,0.0,0.0,0.0,24.9,56.5,0,normal_air
2254.0,2877.0,0.0,0.0,0.0,24.9,56.7,0,normal_air
2261.0,2878.0,0.0,0.0,0.0,24.9,56.8,0,normal_air
2253.0,2876.0,0.0,0.0,0.0,24.9,56.7,0,normal_air
2245.0,2877.0,0.0,0.0,0.0,24.9,56.8,0,normal_air
2263.0,2878.0,0.0,0.0,0.0,24.8,56.8,0,normal_air
2255.0,2875.0,0.0,0.0,0.0,24.9,57.0,0,normal_air
2260.0,2876.0,0.0,0.0,0.0,24.9,56.9,0,normal_air
2253.0,2878.0,0.0,0.0,0.0,24.9,57.0,0,normal_air
2255.0,2877.0,0.0,0.0,0.0,24.9,57.2,0,normal_air
2254.0,2878.0,0.0,0.0,0.0,24.9,57.0,0,normal_air
2253.0,2875.0,0.0,0.0,0.0,24.9,57.1,0,normal_air
2266.0,2877.0,0.0,0.0,0.0,24.9,57.2,0,normal_air
2254.0,2877.0,0.0,0.0,0.0,24.9,57.2,0,normal_air
2260.0,2879.0,0.0,0.0,0.0,24.9,57.1,0,normal_air
2254.0,2878.0,0.0,0.0,0.0,24.9,57.0,0,normal_air
2253.0,2878.0,0.0,0.0,0.0,24.9,57.2,0,normal_air
2259.0,2879.0,0.0,0.0,0.0,24.9,57.1,0,normal_air
2254.0,2876.0,0.0,0.0,0.0,24.9,57.2,0,normal_air
2266.0,2879.0,0.0,0.0,0.0,24.9,57.2,0,normal_air
2254.0,2877.0,0.0,0.0,0.0,24.9,57.4,0,normal_air
2255.0,2877.0,0.0,0.0,0.0,24.9,57.4,0,normal_air
2257.0,2879.0,0.0,0.0,0.0,24.9,57.4,0,normal_air
2256.0,2876.0,0.0,0.0,0.0,24.9,57.4,0,normal_air
2260.0,2878.0,0.0,0.0,0.0,24.9,57.4,0,normal_air
2256.0,2879.0,0.0,0.0,0.0,24.9,57.4,0,normal_air
2264.0,2879.0,0.0,0.0,0.0,24.9,57.5,0,normal_air
2255.0,2878.0,0.0,0.0,0.0,24.9,57.4,0,normal_air
2257.0,2879.0,0.0,0.0,0.0,24.9,57.4,0,normal_air
2260.0,2878.0,0.0,0.0,0.0,24.9,57.5,0,normal_air
2254.0,2877.0,0.0,0.0,0.0,24.9,57.6,0,normal_air
2259.0,2876.0,0.0,0.0,0.0,24.9,57.5,0,normal_air
2266.0,2878.0,0.0,0.0,0.0,24.9,57.5,0,normal_air
2254.0,2878.0,0.0,0.0,0.0,24.9,57.5,0,normal_air
2258.0,2877.0,0.0,0.0,0.0,24.9,57.5,0,normal_air
2255.0,2876.0,0.0,0.0,0.0,24.9,57.6,0,normal_air
2257.0,2876.0,0.0,0.0,0.0,24.9,57.5,0,normal_air
2258.0,2875.0,0.0,0.0,0.0,24.9,57.5,0,normal_air
2259.0,2877.0,0.0,0.0,0.0,24.9,57.7,0,normal_air
2264.0,2878.0,0.0,0.0,0.0,24.9,57.8,0,normal_air
2256.0,2878.0,0.0,0.0,0.0,24.9,57.7,0,normal_air
2266.0,2878.0,0.0,0.0,0.0,24.9,57.9,0,normal_air
2254.0,2877.0,0.0,0.0,0.0,24.9,58.0,0,normal_air
2260.0,2878.0,0.0,0.0,0.0,24.9,58.1,0,normal_air
2258.0,2877.0,0.0,0.0,0.0,24.9,58.0,0,normal_air
2255.0,2879.0,0.0,0.0,0.0,24.9,58.0,0,normal_air
2265.0,2878.0,0.0,0.0,0.0,25.0,58.0,0,normal_air
2255.0,2878.0,0.0,0.0,0.0,24.9,58.0,0,normal_air
2266.0,2876.0,0.0,0.0,0.0,24.9,58.0,0,normal_air
2259.0,2878.0,0.0,0.0,0.0,24.9,58.0,0,normal_air
2260.0,2877.0,0.0,0.0,0.0,24.9,58.1,0,normal_air
2259.0,2879.0,0.0,0.0,0.0,24.9,58.2,0,normal_air
2254.0,2876.0,0.0,0.0,0.0,25.0,58.3,0,normal_air
2260.0,2878.0,0.0,0.0,0.0,25.0,58.5,0,normal_air
2255.0,2878.0,0.0,0.0,0.0,25.0,58.4,0,normal_air
2253.0,2876.0,0.0,0.0,0.0,25.0,58.4,0,normal_air
2259.0,2878.0,0.0,0.0,0.0,25.0,58.3,0,normal_air
2254.0,2877.0,0.0,0.0,0.0,24.9,58.2,0,normal_air
2259.0,2879.0,0.0,0.0,0.0,25.0,58.4,0,normal_air
2253.0,2878.0,0.0,0.0,0.0,25.0,58.3,0,normal_air
2254.0,2878.0,0.0,0.0,0.0,25.0,58.3,0,normal_air
2265.0,2875.0,0.0,0.0,0.0,25.0,58.4,0,normal_air
2254.0,2876.0,0.0,0.0,0.0,25.0,58.4,0,normal_air
2258.0,2875.0,0.0,0.0,0.0,25.0,58.4,0,normal_air
2253.0,2876.0,0.0,0.0,0.0,25.0,58.5,0,normal_air
2253.0,2877.0,0.0,0.0,0.0,25.0,58.5,0,normal_air
2255.0,2877.0,0.0,0.0,0.0,25.0,58.7,0,normal_air
2253.0,2876.0,0.0,0.0,0.0,25.0,58.8,0,normal_air
2265.0,2878.0,0.0,0.0,0.0,25.0,59.2,0,normal_air
2256.0,2878.0,0.0,0.0,0.0,25.0,60.5,0,normal_air
2258.0,2878.0,0.0,0.0,0.0,25.0,61.6,0,normal_air
2241.0,2878.0,0.0,0.0,0.0,25.0,61.8,0,normal_air
2255.0,2877.0,0.0,0.0,0.0,25.0,61.5,0,normal_air
2259.0,2876.0,0.0,0.0,0.0,25.0,61.0,0,normal_air
2272.0,2898.0,0.0,0.0,0.0,25.1,58.9,0,normal_air
2272.0,2901.0,0.0,0.0,0.0,25.1,59.0,0,normal_air
2256.0,2882.0,0.0,0.0,0.0,25.1,59.0,0,normal_air
2256.0,2876.0,0.0,0.0,0.0,25.1,59.0,0,normal_air
2257.0,2879.0,0.0,0.0,0.0,25.1,59.1,0,normal_air
2255.0,2878.0,0.0,0.0,0.0,25.2,59.1,0,normal_air
2256.0,2879.0,0.0,0.0,0.0,25.1,59.0,0,normal_air
2270.0,2879.0,0.0,0.0,0.0,25.1,59.0,0,normal_air
2270.0,2899.0,0.0,0.0,0.0,25.2,59.2,0,normal_air
2270.0,2900.0,0.0,0.0,0.0,25.1,59.0,0,normal_air
2258.0,2882.0,0.0,0.0,0.0,25.2,59.0,0,normal_air
2256.0,2878.0,0.0,0.0,0.0,25.2,59.0,0,normal_air
2257.0,2877.0,0.0,0.0,0.0,25.2,59.0,0,normal_air
2256.0,2878.0,0.0,0.0,0.0,25.2,59.1,0,normal_air
2262.0,2880.0,0.0,0.0,0.0,25.1,59.1,0,normal_air
2256.0,2879.0,0.0,0.0,0.0,25.2,59.2,0,normal_air
2265.0,2878.0,0.0,0.0,0.0,25.1,59.0,0,normal_air
2254.0,2878.0,0.0,0.0,0.0,25.2,59.3,0,normal_air
2264.0,2879.0,0.0,0.0,0.0,25.2,59.3,0,normal_air
2262.0,2879.0,0.0,0.0,0.0,25.2,59.3,0,normal_air
2261.0,2879.0,0.0,0.0,0.0,25.2,59.4,0,normal_air
2259.0,2878.0,0.0,0.0,0.0,25.2,59.3,0,normal_air
2257.0,2878.0,0.0,0.0,0.0,25.1,59.3,0,normal_air
2259.0,2878.0,0.0,0.0,0.0,25.1,59.3,0,normal_air
2254.0,2879.0,0.0,0.0,0.0,25.1,59.4,0,normal_air
2267.0,2880.0,0.0,0.0,0.0,25.2,59.3,0,normal_air
2261.0,2879.0,0.0,0.0,0.0,25.2,59.3,0,normal_air
2257.0,2877.0,0.0,0.0,0.0,25.1,59.5,0,normal_air
2260.0,2879.0,0.0,0.0,0.0,25.2,59.4,0,normal_air
2256.0,2879.0,0.0,0.0,0.0,25.1,59.6,0,normal_air
2256.0,2879.0,0.0,0.0,0.0,25.1,59.5,0,normal_air
2268.0,2879.0,0.0,0.0,0.0,25.1,59.5,0,normal_air
2255.0,2877.0,0.0,0.0,0.0,25.2,59.6,0,normal_air
2259.0,2878.0,0.0,0.0,0.0,25.1,59.6,0,normal_air
2256.0,2878.0,0.0,0.0,0.0,25.1,59.7,0,normal_air
2257.0,2879.0,0.0,0.0,0.0,25.1,59.6,0,normal_air
2257.0,2876.0,0.0,0.0,0.0,25.1,59.7,0,normal_air
2256.0,2877.0,0.0,0.0,0.0,25.1,59.8,0,normal_air
2267.0,2878.0,0.0,0.0,0.0,25.1,59.8,0,normal_air
2256.0,2879.0,0.0,0.0,0.0,25.1,59.8,0,normal_air
2259.0,2877.0,0.0,0.0,0.0,25.1,59.9,0,normal_air
2256.0,2874.0,0.0,0.0,0.0,25.2,60.0,0,normal_air
2257.0,2877.0,0.0,0.0,0.0,25.2,59.9,0,normal_air
2260.0,2880.0,0.0,0.0,0.0,25.1,59.9,0,normal_air
2256.0,2879.0,0.0,0.0,0.0,25.1,59.9,0,normal_air
2267.0,2878.0,0.0,0.0,0.0,25.1,60.0,0,normal_air
2257.0,2878.0,0.0,0.0,0.0,25.1,60.0,0,normal_air
2257.0,2879.0,0.0,0.0,0.0,25.1,60.0,0,normal_air
2258.0,2879.0,0.0,0.0,0.0,25.2,60.1,0,normal_air
2255.0,2879.0,0.0,0.0,0.0,25.1,60.0,0,normal_air
2262.0,2880.0,0.0,0.0,0.0,25.1,60.0,0,normal_air
2255.0,2880.0,0.0,0.0,0.0,25.2,60.2,0,normal_air
2265.0,2878.0,0.0,0.0,0.0,25.2,60.2,0,normal_air
2262.0,2882.0,0.0,0.0,0.0,25.2,60.2,0,normal_air
2254.0,2879.0,0.0,0.0,0.0,25.2,60.1,0,normal_air
2260.0,2879.0,0.0,0.0,0.0,25.2,60.0,0,normal_air
2255.0,2877.0,0.0,0.0,0.0,25.1,60.0,0,normal_air
2261.0,2879.0,0.0,0.0,0.0,25.2,60.1,0,normal_air
2266.0,2880.0,0.0,0.0,0.0,25.2,60.0,0,normal_air
2256.0,2879.0,0.0,0.0,0.0,25.2,60.1,0,normal_air
2260.0,2879.0,0.0,0.0,0.0,25.2,60.1,0,normal_air
2255.0,2879.0,0.0,0.0,0.0,25.2,60.0,0,normal_air
2261.0,2878.0,0.0,0.0,0.0,25.2,60.0,0,normal_air
2259.0,2878.0,0.0,0.0,0.0,25.1,60.1,0,normal_air
2260.0,2879.0,0.0,0.0,0.0,25.2,60.2,0,normal_air
2265.0,2881.0,0.0,0.0,0.0,25.2,60.1,0,normal_air
2256.0,2878.0,0.0,0.0,0.0,25.1,60.1,0,normal_air
2266.0,2880.0,0.0,0.0,0.0,25.2,60.2,0,normal_air
2255.0,2877.0,0.0,0.0,0.0,25.1,60.3,0,normal_air
2260.0,2880.0,0.0,0.0,0.0,25.2,60.3,0,normal_air
2260.0,2880.0,0.0,0.0,0.0,25.1,60.1,0,normal_air
2255.0,2878.0,0.0,0.0,0.0,25.2,60.2,0,normal_air
2266.0,2881.0,0.0,0.0,0.0,25.2,60.1,0,normal_air
2256.0,2878.0,0.0,0.0,0.0,25.2,60.1,0,normal_air
2267.0,2880.0,0.0,0.0,0.0,25.2,60.3,0,normal_air
2260.0,2878.0,0.0,0.0,0.0,25.2,60.3,0,normal_air
2260.0,2879.0,0.0,0.0,0.0,25.2,60.3,0,normal_air
2260.0,2879.0,0.0,0.0,0.0,25.1,60.2,0,normal_air
2258.0,2880.0,0.0,0.0,0.0,25.1,60.3,0,normal_air
2257.0,2879.0,0.0,0.0,0.0,25.2,60.3,0,normal_air
2254.0,2878.0,0.0,0.0,0.0,25.2,60.3,0,normal_air
2255.0,2877.0,0.0,0.0,0.0,25.2,60.3,0,normal_air
2261.0,2881.0,0.0,0.0,0.0,25.2,60.3,0,normal_air
2256.0,2880.0,0.0,0.0,0.0,25.2,60.3,0,normal_air
2260.0,2879.0,0.0,0.0,0.0,25.2,60.4,0,normal_air
2256.0,2880.0,0.0,0.0,0.0,25.2,60.4,0,normal_air
2256.0,2880.0,0.0,0.0,0.0,25.2,60.4,0,normal_air
2267.0,2880.0,0.0,0.0,0.0,25.2,60.4,0,normal_air
2255.0,2880.0,0.0,0.0,0.0,25.2,60.5,0,normal_air
2261.0,2880.0,0.0,0.0,0.0,25.2,60.4,0,normal_air
2255.0,2878.0,0.0,0.0,0.0,25.2,60.6,0,normal_air
2256.0,2879.0,0.0,0.0,0.0,25.2,60.3,0,normal_air
2256.0,2878.0,0.0,0.0,0.0,25.1,60.6,0,normal_air
2257.0,2878.0,0.0,0.0,0.0,25.2,60.5,0,normal_air
2267.0,2880.0,0.0,0.0,0.0,25.2,60.5,0,normal_air
2255.0,2880.0,0.0,0.0,0.0,25.2,60.5,0,normal_air
2261.0,2880.0,0.0,0.0,0.0,25.2,60.5,0,normal_air
2257.0,2879.0,0.0,0.0,0.0,25.2,60.6,0,normal_air
2255.0,2879.0,0.0,0.0,0.0,25.2,60.7,0,normal_air
2261.0,2881.0,0.0,0.0,0.0,25.2,60.6,0,normal_air
2256.0,2880.0,0.0,0.0,0.0,25.2,60.6,0,normal_air
2258.0,2880.0,0.0,0.0,0.0,25.3,61.0,0,normal_air
2257.0,2879.0,0.0,0.0,0.0,25.3,61.0,0,normal_air
2256.0,2878.0,0.0,0.0,0.0,25.3,61.0,0,normal_air
2273.0,2904.0,0.0,0.0,0.0,25.3,61.0,0,normal_air
2270.0,2900.0,0.0,0.0,0.0,25.3,60.9,0,normal_air
2269.0,2902.0,0.0,0.0,0.0,25.3,60.8,0,normal_air
2255.0,2892.0,0.0,0.0,0.0,25.3,60.8,0,normal_air
2256.0,2878.0,0.0,0.0,0.0,25.3,60.9,0,normal_air
2256.0,2860.0,0.0,0.0,0.0,25.2,61.0,0,normal_air
2256.0,2878.0,0.0,0.0,0.0,25.2,60.9,0,normal_air
2255.0,2877.0,0.0,0.0,0.0,25.3,60.9,0,normal_air
2265.0,2877.0,0.0,0.0,0.0,25.3,61.0,0,normal_air
2256.0,2878.0,0.0,0.0,0.0,25.3,61.1,0,normal_air
2255.0,2876.0,0.0,0.0,0.0,25.3,61.1,0,normal_air
2260.0,2877.0,0.0,0.0,0.0,25.3,60.9,0,normal_air
2256.0,2878.0,0.0,0.0,0.0,25.3,61.1,0,normal_air
2261.0,2879.0,0.0,0.0,0.0,25.2,61.1,0,normal_air
2256.0,2875.0,0.0,0.0,0.0,25.3,61.0,0,normal_air
2257.0,2878.0,0.0,0.0,0.0,25.2,61.1,0,normal_air
2257.0,2879.0,0.0,0.0,0.0,25.3,61.1,0,normal_air
2254.0,2879.0,0.0,0.0,0.0,25.3,61.1,0,normal_air
2263.0,2880.0,0.0,0.0,0.0,25.3,61.3,0,normal_air
2256.0,2879.0,0.0,0.0,0.0,25.3,61.1,0,normal_air
2262.0,2878.0,0.0,0.0,0.0,25.3,61.2,0,normal_air
2255.0,2877.0,0.0,0.0,0.0,25.3,61.1,0,normal_air
2257.0,2879.0,0.0,0.0,0.0,25.2,61.3,0,normal_air
2266.0,2879.0,0.0,0.0,0.0,25.3,61.3,0,normal_air
2254.0,2878.0,0.0,0.0,0.0,25.3,61.4,0,normal_air
2259.0,2880.0,0.0,0.0,0.0,25.3,61.3,0,normal_air
2258.0,2878.0,0.0,0.0,0.0,25.3,61.3,0,normal_air
2256.0,2876.0,0.0,0.0,0.0,25.3,61.2,0,normal_air
2264.0,2877.0,0.0,0.0,0.0,25.2,61.2,0,normal_air
2257.0,2878.0,0.0,0.0,0.0,25.3,61.4,0,normal_air
2265.0,2878.0,0.0,0.0,0.0,25.3,61.4,0,normal_air
2259.0,2876.0,0.0,0.0,0.0,25.3,61.4,0,normal_air
2259.0,2877.0,0.0,0.0,0.0,25.3,61.5,0,normal_air
2261.0,2879.0,0.0,0.0,0.0,25.3,61.7,0,normal_air
2253.0,2878.0,0.0,0.0,0.0,25.2,61.6,0,normal_air
2261.0,2879.0,0.0,0.0,0.0,25.3,61.5,0,normal_air
2256.0,2879.0,0.0,0.0,0.0,25.3,61.5,0,normal_air
2265.0,2876.0,0.0,0.0,0.0,25.3,61.6,0,normal_air
2259.0,2878.0,0.0,0.0,0.0,25.3,61.6,0,normal_air
2254.0,2877.0,0.0,0.0,0.0,25.3,61.6,0,normal_air
2258.0,2878.0,0.0,0.0,0.0,25.3,61.4,0,normal_air
2253.0,2878.0,0.0,0.0,0.0,25.3,61.5,0,normal_air
2260.0,2876.0,0.0,0.0,0.0,25.3,61.5,0,normal_air
2266.0,2878.0,0.0,0.0,0.0,25.3,61.5,0,normal_air
2266.0,2877.0,0.0,0.0,0.0,25.3,61.7,0,normal_air
2258.0,2876.0,0.0,0.0,0.0,25.3,61.7,0,normal_air
2253.0,2878.0,0.0,0.0,0.0,25.3,61.5,0,normal_air
2256.0,2878.0,0.0,0.0,0.0,25.3,61.4,0,normal_air
2254.0,2877.0,0.0,0.0,0.0,25.3,61.5,0,normal_air
2256.0,2877.0,0.0,0.0,0.0,25.3,61.5,0,normal_air
2265.0,2879.0,0.0,0.0,0.0,25.3,61.4,0,normal_air
2254.0,2878.0,0.0,0.0,0.0,25.3,61.4,0,normal_air
2259.0,2877.0,0.0,0.0,0.0,25.3,61.6,0,normal_air
2254.0,2877.0,0.0,0.0,0.0,25.3,61.5,0,normal_air
2256.0,2878.0,0.0,0.0,0.0,25.3,61.6,0,normal_air
2257.0,2875.0,0.0,0.0,0.0,25.3,61.6,0,normal_air
2256.0,2878.0,0.0,0.0,0.0,25.3,61.6,0,normal_air
2265.0,2876.0,0.0,0.0,0.0,25.3,61.7,0,normal_air
2254.0,2878.0,0.0,0.0,0.0,25.3,61.8,0,normal_air
2253.0,2879.0,0.0,0.0,0.0,25.3,61.8,0,normal_air
2255.0,2878.0,0.0,0.0,0.0,25.3,61.8,0,normal_air
2255.0,2878.0,0.0,0.0,0.0,25.3,61.7,0,normal_air
2256.0,2876.0,0.0,0.0,0.0,25.3,61.8,0,normal_air
2255.0,2880.0,0.0,0.0,0.0,25.3,61.8,0,normal_air
2264.0,2878.0,0.0,0.0,0.0,25.3,61.7,0,normal_air
2255.0,2878.0,0.0,0.0,0.0,25.3,61.8,0,normal_air
2253.0,2878.0,0.0,0.0,0.0,25.3,61.8,0,normal_air
2259.0,2877.0,0.0,0.0,0.0,25.3,61.9,0,normal_air
2255.0,2880.0,0.0,0.0,0.0,25.3,61.8,0,normal_air
2256.0,2876.0,0.0,0.0,0.0,25.3,61.7,0,normal_air
2255.0,2878.0,0.0,0.0,0.0,25.3,61.7,0,normal_air
2255.0,2877.0,0.0,0.0,0.0,25.3,61.7,0,normal_air
2259.0,2876.0,0.0,0.0,0.0,25.3,61.7,0,normal_air
2254.0,2877.0,0.0,0.0,0.0,25.3,61.7,0,normal_air
2257.0,2879.0,0.0,0.0,0.0,25.3,61.6,0,normal_air
2258.0,2876.0,0.0,0.0,0.0,25.3,61.7,0,normal_air
2259.0,2877.0,0.0,0.0,0.0,25.3,61.8,0,normal_air
2265.0,2877.0,0.0,0.0,0.0,25.3,61.8,0,normal_air
2254.0,2879.0,0.0,0.0,0.0,25.3,61.7,0,normal_air
2264.0,2876.0,0.0,0.0,0.0,25.3,61.8,0,normal_air
2275.0,2902.0,0.0,0.0,0.0,25.3,61.8,0,normal_air
2270.0,2902.0,0.0,0.0,0.0,25.3,62.0,0,normal_air
2274.0,2904.0,0.0,0.0,0.0,25.4,62.0,0,normal_air
2256.0,2894.0,0.0,0.0,0.0,25.3,62.1,0,normal_air
2256.0,2878.0,0.0,0.0,0.0,25.3,62.1,0,normal_air
2258.0,2880.0,0.0,0.0,0.0,25.3,62.1,0,normal_air
2245.0,2873.0,0.0,0.0,0.0,25.4,62.2,0,normal_air
2244.0,2875.0,0.0,0.0,0.0,25.3,62.1,0,normal_air
2243.0,2872.0,0.0,0.0,0.0,25.3,62.2,0,normal_air
2245.0,2875.0,0.0,0.0,0.0,25.3,62.2,0,normal_air
2253.0,2873.0,0.0,0.0,0.0,25.3,62.1,0,normal_air
2245.0,2876.0,0.0,0.0,0.0,25.3,62.2,0,normal_air
2250.0,2873.0,0.0,0.0,0.0,25.3,62.2,0,normal_air
2244.0,2873.0,0.0,0.0,0.0,25.4,62.1,0,normal_air
2244.0,2875.0,0.0,0.0,0.0,25.3,62.1,0,normal_air
2250.0,2874.0,0.0,0.0,0.0,25.3,62.1,0,normal_air
2244.0,2875.0,0.0,0.0,0.0,25.3,62.0,0,normal_air
2255.0,2873.0,0.0,0.0,0.0,25.3,62.1,0,normal_air
2245.0,2875.0,0.0,0.0,0.0,25.3,62.1,0,normal_air
2245.0,2875.0,0.0,0.0,0.0,25.4,62.3,0,normal_air
2249.0,2876.0,0.0,0.0,0.0,25.3,62.1,0,normal_air
2243.0,2873.0,0.0,0.0,0.0,25.3,62.2,0,normal_air
2248.0,2872.0,0.0,0.0,0.0,25.3,62.3,0,normal_air
2253.0,2876.0,0.0,0.0,0.0,25.3,62.3,0,normal_air
2254.0,2873.0,0.0,0.0,0.0,25.3,62.3,0,normal_air
2247.0,2873.0,0.0,0.0,0.0,25.3,62.3,0,normal_air
2242.0,2873.0,0.0,0.0,0.0,25.3,62.3,0,normal_air
2247.0,2876.0,0.0,0.0,0.0,25.4,62.2,0,normal_air
2241.0,2873.0,0.0,0.0,0.0,25.3,62.3,0,normal_air
2247.0,2875.0,0.0,0.0,0.0,25.3,62.3,0,normal_air
2254.0,2876.0,0.0,0.0,0.0,25.3,62.4,0,normal_air
2245.0,2876.0,0.0,0.0,0.0,25.3,62.3,0,normal_air
2247.0,2873.0,0.0,0.0,0.0,25.3,62.2,0,normal_air
2241.0,2875.0,0.0,0.0,0.0,25.3,62.3,0,normal_air
2247.0,2875.0,0.0,0.0,0.0,25.3,62.3,0,normal_air
2247.0,2873.0,0.0,0.0,0.0,25.3,62.5,0,normal_air
2246.0,2874.0,0.0,0.0,0.0,25.3,62.4,0,normal_air
2251.0,2872.0,0.0,0.0,0.0,25.3,62.5,0,normal_air
2240.0,2874.0,0.0,0.0,0.0,25.3,62.5,0,normal_air
2253.0,2874.0,0.0,0.0,0.0,25.3,62.6,0,normal_air
2241.0,2873.0,0.0,0.0,0.0,25.3,62.6,0,normal_air
2243.0,2873.0,0.0,0.0,0.0,25.3,62.6,0,normal_air
2246.0,2874.0,0.0,0.0,0.0,25.3,62.4,0,normal_air
2225.0,2865.0,0.0,0.0,0.0,25.3,62.5,0,normal_air
2252.0,2875.0,0.0,0.0,0.0,25.3,62.6,0,normal_air
2240.0,2872.0,0.0,0.0,0.0,25.3,62.7,0,normal_air
2241.0,2875.0,0.0,0.0,0.0,25.3,62.7,0,normal_air
2246.0,2873.0,0.0,0.0,0.0,25.3,62.5,0,normal_air
2241.0,2873.0,0.0,0.0,0.0,25.3,62.6,0,normal_air
2245.0,2874.0,0.0,0.0,0.0,25.3,62.7,0,normal_air
2241.0,2873.0,0.0,0.0,0.0,25.3,62.8,0,normal_air
2241.0,2874.0,0.0,0.0,0.0,25.3,62.6,0,normal_air
2238.0,2876.0,0.0,0.0,0.0,25.3,62.8,0,normal_air
2243.0,2875.0,0.0,0.0,0.0,25.3,62.8,0,normal_air
2246.0,2871.0,0.0,0.0,0.0,25.3,62.6,0,normal_air
2240.0,2871.0,0.0,0.0,0.0,25.3,62.7,0,normal_air
2257.0,2879.0,0.0,0.0,0.0,25.3,63.1,0,normal_air
2256.0,2880.0,0.0,0.0,0.0,25.3,63.2,0,normal_air
2257.0,2878.0,0.0,0.0,0.0,25.3,63.2,0,normal_air
2271.0,2900.0,0.0,0.0,0.0,25.3,63.0,0,normal_air
2270.0,2900.0,0.0,0.0,0.0,25.4,63.1,0,normal_air
2269.0,2901.0,0.0,0.0,0.0,25.3,63.1,0,normal_air
2254.0,2878.0,0.0,0.0,0.0,25.3,62.9,0,normal_air
2255.0,2878.0,0.0,0.0,0.0,25.3,62.9,0,normal_air
2254.0,2878.0,0.0,0.0,0.0,25.4,63.0,0,normal_air
2245.0,2874.0,0.0,0.0,0.0,25.4,62.9,0,normal_air
2241.0,2873.0,0.0,0.0,0.0,25.4,63.0,0,normal_air
2242.0,2873.0,0.0,0.0,0.0,25.3,62.9,0,normal_air
2242.0,2873.0,0.0,0.0,0.0,25.4,62.9,0,normal_air
2241.0,2874.0,0.0,0.0,0.0,25.4,62.7,0,normal_air
2253.0,2874.0,0.0,0.0,0.0,25.4,62.7,0,normal_air
2242.0,2875.0,0.0,0.0,0.0,25.4,62.8,0,normal_air
2245.0,2873.0,0.0,0.0,0.0,25.4,62.9,0,normal_air
2243.0,2874.0,0.0,0.0,0.0,25.4,62.9,0,normal_air
2241.0,2875.0,0.0,0.0,0.0,25.4,62.9,0,normal_air
2245.0,2874.0,0.0,0.0,0.0,25.4,62.8,0,normal_air
2242.0,2874.0,0.0,0.0,0.0,25.4,63.0,0,normal_air
2252.0,2871.0,0.0,0.0,0.0,25.4,63.0,0,normal_air
2243.0,2871.0,0.0,0.0,0.0,25.4,63.2,0,normal_air
2241.0,2875.0,0.0,0.0,0.0,25.4,63.2,0,normal_air
2240.0,2874.0,0.0,0.0,0.0,25.4,63.0,0,normal_air
2241.0,2877.0,0.0,0.0,0.0,25.4,63.2,0,normal_air
2246.0,2874.0,0.0,0.0,0.0,25.4,63.1,0,normal_air
2242.0,2876.0,0.0,0.0,0.0,25.4,63.2,0,normal_air
2252.0,2872.0,0.0,0.0,0.0,25.4,63.0,0,normal_air
2240.0,2873.0,0.0,0.0,0.0,25.4,63.0,0,normal_air
2243.0,2874.0,0.0,0.0,0.0,25.4,63.0,0,normal_air
2248.0,2875.0,0.0,0.0,0.0,25.4,63.1,0,normal_air
2242.0,2876.0,0.0,0.0,0.0,25.4,62.8,0,normal_air
2247.0,2875.0,0.0,0.0,0.0,25.4,63.0,0,normal_air
2251.0,2874.0,0.0,0.0,0.0,25.4,62.9,0,normal_air
2238.0,2873.0,0.0,0.0,0.0,25.4,62.8,0,normal_air
2245.0,2872.0,0.0,0.0,0.0,25.4,62.9,0,normal_air
2240.0,2872.0,0.0,0.0,0.0,25.4,62.8,0,normal_air
2246.0,2873.0,0.0,0.0,0.0,25.5,62.9,0,normal_air
2247.0,2875.0,0.0,0.0,0.0,25.4,62.8,0,normal_air
2246.0,2874.0,0.0,0.0,0.0,25.4,62.8,0,normal_air
2250.0,2871.0,0.0,0.0,0.0,25.5,62.8,0,normal_air
2240.0,2873.0,0.0,0.0,0.0,25.4,62.7,0,normal_air
2252.0,2874.0,0.0,0.0,0.0,25.5,62.9,0,normal_air
2243.0,2876.0,0.0,0.0,0.0,25.5,62.9,0,normal_air
2245.0,2877.0,0.0,0.0,0.0,25.4,62.9,0,normal_air
2245.0,2873.0,0.0,0.0,0.0,25.4,62.7,0,normal_air
2240.0,2873.0,0.0,0.0,0.0,25.4,62.9,0,normal_air
2251.0,2873.0,0.0,0.0,0.0,25.5,62.8,0,normal_air
2241.0,2872.0,0.0,0.0,0.0,25.5,62.9,0,normal_air
2252.0,2872.0,0.0,0.0,0.0,25.5,62.8,0,normal_air
2245.0,2873.0,0.0,0.0,0.0,25.5,62.8,0,normal_air
2245.0,2874.0,0.0,0.0,0.0,25.4,62.8,0,normal_air
2246.0,2875.0,0.0,0.0,0.0,25.5,62.9,0,normal_air
2243.0,2875.0,0.0,0.0,0.0,25.5,62.8,0,normal_air
2245.0,2872.0,0.0,0.0,0.0,25.5,62.9,0,normal_air
2238.0,2872.0,0.0,0.0,0.0,25.5,62.9,0,normal_air
2253.0,2876.0,0.0,0.0,0.0,25.5,63.0,0,normal_air
2246.0,2874.0,0.0,0.0,0.0,25.5,63.0,0,normal_air
2242.0,2873.0,0.0,0.0,0.0,25.5,63.0,0,normal_air
2246.0,2874.0,0.0,0.0,0.0,25.5,63.1,0,normal_air
2241.0,2874.0,0.0,0.0,0.0,25.5,62.9,0,normal_air
2242.0,2874.0,0.0,0.0,0.0,25.5,62.9,0,normal_air
2253.0,2874.0,0.0,0.0,0.0,25.5,62.8,0,normal_air
2239.0,2874.0,0.0,0.0,0.0,25.5,62.8,0,normal_air
2245.0,2873.0,0.0,0.0,0.0,25.5,62.8,0,normal_air
2242.0,2873.0,0.0,0.0,0.0,25.5,62.8,0,normal_air
2241.0,2875.0,0.0,0.0,0.0,25.5,62.7,0,normal_air
2242.0,2875.0,0.0,0.0,0.0,25.5,62.8,0,normal_air
2238.0,2875.0,0.0,0.0,0.0,25.5,62.9,0,normal_air
2251.0,2871.0,0.0,0.0,0.0,25.5,62.9,0,normal_air
2239.0,2872.0,0.0,0.0,0.0,25.5,62.8,0,normal_air
2246.0,2875.0,0.0,0.0,0.0,25.5,62.8,0,normal_air
2241.0,2874.0,0.0,0.0,0.0,25.5,62.7,0,normal_air
2239.0,2873.0,0.0,0.0,0.0,25.5,62.9,0,normal_air
2246.0,2873.0,0.0,0.0,0.0,25.5,62.8,0,normal_air
2238.0,2871.0,0.0,0.0,0.0,25.6,62.8,0,normal_air
2252.0,2872.0,0.0,0.0,0.0,25.5,62.7,0,normal_air
2240.0,2875.0,0.0,0.0,0.0,25.5,62.9,0,normal_air
2240.0,2872.0,0.0,0.0,0.0,25.5,62.9,0,normal_air
2242.0,2876.0,0.0,0.0,0.0,25.5,63.1,0,normal_air
2242.0,2874.0,0.0,0.0,0.0,25.5,63.2,0,normal_air
2244.0,2874.0,0.0,0.0,0.0,25.5,63.5,0,normal_air
2253.0,2874.0,0.0,0.0,0.0,25.5,63.6,0,normal_air
2105.0,2690.0,0.0,0.0,0.0,25.6,63.4,0,normal_air
2069.0,2662.0,0.0,0.0,0.0,25.6,63.4,0,normal_air
2144.0,2733.0,0.0,0.0,0.0,26.7,60.0,0,normal_air
2137.0,2733.0,0.0,0.0,0.0,26.7,60.1,0,normal_air
2152.0,2732.0,0.0,0.0,0.0,26.7,59.9,0,normal_air
2290.0,2912.0,0.0,1.0,2.0,25.6,69.1,0,normal_air
2285.0,2913.0,1.0,2.0,2.0,25.6,69.1,0,normal_air
2283.0,2913.0,1.0,2.0,2.0,25.6,68.9,0,normal_air
2283.0,2913.0,0.0,2.0,2.0,25.6,68.7,0,normal_air
2277.0,2909.0,0.0,1.0,1.0,25.7,68.4,0,normal_air
2282.0,2913.0,0.0,2.0,3.0,25.6,68.3,0,normal_air
2294.0,2916.0,0.0,1.0,1.0,25.7,68.0,0,normal_air
2291.0,2910.0,0.0,2.0,2.0,25.7,67.7,0,normal_air
2283.0,2912.0,0.0,2.0,2.0,25.7,67.7,0,normal_air
2282.0,2913.0,0.0,2.0,2.0,25.7,67.6,0,normal_air
2283.0,2916.0,0.0,1.0,1.0,25.7,67.5,0,normal_air
2282.0,2911.0,0.0,1.0,1.0,25.7,67.1,0,normal_air
2287.0,2914.0,0.0,3.0,3.0,25.7,67.0,0,normal_air
2291.0,2913.0,0.0,2.0,2.0,25.7,66.8,0,normal_air
2280.0,2913.0,0.0,3.0,3.0,25.7,66.8,0,normal_air
2287.0,2913.0,0.0,2.0,2.0,25.7,66.5,0,normal_air
2280.0,2911.0,0.0,2.0,2.0,25.7,66.5,0,normal_air
2286.0,2916.0,0.0,1.0,1.0,25.7,66.5,0,normal_air
2286.0,2919.0,0.0,1.0,1.0,25.7,66.3,0,normal_air
2282.0,2912.0,0.0,2.0,2.0,25.7,66.1,0,normal_air
2291.0,2913.0,0.0,2.0,2.0,25.7,66.1,0,normal_air
2283.0,2919.0,0.0,2.0,2.0,25.7,66.0,0,normal_air
2278.0,2917.0,0.0,2.0,2.0,25.7,66.0,0,normal_air
2283.0,2917.0,0.0,2.0,2.0,25.8,65.8,0,normal_air
2279.0,2912.0,0.0,2.0,2.0,25.8,65.9,0,normal_air
2284.0,2916.0,0.0,1.0,1.0,25.8,65.7,0,normal_air
2283.0,2915.0,0.0,3.0,3.0,25.8,65.7,0,normal_air
2292.0,2912.0,0.0,3.0,3.0,25.8,65.7,0,normal_air
2281.0,2915.0,0.0,2.0,2.0,25.8,65.7,0,normal_air
2283.0,2918.0,0.0,3.0,3.0,25.8,65.7,0,normal_air
2286.0,2914.0,0.0,2.0,2.0,25.8,65.7,0,normal_air
2284.0,2918.0,0.0,3.0,3.0,25.8,65.6,0,normal_air
2288.0,2919.0,0.0,2.0,2.0,25.8,65.7,0,normal_air
2281.0,2911.0,0.0,3.0,3.0,25.8,65.5,0,normal_air
2283.0,2913.0,0.0,3.0,3.0,25.8,65.4,0,normal_air
2282.0,2918.0,0.0,1.0,1.0,25.8,65.3,0,normal_air
2282.0,2917.0,0.0,1.0,1.0,25.8,65.3,0,normal_air
2286.0,2918.0,0.0,1.0,1.0,25.8,65.3,0,normal_air
2280.0,2915.0,0.0,0.0,0.0,25.8,65.1,0,normal_air
2285.0,2913.0,0.0,1.0,2.0,25.8,65.0,0,normal_air
2282.0,2917.0,0.0,2.0,2.0,25.8,65.1,0,normal_air
2283.0,2918.0,0.0,2.0,2.0,25.8,65.0,0,normal_air
2292.0,2918.0,0.0,2.0,2.0,25.8,64.9,0,normal_air
2287.0,2912.0,0.0,2.0,2.0,25.9,65.0,0,normal_air
2281.0,2919.0,0.0,3.0,3.0,25.9,65.0,0,normal_air
2280.0,2912.0,0.0,3.0,3.0,25.9,65.0,0,normal_air
2285.0,2917.0,0.0,3.0,3.0,25.9,65.0,0,normal_air
2283.0,2912.0,0.0,3.0,3.0,25.9,65.0,0,normal_air
2292.0,2918.0,0.0,2.0,2.0,25.9,64.8,0,normal_air
2282.0,2915.0,0.0,3.0,3.0,25.9,64.9,0,normal_air
2282.0,2915.0,0.0,3.0,3.0,25.9,64.9,0,normal_air
2280.0,2910.0,0.0,1.0,1.0,25.9,64.8,0,normal_air
2281.0,2912.0,0.0,1.0,1.0,25.8,64.8,0,normal_air
2285.0,2918.0,0.0,1.0,1.0,25.9,64.7,0,normal_air
2281.0,2919.0,0.0,1.0,1.0,25.9,64.9,0,normal_air
2292.0,2915.0,0.0,1.0,1.0,25.9,64.8,0,normal_air
2282.0,2916.0,0.0,1.0,1.0,25.9,64.7,0,normal_air
2282.0,2916.0,0.0,1.0,1.0,25.9,64.7,0,normal_air
2284.0,2916.0,0.0,0.0,0.0,25.9,64.6,0,normal_air
2283.0,2911.0,0.0,0.0,1.0,25.9,64.6,0,normal_air
2284.0,2918.0,0.0,1.0,1.0,25.9,64.7,0,normal_air
2279.0,2918.0,0.0,2.0,2.0,25.9,64.7,0,normal_air
2280.0,2912.0,0.0,2.0,3.0,25.9,64.8,0,normal_air
2279.0,2913.0,0.0,2.0,2.0,25.9,64.5,0,normal_air
2281.0,2913.0,0.0,1.0,1.0,25.9,64.5,0,normal_air
2283.0,2913.0,0.0,2.0,2.0,25.9,64.5,0,normal_air
2280.0,2917.0,0.0,1.0,1.0,25.9,64.7,0,normal_air
2286.0,2919.0,0.0,2.0,2.0,25.9,64.4,0,normal_air
2293.0,2912.0,0.0,2.0,2.0,26.0,64.6,0,normal_air
2281.0,2915.0,0.0,1.0,1.0,26.0,64.6,0,normal_air
2290.0,2913.0,0.0,1.0,1.0,26.0,64.5,0,normal_air
2280.0,2918.0,0.0,1.0,1.0,26.0,64.5,0,normal_air
2285.0,2913.0,1.0,3.0,3.0,23.9,46.7,0,normal_air
2287.0,2911.0,0.0,2.0,2.0,23.9,46.7,0,normal_air
2282.0,2914.0,1.0,3.0,3.0,23.9,46.6,0,normal_air
2293.0,2912.0,0.0,2.0,2.0,23.9,46.5,0,normal_air
2287.0,2914.0,1.0,2.0,2.0,23.9,46.3,0,normal_air
2281.0,2918.0,1.0,2.0,2.0,23.9,46.3,0,normal_air
2280.0,2916.0,1.0,2.0,2.0,23.9,46.1,0,normal_air
2283.0,2913.0,0.0,1.0,1.0,23.9,45.7,0,normal_air
2284.0,2917.0,0.0,1.0,1.0,23.9,45.8,0,normal_air
2295.0,2914.0,0.0,1.0,1.0,23.9,45.7,0,normal_air
2282.0,2915.0,1.0,2.0,2.0,23.9,45.7,0,normal_air
2286.0,2912.0,0.0,1.0,1.0,23.9,45.6,0,normal_air
2281.0,2916.0,1.0,1.0,1.0,23.9,45.5,0,normal_air
2280.0,2913.0,0.0,0.0,0.0,23.9,45.5,0,normal_air
2286.0,2914.0,0.0,0.0,0.0,23.9,45.4,0,normal_air
2283.0,2910.0,0.0,0.0,0.0,23.9,45.3,0,normal_air
2292.0,2914.0,1.0,1.0,1.0,23.9,45.3,0,normal_air
2283.0,2917.0,1.0,1.0,1.0,23.9,45.2,0,normal_air
2284.0,2916.0,0.0,0.0,0.0,23.9,45.2,0,normal_air
2286.0,2918.0,1.0,1.0,1.0,23.9,45.1,0,normal_air
2285.0,2913.0,0.0,0.0,0.0,23.9,45.1,0,normal_air
2287.0,2918.0,0.0,0.0,0.0,23.9,45.1,0,normal_air
2292.0,2914.0,0.0,0.0,0.0,23.9,45.1,0,normal_air
2293.0,2913.0,0.0,0.0,0.0,23.9,45.0,0,normal_air
2287.0,2913.0,0.0,0.0,0.0,23.9,45.0,0,normal_air
2284.0,2915.0,0.0,0.0,0.0,23.9,45.1,0,normal_air
2288.0,2910.0,1.0,1.0,1.0,23.9,45.0,0,normal_air
2285.0,2914.0,1.0,2.0,2.0,23.9,45.0,0,normal_air
2288.0,2918.0,0.0,1.0,1.0,23.9,45.0,0,normal_air
2292.0,2913.0,1.0,2.0,2.0,23.9,45.0,0,normal_air
2280.0,2914.0,0.0,1.0,1.0,23.9,45.0,0,normal_air
2289.0,2914.0,1.0,2.0,2.0,23.9,44.9,0,normal_air
2285.0,2914.0,1.0,2.0,2.0,23.9,44.9,0,normal_air
2286.0,2920.0,1.0,2.0,2.0,23.9,44.7,0,normal_air
2289.0,2914.0,0.0,1.0,1.0,23.9,44.9,0,normal_air
2288.0,2912.0,0.0,1.0,1.0,23.9,44.8,0,normal_air
2291.0,2914.0,0.0,2.0,2.0,23.9,44.8,0,normal_air
2283.0,2916.0,1.0,3.0,3.0,23.9,44.8,0,normal_air
2292.0,2917.0,1.0,2.0,2.0,23.9,44.9,0,normal_air
2280.0,2916.0,0.0,2.0,2.0,23.9,44.9,0,normal_air
2286.0,2913.0,1.0,3.0,3.0,23.9,44.7,0,normal_air
2286.0,2916.0,1.0,3.0,3.0,23.9,44.8,0,normal_air
2282.0,2914.0,0.0,2.0,2.0,23.9,44.9,0,normal_air
2293.0,2916.0,1.0,3.0,3.0,23.9,44.8,0,normal_air
2284.0,2911.0,0.0,2.0,2.0,23.9,44.8,0,normal_air
2283.0,2918.0,0.0,2.0,2.0,23.9,44.8,0,normal_air
2288.0,2914.0,0.0,2.0,2.0,23.9,44.8,0,normal_air
2283.0,2913.0,0.0,3.0,3.0,23.9,44.9,0,normal_air
2288.0,2917.0,0.0,2.0,2.0,23.9,44.8,0,normal_air
2282.0,2916.0,0.0,3.0,3.0,23.9,44.8,0,normal_air
2286.0,2916.0,0.0,4.0,4.0,23.9,44.8,0,normal_air
2283.0,2915.0,0.0,3.0,3.0,23.9,44.8,0,normal_air
2284.0,2913.0,0.0,3.0,3.0,23.9,44.8,0,normal_air
2287.0,2913.0,0.0,3.0,3.0,23.9,44.9,0,normal_air
2284.0,2914.0,0.0,2.0,2.0,23.9,44.8,0,normal_air
2287.0,2917.0,0.0,1.0,1.0,23.9,44.8,0,normal_air
2281.0,2912.0,0.0,1.0,1.0,23.9,44.9,0,normal_air
2281.0,2912.0,0.0,3.0,3.0,23.9,44.9,0,normal_air
2293.0,2915.0,0.0,3.0,3.0,23.9,44.8,0,normal_air
2281.0,2914.0,0.0,2.0,2.0,23.9,44.8,0,normal_air
2287.0,2916.0,0.0,1.0,1.0,23.9,44.8,0,normal_air
2283.0,2917.0,0.0,2.0,2.0,23.9,44.8,0,normal_air
2284.0,2917.0,0.0,2.0,2.0,23.9,44.8,0,normal_air
2283.0,2915.0,0.0,2.0,2.0,23.9,44.8,0,normal_air
2282.0,2915.0,0.0,3.0,3.0,23.8,44.8,0,normal_air
2296.0,2913.0,0.0,2.0,2.0,23.9,44.9,0,normal_air
2282.0,2920.0,0.0,3.0,3.0,23.9,44.9,0,normal_air
2287.0,2915.0,0.0,2.0,2.0,23.9,44.7,0,normal_air
2288.0,2916.0,0.0,1.0,1.0,23.9,44.8,0,normal_air
2284.0,2914.0,0.0,2.0,2.0,23.9,44.9,0,normal_air
2287.0,2918.0,0.0,0.0,0.0,23.9,44.7,0,normal_air
2284.0,2913.0,0.0,1.0,1.0,23.9,44.9,0,normal_air
2296.0,2916.0,0.0,0.0,0.0,23.9,44.8,0,normal_air
2288.0,2920.0,0.0,1.0,1.0,23.9,44.8,0,normal_air
2282.0,2918.0,0.0,0.0,0.0,23.9,44.9,0,normal_air
2289.0,2913.0,0.0,1.0,1.0,23.9,44.8,0,normal_air
2280.0,2914.0,0.0,2.0,2.0,23.9,44.9,0,normal_air
2288.0,2920.0,0.0,2.0,2.0,23.9,44.8,0,normal_air
2294.0,2917.0,0.0,2.0,2.0,23.9,44.9,0,normal_air
2292.0,2915.0,0.0,2.0,2.0,23.9,44.8,0,normal_air
2289.0,2915.0,0.0,3.0,3.0,23.9,44.8,0,normal_air
2282.0,2916.0,0.0,2.0,2.0,23.9,44.7,0,normal_air
2279.0,2909.0,0.0,2.0,2.0,23.8,45.0,0,normal_air
2279.0,2907.0,1.0,3.0,3.0,23.9,44.7,0,normal_air
2273.0,2910.0,0.0,2.0,2.0,23.8,44.8,0,normal_air
2262.0,2895.0,1.0,4.0,4.0,23.8,44.8,0,normal_air
2261.0,2888.0,0.0,3.0,3.0,23.8,44.9,0,normal_air
2262.0,2886.0,1.0,3.0,3.0,23.9,44.7,0,normal_air
2266.0,2887.0,1.0,3.0,3.0,23.9,45.0,0,normal_air
2263.0,2889.0,1.0,3.0,3.0,23.8,44.9,0,normal_air
2263.0,2889.0,0.0,2.0,2.0,23.9,44.9,0,normal_air
2266.0,2888.0,0.0,2.0,2.0,23.8,44.9,0,normal_air
2262.0,2889.0,0.0,2.0,2.0,23.8,44.9,0,normal_air
2270.0,2890.0,0.0,1.0,2.0,23.9,44.9,0,normal_air
2267.0,2889.0,1.0,2.0,3.0,23.8,45.0,0,normal_air
2267.0,2886.0,1.0,2.0,3.0,23.9,44.8,0,normal_air
2275.0,2888.0,0.0,1.0,2.0,23.9,44.8,0,normal_air
2263.0,2888.0,0.0,2.0,3.0,23.8,45.0,0,normal_air
2275.0,2888.0,1.0,3.0,4.0,23.9,44.9,0,normal_air
2264.0,2887.0,1.0,3.0,4.0,23.9,44.9,0,normal_air
2267.0,2888.0,1.0,2.0,3.0,23.9,44.7,0,normal_air
2268.0,2889.0,1.0,2.0,3.0,23.9,44.8,0,normal_air
2264.0,2889.0,1.0,2.0,3.0,23.9,44.8,0,normal_air
2303.0,2943.0,39.0,69.0,77.0,22.8,61.4,0,normal_air
2283.0,2919.0,36.0,66.0,75.0,22.8,60.7,0,normal_air
2509.0,3139.0,30.0,50.0,61.0,23.4,78.2,1,cooking_fume
2509.0,3139.0,29.0,49.0,60.0,23.4,78.3,1,cooking_fume
2509.0,3139.0,30.0,50.0,61.0,23.5,78.2,1,cooking_fume
2511.0,3139.0,30.0,50.0,61.0,23.6,78.1,1,cooking_fume
2508.0,3139.0,31.0,51.0,62.0,23.7,78.3,1,cooking_fume
2510.0,3139.0,32.0,51.0,62.0,23.7,78.7,1,cooking_fume
2510.0,3139.0,32.0,51.0,63.0,23.7,78.5,1,cooking_fume
2507.0,3139.0,32.0,51.0,63.0,23.7,78.7,1,cooking_fume
2508.0,3139.0,33.0,52.0,64.0,23.9,78.3,1,cooking_fume
2507.0,3139.0,33.0,52.0,64.0,23.9,78.1,1,cooking_fume
2510.0,3139.0,31.0,51.0,63.0,24.0,77.8,1,cooking_fume
2510.0,3139.0,30.0,51.0,63.0,24.0,77.9,1,cooking_fume
2509.0,3139.0,30.0,51.0,63.0,24.1,77.9,1,cooking_fume
2511.0,3139.0,30.0,50.0,63.0,24.1,77.6,1,cooking_fume
2510.0,3139.0,31.0,51.0,63.0,24.1,77.4,1,cooking_fume
2509.0,3139.0,31.0,51.0,63.0,24.2,77.2,1,cooking_fume
2511.0,3139.0,30.0,49.0,62.0,24.3,77.0,1,cooking_fume
2508.0,3139.0,31.0,50.0,62.0,24.3,77.2,1,cooking_fume
2508.0,3139.0,31.0,50.0,62.0,24.3,76.6,1,cooking_fume
2510.0,3139.0,30.0,49.0,61.0,24.4,76.5,1,cooking_fume
2510.0,3139.0,31.0,50.0,63.0,24.5,76.4,1,cooking_fume
2506.0,3139.0,31.0,50.0,63.0,24.5,76.4,1,cooking_fume
2508.0,3139.0,30.0,50.0,63.0,24.5,76.4,1,cooking_fume
2509.0,3139.0,30.0,50.0,63.0,24.6,76.6,1,cooking_fume
2510.0,3139.0,31.0,50.0,62.0,24.7,76.6,1,cooking_fume
2508.0,3139.0,31.0,50.0,61.0,24.7,76.2,1,cooking_fume
2510.0,3139.0,29.0,47.0,59.0,24.8,76.3,1,cooking_fume
2509.0,3139.0,29.0,47.0,59.0,24.8,76.2,1,cooking_fume
2511.0,3139.0,29.0,47.0,59.0,24.9,76.1,1,cooking_fume
2508.0,3139.0,29.0,47.0,59.0,24.9,76.1,1,cooking_fume
2509.0,3139.0,30.0,48.0,60.0,24.9,75.7,1,cooking_fume
2506.0,3139.0,29.0,47.0,59.0,25.0,75.4,1,cooking_fume
2507.0,3139.0,30.0,48.0,59.0,25.0,75.4,1,cooking_fume
2510.0,3139.0,30.0,48.0,58.0,25.0,75.2,1,cooking_fume
2509.0,3139.0,29.0,47.0,57.0,25.1,74.9,1,cooking_fume
2509.0,3139.0,28.0,45.0,56.0,25.1,74.9,1,cooking_fume
2508.0,3139.0,29.0,46.0,56.0,25.2,74.9,1,cooking_fume
2507.0,3139.0,30.0,47.0,57.0,25.2,75.0,1,cooking_fume
2509.0,3139.0,30.0,47.0,57.0,25.2,75.1,1,cooking_fume
2507.0,3139.0,30.0,47.0,57.0,25.2,75.0,1,cooking_fume
2511.0,3139.0,28.0,45.0,55.0,25.3,74.5,1,cooking_fume
2507.0,3139.0,29.0,46.0,55.0,25.3,74.0,1,cooking_fume
2508.0,3139.0,29.0,46.0,56.0,25.3,74.1,1,cooking_fume
2510.0,3139.0,28.0,45.0,55.0,25.4,74.1,1,cooking_fume
2508.0,3139.0,28.0,45.0,55.0,25.4,74.6,1,cooking_fume
2505.0,3139.0,28.0,46.0,56.0,25.4,74.4,1,cooking_fume
2507.0,3139.0,28.0,46.0,56.0,25.4,74.4,1,cooking_fume
2507.0,3139.0,28.0,46.0,56.0,25.5,74.2,1,cooking_fume
2508.0,3139.0,26.0,45.0,54.0,25.5,73.7,1,cooking_fume
2510.0,3139.0,26.0,44.0,54.0,25.5,73.5,1,cooking_fume
2507.0,3139.0,27.0,45.0,55.0,25.5,73.5,1,cooking_fume
2508.0,3139.0,26.0,43.0,53.0,25.6,73.3,1,cooking_fume
2511.0,3139.0,27.0,43.0,53.0,25.6,73.0,1,cooking_fume
2510.0,3139.0,25.0,42.0,50.0,25.6,73.0,1,cooking_fume
2509.0,3139.0,25.0,42.0,50.0,25.7,73.0,1,cooking_fume
2510.0,3139.0,27.0,42.0,51.0,25.7,72.6,1,cooking_fume
2510.0,3139.0,27.0,42.0,50.0,25.7,72.2,1,cooking_fume
2510.0,3139.0,26.0,42.0,50.0,25.7,72.2,1,cooking_fume
2508.0,3139.0,25.0,41.0,49.0,25.8,72.1,1,cooking_fume
2507.0,3139.0,26.0,41.0,49.0,25.8,72.1,1,cooking_fume
2508.0,3139.0,25.0,40.0,48.0,25.8,71.8,1,cooking_fume
2506.0,3139.0,23.0,39.0,46.0,25.8,71.7,1,cooking_fume
2507.0,3139.0,23.0,39.0,45.0,25.9,71.5,1,cooking_fume
2511.0,3139.0,22.0,38.0,45.0,25.9,71.5,1,cooking_fume
2509.0,3139.0,23.0,38.0,45.0,25.9,71.2,1,cooking_fume
2507.0,3139.0,23.0,38.0,45.0,25.9,71.5,1,cooking_fume
2510.0,3139.0,23.0,37.0,45.0,26.0,71.2,1,cooking_fume
2509.0,3139.0,23.0,37.0,45.0,26.0,71.1,1,cooking_fume
2509.0,3139.0,22.0,36.0,42.0,26.0,71.1,1,cooking_fume
2510.0,3139.0,22.0,36.0,42.0,26.1,71.0,1,cooking_fume
2508.0,3139.0,23.0,37.0,45.0,26.0,71.0,1,cooking_fume
2505.0,3139.0,23.0,38.0,45.0,26.1,70.8,1,cooking_fume
2508.0,3139.0,22.0,37.0,44.0,26.1,70.7,1,cooking_fume
2505.0,3139.0,23.0,38.0,45.0,26.1,70.9,1,cooking_fume
2508.0,3139.0,23.0,37.0,44.0,26.1,70.8,1,cooking_fume
2509.0,3139.0,24.0,38.0,45.0,26.1,70.7,1,cooking_fume
2509.0,3139.0,23.0,39.0,46.0,26.2,70.6,1,cooking_fume
2508.0,3139.0,23.0,39.0,46.0,26.2,70.7,1,cooking_fume
2506.0,3139.0,22.0,38.0,45.0,26.3,70.8,1,cooking_fume
2509.0,3139.0,22.0,38.0,45.0,26.2,70.7,1,cooking_fume
2508.0,3139.0,23.0,38.0,46.0,26.3,70.6,1,cooking_fume
2510.0,3139.0,22.0,37.0,45.0,26.3,70.5,1,cooking_fume
2507.0,3139.0,22.0,38.0,44.0,26.3,70.4,1,cooking_fume
2506.0,3139.0,21.0,38.0,44.0,26.3,70.1,1,cooking_fume
2509.0,3139.0,22.0,37.0,43.0,26.4,69.9,1,cooking_fume
2509.0,3139.0,22.0,36.0,41.0,26.4,70.0,1,cooking_fume
2509.0,3139.0,21.0,35.0,40.0,26.4,70.0,1,cooking_fume
2508.0,3139.0,22.0,36.0,41.0,26.4,70.2,1,cooking_fume
2509.0,3139.0,21.0,35.0,39.0,26.5,70.2,1,cooking_fume
2509.0,3139.0,22.0,36.0,41.0,26.5,70.3,1,cooking_fume
2508.0,3139.0,22.0,36.0,42.0,26.5,70.3,1,cooking_fume
2510.0,3139.0,22.0,36.0,42.0,26.5,70.0,1,cooking_fume
2507.0,3139.0,22.0,36.0,42.0,26.5,69.9,1,cooking_fume
2509.0,3139.0,21.0,36.0,42.0,26.5,70.1,1,cooking_fume
2507.0,3139.0,21.0,36.0,42.0,26.6,69.9,1,cooking_fume
2507.0,3139.0,21.0,36.0,42.0,26.6,69.9,1,cooking_fume
2511.0,3139.0,21.0,35.0,41.0,26.6,69.6,1,cooking_fume
2509.0,3139.0,22.0,36.0,41.0,26.6,69.7,1,cooking_fume
2508.0,3139.0,21.0,35.0,39.0,26.6,69.6,1,cooking_fume
2509.0,3139.0,22.0,36.0,40.0,26.6,69.6,1,cooking_fume
2509.0,3139.0,21.0,36.0,41.0,26.7,69.6,1,cooking_fume
2508.0,3139.0,23.0,36.0,41.0,26.6,69.4,1,cooking_fume
2509.0,3139.0,22.0,35.0,40.0,26.7,69.4,1,cooking_fume
2508.0,3139.0,21.0,35.0,40.0,26.7,69.3,1,cooking_fume
2506.0,3139.0,22.0,36.0,40.0,26.7,69.4,1,cooking_fume
2509.0,3139.0,22.0,36.0,40.0,26.7,69.4,1,cooking_fume
2509.0,3139.0,21.0,34.0,39.0,26.7,69.4,1,cooking_fume
2509.0,3139.0,22.0,35.0,39.0,26.7,69.4,1,cooking_fume
2507.0,3139.0,20.0,34.0,38.0,26.8,69.2,1,cooking_fume
2510.0,3139.0,20.0,35.0,39.0,26.8,69.1,1,cooking_fume
2506.0,3139.0,19.0,34.0,38.0,26.8,69.2,1,cooking_fume
2508.0,3139.0,19.0,34.0,38.0,26.8,69.4,1,cooking_fume
2511.0,3139.0,21.0,35.0,38.0,26.9,69.2,1,cooking_fume
2511.0,3139.0,21.0,35.0,38.0,26.9,69.0,1,cooking_fume
2509.0,3139.0,20.0,34.0,37.0,26.8,68.9,1,cooking_fume
2506.0,3139.0,21.0,35.0,39.0,26.9,68.8,1,cooking_fume
2512.0,3139.0,22.0,35.0,39.0,26.9,68.8,1,cooking_fume
2508.0,3139.0,22.0,35.0,39.0,26.9,68.9,1,cooking_fume
2512.0,3139.0,22.0,35.0,40.0,26.9,68.9,1,cooking_fume
2509.0,3139.0,20.0,34.0,39.0,26.9,68.9,1,cooking_fume
2508.0,3139.0,20.0,34.0,39.0,27.0,68.9,1,cooking_fume
2508.0,3139.0,20.0,35.0,40.0,27.0,68.9,1,cooking_fume
2508.0,3139.0,20.0,35.0,39.0,27.0,68.9,1,cooking_fume
2509.0,3139.0,20.0,34.0,38.0,27.0,68.7,1,cooking_fume
2510.0,3139.0,21.0,34.0,38.0,27.0,68.5,1,cooking_fume
2510.0,3139.0,20.0,33.0,37.0,27.0,68.4,1,cooking_fume
2508.0,3139.0,19.0,33.0,37.0,27.0,68.3,1,cooking_fume
2508.0,3139.0,20.0,35.0,39.0,27.1,68.4,1,cooking_fume
2507.0,3139.0,19.0,33.0,37.0,27.1,68.4,1,cooking_fume
2509.0,3139.0,20.0,33.0,37.0,27.0,68.3,1,cooking_fume
2509.0,3139.0,20.0,33.0,37.0,27.1,68.4,1,cooking_fume
2508.0,3139.0,18.0,32.0,35.0,27.1,68.2,1,cooking_fume
2509.0,3139.0,18.0,32.0,34.0,27.1,68.1,1,cooking_fume
2508.0,3139.0,18.0,32.0,35.0,27.1,68.2,1,cooking_fume
2507.0,3139.0,18.0,32.0,36.0,27.1,68.1,1,cooking_fume
2509.0,3139.0,19.0,34.0,37.0,27.1,68.1,1,cooking_fume
2507.0,3139.0,18.0,32.0,35.0,27.2,67.8,1,cooking_fume
2508.0,3139.0,19.0,33.0,35.0,27.2,67.8,1,cooking_fume
2509.0,3139.0,19.0,33.0,35.0,27.2,67.7,1,cooking_fume
2509.0,3139.0,18.0,31.0,34.0,27.2,67.7,1,cooking_fume
2508.0,3139.0,20.0,33.0,36.0,27.2,67.5,1,cooking_fume
2508.0,3139.0,19.0,32.0,36.0,27.2,67.3,1,cooking_fume
2511.0,3139.0,20.0,34.0,38.0,27.2,67.2,1,cooking_fume
2510.0,3139.0,19.0,33.0,38.0,27.2,67.2,1,cooking_fume
2510.0,3139.0,19.0,33.0,37.0,27.3,67.5,1,cooking_fume
2509.0,3139.0,19.0,32.0,37.0,27.3,67.4,1,cooking_fume
2507.0,3139.0,20.0,34.0,38.0,27.3,67.4,1,cooking_fume
2508.0,3139.0,20.0,34.0,38.0,27.3,67.4,1,cooking_fume
2510.0,3139.0,20.0,34.0,38.0,27.3,67.4,1,cooking_fume
2509.0,3139.0,19.0,33.0,37.0,27.3,67.3,1,cooking_fume
2507.0,3139.0,19.0,33.0,37.0,27.3,67.1,1,cooking_fume
2508.0,3139.0,20.0,34.0,38.0,27.3,67.3,1,cooking_fume
2509.0,3139.0,18.0,33.0,39.0,27.3,67.4,1,cooking_fume
2506.0,3139.0,18.0,33.0,39.0,27.3,67.0,1,cooking_fume
2510.0,3139.0,19.0,33.0,39.0,27.4,66.9,1,cooking_fume
2508.0,3139.0,19.0,33.0,39.0,27.4,66.8,1,cooking_fume
2511.0,3139.0,21.0,33.0,39.0,27.4,66.7,1,cooking_fume
2509.0,3139.0,20.0,32.0,38.0,27.4,66.7,1,cooking_fume
2509.0,3139.0,20.0,33.0,39.0,27.4,66.8,1,cooking_fume
2508.0,3139.0,19.0,32.0,37.0,27.4,66.7,1,cooking_fume
2509.0,3139.0,19.0,32.0,35.0,27.4,66.6,1,cooking_fume
2509.0,3139.0,19.0,32.0,35.0,27.5,66.6,1,cooking_fume
2508.0,3139.0,18.0,32.0,35.0,27.4,66.5,1,cooking_fume
2509.0,3139.0,18.0,33.0,35.0,27.5,66.5,1,cooking_fume
2510.0,3139.0,18.0,32.0,34.0,27.5,66.1,1,cooking_fume
2509.0,3139.0,18.0,32.0,34.0,27.5,66.2,1,cooking_fume
2508.0,3139.0,18.0,32.0,33.0,27.5,66.0,1,cooking_fume
2507.0,3139.0,18.0,32.0,33.0,27.5,65.9,1,cooking_fume
2509.0,3139.0,17.0,31.0,32.0,27.5,66.1,1,cooking_fume
2508.0,3139.0,18.0,32.0,34.0,27.5,66.1,1,cooking_fume
2507.0,3139.0,18.0,32.0,34.0,27.5,66.1,1,cooking_fume
2509.0,3139.0,18.0,33.0,35.0,27.5,66.1,1,cooking_fume
2507.0,3139.0,18.0,33.0,36.0,27.6,66.1,1,cooking_fume
2509.0,3139.0,18.0,33.0,36.0,27.5,66.1,1,cooking_fume
2508.0,3139.0,18.0,33.0,36.0,27.6,66.0,1,cooking_fume
2509.0,3139.0,18.0,33.0,36.0,27.6,65.9,1,cooking_fume
2508.0,3139.0,18.0,32.0,34.0,27.6,65.6,1,cooking_fume
2508.0,3139.0,17.0,29.0,32.0,27.6,65.5,1,cooking_fume
2507.0,3139.0,18.0,30.0,33.0,27.6,65.3,1,cooking_fume
2512.0,3139.0,17.0,29.0,33.0,27.6,65.2,1,cooking_fume
2510.0,3139.0,17.0,29.0,33.0,27.6,64.9,1,cooking_fume
2509.0,3139.0,17.0,29.0,33.0,27.6,64.8,1,cooking_fume
2512.0,3139.0,18.0,30.0,33.0,27.6,64.7,1,cooking_fume
2510.0,3139.0,18.0,29.0,32.0,27.6,64.7,1,cooking_fume
2509.0,3139.0,18.0,29.0,32.0,27.6,64.5,1,cooking_fume
2509.0,3139.0,18.0,29.0,32.0,27.6,64.4,1,cooking_fume
2507.0,3139.0,19.0,32.0,33.0,27.7,64.2,1,cooking_fume
2508.0,3139.0,19.0,32.0,33.0,27.6,64.2,1,cooking_fume
2509.0,3139.0,18.0,31.0,32.0,27.6,64.5,1,cooking_fume
2509.0,3139.0,18.0,31.0,32.0,27.7,64.6,1,cooking_fume
2507.0,3139.0,19.0,32.0,33.0,27.7,64.7,1,cooking_fume
2508.0,3139.0,20.0,30.0,33.0,27.7,64.8,1,cooking_fume
2506.0,3139.0,20.0,30.0,33.0,27.7,64.8,1,cooking_fume
2508.0,3139.0,20.0,30.0,31.0,27.7,64.6,1,cooking_fume
2507.0,3139.0,19.0,29.0,29.0,27.7,64.7,1,cooking_fume
2509.0,3139.0,20.0,30.0,30.0,27.7,64.5,1,cooking_fume
2508.0,3139.0,19.0,29.0,29.0,27.7,64.3,1,cooking_fume
2509.0,3139.0,19.0,29.0,29.0,27.7,64.5,1,cooking_fume
2511.0,3139.0,19.0,29.0,29.0,27.7,64.4,1,cooking_fume
2507.0,3139.0,20.0,30.0,30.0,27.7,64.4,1,cooking_fume
2506.0,3139.0,20.0,32.0,33.0,27.8,64.7,1,cooking_fume
2508.0,3139.0,19.0,29.0,30.0,27.8,64.8,1,cooking_fume
2510.0,3139.0,20.0,30.0,31.0,27.8,64.8,1,cooking_fume
2508.0,3139.0,20.0,32.0,33.0,27.8,64.8,1,cooking_fume
2509.0,3139.0,19.0,31.0,33.0,27.8,64.8,1,cooking_fume
2511.0,3139.0,20.0,32.0,34.0,27.8,64.8,1,cooking_fume
2507.0,3139.0,19.0,31.0,33.0,27.8,64.5,1,cooking_fume
2509.0,3139.0,20.0,32.0,34.0,27.8,64.6,1,cooking_fume
2509.0,3139.0,19.0,31.0,33.0,27.8,64.3,1,cooking_fume
2509.0,3139.0,20.0,32.0,34.0,27.8,64.3,1,cooking_fume
2508.0,3139.0,20.0,32.0,34.0,27.8,64.3,1,cooking_fume
2509.0,3139.0,20.0,32.0,34.0,27.9,64.2,1,cooking_fume
2510.0,3139.0,20.0,33.0,35.0,27.8,64.2,1,cooking_fume
2509.0,3139.0,18.0,32.0,34.0,27.8,64.2,1,cooking_fume
2508.0,3139.0,18.0,32.0,34.0,27.9,64.1,1,cooking_fume
2509.0,3139.0,19.0,33.0,36.0,27.9,63.9,1,cooking_fume
2509.0,3139.0,17.0,33.0,37.0,27.9,63.7,1,cooking_fume
2508.0,3139.0,17.0,33.0,37.0,27.9,63.8,1,cooking_fume
2508.0,3139.0,17.0,32.0,36.0,27.9,63.9,1,cooking_fume
2509.0,3139.0,18.0,32.0,36.0,27.9,63.8,1,cooking_fume
2508.0,3139.0,19.0,33.0,37.0,27.9,63.9,1,cooking_fume
2509.0,3139.0,19.0,33.0,37.0,27.9,63.8,1,cooking_fume
2508.0,3139.0,19.0,33.0,37.0,27.9,63.9,1,cooking_fume
2508.0,3139.0,19.0,33.0,36.0,27.9,63.9,1,cooking_fume
2510.0,3139.0,18.0,33.0,36.0,27.9,64.0,1,cooking_fume
2510.0,3139.0,19.0,34.0,38.0,27.9,64.1,1,cooking_fume
2510.0,3139.0,19.0,35.0,39.0,27.9,64.2,1,cooking_fume
2508.0,3139.0,19.0,35.0,39.0,27.9,64.2,1,cooking_fume
2509.0,3139.0,18.0,33.0,37.0,27.9,64.3,1,cooking_fume
2507.0,3139.0,18.0,32.0,36.0,27.9,64.2,1,cooking_fume
2507.0,3139.0,18.0,32.0,35.0,27.9,64.3,1,cooking_fume
2508.0,3139.0,19.0,33.0,36.0,27.9,64.2,1,cooking_fume
2509.0,3139.0,19.0,33.0,36.0,28.0,64.3,1,cooking_fume
2507.0,3139.0,19.0,34.0,37.0,27.9,64.4,1,cooking_fume
2510.0,3139.0,19.0,34.0,37.0,27.9,64.3,1,cooking_fume
2511.0,3139.0,19.0,34.0,37.0,28.0,64.4,1,cooking_fume
2511.0,3139.0,20.0,35.0,39.0,28.0,64.1,1,cooking_fume
2510.0,3139.0,19.0,33.0,38.0,28.0,63.9,1,cooking_fume
2510.0,3139.0,19.0,33.0,38.0,28.0,64.1,1,cooking_fume
2509.0,3139.0,19.0,33.0,38.0,28.0,64.1,1,cooking_fume
2512.0,3139.0,20.0,33.0,38.0,28.0,64.2,1,cooking_fume
2509.0,3139.0,20.0,34.0,40.0,28.0,64.3,1,cooking_fume
2510.0,3139.0,21.0,35.0,42.0,28.0,64.3,1,cooking_fume
2509.0,3139.0,21.0,36.0,44.0,28.0,64.2,1,cooking_fume
2509.0,3139.0,22.0,38.0,45.0,28.0,63.5,1,cooking_fume
2509.0,3139.0,22.0,38.0,45.0,28.0,63.5,1,cooking_fume
2508.0,3139.0,22.0,39.0,46.0,28.0,63.3,1,cooking_fume
2509.0,3139.0,22.0,39.0,45.0,28.0,63.2,1,cooking_fume
2508.0,3139.0,21.0,37.0,44.0,28.0,62.8,1,cooking_fume
2508.0,3139.0,21.0,38.0,44.0,28.0,62.8,1,cooking_fume
2510.0,3139.0,22.0,39.0,45.0,28.0,62.8,1,cooking_fume
2505.0,3139.0,22.0,38.0,44.0,28.0,62.7,1,cooking_fume
2510.0,3139.0,22.0,38.0,44.0,28.0,62.5,1,cooking_fume
2510.0,3139.0,23.0,38.0,45.0,28.0,62.5,1,cooking_fume
2511.0,3139.0,23.0,37.0,45.0,28.1,62.4,1,cooking_fume
2507.0,3139.0,23.0,36.0,43.0,28.0,62.3,1,cooking_fume
2509.0,3139.0,23.0,36.0,42.0,28.0,62.3,1,cooking_fume
2509.0,3139.0,22.0,34.0,40.0,28.0,62.2,1,cooking_fume
2507.0,3139.0,23.0,35.0,41.0,28.0,62.3,1,cooking_fume
2511.0,3139.0,22.0,35.0,41.0,28.1,62.3,1,cooking_fume
2511.0,3139.0,23.0,36.0,43.0,28.1,61.9,1,cooking_fume
2510.0,3139.0,22.0,35.0,42.0,28.1,61.7,1,cooking_fume
2508.0,3139.0,22.0,35.0,41.0,28.1,61.8,1,cooking_fume
2510.0,3139.0,23.0,36.0,42.0,28.0,61.8,1,cooking_fume
2507.0,3139.0,22.0,36.0,42.0,28.1,61.9,1,cooking_fume
2506.0,3139.0,22.0,36.0,42.0,28.1,62.1,1,cooking_fume
2508.0,3139.0,21.0,34.0,41.0,28.1,61.9,1,cooking_fume
2507.0,3139.0,21.0,34.0,41.0,28.1,61.9,1,cooking_fume
2507.0,3139.0,22.0,35.0,40.0,28.1,61.4,1,cooking_fume
2509.0,3139.0,21.0,35.0,39.0,28.1,61.3,1,cooking_fume
2508.0,3139.0,20.0,34.0,39.0,28.1,61.2,1,cooking_fume
2509.0,3139.0,21.0,35.0,40.0,28.1,61.5,1,cooking_fume
2509.0,3139.0,20.0,34.0,39.0,28.1,61.5,1,cooking_fume
2509.0,3139.0,20.0,34.0,39.0,28.1,61.5,1,cooking_fume
2509.0,3139.0,21.0,35.0,40.0,28.0,61.4,1,cooking_fume
2510.0,3139.0,22.0,34.0,40.0,28.1,61.2,1,cooking_fume
2509.0,3139.0,20.0,32.0,39.0,28.0,61.0,1,cooking_fume
2507.0,3139.0,20.0,32.0,39.0,28.1,60.8,1,cooking_fume
2509.0,3139.0,20.0,32.0,38.0,28.1,60.8,1,cooking_fume
2507.0,3139.0,20.0,32.0,37.0,28.1,60.9,1,cooking_fume
2508.0,3139.0,20.0,33.0,38.0,28.1,61.0,1,cooking_fume
2508.0,3139.0,18.0,32.0,36.0,28.1,61.0,1,cooking_fume
2509.0,3139.0,19.0,33.0,37.0,28.1,60.9,1,cooking_fume
2509.0,3139.0,18.0,32.0,36.0,28.1,61.0,1,cooking_fume
2509.0,3139.0,20.0,33.0,37.0,28.1,61.1,1,cooking_fume
2509.0,3139.0,20.0,32.0,35.0,28.1,60.9,1,cooking_fume
2509.0,3139.0,20.0,33.0,36.0,28.1,60.8,1,cooking_fume
2508.0,3139.0,20.0,33.0,36.0,28.1,60.9,1,cooking_fume
2511.0,3139.0,20.0,32.0,35.0,28.1,60.5,1,cooking_fume
2508.0,3139.0,20.0,33.0,36.0,28.1,60.6,1,cooking_fume
2508.0,3139.0,19.0,32.0,34.0,28.1,60.5,1,cooking_fume
2509.0,3139.0,19.0,32.0,34.0,28.1,60.5,1,cooking_fume
2511.0,3139.0,19.0,32.0,34.0,28.1,60.6,1,cooking_fume
2509.0,3139.0,19.0,32.0,34.0,28.1,60.3,1,cooking_fume
2510.0,3139.0,18.0,31.0,34.0,28.1,60.4,1,cooking_fume
2508.0,3139.0,19.0,32.0,35.0,28.1,60.4,1,cooking_fume
2509.0,3139.0,18.0,31.0,33.0,28.1,60.8,1,cooking_fume
2509.0,3139.0,18.0,32.0,34.0,28.1,60.7,1,cooking_fume
2507.0,3139.0,19.0,33.0,36.0,28.1,60.7,1,cooking_fume
2509.0,3139.0,18.0,31.0,35.0,28.1,60.7,1,cooking_fume
2511.0,3139.0,19.0,32.0,35.0,28.1,60.8,1,cooking_fume
2510.0,3139.0,19.0,32.0,35.0,28.1,60.9,1,cooking_fume
2510.0,3139.0,18.0,31.0,35.0,28.1,60.6,1,cooking_fume
2509.0,3139.0,19.0,33.0,36.0,28.1,60.6,1,cooking_fume
2508.0,3139.0,18.0,31.0,35.0,28.1,60.5,1,cooking_fume
2507.0,3139.0,17.0,31.0,34.0,28.1,60.3,1,cooking_fume
2511.0,3139.0,18.0,32.0,35.0,28.1,60.4,1,cooking_fume
2510.0,3139.0,16.0,31.0,32.0,28.1,60.2,1,cooking_fume
2509.0,3139.0,17.0,30.0,30.0,28.1,60.2,1,cooking_fume
2508.0,3139.0,17.0,30.0,30.0,28.1,60.2,1,cooking_fume
2511.0,3139.0,17.0,30.0,30.0,28.1,60.2,1,cooking_fume
2509.0,3139.0,16.0,29.0,30.0,28.1,60.2,1,cooking_fume
2508.0,3139.0,18.0,30.0,31.0,28.1,60.3,1,cooking_fume
2508.0,3139.0,17.0,29.0,30.0,28.1,60.5,1,cooking_fume
2510.0,3139.0,18.0,30.0,31.0,28.1,60.6,1,cooking_fume
2509.0,3139.0,17.0,30.0,31.0,28.1,60.8,1,cooking_fume
2509.0,3139.0,15.0,28.0,29.0,28.1,60.4,1,cooking_fume
2514.0,3139.0,14.0,27.0,28.0,28.1,60.3,1,cooking_fume
2507.0,3139.0,14.0,28.0,29.0,28.1,60.3,1,cooking_fume
2509.0,3139.0,13.0,27.0,28.0,28.1,60.1,1,cooking_fume
2511.0,3139.0,12.0,27.0,28.0,28.1,60.0,1,cooking_fume
2508.0,3139.0,12.0,27.0,28.0,28.1,60.0,1,cooking_fume
2511.0,3139.0,12.0,26.0,28.0,28.1,59.9,1,cooking_fume
2512.0,3139.0,11.0,26.0,28.0,28.1,59.7,1,cooking_fume
2510.0,3139.0,10.0,24.0,26.0,28.1,59.8,1,cooking_fume
2508.0,3139.0,11.0,25.0,27.0,28.1,59.6,1,cooking_fume
2511.0,3139.0,10.0,24.0,26.0,28.1,59.6,1,cooking_fume
2509.0,3139.0,10.0,24.0,26.0,28.1,59.8,1,cooking_fume
2508.0,3139.0,11.0,24.0,25.0,28.1,59.7,1,cooking_fume
2508.0,3139.0,12.0,25.0,26.0,28.1,59.6,1,cooking_fume
2510.0,3139.0,12.0,25.0,26.0,28.1,59.7,1,cooking_fume
2510.0,3139.0,12.0,25.0,26.0,28.1,59.7,1,cooking_fume
2509.0,3139.0,10.0,25.0,25.0,28.0,60.1,1,cooking_fume
2510.0,3139.0,11.0,26.0,26.0,28.1,60.2,1,cooking_fume
2508.0,3139.0,10.0,25.0,25.0,28.0,60.3,1,cooking_fume
2510.0,3139.0,11.0,26.0,26.0,28.0,60.2,1,cooking_fume
2508.0,3139.0,11.0,25.0,25.0,28.0,60.4,1,cooking_fume
2508.0,3139.0,11.0,26.0,26.0,28.0,60.5,1,cooking_fume
2509.0,3139.0,12.0,26.0,26.0,28.0,60.8,1,cooking_fume
2511.0,3139.0,11.0,25.0,25.0,28.1,60.7,1,cooking_fume
2511.0,3139.0,12.0,26.0,27.0,28.0,60.7,1,cooking_fume
2509.0,3139.0,10.0,26.0,26.0,28.0,60.7,1,cooking_fume
2510.0,3139.0,11.0,27.0,27.0,28.0,60.7,1,cooking_fume
2508.0,3139.0,11.0,27.0,27.0,28.0,60.7,1,cooking_fume
2509.0,3139.0,10.0,26.0,27.0,28.0,60.4,1,cooking_fume
2507.0,3139.0,11.0,27.0,28.0,28.0,60.6,1,cooking_fume
2511.0,3139.0,11.0,26.0,27.0,28.0,60.7,1,cooking_fume
2506.0,3139.0,12.0,27.0,29.0,28.0,60.8,1,cooking_fume
2509.0,3139.0,13.0,28.0,29.0,28.0,61.0,1,cooking_fume
2507.0,3139.0,15.0,30.0,33.0,28.0,60.9,1,cooking_fume
2511.0,3139.0,17.0,32.0,34.0,28.0,60.9,1,cooking_fume
2509.0,3139.0,19.0,32.0,37.0,28.0,60.9,1,cooking_fume
2511.0,3139.0,23.0,36.0,41.0,28.0,60.6,1,cooking_fume
2508.0,3139.0,24.0,39.0,45.0,28.0,60.5,1,cooking_fume
2508.0,3139.0,26.0,41.0,49.0,28.0,60.5,1,cooking_fume
2510.0,3139.0,28.0,45.0,55.0,28.0,60.3,1,cooking_fume
2508.0,3139.0,33.0,56.0,68.0,28.0,60.5,1,cooking_fume
2509.0,3139.0,34.0,60.0,72.0,28.0,60.5,1,cooking_fume
2510.0,3139.0,35.0,64.0,74.0,28.0,60.4,1,cooking_fume
2508.0,3139.0,36.0,67.0,76.0,28.0,60.5,1,cooking_fume
2507.0,3139.0,35.0,66.0,76.0,28.0,60.6,1,cooking_fume
2510.0,3139.0,35.0,66.0,76.0,28.0,60.5,1,cooking_fume
2509.0,3139.0,35.0,66.0,75.0,28.0,60.5,1,cooking_fume
2508.0,3139.0,35.0,66.0,75.0,28.0,60.5,1,cooking_fume
2509.0,3139.0,34.0,60.0,72.0,28.0,60.5,1,cooking_fume
2508.0,3139.0,34.0,59.0,72.0,28.0,60.3,1,cooking_fume
2508.0,3139.0,32.0,57.0,69.0,28.0,60.5,1,cooking_fume
2509.0,3139.0,32.0,56.0,69.0,28.0,60.6,1,cooking_fume
2509.0,3139.0,31.0,53.0,67.0,28.0,60.5,1,cooking_fume
2509.0,3139.0,30.0,51.0,65.0,28.0,60.5,1,cooking_fume
2508.0,3139.0,30.0,52.0,65.0,28.0,60.6,1,cooking_fume
2508.0,3139.0,30.0,51.0,64.0,28.0,60.8,1,cooking_fume
2510.0,3139.0,30.0,50.0,63.0,28.0,60.5,1,cooking_fume
2509.0,3139.0,29.0,49.0,62.0,28.0,60.5,1,cooking_fume
2511.0,3139.0,27.0,47.0,59.0,28.0,60.4,1,cooking_fume
2510.0,3139.0,28.0,47.0,59.0,28.0,60.4,1,cooking_fume
2508.0,3139.0,27.0,45.0,55.0,28.0,60.5,1,cooking_fume
2507.0,3139.0,28.0,46.0,56.0,28.0,60.6,1,cooking_fume
2511.0,3139.0,27.0,46.0,55.0,28.0,60.6,1,cooking_fume
2507.0,3139.0,26.0,45.0,55.0,28.0,60.5,1,cooking_fume
2509.0,3139.0,27.0,44.0,54.0,28.0,60.6,1,cooking_fume
2510.0,3139.0,27.0,44.0,54.0,28.0,60.7,1,cooking_fume
2509.0,3139.0,26.0,44.0,53.0,28.0,60.7,1,cooking_fume
2509.0,3139.0,25.0,43.0,52.0,28.0,60.7,1,cooking_fume
2511.0,3139.0,26.0,44.0,53.0,28.0,60.6,1,cooking_fume
2509.0,3139.0,24.0,43.0,52.0,28.0,60.7,1,cooking_fume
2510.0,3139.0,25.0,44.0,52.0,28.0,60.7,1,cooking_fume
2507.0,3139.0,23.0,42.0,49.0,28.0,60.8,1,cooking_fume
2510.0,3139.0,24.0,42.0,50.0,28.0,60.8,1,cooking_fume
2511.0,3139.0,23.0,41.0,49.0,28.0,61.0,1,cooking_fume
2509.0,3139.0,25.0,42.0,50.0,28.0,61.0,1,cooking_fume
2510.0,3139.0,25.0,42.0,50.0,28.0,61.0,1,cooking_fume
2509.0,3139.0,25.0,42.0,50.0,28.0,61.1,1,cooking_fume
2510.0,3139.0,24.0,41.0,49.0,28.0,61.1,1,cooking_fume
2510.0,3139.0,23.0,40.0,48.0,28.0,61.1,1,cooking_fume
2506.0,3139.0,23.0,40.0,48.0,28.0,61.3,1,cooking_fume
2508.0,3139.0,24.0,40.0,49.0,28.0,61.6,1,cooking_fume
2509.0,3139.0,24.0,40.0,49.0,28.0,61.7,1,cooking_fume
2510.0,3139.0,23.0,39.0,47.0,28.0,61.7,1,cooking_fume
2509.0,3139.0,23.0,39.0,48.0,28.0,61.5,1,cooking_fume
2508.0,3139.0,22.0,39.0,47.0,28.0,61.6,1,cooking_fume
2508.0,3139.0,21.0,38.0,46.0,28.0,61.6,1,cooking_fume
2507.0,3139.0,21.0,38.0,45.0,28.0,61.6,1,cooking_fume
2509.0,3139.0,21.0,37.0,45.0,28.0,61.6,1,cooking_fume
2507.0,3139.0,21.0,37.0,44.0,28.0,61.4,1,cooking_fume
2511.0,3139.0,22.0,39.0,46.0,28.0,61.5,1,cooking_fume
2510.0,3139.0,21.0,38.0,45.0,28.0,61.2,1,cooking_fume
2509.0,3139.0,22.0,38.0,45.0,28.0,61.1,1,cooking_fume
2508.0,3139.0,23.0,37.0,46.0,28.0,60.9,1,cooking_fume
2509.0,3139.0,22.0,37.0,46.0,28.0,60.9,1,cooking_fume
2508.0,3139.0,21.0,36.0,44.0,28.0,60.8,1,cooking_fume
2509.0,3139.0,21.0,35.0,44.0,28.0,60.8,1,cooking_fume
2507.0,3139.0,22.0,36.0,42.0,28.0,60.7,1,cooking_fume
2511.0,3139.0,21.0,34.0,39.0,28.0,60.6,1,cooking_fume
2509.0,3139.0,20.0,34.0,38.0,28.0,60.5,1,cooking_fume
2510.0,3139.0,19.0,33.0,38.0,28.0,60.6,1,cooking_fume
2510.0,3139.0,19.0,33.0,39.0,28.0,60.5,1,cooking_fume
2508.0,3139.0,19.0,33.0,39.0,28.0,60.5,1,cooking_fume
2509.0,3139.0,21.0,34.0,40.0,28.0,60.7,1,cooking_fume
2507.0,3139.0,21.0,34.0,40.0,28.0,60.9,1,cooking_fume
2509.0,3139.0,19.0,32.0,38.0,28.0,61.2,1,cooking_fume
2509.0,3139.0,19.0,33.0,39.0,28.0,61.1,1,cooking_fume
2506.0,3139.0,18.0,32.0,38.0,28.0,61.1,1,cooking_fume
2508.0,3139.0,19.0,33.0,39.0,28.0,61.1,1,cooking_fume
2507.0,3139.0,19.0,34.0,41.0,28.0,61.2,1,cooking_fume
2506.0,3139.0,21.0,37.0,45.0,28.0,61.3,1,cooking_fume
2509.0,3139.0,23.0,39.0,47.0,28.0,61.4,1,cooking_fume
2509.0,3139.0,24.0,41.0,49.0,28.0,61.4,1,cooking_fume
2510.0,3139.0,29.0,46.0,56.0,28.0,61.5,1,cooking_fume
2510.0,3139.0,33.0,57.0,69.0,28.0,61.2,1,cooking_fume
2508.0,3139.0,40.0,73.0,78.0,28.0,61.0,1,cooking_fume
2507.0,3139.0,47.0,88.0,92.0,28.0,60.9,1,cooking_fume
2507.0,3139.0,58.0,112.0,120.0,28.0,61.1,1,cooking_fume
2509.0,3139.0,65.0,133.0,143.0,28.1,61.1,1,cooking_fume
2509.0,3139.0,75.0,159.0,172.0,28.0,61.1,1,cooking_fume
2507.0,3139.0,86.0,186.0,204.0,28.0,61.0,1,cooking_fume
2512.0,3139.0,92.0,200.0,216.0,28.0,61.2,1,cooking_fume
2509.0,3139.0,91.0,201.0,215.0,28.0,61.3,1,cooking_fume
2512.0,3139.0,88.0,195.0,209.0,28.0,61.4,1,cooking_fume
2510.0,3139.0,87.0,191.0,207.0,28.0,61.5,1,cooking_fume
2508.0,3139.0,81.0,178.0,190.0,28.0,61.7,1,cooking_fume
2507.0,3139.0,79.0,174.0,183.0,28.0,61.6,1,cooking_fume
2508.0,3139.0,79.0,173.0,184.0,28.0,61.6,1,cooking_fume
2506.0,3139.0,76.0,167.0,179.0,28.0,61.6,1,cooking_fume
2509.0,3139.0,71.0,157.0,169.0,28.0,61.4,1,cooking_fume
2509.0,3139.0,68.0,149.0,162.0,28.1,61.5,1,cooking_fume
2510.0,3139.0,69.0,148.0,162.0,28.1,61.5,1,cooking_fume
2509.0,3139.0,65.0,142.0,157.0,28.0,61.6,1,cooking_fume
2509.0,3139.0,61.0,134.0,150.0,28.1,61.8,1,cooking_fume
2509.0,3139.0,60.0,132.0,148.0,28.1,61.9,1,cooking_fume
2510.0,3139.0,59.0,129.0,143.0,28.1,61.8,1,cooking_fume
2509.0,3139.0,58.0,125.0,139.0,28.1,62.1,1,cooking_fume
2510.0,3139.0,56.0,121.0,134.0,28.1,62.0,1,cooking_fume
2505.0,3139.0,55.0,120.0,132.0,28.0,61.9,1,cooking_fume
2507.0,3139.0,56.0,120.0,132.0,28.0,62.0,1,cooking_fume
2511.0,3139.0,56.0,119.0,130.0,28.0,62.1,1,cooking_fume
2507.0,3139.0,54.0,116.0,125.0,28.1,62.5,1,cooking_fume
2508.0,3139.0,51.0,110.0,120.0,28.1,62.4,1,cooking_fume
2507.0,3139.0,50.0,108.0,118.0,28.1,62.5,1,cooking_fume
2508.0,3139.0,49.0,104.0,112.0,28.1,62.4,1,cooking_fume
2510.0,3139.0,47.0,98.0,106.0,28.0,62.6,1,cooking_fume
2511.0,3139.0,46.0,95.0,102.0,28.1,62.5,1,cooking_fume
2512.0,3139.0,44.0,93.0,100.0,28.1,62.6,1,cooking_fume
2514.0,3139.0,43.0,90.0,97.0,28.1,62.6,1,cooking_fume
2508.0,3139.0,41.0,88.0,96.0,28.1,62.4,1,cooking_fume
2504.0,3139.0,40.0,86.0,94.0,28.1,62.8,1,cooking_fume
2510.0,3139.0,39.0,84.0,91.0,28.1,62.8,1,cooking_fume
2510.0,3139.0,40.0,83.0,89.0,28.1,62.9,1,cooking_fume
2514.0,3139.0,40.0,79.0,85.0,28.1,62.9,1,cooking_fume
2510.0,3139.0,38.0,76.0,81.0,28.1,62.8,1,cooking_fume
2511.0,3139.0,37.0,74.0,79.0,28.1,62.8,1,cooking_fume
2512.0,3139.0,37.0,73.0,78.0,28.1,62.8,1,cooking_fume
2508.0,3139.0,36.0,70.0,77.0,28.1,62.8,1,cooking_fume
2509.0,3139.0,35.0,68.0,75.0,28.1,63.0,1,cooking_fume
2511.0,3139.0,35.0,68.0,75.0,28.1,62.9,1,cooking_fume
2509.0,3139.0,34.0,65.0,74.0,28.1,62.7,1,cooking_fume
2507.0,3139.0,33.0,59.0,70.0,28.1,62.2,1,cooking_fume
2507.0,3139.0,33.0,57.0,70.0,28.1,62.3,1,cooking_fume
2507.0,3139.0,30.0,55.0,68.0,28.1,62.4,1,cooking_fume
2507.0,3139.0,30.0,54.0,67.0,28.1,62.4,1,cooking_fume
2512.0,3139.0,31.0,56.0,68.0,28.1,62.4,1,cooking_fume
2507.0,3139.0,31.0,57.0,69.0,28.1,62.6,1,cooking_fume
2505.0,3139.0,31.0,58.0,71.0,28.1,62.5,1,cooking_fume
2513.0,3139.0,30.0,56.0,69.0,28.1,62.8,1,cooking_fume
2507.0,3139.0,30.0,55.0,68.0,28.1,62.6,1,cooking_fume
2512.0,3139.0,30.0,54.0,68.0,28.1,62.5,1,cooking_fume
2508.0,3139.0,30.0,53.0,67.0,28.1,62.2,1,cooking_fume
2508.0,3139.0,29.0,51.0,66.0,28.1,62.4,1,cooking_fume
2511.0,3139.0,28.0,50.0,62.0,28.1,62.2,1,cooking_fume
2508.0,3139.0,28.0,49.0,61.0,28.1,62.1,1,cooking_fume
2510.0,3139.0,29.0,50.0,62.0,28.1,62.0,1,cooking_fume
2509.0,3139.0,29.0,50.0,62.0,28.1,62.0,1,cooking_fume
2508.0,3139.0,29.0,50.0,62.0,28.1,61.8,1,cooking_fume
2509.0,3139.0,28.0,49.0,62.0,28.1,61.9,1,cooking_fume
2506.0,3139.0,27.0,47.0,61.0,28.1,61.9,1,cooking_fume
2509.0,3139.0,27.0,47.0,61.0,28.1,62.0,1,cooking_fume
2507.0,3139.0,25.0,46.0,59.0,28.1,62.1,1,cooking_fume
2509.0,3139.0,25.0,46.0,59.0,28.1,62.1,1,cooking_fume
2509.0,3139.0,26.0,47.0,60.0,28.2,62.1,1,cooking_fume
2508.0,3139.0,26.0,47.0,59.0,28.1,62.3,1,cooking_fume
2511.0,3139.0,26.0,47.0,58.0,28.1,62.3,1,cooking_fume
2510.0,3139.0,27.0,48.0,59.0,28.1,62.3,1,cooking_fume
2513.0,3139.0,26.0,46.0,57.0,28.2,62.3,1,cooking_fume
2507.0,3139.0,27.0,47.0,58.0,28.1,62.4,1,cooking_fume
2509.0,3139.0,25.0,44.0,55.0,28.2,62.2,1,cooking_fume
2508.0,3139.0,25.0,43.0,54.0,28.2,61.7,1,cooking_fume
2507.0,3139.0,26.0,43.0,54.0,28.2,61.5,1,cooking_fume
2510.0,3139.0,24.0,41.0,52.0,28.2,61.6,1,cooking_fume
2507.0,3139.0,24.0,41.0,52.0,28.1,61.3,1,cooking_fume
2510.0,3139.0,24.0,41.0,51.0,28.1,61.3,1,cooking_fume
2507.0,3139.0,23.0,40.0,49.0,28.2,61.2,1,cooking_fume
2509.0,3139.0,23.0,40.0,49.0,28.1,61.1,1,cooking_fume
2510.0,3139.0,24.0,40.0,50.0,28.1,61.2,1,cooking_fume
2509.0,3139.0,22.0,39.0,49.0,28.2,61.5,1,cooking_fume
2508.0,3139.0,22.0,39.0,49.0,28.2,61.2,1,cooking_fume
2509.0,3139.0,22.0,39.0,49.0,28.2,61.0,1,cooking_fume
2509.0,3139.0,23.0,40.0,49.0,28.2,60.9,1,cooking_fume
2509.0,3139.0,23.0,40.0,49.0,28.2,61.0,1,cooking_fume
2509.0,3139.0,23.0,40.0,49.0,28.1,60.9,1,cooking_fume
2508.0,3139.0,24.0,40.0,49.0,28.2,60.9,1,cooking_fume
2509.0,3139.0,22.0,39.0,48.0,28.1,61.1,1,cooking_fume
2508.0,3139.0,23.0,40.0,48.0,28.1,61.1,1,cooking_fume
2508.0,3139.0,22.0,38.0,46.0,28.2,61.3,1,cooking_fume
2509.0,3139.0,23.0,39.0,47.0,28.1,61.1,1,cooking_fume
2510.0,3139.0,23.0,39.0,47.0,28.1,61.1,1,cooking_fume
2509.0,3139.0,23.0,39.0,47.0,28.1,60.9,1,cooking_fume
2509.0,3139.0,22.0,38.0,45.0,28.1,61.1,1,cooking_fume
2511.0,3139.0,22.0,38.0,45.0,28.1,61.1,1,cooking_fume
2510.0,3139.0,22.0,38.0,45.0,28.1,61.0,1,cooking_fume
2507.0,3139.0,21.0,37.0,44.0,28.1,60.9,1,cooking_fume
2509.0,3139.0,22.0,38.0,45.0,28.1,61.0,1,cooking_fume
2510.0,3139.0,22.0,39.0,45.0,28.1,61.1,1,cooking_fume
2511.0,3139.0,22.0,37.0,43.0,28.1,60.9,1,cooking_fume
2508.0,3139.0,22.0,36.0,42.0,28.1,60.8,1,cooking_fume
2509.0,3139.0,22.0,36.0,42.0,28.1,60.8,1,cooking_fume
2506.0,3139.0,22.0,36.0,42.0,28.1,60.8,1,cooking_fume
2509.0,3139.0,20.0,35.0,41.0,28.1,60.6,1,cooking_fume
2509.0,3139.0,20.0,34.0,41.0,28.1,60.7,1,cooking_fume
2510.0,3139.0,21.0,35.0,42.0,28.1,60.8,1,cooking_fume
2509.0,3139.0,21.0,35.0,42.0,28.1,60.9,1,cooking_fume
2508.0,3139.0,21.0,36.0,43.0,28.1,60.7,1,cooking_fume
2512.0,3139.0,20.0,35.0,42.0,28.1,60.8,1,cooking_fume
2509.0,3139.0,22.0,37.0,43.0,28.1,60.8,1,cooking_fume
2509.0,3139.0,20.0,36.0,42.0,28.1,60.7,1,cooking_fume
2508.0,3139.0,19.0,35.0,40.0,28.1,60.7,1,cooking_fume
2509.0,3139.0,19.0,35.0,40.0,28.1,60.8,1,cooking_fume
2511.0,3139.0,20.0,35.0,40.0,28.1,60.7,1,cooking_fume
2506.0,3139.0,21.0,38.0,46.0,25.8,71.8,1,cooking_fume
2509.0,3139.0,22.0,39.0,47.0,25.8,71.5,1,cooking_fume
2509.0,3139.0,22.0,39.0,47.0,25.9,71.3,1,cooking_fume
2506.0,3139.0,22.0,39.0,46.0,25.9,71.1,1,cooking_fume
2506.0,3139.0,21.0,38.0,45.0,25.9,71.1,1,cooking_fume
2512.0,3139.0,22.0,40.0,47.0,25.9,71.5,1,cooking_fume
2510.0,3139.0,21.0,39.0,46.0,26.0,71.8,1,cooking_fume
2510.0,3139.0,21.0,40.0,48.0,26.0,72.0,1,cooking_fume
2506.0,3139.0,22.0,41.0,49.0,26.0,72.0,1,cooking_fume
2506.0,3139.0,24.0,43.0,51.0,26.0,71.8,1,cooking_fume
2508.0,3139.0,23.0,42.0,52.0,26.0,71.7,1,cooking_fume
2509.0,3139.0,24.0,44.0,54.0,26.1,71.6,1,cooking_fume
2508.0,3139.0,24.0,44.0,55.0,26.1,71.3,1,cooking_fume
2509.0,3139.0,23.0,43.0,54.0,26.1,71.0,1,cooking_fume
2507.0,3139.0,23.0,43.0,54.0,26.1,70.8,1,cooking_fume
2507.0,3139.0,24.0,43.0,54.0,26.1,70.9,1,cooking_fume
2507.0,3139.0,25.0,44.0,56.0,26.2,70.7,1,cooking_fume
2510.0,3139.0,25.0,43.0,54.0,26.2,70.8,1,cooking_fume
2508.0,3139.0,26.0,44.0,53.0,26.2,70.6,1,cooking_fume
2509.0,3139.0,26.0,43.0,53.0,26.2,70.5,1,cooking_fume
2508.0,3139.0,26.0,43.0,53.0,26.3,70.5,1,cooking_fume
2512.0,3139.0,26.0,44.0,55.0,26.3,70.1,1,cooking_fume
2507.0,3139.0,25.0,43.0,54.0,26.3,70.2,1,cooking_fume
2510.0,3139.0,26.0,44.0,55.0,26.3,70.1,1,cooking_fume
2508.0,3139.0,25.0,43.0,53.0,26.3,70.0,1,cooking_fume
2507.0,3139.0,26.0,43.0,52.0,26.3,70.1,1,cooking_fume
2510.0,3139.0,25.0,42.0,51.0,26.3,70.0,1,cooking_fume
2509.0,3139.0,24.0,43.0,52.0,26.4,69.8,1,cooking_fume
2508.0,3139.0,25.0,43.0,53.0,26.4,69.9,1,cooking_fume
2508.0,3139.0,25.0,44.0,54.0,26.4,69.7,1,cooking_fume
2508.0,3139.0,25.0,44.0,54.0,26.4,69.6,1,cooking_fume
2509.0,3139.0,26.0,44.0,53.0,26.4,69.5,1,cooking_fume
2507.0,3139.0,26.0,43.0,53.0,26.5,69.3,1,cooking_fume
2507.0,3139.0,25.0,41.0,52.0,26.5,69.4,1,cooking_fume
2508.0,3139.0,25.0,41.0,52.0,26.5,69.6,1,cooking_fume
2510.0,3139.0,26.0,43.0,54.0,26.5,69.4,1,cooking_fume
2508.0,3139.0,25.0,43.0,54.0,26.5,69.2,1,cooking_fume
2510.0,3139.0,26.0,43.0,54.0,26.6,69.3,1,cooking_fume
2508.0,3139.0,25.0,42.0,52.0,26.6,69.4,1,cooking_fume
2511.0,3139.0,26.0,43.0,53.0,26.6,69.4,1,cooking_fume
2509.0,3139.0,25.0,43.0,53.0,26.6,69.2,1,cooking_fume
2508.0,3139.0,26.0,43.0,54.0,26.6,68.8,1,cooking_fume
2507.0,3139.0,27.0,45.0,56.0,26.6,68.7,1,cooking_fume
2508.0,3139.0,27.0,46.0,57.0,26.6,68.6,1,cooking_fume
2509.0,3139.0,27.0,46.0,57.0,26.6,68.4,1,cooking_fume
2507.0,3139.0,27.0,47.0,59.0,26.7,68.4,1,cooking_fume
2509.0,3139.0,28.0,47.0,60.0,26.7,68.2,1,cooking_fume
2508.0,3139.0,29.0,49.0,61.0,26.7,68.1,1,cooking_fume
2509.0,3139.0,28.0,47.0,60.0,26.7,68.1,1,cooking_fume
2508.0,3139.0,29.0,48.0,60.0,26.7,67.9,1,cooking_fume
2508.0,3139.0,30.0,49.0,60.0,26.7,67.9,1,cooking_fume
2509.0,3139.0,30.0,49.0,59.0,26.8,67.9,1,cooking_fume
2510.0,3139.0,31.0,50.0,61.0,26.8,67.7,1,cooking_fume
2508.0,3139.0,30.0,49.0,61.0,26.8,67.9,1,cooking_fume
2509.0,3139.0,30.0,48.0,60.0,26.8,68.0,1,cooking_fume
2508.0,3139.0,30.0,47.0,59.0,26.8,67.8,1,cooking_fume
2509.0,3139.0,31.0,48.0,60.0,26.8,67.7,1,cooking_fume
2509.0,3139.0,31.0,48.0,60.0,26.8,67.6,1,cooking_fume
2508.0,3139.0,30.0,48.0,60.0,26.9,67.6,1,cooking_fume
2507.0,3139.0,30.0,48.0,59.0,26.8,67.3,1,cooking_fume
2511.0,3139.0,29.0,47.0,59.0,26.9,67.5,1,cooking_fume
2509.0,3139.0,30.0,50.0,62.0,26.9,67.9,1,cooking_fume
2508.0,3139.0,31.0,51.0,63.0,26.9,68.1,1,cooking_fume
2506.0,3139.0,31.0,51.0,65.0,26.9,68.1,1,cooking_fume
2510.0,3139.0,30.0,51.0,65.0,26.9,68.0,1,cooking_fume
2508.0,3139.0,33.0,53.0,68.0,26.9,67.6,1,cooking_fume
2511.0,3139.0,33.0,55.0,69.0,27.0,67.5,1,cooking_fume
2507.0,3139.0,32.0,55.0,69.0,27.0,67.3,1,cooking_fume
2509.0,3139.0,34.0,57.0,70.0,27.0,67.0,1,cooking_fume
2508.0,3139.0,34.0,58.0,70.0,27.0,67.0,1,cooking_fume
2508.0,3139.0,33.0,57.0,69.0,27.0,67.2,1,cooking_fume
2506.0,3139.0,34.0,60.0,70.0,27.0,67.5,1,cooking_fume
2505.0,3139.0,34.0,60.0,71.0,27.0,67.6,1,cooking_fume
2506.0,3139.0,34.0,61.0,72.0,27.0,67.5,1,cooking_fume
2506.0,3139.0,34.0,63.0,72.0,27.0,67.3,1,cooking_fume
2510.0,3139.0,36.0,64.0,74.0,27.0,67.1,1,cooking_fume
2508.0,3139.0,38.0,66.0,75.0,27.1,67.1,1,cooking_fume
2508.0,3139.0,37.0,65.0,74.0,27.1,66.8,1,cooking_fume
2509.0,3139.0,38.0,66.0,76.0,27.1,66.6,1,cooking_fume
2507.0,3139.0,36.0,66.0,74.0,27.1,66.6,1,cooking_fume
2508.0,3139.0,35.0,65.0,73.0,27.1,66.3,1,cooking_fume
2508.0,3139.0,37.0,65.0,73.0,27.1,66.3,1,cooking_fume
2507.0,3139.0,38.0,65.0,74.0,27.1,66.3,1,cooking_fume
2508.0,3139.0,38.0,64.0,73.0,27.1,66.3,1,cooking_fume
2509.0,3139.0,39.0,66.0,74.0,27.1,66.3,1,cooking_fume
2509.0,3139.0,39.0,66.0,73.0,27.1,66.1,1,cooking_fume
2505.0,3139.0,40.0,67.0,74.0,27.2,66.2,1,cooking_fume
2510.0,3139.0,40.0,67.0,74.0,27.2,66.1,1,cooking_fume
2507.0,3139.0,39.0,65.0,73.0,27.2,66.1,1,cooking_fume
2509.0,3139.0,39.0,66.0,74.0,27.2,66.2,1,cooking_fume
2506.0,3139.0,40.0,67.0,75.0,27.2,66.0,1,cooking_fume
2508.0,3139.0,39.0,67.0,74.0,27.2,66.0,1,cooking_fume
2508.0,3139.0,39.0,67.0,75.0,27.2,65.7,1,cooking_fume
2506.0,3139.0,35.0,63.0,72.0,27.2,65.6,1,cooking_fume
2508.0,3139.0,35.0,62.0,72.0,27.3,65.7,1,cooking_fume
2508.0,3139.0,34.0,60.0,69.0,27.3,65.5,1,cooking_fume
2509.0,3139.0,34.0,60.0,69.0,27.2,65.5,1,cooking_fume
2507.0,3139.0,34.0,59.0,69.0,27.3,65.9,1,cooking_fume
2507.0,3139.0,35.0,60.0,70.0,27.3,66.1,1,cooking_fume
2506.0,3139.0,35.0,60.0,70.0,27.3,66.0,1,cooking_fume
2507.0,3139.0,35.0,60.0,71.0,27.3,65.7,1,cooking_fume
2509.0,3139.0,38.0,64.0,72.0,27.3,65.7,1,cooking_fume
2506.0,3139.0,41.0,70.0,76.0,27.3,65.7,1,cooking_fume
2506.0,3139.0,42.0,73.0,77.0,27.3,65.6,1,cooking_fume
2507.0,3139.0,45.0,76.0,81.0,27.3,65.5,1,cooking_fume
2509.0,3139.0,49.0,81.0,87.0,27.3,65.4,1,cooking_fume
2506.0,3139.0,52.0,84.0,89.0,27.3,65.3,1,cooking_fume
2508.0,3139.0,52.0,86.0,90.0,27.4,65.3,1,cooking_fume
2509.0,3139.0,53.0,86.0,90.0,27.3,65.2,1,cooking_fume
2507.0,3139.0,51.0,83.0,86.0,27.4,65.3,1,cooking_fume
2508.0,3139.0,52.0,84.0,87.0,27.4,65.1,1,cooking_fume
2505.0,3139.0,50.0,81.0,85.0,27.4,65.0,1,cooking_fume
2509.0,3139.0,50.0,80.0,83.0,27.4,65.0,1,cooking_fume
2508.0,3139.0,48.0,79.0,80.0,27.4,64.9,1,cooking_fume
2507.0,3139.0,48.0,79.0,80.0,27.4,64.9,1,cooking_fume
2506.0,3139.0,48.0,78.0,80.0,27.4,64.8,1,cooking_fume
2506.0,3139.0,47.0,78.0,81.0,27.4,64.7,1,cooking_fume
2508.0,3139.0,48.0,77.0,79.0,27.4,64.6,1,cooking_fume
2507.0,3139.0,48.0,76.0,79.0,27.4,64.5,1,cooking_fume
2507.0,3139.0,46.0,74.0,77.0,27.4,64.6,1,cooking_fume
2509.0,3139.0,45.0,73.0,76.0,27.4,64.5,1,cooking_fume
2509.0,3139.0,42.0,69.0,75.0,27.5,64.4,1,cooking_fume
2507.0,3139.0,42.0,69.0,75.0,27.5,64.3,1,cooking_fume
2507.0,3139.0,41.0,68.0,74.0,27.5,64.3,1,cooking_fume
2506.0,3139.0,41.0,69.0,75.0,27.5,64.3,1,cooking_fume
2508.0,3139.0,42.0,70.0,76.0,27.5,64.4,1,cooking_fume
2506.0,3139.0,41.0,67.0,74.0,27.5,64.3,1,cooking_fume
2507.0,3139.0,42.0,67.0,75.0,27.5,64.3,1,cooking_fume
2507.0,3139.0,42.0,66.0,74.0,27.5,64.3,1,cooking_fume
2509.0,3139.0,39.0,64.0,72.0,27.5,64.3,1,cooking_fume
2509.0,3139.0,40.0,64.0,72.0,27.5,64.1,1,cooking_fume
2508.0,3139.0,40.0,64.0,73.0,27.5,64.1,1,cooking_fume
2508.0,3139.0,39.0,64.0,73.0,27.5,64.4,1,cooking_fume
2506.0,3139.0,37.0,63.0,71.0,27.6,64.7,1,cooking_fume
2510.0,3139.0,38.0,62.0,72.0,27.6,64.5,1,cooking_fume
2507.0,3139.0,38.0,62.0,72.0,27.5,64.4,1,cooking_fume
2508.0,3139.0,37.0,61.0,71.0,27.5,64.2,1,cooking_fume
2509.0,3139.0,36.0,60.0,71.0,27.6,64.2,1,cooking_fume
2507.0,3139.0,35.0,60.0,70.0,27.6,64.1,1,cooking_fume
2510.0,3139.0,35.0,60.0,70.0,27.6,64.1,1,cooking_fume
2511.0,3139.0,34.0,59.0,69.0,27.6,64.0,1,cooking_fume
2508.0,3139.0,35.0,60.0,71.0,27.6,64.4,1,cooking_fume
2508.0,3139.0,35.0,60.0,70.0,27.6,64.1,1,cooking_fume
2509.0,3139.0,34.0,58.0,69.0,27.6,64.1,1,cooking_fume
2506.0,3139.0,35.0,58.0,70.0,27.6,64.1,1,cooking_fume
2509.0,3139.0,34.0,57.0,70.0,27.6,64.3,1,cooking_fume
2507.0,3139.0,33.0,56.0,69.0,27.6,64.3,1,cooking_fume
2507.0,3139.0,33.0,56.0,69.0,27.6,64.4,1,cooking_fume
2507.0,3139.0,34.0,56.0,70.0,27.6,64.5,1,cooking_fume
2508.0,3139.0,33.0,55.0,68.0,27.7,64.1,1,cooking_fume
2508.0,3139.0,34.0,56.0,68.0,27.7,64.0,1,cooking_fume
2507.0,3139.0,34.0,56.0,68.0,27.7,63.9,1,cooking_fume
2509.0,3139.0,34.0,56.0,68.0,27.7,63.9,1,cooking_fume
2508.0,3139.0,34.0,56.0,68.0,27.6,63.9,1,cooking_fume
2508.0,3139.0,34.0,56.0,68.0,27.7,63.9,1,cooking_fume
2510.0,3139.0,34.0,56.0,68.0,27.7,63.8,1,cooking_fume
2508.0,3139.0,33.0,55.0,66.0,27.7,63.8,1,cooking_fume
2510.0,3139.0,34.0,56.0,68.0,27.7,63.7,1,cooking_fume
2507.0,3139.0,33.0,55.0,67.0,27.7,63.7,1,cooking_fume
2508.0,3139.0,34.0,56.0,68.0,27.7,63.6,1,cooking_fume
2507.0,3139.0,33.0,55.0,67.0,27.7,63.6,1,cooking_fume
2509.0,3139.0,33.0,56.0,68.0,27.7,63.5,1,cooking_fume
2509.0,3139.0,33.0,57.0,68.0,27.7,63.5,1,cooking_fume
2507.0,3139.0,34.0,59.0,69.0,27.7,63.7,1,cooking_fume
2509.0,3139.0,33.0,59.0,69.0,27.7,63.6,1,cooking_fume
2508.0,3139.0,36.0,64.0,72.0,27.7,63.6,1,cooking_fume
2509.0,3139.0,38.0,66.0,73.0,27.7,63.5,1,cooking_fume
2509.0,3139.0,38.0,68.0,74.0,27.7,63.4,1,cooking_fume
2506.0,3139.0,40.0,70.0,77.0,27.7,63.4,1,cooking_fume
2510.0,3139.0,42.0,74.0,79.0,27.7,63.5,1,cooking_fume
2508.0,3139.0,43.0,75.0,79.0,27.7,63.7,1,cooking_fume
2507.0,3139.0,43.0,76.0,80.0,27.8,63.8,1,cooking_fume
2507.0,3139.0,43.0,75.0,80.0,27.8,63.8,1,cooking_fume
2507.0,3139.0,44.0,78.0,84.0,27.7,63.3,1,cooking_fume
2509.0,3139.0,43.0,76.0,82.0,27.8,63.3,1,cooking_fume
2507.0,3139.0,42.0,77.0,83.0,27.8,63.0,1,cooking_fume
2507.0,3139.0,41.0,77.0,82.0,27.7,63.1,1,cooking_fume
2506.0,3139.0,43.0,79.0,84.0,27.8,63.0,1,cooking_fume
2509.0,3139.0,43.0,79.0,84.0,27.8,63.0,1,cooking_fume
2506.0,3139.0,44.0,79.0,84.0,27.8,63.1,1,cooking_fume
2508.0,3139.0,42.0,78.0,83.0,27.8,63.0,1,cooking_fume
2509.0,3139.0,42.0,79.0,84.0,27.8,62.9,1,cooking_fume
2507.0,3139.0,42.0,78.0,84.0,27.8,62.9,1,cooking_fume
2507.0,3139.0,41.0,76.0,81.0,27.8,62.9,1,cooking_fume
2507.0,3139.0,41.0,76.0,80.0,27.8,62.9,1,cooking_fume
2507.0,3139.0,40.0,73.0,78.0,27.8,62.8,1,cooking_fume
2508.0,3139.0,40.0,72.0,78.0,27.8,62.9,1,cooking_fume
2507.0,3139.0,41.0,72.0,78.0,27.8,62.9,1,cooking_fume
2507.0,3139.0,41.0,73.0,78.0,27.8,62.7,1,cooking_fume
2508.0,3139.0,39.0,69.0,76.0,27.9,62.9,1,cooking_fume
2507.0,3139.0,40.0,70.0,77.0,27.8,62.9,1,cooking_fume
2508.0,3139.0,39.0,69.0,76.0,27.9,62.9,1,cooking_fume
2510.0,3139.0,40.0,70.0,77.0,27.8,62.9,1,cooking_fume
2508.0,3139.0,38.0,67.0,76.0,27.9,62.9,1,cooking_fume
2507.0,3139.0,37.0,66.0,74.0,27.8,62.9,1,cooking_fume
2508.0,3139.0,38.0,66.0,75.0,27.9,62.9,1,cooking_fume
2509.0,3139.0,38.0,66.0,75.0,27.8,62.7,1,cooking_fume
2509.0,3139.0,38.0,67.0,75.0,27.9,62.9,1,cooking_fume
2508.0,3139.0,37.0,66.0,74.0,27.9,62.6,1,cooking_fume
2507.0,3139.0,38.0,66.0,74.0,27.8,62.8,1,cooking_fume
2508.0,3139.0,38.0,66.0,75.0,27.9,62.7,1,cooking_fume
2507.0,3139.0,38.0,66.0,75.0,27.9,63.0,1,cooking_fume
2505.0,3139.0,38.0,66.0,75.0,27.9,63.1,1,cooking_fume
2507.0,3139.0,38.0,66.0,75.0,27.9,63.1,1,cooking_fume
2506.0,3139.0,35.0,65.0,74.0,27.9,63.2,1,cooking_fume
2509.0,3139.0,35.0,63.0,73.0,27.9,63.2,1,cooking_fume
2510.0,3139.0,35.0,62.0,74.0,27.9,63.0,1,cooking_fume
2505.0,3139.0,35.0,62.0,73.0,27.9,62.9,1,cooking_fume
2507.0,3139.0,35.0,61.0,73.0,27.9,62.8,1,cooking_fume
2507.0,3139.0,35.0,60.0,72.0,27.9,62.8,1,cooking_fume
2507.0,3139.0,33.0,59.0,71.0,27.9,62.8,1,cooking_fume
2506.0,3139.0,33.0,58.0,70.0,27.9,62.9,1,cooking_fume
2508.0,3139.0,34.0,58.0,70.0,27.9,62.8,1,cooking_fume
2508.0,3139.0,34.0,58.0,70.0,27.9,62.7,1,cooking_fume
2508.0,3139.0,33.0,57.0,69.0,28.0,62.6,1,cooking_fume
2508.0,3139.0,33.0,57.0,69.0,27.9,62.5,1,cooking_fume
2507.0,3139.0,34.0,58.0,70.0,27.9,62.5,1,cooking_fume
2508.0,3139.0,34.0,58.0,69.0,27.9,62.7,1,cooking_fume
2507.0,3139.0,34.0,59.0,69.0,28.0,62.8,1,cooking_fume
2508.0,3139.0,33.0,58.0,69.0,27.9,62.8,1,cooking_fume
2506.0,3139.0,33.0,59.0,69.0,27.9,62.8,1,cooking_fume
2506.0,3139.0,32.0,58.0,68.0,28.0,62.7,1,cooking_fume
2509.0,3139.0,33.0,58.0,69.0,28.0,62.7,1,cooking_fume
2507.0,3139.0,33.0,57.0,69.0,28.0,62.6,1,cooking_fume
2506.0,3139.0,33.0,56.0,68.0,28.0,62.5,1,cooking_fume
2509.0,3139.0,31.0,52.0,66.0,28.0,62.4,1,cooking_fume
2508.0,3139.0,32.0,52.0,66.0,28.0,62.3,1,cooking_fume
2508.0,3139.0,32.0,52.0,66.0,28.0,62.3,1,cooking_fume
2508.0,3139.0,32.0,52.0,66.0,28.0,62.2,1,cooking_fume
2507.0,3139.0,31.0,51.0,63.0,28.0,62.4,1,cooking_fume
2508.0,3139.0,31.0,51.0,63.0,28.0,62.4,1,cooking_fume
2508.0,3139.0,32.0,52.0,64.0,28.0,62.3,1,cooking_fume
2507.0,3139.0,31.0,52.0,64.0,28.0,62.2,1,cooking_fume
2508.0,3139.0,30.0,51.0,64.0,28.0,62.1,1,cooking_fume
2508.0,3139.0,31.0,52.0,66.0,28.0,62.0,1,cooking_fume
2508.0,3139.0,31.0,53.0,65.0,28.0,62.1,1,cooking_fume
2508.0,3139.0,30.0,52.0,64.0,28.0,62.0,1,cooking_fume
2507.0,3139.0,30.0,51.0,62.0,28.0,61.9,1,cooking_fume
2508.0,3139.0,30.0,50.0,61.0,28.0,62.0,1,cooking_fume
2508.0,3139.0,31.0,50.0,62.0,28.0,62.1,1,cooking_fume
2509.0,3139.0,29.0,49.0,61.0,28.1,62.4,1,cooking_fume
2509.0,3139.0,30.0,51.0,62.0,28.0,62.2,1,cooking_fume
2510.0,3139.0,31.0,51.0,63.0,28.0,62.2,1,cooking_fume
2507.0,3139.0,31.0,51.0,63.0,28.0,62.1,1,cooking_fume
2508.0,3139.0,31.0,51.0,63.0,28.0,62.1,1,cooking_fume
2508.0,3139.0,30.0,50.0,62.0,28.0,62.4,1,cooking_fume
2507.0,3139.0,31.0,51.0,64.0,28.0,62.4,1,cooking_fume
2509.0,3139.0,30.0,50.0,64.0,28.1,62.5,1,cooking_fume
2508.0,3139.0,31.0,51.0,64.0,28.0,62.5,1,cooking_fume
2506.0,3139.0,31.0,51.0,64.0,28.1,62.4,1,cooking_fume
2509.0,3139.0,31.0,51.0,64.0,28.1,62.3,1,cooking_fume
2509.0,3139.0,31.0,51.0,64.0,28.0,62.5,1,cooking_fume
2509.0,3139.0,30.0,51.0,64.0,28.0,62.4,1,cooking_fume
2507.0,3139.0,29.0,50.0,62.0,28.1,62.8,1,cooking_fume
2510.0,3139.0,29.0,49.0,62.0,28.0,62.9,1,cooking_fume
2508.0,3139.0,30.0,50.0,63.0,28.1,62.9,1,cooking_fume
2507.0,3139.0,30.0,51.0,63.0,28.0,62.9,1,cooking_fume
2509.0,3139.0,29.0,50.0,63.0,28.1,62.5,1,cooking_fume
2508.0,3139.0,30.0,51.0,63.0,28.0,62.3,1,cooking_fume
2507.0,3139.0,29.0,50.0,62.0,28.1,62.4,1,cooking_fume
2508.0,3139.0,31.0,51.0,62.0,28.1,62.5,1,cooking_fume
2508.0,3139.0,29.0,49.0,61.0,28.1,62.5,1,cooking_fume
2509.0,3139.0,29.0,49.0,61.0,28.1,62.5,1,cooking_fume
2507.0,3139.0,30.0,50.0,61.0,28.1,62.5,1,cooking_fume
2508.0,3139.0,30.0,50.0,61.0,28.1,62.4,1,cooking_fume
2507.0,3139.0,29.0,50.0,62.0,28.1,62.3,1,cooking_fume
2509.0,3139.0,29.0,50.0,62.0,28.1,62.3,1,cooking_fume
2508.0,3139.0,30.0,50.0,62.0,28.1,62.3,1,cooking_fume
2508.0,3139.0,29.0,49.0,62.0,28.1,62.3,1,cooking_fume
2508.0,3139.0,30.0,50.0,62.0,28.1,62.0,1,cooking_fume
2510.0,3139.0,29.0,49.0,61.0,28.1,62.1,1,cooking_fume
2510.0,3139.0,29.0,49.0,61.0,28.1,61.9,1,cooking_fume
2508.0,3139.0,28.0,49.0,60.0,28.1,61.9,1,cooking_fume
2508.0,3139.0,30.0,48.0,60.0,28.1,61.8,1,cooking_fume
2508.0,3139.0,29.0,47.0,59.0,28.1,61.8,1,cooking_fume
2508.0,3139.0,29.0,46.0,58.0,28.1,61.9,1,cooking_fume
2508.0,3139.0,30.0,47.0,60.0,28.1,61.8,1,cooking_fume
2510.0,3139.0,29.0,48.0,60.0,28.1,61.9,1,cooking_fume
2508.0,3139.0,28.0,46.0,59.0,28.1,62.0,1,cooking_fume
2507.0,3139.0,28.0,46.0,58.0,28.1,61.8,1,cooking_fume
2507.0,3139.0,28.0,46.0,57.0,28.1,61.7,1,cooking_fume
2506.0,3139.0,28.0,47.0,59.0,28.1,61.9,1,cooking_fume
2508.0,3139.0,28.0,48.0,60.0,28.2,61.9,1,cooking_fume
2509.0,3139.0,27.0,46.0,57.0,28.1,61.8,1,cooking_fume
2506.0,3139.0,28.0,47.0,57.0,28.1,61.8,1,cooking_fume
2508.0,3139.0,28.0,46.0,56.0,28.1,61.6,1,cooking_fume
2507.0,3139.0,28.0,46.0,56.0,28.1,61.8,1,cooking_fume
2507.0,3139.0,28.0,46.0,56.0,28.1,61.8,1,cooking_fume
2505.0,3139.0,27.0,45.0,56.0,28.1,61.7,1,cooking_fume
2507.0,3139.0,28.0,46.0,57.0,28.1,61.8,1,cooking_fume
2509.0,3139.0,27.0,46.0,56.0,28.1,61.9,1,cooking_fume
2506.0,3139.0,28.0,47.0,57.0,28.1,61.9,1,cooking_fume
2509.0,3139.0,27.0,46.0,56.0,28.1,61.7,1,cooking_fume
2509.0,3139.0,28.0,47.0,57.0,28.1,62.1,1,cooking_fume
2507.0,3139.0,27.0,45.0,57.0,28.1,62.1,1,cooking_fume
2508.0,3139.0,28.0,46.0,58.0,28.1,61.9,1,cooking_fume
2507.0,3139.0,28.0,46.0,58.0,28.1,61.9,1,cooking_fume
2509.0,3139.0,27.0,45.0,56.0,28.1,61.9,1,cooking_fume
2507.0,3139.0,27.0,45.0,56.0,28.1,61.9,1,cooking_fume
2508.0,3139.0,28.0,45.0,56.0,28.2,61.7,1,cooking_fume
2507.0,3139.0,27.0,44.0,55.0,28.1,61.6,1,cooking_fume
2508.0,3139.0,27.0,44.0,54.0,28.1,61.9,1,cooking_fume
2507.0,3139.0,27.0,44.0,54.0,28.1,61.8,1,cooking_fume
2506.0,3139.0,28.0,45.0,55.0,28.1,61.7,1,cooking_fume
2507.0,3139.0,28.0,46.0,55.0,28.2,61.8,1,cooking_fume
2507.0,3139.0,27.0,45.0,55.0,28.1,61.8,1,cooking_fume
2508.0,3139.0,28.0,46.0,56.0,28.2,61.7,1,cooking_fume
2508.0,3139.0,28.0,46.0,58.0,28.1,61.8,1,cooking_fume
2507.0,3139.0,27.0,45.0,56.0,28.2,61.7,1,cooking_fume
2509.0,3139.0,28.0,47.0,57.0,28.1,61.8,1,cooking_fume
2509.0,3139.0,27.0,45.0,56.0,28.1,61.9,1,cooking_fume
2507.0,3139.0,27.0,45.0,55.0,28.2,62.0,1,cooking_fume
2507.0,3139.0,27.0,45.0,55.0,28.2,62.1,1,cooking_fume
2508.0,3139.0,28.0,45.0,55.0,28.2,62.1,1,cooking_fume
2508.0,3139.0,27.0,44.0,54.0,28.2,62.0,1,cooking_fume
2507.0,3139.0,28.0,44.0,54.0,28.1,61.9,1,cooking_fume
2506.0,3139.0,26.0,43.0,52.0,28.1,61.8,1,cooking_fume
2508.0,3139.0,27.0,44.0,54.0,28.2,61.6,1,cooking_fume
2507.0,3139.0,27.0,44.0,55.0,28.2,61.6,1,cooking_fume
2506.0,3139.0,28.0,44.0,55.0,28.2,61.7,1,cooking_fume
2508.0,3139.0,27.0,43.0,54.0,28.2,61.5,1,cooking_fume
2509.0,3139.0,27.0,44.0,54.0,28.2,61.6,1,cooking_fume
2507.0,3139.0,27.0,45.0,55.0,28.2,61.8,1,cooking_fume
2508.0,3139.0,28.0,46.0,56.0,28.2,61.9,1,cooking_fume
2508.0,3139.0,27.0,44.0,55.0,28.2,61.8,1,cooking_fume
2511.0,3139.0,27.0,43.0,54.0,28.2,61.5,1,cooking_fume
2507.0,3139.0,28.0,44.0,55.0,28.2,61.5,1,cooking_fume
2507.0,3139.0,28.0,44.0,55.0,28.2,61.5,1,cooking_fume
2508.0,3139.0,27.0,43.0,54.0,28.2,61.6,1,cooking_fume
2509.0,3139.0,28.0,44.0,55.0,28.2,61.2,1,cooking_fume
2508.0,3139.0,28.0,45.0,55.0,28.2,61.3,1,cooking_fume
2507.0,3139.0,27.0,43.0,54.0,28.2,61.3,1,cooking_fume
2509.0,3139.0,27.0,43.0,54.0,28.2,61.3,1,cooking_fume
2508.0,3139.0,27.0,43.0,53.0,28.2,61.6,1,cooking_fume
2509.0,3139.0,25.0,41.0,51.0,28.2,61.2,1,cooking_fume
2509.0,3139.0,26.0,42.0,51.0,28.1,61.2,1,cooking_fume
2507.0,3139.0,26.0,41.0,50.0,28.2,61.3,1,cooking_fume
2508.0,3139.0,28.0,43.0,53.0,28.2,61.0,1,cooking_fume
2509.0,3139.0,28.0,44.0,54.0,28.2,61.0,1,cooking_fume
2507.0,3139.0,27.0,43.0,53.0,28.2,61.1,1,cooking_fume
2507.0,3139.0,27.0,44.0,53.0,28.2,61.3,1,cooking_fume
2508.0,3139.0,25.0,43.0,51.0,28.2,61.0,1,cooking_fume
2508.0,3139.0,26.0,44.0,52.0,28.2,61.1,1,cooking_fume
2512.0,3139.0,25.0,43.0,51.0,28.2,60.7,1,cooking_fume
2508.0,3139.0,25.0,43.0,51.0,28.2,60.9,1,cooking_fume
2509.0,3139.0,25.0,43.0,52.0,28.2,60.7,1,cooking_fume
2507.0,3139.0,26.0,43.0,53.0,28.2,60.8,1,cooking_fume
2509.0,3139.0,25.0,43.0,53.0,28.2,60.8,1,cooking_fume
2508.0,3139.0,24.0,42.0,51.0,28.2,61.1,1,cooking_fume
2506.0,3139.0,24.0,41.0,49.0,28.2,61.4,1,cooking_fume
2509.0,3139.0,25.0,42.0,50.0,28.2,61.3,1,cooking_fume
2510.0,3139.0,25.0,42.0,50.0,28.2,60.9,1,cooking_fume
2508.0,3139.0,26.0,42.0,50.0,28.2,61.1,1,cooking_fume
2509.0,3139.0,26.0,42.0,52.0,28.2,61.2,1,cooking_fume
2509.0,3139.0,25.0,41.0,51.0,28.2,61.1,1,cooking_fume
2510.0,3139.0,25.0,42.0,52.0,28.2,61.0,1,cooking_fume
2508.0,3139.0,26.0,43.0,53.0,28.2,61.2,1,cooking_fume
2508.0,3139.0,24.0,41.0,50.0,28.2,61.3,1,cooking_fume
2508.0,3139.0,25.0,42.0,50.0,28.2,60.9,1,cooking_fume
2510.0,3139.0,24.0,41.0,48.0,28.2,61.3,1,cooking_fume
2507.0,3139.0,24.0,41.0,49.0,28.2,60.9,1,cooking_fume
2507.0,3139.0,25.0,41.0,49.0,28.2,61.3,1,cooking_fume
2507.0,3139.0,25.0,41.0,48.0,28.2,61.2,1,cooking_fume
2508.0,3139.0,26.0,41.0,49.0,28.2,61.0,1,cooking_fume
2507.0,3139.0,25.0,40.0,48.0,28.2,61.2,1,cooking_fume
2507.0,3139.0,26.0,42.0,50.0,28.2,61.2,1,cooking_fume
2508.0,3139.0,26.0,42.0,50.0,28.2,61.1,1,cooking_fume
2506.0,3139.0,26.0,42.0,50.0,28.2,61.2,1,cooking_fume
2508.0,3139.0,25.0,41.0,49.0,28.2,61.0,1,cooking_fume
2507.0,3139.0,26.0,42.0,50.0,28.2,61.1,1,cooking_fume
2508.0,3139.0,25.0,41.0,49.0,28.2,61.1,1,cooking_fume
2509.0,3139.0,25.0,41.0,49.0,28.2,61.1,1,cooking_fume
2509.0,3139.0,24.0,41.0,49.0,28.2,61.1,1,cooking_fume
2508.0,3139.0,23.0,41.0,48.0,28.2,60.8,1,cooking_fume
2507.0,3139.0,24.0,41.0,49.0,28.2,60.8,1,cooking_fume
2509.0,3139.0,23.0,40.0,48.0,28.2,60.7,1,cooking_fume
2508.0,3139.0,24.0,41.0,49.0,28.2,60.8,1,cooking_fume
2508.0,3139.0,23.0,41.0,49.0,28.2,61.2,1,cooking_fume
2507.0,3139.0,23.0,41.0,49.0,28.2,61.5,1,cooking_fume
2509.0,3139.0,22.0,40.0,48.0,28.2,61.4,1,cooking_fume
2507.0,3139.0,23.0,41.0,49.0,28.2,61.4,1,cooking_fume
2508.0,3139.0,23.0,40.0,48.0,28.2,61.3,1,cooking_fume
2511.0,3139.0,24.0,41.0,49.0,28.2,61.1,1,cooking_fume
2506.0,3139.0,23.0,40.0,48.0,28.2,61.0,1,cooking_fume
2510.0,3139.0,23.0,40.0,48.0,28.2,61.0,1,cooking_fume
2508.0,3139.0,23.0,40.0,48.0,28.2,61.0,1,cooking_fume
2508.0,3139.0,23.0,40.0,48.0,28.2,61.0,1,cooking_fume
2506.0,3139.0,24.0,42.0,49.0,28.2,60.9,1,cooking_fume
2508.0,3139.0,24.0,42.0,49.0,28.2,61.0,1,cooking_fume
2507.0,3139.0,23.0,40.0,47.0,28.2,60.8,1,cooking_fume
2509.0,3139.0,23.0,40.0,47.0,28.2,60.7,1,cooking_fume
2510.0,3139.0,23.0,40.0,47.0,28.2,60.8,1,cooking_fume
2509.0,3139.0,23.0,40.0,47.0,28.2,60.8,1,cooking_fume
2509.0,3139.0,22.0,39.0,46.0,28.2,60.8,1,cooking_fume
2509.0,3139.0,23.0,39.0,46.0,28.2,60.9,1,cooking_fume
2508.0,3139.0,23.0,39.0,46.0,28.2,60.8,1,cooking_fume
2508.0,3139.0,24.0,40.0,47.0,28.2,60.7,1,cooking_fume
2510.0,3139.0,25.0,41.0,48.0,28.2,60.5,1,cooking_fume
2511.0,3139.0,24.0,40.0,48.0,28.2,60.5,1,cooking_fume
2507.0,3139.0,24.0,41.0,49.0,28.2,60.6,1,cooking_fume
2508.0,3139.0,24.0,41.0,49.0,28.3,60.6,1,cooking_fume
2509.0,3139.0,24.0,42.0,49.0,28.2,60.6,1,cooking_fume
2507.0,3139.0,24.0,42.0,50.0,28.2,60.7,1,cooking_fume
2510.0,3139.0,23.0,41.0,49.0,28.2,60.8,1,cooking_fume
2509.0,3139.0,23.0,41.0,49.0,28.2,60.7,1,cooking_fume
2507.0,3139.0,24.0,41.0,49.0,28.2,60.6,1,cooking_fume
2507.0,3139.0,24.0,41.0,49.0,28.2,60.5,1,cooking_fume
2511.0,3139.0,24.0,41.0,49.0,28.2,60.8,1,cooking_fume
2509.0,3139.0,23.0,40.0,47.0,28.2,60.8,1,cooking_fume
2509.0,3139.0,24.0,41.0,48.0,28.2,60.7,1,cooking_fume
2510.0,3139.0,24.0,41.0,48.0,28.2,60.8,1,cooking_fume
2509.0,3139.0,23.0,40.0,46.0,28.2,60.6,1,cooking_fume
2509.0,3139.0,23.0,39.0,45.0,28.2,60.8,1,cooking_fume
2507.0,3139.0,24.0,40.0,47.0,28.3,60.6,1,cooking_fume
2510.0,3139.0,24.0,40.0,48.0,28.2,60.6,1,cooking_fume
2508.0,3139.0,24.0,40.0,48.0,28.2,60.6,1,cooking_fume
2510.0,3139.0,23.0,40.0,47.0,28.2,60.3,1,cooking_fume
2509.0,3139.0,24.0,40.0,48.0,28.2,60.6,1,cooking_fume
2509.0,3139.0,24.0,40.0,48.0,28.2,60.8,1,cooking_fume
2508.0,3139.0,25.0,41.0,49.0,28.3,60.7,1,cooking_fume
2507.0,3139.0,25.0,41.0,49.0,28.2,61.1,1,cooking_fume
2508.0,3139.0,23.0,39.0,48.0,28.3,61.0,1,cooking_fume
2508.0,3139.0,24.0,40.0,49.0,28.2,60.9,1,cooking_fume
2508.0,3139.0,24.0,40.0,49.0,28.2,60.9,1,cooking_fume
2509.0,3139.0,24.0,40.0,49.0,28.2,61.2,1,cooking_fume
2509.0,3139.0,23.0,39.0,47.0,28.3,61.2,1,cooking_fume
2509.0,3139.0,23.0,39.0,46.0,28.3,61.2,1,cooking_fume
2507.0,3139.0,24.0,40.0,47.0,28.2,61.2,1,cooking_fume
2508.0,3139.0,24.0,41.0,48.0,28.2,61.3,1,cooking_fume
2506.0,3139.0,24.0,41.0,49.0,28.3,61.0,1,cooking_fume
2508.0,3139.0,23.0,40.0,49.0,28.3,60.9,1,cooking_fume
2508.0,3139.0,23.0,40.0,49.0,28.2,61.1,1,cooking_fume
2506.0,3139.0,25.0,42.0,50.0,28.3,61.2,1,cooking_fume
2509.0,3139.0,24.0,41.0,49.0,28.2,61.0,1,cooking_fume
2508.0,3139.0,23.0,40.0,46.0,28.2,61.2,1,cooking_fume
2507.0,3139.0,24.0,40.0,47.0,28.3,61.3,1,cooking_fume
2508.0,3139.0,24.0,40.0,47.0,28.2,61.1,1,cooking_fume
2508.0,3139.0,23.0,39.0,47.0,28.3,61.1,1,cooking_fume
2508.0,3139.0,24.0,41.0,49.0,28.3,61.1,1,cooking_fume
2509.0,3139.0,24.0,41.0,49.0,28.2,61.0,1,cooking_fume
2509.0,3139.0,24.0,41.0,49.0,28.2,61.1,1,cooking_fume
2506.0,3139.0,24.0,41.0,50.0,28.2,60.9,1,cooking_fume
2507.0,3139.0,24.0,42.0,50.0,28.3,60.9,1,cooking_fume
2507.0,3139.0,25.0,42.0,50.0,28.3,60.9,1,cooking_fume
2507.0,3139.0,25.0,42.0,50.0,28.2,60.9,1,cooking_fume
2508.0,3139.0,24.0,41.0,50.0,28.3,60.9,1,cooking_fume
2506.0,3139.0,24.0,41.0,49.0,28.2,61.2,1,cooking_fume
2509.0,3139.0,23.0,39.0,48.0,28.2,61.1,1,cooking_fume
2508.0,3139.0,23.0,38.0,47.0,28.3,61.4,1,cooking_fume
2509.0,3139.0,24.0,39.0,47.0,28.2,61.6,1,cooking_fume
2509.0,3139.0,24.0,39.0,47.0,28.2,61.6,1,cooking_fume
2508.0,3139.0,23.0,38.0,45.0,28.2,61.4,1,cooking_fume
2508.0,3139.0,23.0,38.0,45.0,28.3,61.4,1,cooking_fume
2507.0,3139.0,23.0,38.0,46.0,28.2,61.2,1,cooking_fume
2506.0,3139.0,24.0,39.0,47.0,28.3,61.4,1,cooking_fume
2507.0,3139.0,23.0,39.0,47.0,28.3,61.4,1,cooking_fume
2507.0,3139.0,23.0,39.0,47.0,28.3,61.3,1,cooking_fume
2509.0,3139.0,23.0,39.0,47.0,28.2,61.2,1,cooking_fume
2507.0,3139.0,24.0,40.0,48.0,28.2,61.2,1,cooking_fume
2508.0,3139.0,24.0,40.0,49.0,28.2,61.3,1,cooking_fume
2507.0,3139.0,23.0,39.0,48.0,28.3,61.3,1,cooking_fume
2507.0,3139.0,23.0,39.0,47.0,28.3,61.7,1,cooking_fume
2509.0,3139.0,23.0,38.0,46.0,28.3,61.2,1,cooking_fume
2508.0,3139.0,23.0,38.0,46.0,28.2,61.2,1,cooking_fume
2511.0,3139.0,22.0,37.0,45.0,28.3,61.2,1,cooking_fume
2508.0,3139.0,23.0,39.0,46.0,28.3,61.2,1,cooking_fume
2507.0,3139.0,23.0,38.0,46.0,28.3,61.0,1,cooking_fume
2510.0,3139.0,22.0,37.0,45.0,28.3,61.2,1,cooking_fume
2508.0,3139.0,22.0,37.0,45.0,28.3,61.2,1,cooking_fume
2508.0,3139.0,22.0,38.0,45.0,28.3,61.4,1,cooking_fume
2508.0,3139.0,23.0,39.0,47.0,28.3,61.4,1,cooking_fume
2508.0,3139.0,23.0,38.0,46.0,28.3,61.3,1,cooking_fume
2509.0,3139.0,24.0,39.0,47.0,28.3,61.2,1,cooking_fume
2509.0,3139.0,23.0,38.0,46.0,28.3,61.4,1,cooking_fume
2507.0,3139.0,23.0,39.0,47.0,28.3,61.4,1,cooking_fume
2507.0,3139.0,24.0,39.0,47.0,28.3,61.5,1,cooking_fume
2508.0,3139.0,24.0,39.0,47.0,28.3,61.5,1,cooking_fume
2507.0,3139.0,24.0,39.0,47.0,28.3,61.4,1,cooking_fume
2508.0,3139.0,24.0,39.0,47.0,28.3,61.4,1,cooking_fume
2506.0,3139.0,23.0,38.0,46.0,28.3,61.1,1,cooking_fume
2510.0,3139.0,24.0,40.0,47.0,28.3,61.2,1,cooking_fume
2509.0,3139.0,24.0,40.0,47.0,28.3,61.0,1,cooking_fume
2510.0,3139.0,24.0,40.0,47.0,28.3,61.0,1,cooking_fume
2509.0,3139.0,24.0,40.0,47.0,28.3,61.3,1,cooking_fume
2508.0,3139.0,23.0,39.0,46.0,28.3,61.3,1,cooking_fume
2507.0,3139.0,22.0,39.0,46.0,28.3,61.3,1,cooking_fume
2505.0,3139.0,23.0,40.0,47.0,28.3,61.2,1,cooking_fume
2510.0,3139.0,23.0,40.0,47.0,28.3,61.2,1,cooking_fume
2509.0,3139.0,22.0,40.0,46.0,28.3,61.1,1,cooking_fume
2507.0,3139.0,24.0,41.0,48.0,28.3,61.1,1,cooking_fume
2507.0,3139.0,23.0,40.0,47.0,28.3,61.4,1,cooking_fume
2507.0,3139.0,24.0,40.0,47.0,28.3,62.1,1,cooking_fume
2508.0,3139.0,24.0,40.0,47.0,28.3,62.5,1,cooking_fume
2509.0,3139.0,23.0,39.0,46.0,28.3,62.6,1,cooking_fume
2506.0,3139.0,23.0,38.0,46.0,28.3,62.6,1,cooking_fume
2509.0,3139.0,23.0,38.0,46.0,28.3,62.4,1,cooking_fume
2508.0,3139.0,24.0,39.0,47.0,28.3,62.4,1,cooking_fume
2509.0,3139.0,23.0,38.0,46.0,28.3,62.2,1,cooking_fume
2509.0,3139.0,24.0,39.0,46.0,28.3,62.2,1,cooking_fume
2508.0,3139.0,24.0,39.0,45.0,28.3,62.3,1,cooking_fume
2509.0,3139.0,24.0,39.0,45.0,28.3,62.2,1,cooking_fume
2508.0,3139.0,24.0,38.0,45.0,28.3,62.3,1,cooking_fume
2507.0,3139.0,23.0,38.0,44.0,28.3,62.3,1,cooking_fume
2511.0,3139.0,24.0,40.0,46.0,28.3,62.4,1,cooking_fume
2509.0,3139.0,24.0,40.0,47.0,28.3,62.5,1,cooking_fume
2510.0,3139.0,23.0,39.0,46.0,28.3,62.7,1,cooking_fume
2508.0,3139.0,22.0,39.0,46.0,28.3,62.8,1,cooking_fume
2507.0,3139.0,23.0,40.0,47.0,28.3,62.7,1,cooking_fume
2508.0,3139.0,23.0,40.0,47.0,28.3,62.6,1,cooking_fume
2504.0,3139.0,22.0,39.0,47.0,28.3,62.2,1,cooking_fume
2507.0,3139.0,23.0,40.0,49.0,28.3,62.2,1,cooking_fume
2508.0,3139.0,22.0,40.0,48.0,28.3,61.8,1,cooking_fume
2509.0,3139.0,23.0,40.0,48.0,28.3,61.8,1,cooking_fume
2507.0,3139.0,23.0,40.0,48.0,28.3,61.9,1,cooking_fume
2506.0,3139.0,24.0,41.0,49.0,28.3,62.1,1,cooking_fume
2507.0,3139.0,24.0,41.0,49.0,28.3,62.2,1,cooking_fume
2507.0,3139.0,23.0,41.0,49.0,28.3,62.4,1,cooking_fume
2507.0,3139.0,24.0,41.0,50.0,28.3,62.3,1,cooking_fume
2506.0,3139.0,24.0,41.0,49.0,28.3,62.2,1,cooking_fume
2507.0,3139.0,24.0,41.0,49.0,28.3,62.1,1,cooking_fume
2507.0,3139.0,23.0,40.0,49.0,28.4,61.9,1,cooking_fume
2506.0,3139.0,23.0,40.0,48.0,28.3,61.8,1,cooking_fume
2509.0,3139.0,22.0,39.0,47.0,28.3,61.7,1,cooking_fume
2507.0,3139.0,22.0,40.0,47.0,28.4,62.1,1,cooking_fume
2507.0,3139.0,23.0,41.0,48.0,28.4,62.0,1,cooking_fume
2507.0,3139.0,23.0,41.0,49.0,28.3,62.4,1,cooking_fume
2510.0,3139.0,22.0,40.0,48.0,28.3,62.4,1,cooking_fume
2510.0,3139.0,22.0,40.0,47.0,28.4,62.6,1,cooking_fume
2508.0,3139.0,23.0,40.0,48.0,28.4,62.4,1,cooking_fume
2507.0,3139.0,22.0,39.0,46.0,28.4,62.1,1,cooking_fume
2508.0,3139.0,22.0,39.0,46.0,28.4,62.3,1,cooking_fume
2507.0,3139.0,23.0,40.0,47.0,28.4,62.0,1,cooking_fume
2507.0,3139.0,23.0,40.0,47.0,28.4,62.1,1,cooking_fume
2510.0,3139.0,23.0,40.0,47.0,28.3,61.8,1,cooking_fume
2508.0,3139.0,22.0,38.0,46.0,28.3,61.7,1,cooking_fume
2509.0,3139.0,22.0,38.0,46.0,28.3,61.6,1,cooking_fume
2510.0,3139.0,22.0,38.0,45.0,28.4,61.9,1,cooking_fume
2508.0,3139.0,22.0,38.0,44.0,28.3,61.7,1,cooking_fume
2509.0,3139.0,23.0,38.0,45.0,28.4,61.7,1,cooking_fume
2508.0,3139.0,22.0,37.0,44.0,28.3,61.6,1,cooking_fume
2507.0,3139.0,22.0,38.0,45.0,28.3,61.6,1,cooking_fume
2505.0,3139.0,23.0,39.0,46.0,28.3,61.5,1,cooking_fume
2508.0,3139.0,22.0,38.0,45.0,28.3,61.7,1,cooking_fume
2509.0,3139.0,22.0,38.0,46.0,28.3,61.7,1,cooking_fume
2507.0,3139.0,23.0,39.0,47.0,28.4,61.7,1,cooking_fume
2507.0,3139.0,22.0,39.0,47.0,28.4,61.6,1,cooking_fume
2509.0,3139.0,23.0,40.0,49.0,28.4,61.6,1,cooking_fume
2509.0,3139.0,23.0,40.0,49.0,28.4,61.5,1,cooking_fume
2509.0,3139.0,22.0,39.0,48.0,28.4,61.5,1,cooking_fume
2507.0,3139.0,22.0,39.0,48.0,28.4,61.5,1,cooking_fume
2510.0,3139.0,22.0,39.0,48.0,28.4,61.5,1,cooking_fume
2509.0,3139.0,22.0,39.0,48.0,28.4,61.6,1,cooking_fume
2509.0,3139.0,23.0,40.0,48.0,28.4,61.6,1,cooking_fume
2510.0,3139.0,23.0,40.0,47.0,28.4,61.8,1,cooking_fume
2508.0,3139.0,23.0,40.0,47.0,28.4,61.8,1,cooking_fume
2506.0,3139.0,22.0,39.0,46.0,28.4,61.9,1,cooking_fume
2508.0,3139.0,22.0,39.0,47.0,28.4,61.9,1,cooking_fume
2507.0,3139.0,22.0,40.0,48.0,28.4,61.8,1,cooking_fume
2508.0,3139.0,23.0,41.0,49.0,28.4,61.6,1,cooking_fume
2510.0,3139.0,22.0,40.0,48.0,28.4,61.4,1,cooking_fume
2509.0,3139.0,23.0,41.0,49.0,28.4,61.5,1,cooking_fume
2508.0,3139.0,23.0,41.0,49.0,28.4,61.6,1,cooking_fume
2507.0,3139.0,23.0,41.0,49.0,28.4,61.7,1,cooking_fume
2508.0,3139.0,22.0,40.0,48.0,28.4,61.7,1,cooking_fume
2506.0,3139.0,22.0,40.0,47.0,28.4,61.5,1,cooking_fume
2508.0,3139.0,23.0,41.0,48.0,28.4,61.4,1,cooking_fume
2507.0,3139.0,22.0,40.0,47.0,28.4,61.4,1,cooking_fume
2510.0,3139.0,22.0,39.0,46.0,28.4,61.3,1,cooking_fume
2506.0,3139.0,23.0,39.0,46.0,28.4,61.5,1,cooking_fume
2507.0,3139.0,24.0,40.0,48.0,28.4,61.5,1,cooking_fume
2506.0,3139.0,24.0,41.0,49.0,28.4,61.5,1,cooking_fume
2507.0,3139.0,24.0,41.0,49.0,28.4,61.5,1,cooking_fume
2507.0,3139.0,24.0,41.0,49.0,28.4,61.4,1,cooking_fume
2507.0,3139.0,23.0,40.0,47.0,28.4,61.5,1,cooking_fume
2507.0,3139.0,23.0,40.0,47.0,28.4,61.5,1,cooking_fume
2506.0,3139.0,24.0,40.0,48.0,28.4,61.4,1,cooking_fume
2508.0,3139.0,23.0,39.0,47.0,28.4,61.3,1,cooking_fume
2509.0,3139.0,23.0,40.0,48.0,28.4,61.5,1,cooking_fume
2508.0,3139.0,24.0,41.0,49.0,28.4,61.6,1,cooking_fume
2509.0,3139.0,24.0,42.0,49.0,28.4,61.6,1,cooking_fume
2507.0,3139.0,23.0,41.0,48.0,28.4,61.7,1,cooking_fume
2509.0,3139.0,25.0,42.0,50.0,28.4,62.1,1,cooking_fume
2508.0,3139.0,25.0,42.0,50.0,28.4,61.9,1,cooking_fume
2507.0,3139.0,23.0,41.0,49.0,28.4,62.1,1,cooking_fume
2506.0,3139.0,23.0,41.0,49.0,28.4,62.2,1,cooking_fume
2507.0,3139.0,24.0,42.0,51.0,28.4,62.1,1,cooking_fume
2508.0,3139.0,25.0,43.0,52.0,28.4,62.0,1,cooking_fume
2507.0,3139.0,24.0,41.0,50.0,28.4,61.9,1,cooking_fume
2507.0,3139.0,25.0,43.0,51.0,28.4,61.8,1,cooking_fume
2508.0,3139.0,24.0,42.0,50.0,28.4,61.6,1,cooking_fume
2509.0,3139.0,25.0,43.0,51.0,28.4,61.4,1,cooking_fume
2507.0,3139.0,24.0,42.0,50.0,28.4,61.3,1,cooking_fume
2510.0,3139.0,25.0,42.0,51.0,28.4,61.3,1,cooking_fume
2509.0,3139.0,24.0,41.0,50.0,28.4,61.3,1,cooking_fume
2507.0,3139.0,23.0,41.0,50.0,28.4,61.3,1,cooking_fume
2510.0,3139.0,23.0,41.0,50.0,28.4,61.2,1,cooking_fume
2508.0,3139.0,24.0,42.0,50.0,28.4,61.4,1,cooking_fume
2506.0,3139.0,23.0,41.0,48.0,28.4,61.3,1,cooking_fume
2508.0,3139.0,24.0,42.0,49.0,28.4,61.3,1,cooking_fume
2509.0,3139.0,24.0,42.0,50.0,28.4,61.3,1,cooking_fume
2506.0,3139.0,23.0,42.0,49.0,28.4,61.2,1,cooking_fume
2509.0,3139.0,24.0,43.0,52.0,28.4,61.7,1,cooking_fume
2506.0,3139.0,24.0,42.0,51.0,28.4,61.5,1,cooking_fume
2507.0,3139.0,25.0,43.0,52.0,28.4,61.4,1,cooking_fume
2505.0,3139.0,24.0,42.0,51.0,28.4,61.4,1,cooking_fume
2509.0,3139.0,26.0,43.0,53.0,28.4,61.3,1,cooking_fume
2506.0,3139.0,25.0,43.0,53.0,28.4,61.3,1,cooking_fume
2508.0,3139.0,24.0,41.0,52.0,28.4,61.4,1,cooking_fume
2505.0,3139.0,24.0,41.0,52.0,28.4,61.3,1,cooking_fume
2507.0,3139.0,25.0,42.0,53.0,28.4,61.4,1,cooking_fume
2505.0,3139.0,24.0,41.0,51.0,28.4,61.5,1,cooking_fume
2508.0,3139.0,24.0,41.0,51.0,28.4,61.4,1,cooking_fume
2507.0,3139.0,23.0,41.0,52.0,28.4,61.3,1,cooking_fume
2506.0,3139.0,24.0,43.0,53.0,28.4,61.4,1,cooking_fume
2505.0,3139.0,24.0,43.0,53.0,28.4,61.5,1,cooking_fume
2507.0,3139.0,23.0,42.0,52.0,28.4,61.6,1,cooking_fume
2507.0,3139.0,23.0,43.0,52.0,28.4,61.5,1,cooking_fume
2507.0,3139.0,24.0,43.0,51.0,28.4,61.4,1,cooking_fume
2508.0,3139.0,25.0,44.0,52.0,28.4,61.4,1,cooking_fume
2506.0,3139.0,25.0,43.0,51.0,28.4,61.2,1,cooking_fume
2508.0,3139.0,25.0,43.0,51.0,28.4,61.4,1,cooking_fume
2506.0,3139.0,25.0,43.0,50.0,28.4,61.3,1,cooking_fume
2508.0,3139.0,25.0,42.0,50.0,28.4,61.3,1,cooking_fume
2506.0,3139.0,23.0,41.0,49.0,28.4,61.4,1,cooking_fume
2507.0,3139.0,23.0,41.0,49.0,28.4,61.4,1,cooking_fume
2508.0,3139.0,23.0,41.0,49.0,28.4,61.6,1,cooking_fume
2505.0,3139.0,25.0,43.0,50.0,28.4,61.5,1,cooking_fume
2508.0,3139.0,25.0,43.0,50.0,28.4,61.7,1,cooking_fume
2507.0,3139.0,24.0,43.0,50.0,28.4,61.5,1,cooking_fume
2495.0,3139.0,26.0,41.0,49.0,25.1,78.7,1,cooking_fume
2495.0,3139.0,25.0,40.0,47.0,25.1,78.5,1,cooking_fume
2494.0,3139.0,26.0,41.0,47.0,25.2,78.1,1,cooking_fume
2495.0,3139.0,25.0,40.0,46.0,25.2,77.4,1,cooking_fume
2494.0,3139.0,25.0,39.0,46.0,25.3,76.7,1,cooking_fume
2493.0,3139.0,26.0,40.0,46.0,25.3,76.6,1,cooking_fume
2493.0,3139.0,26.0,40.0,47.0,25.3,76.5,1,cooking_fume
2493.0,3139.0,26.0,41.0,47.0,25.3,76.6,1,cooking_fume
2494.0,3139.0,26.0,41.0,48.0,25.4,76.2,1,cooking_fume
2496.0,3139.0,25.0,40.0,47.0,25.4,76.5,1,cooking_fume
2496.0,3139.0,26.0,41.0,48.0,25.5,76.5,1,cooking_fume
2495.0,3139.0,24.0,39.0,46.0,25.5,77.0,1,cooking_fume
2496.0,3139.0,23.0,39.0,46.0,25.5,76.9,1,cooking_fume
2494.0,3139.0,24.0,40.0,47.0,25.6,76.9,1,cooking_fume
2493.0,3139.0,23.0,39.0,46.0,25.6,76.5,1,cooking_fume
2495.0,3139.0,23.0,39.0,46.0,25.6,76.3,1,cooking_fume
2496.0,3139.0,25.0,40.0,46.0,25.7,75.8,1,cooking_fume
2494.0,3139.0,24.0,39.0,45.0,25.6,75.5,1,cooking_fume
2494.0,3139.0,25.0,39.0,46.0,25.7,75.2,1,cooking_fume
2493.0,3139.0,24.0,38.0,44.0,25.8,75.2,1,cooking_fume
2495.0,3139.0,24.0,39.0,45.0,25.8,75.4,1,cooking_fume
2495.0,3139.0,24.0,39.0,45.0,25.8,75.7,1,cooking_fume
2493.0,3139.0,24.0,39.0,45.0,25.8,75.6,1,cooking_fume
2496.0,3139.0,24.0,39.0,46.0,25.8,75.3,1,cooking_fume
2496.0,3139.0,24.0,39.0,46.0,25.8,74.8,1,cooking_fume
2495.0,3139.0,24.0,39.0,46.0,25.9,74.6,1,cooking_fume
2493.0,3139.0,23.0,39.0,46.0,25.9,74.9,1,cooking_fume
2495.0,3139.0,24.0,40.0,46.0,26.0,74.5,1,cooking_fume
2494.0,3139.0,23.0,39.0,45.0,26.0,74.8,1,cooking_fume
2497.0,3139.0,24.0,40.0,47.0,26.0,75.0,1,cooking_fume
2494.0,3139.0,24.0,39.0,45.0,26.0,75.1,1,cooking_fume
2495.0,3139.0,24.0,39.0,46.0,26.1,74.7,1,cooking_fume
2495.0,3139.0,25.0,40.0,47.0,26.1,74.4,1,cooking_fume
2494.0,3139.0,25.0,41.0,48.0,26.1,74.4,1,cooking_fume
2498.0,3139.0,25.0,41.0,48.0,26.1,74.1,1,cooking_fume
2495.0,3139.0,26.0,40.0,48.0,26.2,73.3,1,cooking_fume
2496.0,3139.0,25.0,40.0,48.0,26.2,73.0,1,cooking_fume
2494.0,3139.0,26.0,41.0,49.0,26.2,72.9,1,cooking_fume
2492.0,3139.0,26.0,41.0,48.0,26.2,72.8,1,cooking_fume
2498.0,3139.0,25.0,40.0,46.0,26.3,72.8,1,cooking_fume
2493.0,3139.0,25.0,41.0,49.0,26.3,73.0,1,cooking_fume
2493.0,3139.0,24.0,40.0,48.0,26.3,73.0,1,cooking_fume
2496.0,3139.0,26.0,41.0,50.0,26.3,72.8,1,cooking_fume
2495.0,3139.0,26.0,41.0,50.0,26.3,72.6,1,cooking_fume
2495.0,3139.0,26.0,40.0,48.0,26.4,72.4,1,cooking_fume
2495.0,3139.0,24.0,38.0,46.0,26.4,72.3,1,cooking_fume
2493.0,3139.0,25.0,39.0,46.0,26.4,72.2,1,cooking_fume
2492.0,3139.0,25.0,39.0,46.0,26.5,72.4,1,cooking_fume
2493.0,3139.0,25.0,39.0,45.0,26.5,72.1,1,cooking_fume
2492.0,3139.0,25.0,39.0,45.0,26.5,72.1,1,cooking_fume
2495.0,3139.0,23.0,38.0,45.0,26.5,72.1,1,cooking_fume
2493.0,3139.0,24.0,40.0,47.0,26.5,72.3,1,cooking_fume
2494.0,3139.0,24.0,39.0,46.0,26.6,72.4,1,cooking_fume
2496.0,3139.0,24.0,40.0,47.0,26.6,72.4,1,cooking_fume
2493.0,3139.0,23.0,40.0,47.0,26.6,72.3,1,cooking_fume
2494.0,3139.0,23.0,40.0,47.0,26.6,72.4,1,cooking_fume
2492.0,3139.0,24.0,42.0,49.0,26.6,72.8,1,cooking_fume
2495.0,3139.0,24.0,42.0,49.0,26.7,73.0,1,cooking_fume
2493.0,3139.0,24.0,42.0,49.0,26.7,73.0,1,cooking_fume
2492.0,3139.0,25.0,42.0,49.0,26.7,73.0,1,cooking_fume
2494.0,3139.0,24.0,40.0,48.0,26.7,72.8,1,cooking_fume
2493.0,3139.0,24.0,40.0,48.0,26.7,72.8,1,cooking_fume
2494.0,3139.0,24.0,40.0,48.0,26.8,72.9,1,cooking_fume
2494.0,3139.0,24.0,41.0,48.0,26.8,72.7,1,cooking_fume
2494.0,3139.0,24.0,41.0,48.0,26.8,72.2,1,cooking_fume
2493.0,3139.0,25.0,41.0,48.0,26.8,71.9,1,cooking_fume
2495.0,3139.0,25.0,41.0,48.0,26.8,71.6,1,cooking_fume
2491.0,3139.0,24.0,40.0,47.0,26.8,71.4,1,cooking_fume
2497.0,3139.0,24.0,40.0,47.0,26.9,71.2,1,cooking_fume
2497.0,3139.0,24.0,39.0,47.0,26.9,71.2,1,cooking_fume
2492.0,3139.0,24.0,39.0,48.0,26.9,71.1,1,cooking_fume
2493.0,3139.0,24.0,40.0,49.0,26.9,70.8,1,cooking_fume
2493.0,3139.0,23.0,40.0,48.0,26.9,70.7,1,cooking_fume
2493.0,3139.0,25.0,41.0,50.0,27.0,70.8,1,cooking_fume
2491.0,3139.0,24.0,41.0,49.0,27.0,70.9,1,cooking_fume
2495.0,3139.0,26.0,42.0,50.0,26.9,71.4,1,cooking_fume
2493.0,3139.0,25.0,42.0,50.0,27.0,71.6,1,cooking_fume
2496.0,3139.0,25.0,42.0,50.0,27.0,71.7,1,cooking_fume
2493.0,3139.0,24.0,41.0,50.0,27.0,71.3,1,cooking_fume
2493.0,3139.0,23.0,40.0,49.0,27.1,71.3,1,cooking_fume
2494.0,3139.0,23.0,41.0,49.0,27.1,71.4,1,cooking_fume
2493.0,3139.0,24.0,41.0,49.0,27.1,71.5,1,cooking_fume
2493.0,3139.0,24.0,41.0,49.0,27.1,71.6,1,cooking_fume
2495.0,3139.0,25.0,43.0,50.0,27.1,71.6,1,cooking_fume
2493.0,3139.0,25.0,43.0,52.0,27.1,71.3,1,cooking_fume
2497.0,3139.0,26.0,44.0,53.0,27.1,71.2,1,cooking_fume
2496.0,3139.0,27.0,45.0,53.0,27.2,71.0,1,cooking_fume
2497.0,3139.0,29.0,48.0,58.0,27.2,71.0,1,cooking_fume
2496.0,3139.0,41.0,76.0,79.0,27.2,71.6,1,cooking_fume
2497.0,3139.0,47.0,86.0,88.0,27.2,72.2,1,cooking_fume
2496.0,3139.0,51.0,94.0,96.0,27.2,72.6,1,cooking_fume
2496.0,3139.0,52.0,94.0,96.0,27.2,72.9,1,cooking_fume
2497.0,3139.0,47.0,85.0,87.0,27.2,73.1,1,cooking_fume
2494.0,3139.0,45.0,79.0,81.0,27.3,72.9,1,cooking_fume
2498.0,3139.0,40.0,70.0,76.0,27.3,72.2,1,cooking_fume
2495.0,3139.0,37.0,65.0,72.0,27.3,71.9,1,cooking_fume
2494.0,3139.0,32.0,54.0,66.0,27.3,71.1,1,cooking_fume
2496.0,3139.0,33.0,52.0,64.0,27.3,70.9,1,cooking_fume
2495.0,3139.0,30.0,50.0,61.0,27.3,70.6,1,cooking_fume
2496.0,3139.0,30.0,50.0,60.0,27.3,70.6,1,cooking_fume
2495.0,3139.0,27.0,46.0,56.0,27.4,70.3,1,cooking_fume
2497.0,3139.0,28.0,47.0,56.0,27.3,70.3,1,cooking_fume
2496.0,3139.0,27.0,45.0,54.0,27.4,70.1,1,cooking_fume
2496.0,3139.0,26.0,44.0,54.0,27.4,70.0,1,cooking_fume
2495.0,3139.0,27.0,43.0,53.0,27.4,70.1,1,cooking_fume
2495.0,3139.0,27.0,42.0,52.0,27.4,70.6,1,cooking_fume
2495.0,3139.0,27.0,42.0,51.0,27.5,70.5,1,cooking_fume
2496.0,3139.0,26.0,43.0,51.0,27.4,70.9,1,cooking_fume
2500.0,3139.0,26.0,43.0,51.0,27.4,70.9,1,cooking_fume
2496.0,3139.0,25.0,42.0,50.0,27.5,71.0,1,cooking_fume
2496.0,3139.0,25.0,42.0,49.0,27.5,70.9,1,cooking_fume
2496.0,3139.0,26.0,43.0,51.0,27.5,71.2,1,cooking_fume
2497.0,3139.0,25.0,43.0,50.0,27.5,71.2,1,cooking_fume
2497.0,3139.0,25.0,42.0,49.0,27.5,70.9,1,cooking_fume
2498.0,3139.0,24.0,41.0,48.0,27.6,70.7,1,cooking_fume
2495.0,3139.0,26.0,42.0,49.0,27.6,70.4,1,cooking_fume
2496.0,3139.0,25.0,41.0,48.0,27.6,70.2,1,cooking_fume
2498.0,3139.0,26.0,41.0,49.0,27.6,70.0,1,cooking_fume
2496.0,3139.0,26.0,41.0,49.0,27.6,69.7,1,cooking_fume
2495.0,3139.0,25.0,39.0,47.0,27.6,69.4,1,cooking_fume
2497.0,3139.0,25.0,40.0,47.0,27.6,69.1,1,cooking_fume
2496.0,3139.0,23.0,38.0,46.0,27.6,69.0,1,cooking_fume
2497.0,3139.0,24.0,39.0,47.0,27.7,68.9,1,cooking_fume
2496.0,3139.0,23.0,38.0,46.0,27.6,68.9,1,cooking_fume
2495.0,3139.0,24.0,39.0,46.0,27.7,69.1,1,cooking_fume
2499.0,3139.0,23.0,38.0,45.0,27.7,68.8,1,cooking_fume
2497.0,3139.0,24.0,40.0,47.0,27.7,68.8,1,cooking_fume
2497.0,3139.0,24.0,41.0,47.0,27.7,68.9,1,cooking_fume
2498.0,3139.0,24.0,40.0,48.0,27.7,68.7,1,cooking_fume
2496.0,3139.0,24.0,40.0,49.0,27.7,68.7,1,cooking_fume
2494.0,3139.0,25.0,41.0,50.0,27.7,68.9,1,cooking_fume
2496.0,3139.0,24.0,40.0,49.0,27.8,68.7,1,cooking_fume
2498.0,3139.0,23.0,41.0,48.0,27.7,68.5,1,cooking_fume
2495.0,3139.0,24.0,42.0,49.0,27.8,68.4,1,cooking_fume
2498.0,3139.0,24.0,41.0,48.0,27.7,68.4,1,cooking_fume
2495.0,3139.0,24.0,41.0,48.0,27.7,68.4,1,cooking_fume
2499.0,3139.0,24.0,40.0,47.0,27.8,68.4,1,cooking_fume
2497.0,3139.0,25.0,41.0,48.0,27.8,68.7,1,cooking_fume
2496.0,3139.0,25.0,41.0,49.0,27.8,68.8,1,cooking_fume
2496.0,3139.0,24.0,40.0,48.0,27.8,69.3,1,cooking_fume
2497.0,3139.0,25.0,41.0,49.0,27.8,68.7,1,cooking_fume
2497.0,3139.0,25.0,41.0,49.0,27.8,68.3,1,cooking_fume
2498.0,3139.0,24.0,40.0,48.0,27.9,68.3,1,cooking_fume
2496.0,3139.0,24.0,41.0,49.0,27.8,68.3,1,cooking_fume
2496.0,3139.0,25.0,42.0,50.0,27.9,68.0,1,cooking_fume
2495.0,3139.0,25.0,40.0,49.0,27.9,67.9,1,cooking_fume
2495.0,3139.0,24.0,40.0,48.0,27.9,67.8,1,cooking_fume
2496.0,3139.0,25.0,41.0,49.0,27.9,67.9,1,cooking_fume
2495.0,3139.0,24.0,40.0,48.0,27.9,67.9,1,cooking_fume
2496.0,3139.0,24.0,40.0,48.0,27.9,68.1,1,cooking_fume
2496.0,3139.0,23.0,39.0,47.0,27.9,68.2,1,cooking_fume
2496.0,3139.0,23.0,39.0,47.0,27.9,68.0,1,cooking_fume
2496.0,3139.0,23.0,39.0,46.0,28.0,67.9,1,cooking_fume
2496.0,3139.0,23.0,38.0,46.0,27.9,67.8,1,cooking_fume
2496.0,3139.0,23.0,38.0,46.0,28.0,67.7,1,cooking_fume
2497.0,3139.0,24.0,39.0,46.0,27.9,67.4,1,cooking_fume
2495.0,3139.0,24.0,38.0,45.0,28.0,67.2,1,cooking_fume
2497.0,3139.0,24.0,38.0,45.0,28.0,66.9,1,cooking_fume
2496.0,3139.0,23.0,37.0,44.0,28.0,66.7,1,cooking_fume
2497.0,3139.0,23.0,39.0,46.0,28.0,66.7,1,cooking_fume
2496.0,3139.0,22.0,38.0,46.0,28.0,66.8,1,cooking_fume
2495.0,3139.0,23.0,39.0,46.0,28.0,66.9,1,cooking_fume
2497.0,3139.0,23.0,39.0,46.0,28.0,66.9,1,cooking_fume
2498.0,3139.0,22.0,38.0,45.0,28.0,66.8,1,cooking_fume
2496.0,3139.0,23.0,39.0,45.0,28.0,67.4,1,cooking_fume
2497.0,3139.0,23.0,39.0,45.0,28.1,67.2,1,cooking_fume
2497.0,3139.0,22.0,38.0,44.0,28.0,67.2,1,cooking_fume
2498.0,3139.0,23.0,38.0,43.0,28.1,66.9,1,cooking_fume
2497.0,3139.0,23.0,38.0,45.0,28.1,67.0,1,cooking_fume
2495.0,3139.0,23.0,39.0,45.0,28.1,66.9,1,cooking_fume
2496.0,3139.0,22.0,38.0,45.0,28.1,66.7,1,cooking_fume
2495.0,3139.0,22.0,38.0,45.0,28.1,66.7,1,cooking_fume
2496.0,3139.0,22.0,38.0,45.0,28.1,66.8,1,cooking_fume
2495.0,3139.0,23.0,39.0,47.0,28.1,66.7,1,cooking_fume
2498.0,3139.0,23.0,39.0,47.0,28.1,67.0,1,cooking_fume
2497.0,3139.0,22.0,38.0,45.0,28.1,67.0,1,cooking_fume
2495.0,3139.0,22.0,37.0,44.0,28.1,67.8,1,cooking_fume
2495.0,3139.0,23.0,38.0,45.0,28.2,67.7,1,cooking_fume
2495.0,3139.0,23.0,37.0,45.0,28.1,67.8,1,cooking_fume
2496.0,3139.0,22.0,36.0,44.0,28.2,67.7,1,cooking_fume
2495.0,3139.0,23.0,36.0,45.0,28.1,67.2,1,cooking_fume
2496.0,3139.0,22.0,35.0,44.0,28.2,67.0,1,cooking_fume
2497.0,3139.0,23.0,36.0,45.0,28.2,66.8,1,cooking_fume
2493.0,3139.0,22.0,35.0,41.0,28.2,66.5,1,cooking_fume
2494.0,3139.0,23.0,36.0,41.0,28.2,66.6,1,cooking_fume
2498.0,3139.0,23.0,36.0,40.0,28.2,66.4,1,cooking_fume
2494.0,3139.0,22.0,35.0,39.0,28.2,66.4,1,cooking_fume
2496.0,3139.0,23.0,35.0,39.0,28.2,66.0,1,cooking_fume
2497.0,3139.0,23.0,35.0,40.0,28.2,66.0,1,cooking_fume
2496.0,3139.0,22.0,34.0,39.0,28.2,65.6,1,cooking_fume
2497.0,3139.0,22.0,34.0,39.0,28.2,65.5,1,cooking_fume
2494.0,3139.0,23.0,35.0,40.0,28.2,65.3,1,cooking_fume
2495.0,3139.0,22.0,35.0,39.0,28.2,65.2,1,cooking_fume
2495.0,3139.0,22.0,35.0,40.0,28.2,65.0,1,cooking_fume
2496.0,3139.0,23.0,36.0,41.0,28.2,65.0,1,cooking_fume
2495.0,3139.0,23.0,36.0,41.0,28.2,65.1,1,cooking_fume
2499.0,3139.0,23.0,36.0,41.0,28.3,65.1,1,cooking_fume
2498.0,3139.0,23.0,36.0,41.0,28.3,65.0,1,cooking_fume
2495.0,3139.0,22.0,35.0,40.0,28.3,65.1,1,cooking_fume
2494.0,3139.0,23.0,36.0,42.0,28.3,65.1,1,cooking_fume
2496.0,3139.0,22.0,36.0,42.0,28.3,65.2,1,cooking_fume
2494.0,3139.0,23.0,38.0,43.0,28.3,65.3,1,cooking_fume
2495.0,3139.0,23.0,38.0,45.0,28.3,65.6,1,cooking_fume
2497.0,3139.0,22.0,36.0,42.0,28.3,65.7,1,cooking_fume
2494.0,3139.0,22.0,36.0,42.0,28.3,65.5,1,cooking_fume
2497.0,3139.0,22.0,36.0,42.0,28.3,65.5,1,cooking_fume
2497.0,3139.0,23.0,37.0,43.0,28.3,65.6,1,cooking_fume
2494.0,3139.0,22.0,36.0,41.0,28.3,65.5,1,cooking_fume
2497.0,3139.0,22.0,37.0,42.0,28.3,65.3,1,cooking_fume
2496.0,3139.0,23.0,38.0,45.0,28.3,65.2,1,cooking_fume
2496.0,3139.0,23.0,38.0,45.0,28.3,65.3,1,cooking_fume
2494.0,3139.0,23.0,39.0,45.0,28.3,65.6,1,cooking_fume
2494.0,3139.0,22.0,38.0,44.0,28.3,65.7,1,cooking_fume
2498.0,3139.0,22.0,37.0,44.0,28.3,65.4,1,cooking_fume
2495.0,3139.0,23.0,37.0,45.0,28.4,65.2,1,cooking_fume
2496.0,3139.0,23.0,36.0,43.0,28.3,65.3,1,cooking_fume
2498.0,3139.0,22.0,35.0,41.0,28.3,65.4,1,cooking_fume
2497.0,3139.0,23.0,35.0,42.0,28.3,65.2,1,cooking_fume
2494.0,3139.0,23.0,36.0,42.0,28.4,65.2,1,cooking_fume
2496.0,3139.0,23.0,36.0,43.0,28.4,65.5,1,cooking_fume
2497.0,3139.0,23.0,38.0,45.0,28.3,65.4,1,cooking_fume
2497.0,3139.0,22.0,37.0,45.0,28.4,65.2,1,cooking_fume
2497.0,3139.0,23.0,38.0,46.0,28.4,65.0,1,cooking_fume
2497.0,3139.0,23.0,38.0,46.0,28.4,65.3,1,cooking_fume
2496.0,3139.0,22.0,37.0,45.0,28.4,65.3,1,cooking_fume
2497.0,3139.0,22.0,37.0,46.0,28.4,65.3,1,cooking_fume
2498.0,3139.0,23.0,38.0,46.0,28.4,65.3,1,cooking_fume
2495.0,3139.0,24.0,39.0,47.0,28.4,65.4,1,cooking_fume
2495.0,3139.0,26.0,41.0,49.0,28.4,65.9,1,cooking_fume
2498.0,3139.0,28.0,45.0,55.0,28.4,65.6,1,cooking_fume
2495.0,3139.0,30.0,49.0,60.0,28.4,65.5,1,cooking_fume
2498.0,3139.0,34.0,57.0,69.0,28.4,65.3,1,cooking_fume
2498.0,3139.0,42.0,74.0,79.0,28.4,64.8,1,cooking_fume
2498.0,3139.0,46.0,82.0,87.0,28.4,64.8,1,cooking_fume
2496.0,3139.0,47.0,86.0,93.0,28.4,64.6,1,cooking_fume
2499.0,3139.0,49.0,88.0,95.0,28.4,64.6,1,cooking_fume
2496.0,3139.0,48.0,89.0,94.0,28.4,64.4,1,cooking_fume
2496.0,3139.0,49.0,90.0,95.0,28.5,64.3,1,cooking_fume
2501.0,3139.0,47.0,89.0,94.0,28.4,64.3,1,cooking_fume
2497.0,3139.0,47.0,88.0,94.0,28.4,64.2,1,cooking_fume
2495.0,3139.0,47.0,86.0,91.0,28.4,64.5,1,cooking_fume
2496.0,3139.0,46.0,85.0,91.0,28.5,64.5,1,cooking_fume
2496.0,3139.0,44.0,83.0,88.0,28.4,64.6,1,cooking_fume
2496.0,3139.0,43.0,79.0,85.0,28.5,64.8,1,cooking_fume
2494.0,3139.0,42.0,77.0,81.0,28.5,64.9,1,cooking_fume
2495.0,3139.0,40.0,74.0,78.0,28.5,64.7,1,cooking_fume
2493.0,3139.0,39.0,72.0,77.0,28.4,64.7,1,cooking_fume
2498.0,3139.0,38.0,69.0,76.0,28.5,64.6,1,cooking_fume
2495.0,3139.0,36.0,66.0,74.0,28.5,64.8,1,cooking_fume
2493.0,3139.0,35.0,64.0,73.0,28.5,64.8,1,cooking_fume
2494.0,3139.0,34.0,61.0,72.0,28.5,64.8,1,cooking_fume
2493.0,3139.0,33.0,59.0,69.0,28.4,64.8,1,cooking_fume
2495.0,3139.0,33.0,57.0,69.0,28.5,64.4,1,cooking_fume
2497.0,3139.0,31.0,55.0,66.0,28.5,64.3,1,cooking_fume
2494.0,3139.0,30.0,54.0,66.0,28.5,64.2,1,cooking_fume
2495.0,3139.0,31.0,53.0,66.0,28.5,64.1,1,cooking_fume
2494.0,3139.0,31.0,51.0,63.0,28.5,64.1,1,cooking_fume
2497.0,3139.0,30.0,50.0,61.0,28.5,64.1,1,cooking_fume
2494.0,3139.0,29.0,49.0,60.0,28.5,64.1,1,cooking_fume
2495.0,3139.0,30.0,50.0,61.0,28.5,64.1,1,cooking_fume
2494.0,3139.0,30.0,49.0,61.0,28.6,63.9,1,cooking_fume
2494.0,3139.0,29.0,48.0,60.0,28.5,63.9,1,cooking_fume
2495.0,3139.0,29.0,50.0,61.0,28.5,64.0,1,cooking_fume
2496.0,3139.0,28.0,49.0,60.0,28.5,63.9,1,cooking_fume
2497.0,3139.0,29.0,48.0,59.0,28.5,64.1,1,cooking_fume
2498.0,3139.0,30.0,50.0,60.0,28.5,64.2,1,cooking_fume
2495.0,3139.0,28.0,48.0,59.0,28.5,64.5,1,cooking_fume
2494.0,3139.0,29.0,48.0,59.0,28.5,64.9,1,cooking_fume
2495.0,3139.0,29.0,47.0,56.0,28.6,64.9,1,cooking_fume
2494.0,3139.0,29.0,46.0,56.0,28.6,64.7,1,cooking_fume
2495.0,3139.0,29.0,46.0,55.0,28.5,64.7,1,cooking_fume
2498.0,3139.0,27.0,44.0,54.0,28.6,64.4,1,cooking_fume
2494.0,3139.0,28.0,44.0,53.0,28.6,64.1,1,cooking_fume
2498.0,3139.0,26.0,42.0,51.0,28.6,64.2,1,cooking_fume
2494.0,3139.0,25.0,42.0,50.0,28.6,64.1,1,cooking_fume
2495.0,3139.0,25.0,42.0,50.0,28.6,64.1,1,cooking_fume
2493.0,3139.0,25.0,42.0,50.0,28.6,64.2,1,cooking_fume
2496.0,3139.0,26.0,43.0,52.0,28.6,64.1,1,cooking_fume
2497.0,3139.0,26.0,43.0,52.0,28.6,64.1,1,cooking_fume
2494.0,3139.0,25.0,41.0,50.0,28.6,64.1,1,cooking_fume
2492.0,3139.0,25.0,40.0,49.0,28.6,64.2,1,cooking_fume
2494.0,3139.0,26.0,41.0,49.0,28.6,64.3,1,cooking_fume
2494.0,3139.0,26.0,41.0,49.0,28.6,64.4,1,cooking_fume
2495.0,3139.0,25.0,40.0,48.0,28.6,64.4,1,cooking_fume
2493.0,3139.0,26.0,41.0,48.0,28.6,64.8,1,cooking_fume
2496.0,3139.0,25.0,39.0,47.0,28.6,64.8,1,cooking_fume
2495.0,3139.0,25.0,40.0,47.0,28.6,64.9,1,cooking_fume
2492.0,3139.0,24.0,39.0,46.0,28.6,64.8,1,cooking_fume
2494.0,3139.0,25.0,41.0,49.0,28.6,64.8,1,cooking_fume
2493.0,3139.0,25.0,41.0,49.0,28.7,65.0,1,cooking_fume
2493.0,3139.0,23.0,40.0,48.0,28.7,64.9,1,cooking_fume
2496.0,3139.0,23.0,40.0,48.0,28.6,64.5,1,cooking_fume
2492.0,3139.0,24.0,41.0,49.0,28.7,64.3,1,cooking_fume
2494.0,3139.0,24.0,41.0,49.0,28.7,64.4,1,cooking_fume
2496.0,3139.0,24.0,41.0,49.0,28.6,64.5,1,cooking_fume
2498.0,3139.0,23.0,40.0,48.0,28.7,64.5,1,cooking_fume
2496.0,3139.0,23.0,39.0,48.0,28.7,64.1,1,cooking_fume
2490.0,3139.0,24.0,40.0,48.0,28.7,63.8,1,cooking_fume
2497.0,3139.0,24.0,40.0,47.0,28.7,63.9,1,cooking_fume
2494.0,3139.0,23.0,39.0,46.0,28.7,63.8,1,cooking_fume
2496.0,3139.0,24.0,40.0,47.0,28.7,64.1,1,cooking_fume
2494.0,3139.0,24.0,39.0,47.0,28.7,63.8,1,cooking_fume
2498.0,3139.0,24.0,39.0,47.0,28.7,63.9,1,cooking_fume
2500.0,3139.0,24.0,39.0,47.0,28.7,63.9,1,cooking_fume
2493.0,3139.0,24.0,38.0,46.0,28.7,64.1,1,cooking_fume
2499.0,3139.0,24.0,38.0,45.0,28.7,64.0,1,cooking_fume
2499.0,3139.0,25.0,39.0,46.0,28.7,63.8,1,cooking_fume
2494.0,3139.0,25.0,39.0,46.0,28.7,63.8,1,cooking_fume
2493.0,3139.0,25.0,40.0,47.0,28.7,63.7,1,cooking_fume
2493.0,3139.0,24.0,39.0,46.0,28.7,63.6,1,cooking_fume
2494.0,3139.0,25.0,40.0,48.0,28.8,63.7,1,cooking_fume
2499.0,3139.0,25.0,39.0,47.0,28.7,63.9,1,cooking_fume
2498.0,3139.0,24.0,38.0,45.0,28.7,64.2,1,cooking_fume
2493.0,3139.0,25.0,39.0,46.0,28.7,64.4,1,cooking_fume
2493.0,3139.0,24.0,38.0,46.0,28.7,64.7,1,cooking_fume
2497.0,3139.0,24.0,39.0,47.0,28.7,64.4,1,cooking_fume
2495.0,3139.0,24.0,40.0,47.0,28.7,64.3,1,cooking_fume
2495.0,3139.0,23.0,39.0,46.0,28.7,64.1,1,cooking_fume
2497.0,3139.0,23.0,39.0,46.0,28.7,63.8,1,cooking_fume
2494.0,3139.0,24.0,40.0,47.0,28.7,63.6,1,cooking_fume
2497.0,3139.0,22.0,39.0,46.0,28.7,64.1,1,cooking_fume
2498.0,3139.0,22.0,39.0,46.0,28.7,64.0,1,cooking_fume
2494.0,3139.0,23.0,39.0,46.0,28.7,64.0,1,cooking_fume
2493.0,3139.0,23.0,40.0,46.0,28.7,64.1,1,cooking_fume
2493.0,3139.0,25.0,41.0,48.0,28.7,63.9,1,cooking_fume
2499.0,3139.0,25.0,43.0,51.0,28.7,63.3,1,cooking_fume
2497.0,3139.0,28.0,44.0,53.0,28.7,63.1,1,cooking_fume
2496.0,3139.0,27.0,44.0,53.0,28.8,63.1,1,cooking_fume
2494.0,3139.0,29.0,48.0,60.0,28.8,63.1,1,cooking_fume
2495.0,3139.0,30.0,50.0,62.0,28.8,63.0,1,cooking_fume
2498.0,3139.0,31.0,52.0,66.0,28.7,63.0,1,cooking_fume
2496.0,3139.0,33.0,58.0,70.0,28.7,63.1,1,cooking_fume
2496.0,3139.0,34.0,60.0,72.0,28.8,63.2,1,cooking_fume
2497.0,3139.0,33.0,59.0,71.0,28.8,63.0,1,cooking_fume
2499.0,3139.0,34.0,60.0,72.0,28.8,63.0,1,cooking_fume
2497.0,3139.0,33.0,58.0,70.0,28.7,62.9,1,cooking_fume
2500.0,3139.0,34.0,58.0,71.0,28.7,62.9,1,cooking_fume
2496.0,3139.0,34.0,58.0,70.0,28.8,62.8,1,cooking_fume
2492.0,3139.0,34.0,58.0,70.0,28.8,62.9,1,cooking_fume
2494.0,3139.0,33.0,56.0,69.0,28.8,62.9,1,cooking_fume
2495.0,3139.0,33.0,54.0,68.0,28.8,62.9,1,cooking_fume
2497.0,3139.0,32.0,52.0,66.0,28.8,62.9,1,cooking_fume
2498.0,3139.0,33.0,53.0,67.0,28.8,62.7,1,cooking_fume
2495.0,3139.0,33.0,52.0,67.0,28.8,62.8,1,cooking_fume
2496.0,3139.0,30.0,50.0,62.0,28.8,62.6,1,cooking_fume
2495.0,3139.0,31.0,50.0,63.0,28.8,62.7,1,cooking_fume
2496.0,3139.0,30.0,50.0,62.0,28.8,62.7,1,cooking_fume
2496.0,3139.0,30.0,48.0,61.0,28.8,62.7,1,cooking_fume
2497.0,3139.0,28.0,47.0,59.0,28.8,63.0,1,cooking_fume
2496.0,3139.0,28.0,46.0,58.0,28.8,63.4,1,cooking_fume
2498.0,3139.0,28.0,47.0,58.0,28.8,63.2,1,cooking_fume
2494.0,3139.0,28.0,47.0,58.0,28.8,63.4,1,cooking_fume
2496.0,3139.0,28.0,47.0,58.0,28.8,63.4,1,cooking_fume
2495.0,3139.0,28.0,47.0,58.0,28.8,63.2,1,cooking_fume
2494.0,3139.0,27.0,46.0,58.0,28.8,62.9,1,cooking_fume
2496.0,3139.0,27.0,46.0,57.0,28.8,62.9,1,cooking_fume
2496.0,3139.0,27.0,46.0,57.0,28.8,62.9,1,cooking_fume
2495.0,3139.0,27.0,45.0,56.0,28.8,62.9,1,cooking_fume
2497.0,3139.0,28.0,46.0,56.0,28.8,62.9,1,cooking_fume
2495.0,3139.0,27.0,45.0,56.0,28.8,62.6,1,cooking_fume
2495.0,3139.0,25.0,44.0,54.0,28.8,62.5,1,cooking_fume
2493.0,3139.0,25.0,44.0,53.0,28.8,62.6,1,cooking_fume
2494.0,3139.0,26.0,45.0,53.0,28.8,62.5,1,cooking_fume
2494.0,3139.0,25.0,43.0,52.0,28.8,62.6,1,cooking_fume
2497.0,3139.0,26.0,44.0,52.0,28.8,62.4,1,cooking_fume
2495.0,3139.0,26.0,43.0,51.0,28.8,62.4,1,cooking_fume
2496.0,3139.0,26.0,43.0,51.0,28.8,62.3,1,cooking_fume
2498.0,3139.0,24.0,42.0,49.0,28.9,62.3,1,cooking_fume
2496.0,3139.0,24.0,42.0,49.0,28.8,62.2,1,cooking_fume
2499.0,3139.0,24.0,42.0,49.0,28.8,62.3,1,cooking_fume
2493.0,3139.0,25.0,43.0,50.0,28.8,62.2,1,cooking_fume
2493.0,3139.0,25.0,43.0,50.0,28.9,62.2,1,cooking_fume
2496.0,3139.0,26.0,42.0,49.0,28.9,62.0,1,cooking_fume
2499.0,3139.0,26.0,42.0,49.0,28.8,62.1,1,cooking_fume
2493.0,3139.0,25.0,42.0,49.0,28.9,62.2,1,cooking_fume
2498.0,3139.0,25.0,42.0,49.0,28.9,62.2,1,cooking_fume
2498.0,3139.0,25.0,41.0,48.0,28.9,62.3,1,cooking_fume
2493.0,3139.0,26.0,42.0,49.0,28.9,62.1,1,cooking_fume
2494.0,3139.0,25.0,41.0,48.0,28.9,61.9,1,cooking_fume
2494.0,3139.0,24.0,41.0,48.0,28.8,62.1,1,cooking_fume
2494.0,3139.0,24.0,42.0,49.0,28.9,62.4,1,cooking_fume
2494.0,3139.0,24.0,42.0,49.0,28.9,62.3,1,cooking_fume
2497.0,3139.0,23.0,40.0,48.0,28.8,62.3,1,cooking_fume
2492.0,3139.0,23.0,40.0,48.0,28.9,62.3,1,cooking_fume
2496.0,3139.0,23.0,41.0,49.0,28.9,62.3,1,cooking_fume
2494.0,3139.0,24.0,41.0,49.0,28.9,62.3,1,cooking_fume
2497.0,3139.0,25.0,42.0,50.0,28.9,62.1,1,cooking_fume
2494.0,3139.0,24.0,41.0,49.0,28.8,62.1,1,cooking_fume
2491.0,3139.0,25.0,42.0,50.0,28.9,62.1,1,cooking_fume
2496.0,3139.0,25.0,41.0,50.0,28.9,61.9,1,cooking_fume
2496.0,3139.0,24.0,40.0,49.0,28.9,62.0,1,cooking_fume
2498.0,3139.0,25.0,41.0,50.0,28.9,61.9,1,cooking_fume
2498.0,3139.0,23.0,40.0,48.0,28.9,61.8,1,cooking_fume
2497.0,3139.0,23.0,40.0,48.0,28.9,62.1,1,cooking_fume
2495.0,3139.0,25.0,41.0,49.0,28.9,62.2,1,cooking_fume
2496.0,3139.0,26.0,41.0,49.0,28.9,62.2,1,cooking_fume
2498.0,3139.0,26.0,41.0,49.0,28.9,62.4,1,cooking_fume
2493.0,3139.0,24.0,40.0,47.0,28.9,62.3,1,cooking_fume
2495.0,3139.0,24.0,40.0,47.0,28.9,62.3,1,cooking_fume
2495.0,3139.0,25.0,40.0,47.0,28.9,62.2,1,cooking_fume
2497.0,3139.0,23.0,38.0,46.0,28.9,62.2,1,cooking_fume
2496.0,3139.0,24.0,39.0,47.0,28.9,62.3,1,cooking_fume
2497.0,3139.0,23.0,39.0,46.0,28.9,62.4,1,cooking_fume
2496.0,3139.0,23.0,39.0,47.0,28.9,62.3,1,cooking_fume
2497.0,3139.0,24.0,40.0,48.0,28.9,62.1,1,cooking_fume
2494.0,3139.0,23.0,39.0,47.0,28.9,62.2,1,cooking_fume
2496.0,3139.0,24.0,40.0,49.0,28.9,62.0,1,cooking_fume
2497.0,3139.0,24.0,41.0,49.0,28.9,61.9,1,cooking_fume
2495.0,3139.0,23.0,40.0,49.0,28.9,61.9,1,cooking_fume
2496.0,3139.0,23.0,40.0,48.0,28.9,61.8,1,cooking_fume
2496.0,3139.0,24.0,41.0,49.0,28.9,61.9,1,cooking_fume
2496.0,3139.0,24.0,41.0,49.0,28.9,61.9,1,cooking_fume
2495.0,3139.0,23.0,39.0,48.0,29.0,61.8,1,cooking_fume
2497.0,3139.0,23.0,38.0,48.0,28.9,61.7,1,cooking_fume
2496.0,3139.0,24.0,39.0,48.0,28.9,61.6,1,cooking_fume
2495.0,3139.0,24.0,38.0,47.0,28.9,61.7,1,cooking_fume
2496.0,3139.0,25.0,41.0,50.0,29.0,61.4,1,cooking_fume
2495.0,3139.0,26.0,42.0,50.0,28.9,61.6,1,cooking_fume
2497.0,3139.0,25.0,41.0,49.0,28.9,61.5,1,cooking_fume
2494.0,3139.0,25.0,41.0,49.0,28.9,61.6,1,cooking_fume
2496.0,3139.0,24.0,40.0,48.0,28.9,61.8,1,cooking_fume
2496.0,3139.0,23.0,39.0,47.0,29.0,61.6,1,cooking_fume
2496.0,3139.0,24.0,40.0,48.0,28.9,61.5,1,cooking_fume
2495.0,3139.0,23.0,40.0,47.0,28.9,61.7,1,cooking_fume
2498.0,3139.0,23.0,39.0,46.0,28.9,61.6,1,cooking_fume
2494.0,3139.0,24.0,39.0,46.0,28.9,61.6,1,cooking_fume
2495.0,3139.0,23.0,38.0,45.0,28.9,61.8,1,cooking_fume
2509.0,3139.0,30.0,50.0,61.0,23.4,78.2,1,cooking_fume
2509.0,3139.0,30.0,49.0,60.0,23.4,78.3,1,cooking_fume
2511.0,3139.0,30.0,50.0,61.0,23.5,78.2,1,cooking_fume
2509.0,3139.0,30.0,50.0,61.0,23.6,78.2,1,cooking_fume
2508.0,3139.0,31.0,51.0,62.0,23.7,78.3,1,cooking_fume
2510.0,3139.0,32.0,51.0,63.0,23.7,78.5,1,cooking_fume
2507.0,3139.0,32.0,51.0,63.0,23.7,78.7,1,cooking_fume
2508.0,3139.0,32.0,51.0,63.0,23.8,78.6,1,cooking_fume
2509.0,3139.0,32.0,51.0,62.0,23.9,78.3,1,cooking_fume
2510.0,3139.0,31.0,51.0,63.0,23.9,78.1,1,cooking_fume
2507.0,3139.0,30.0,51.0,63.0,24.0,77.8,1,cooking_fume
2512.0,3139.0,31.0,52.0,64.0,24.1,77.8,1,cooking_fume
2509.0,3139.0,30.0,51.0,63.0,24.1,77.9,1,cooking_fume
2510.0,3139.0,31.0,51.0,63.0,24.1,77.4,1,cooking_fume
2509.0,3139.0,31.0,51.0,63.0,24.2,77.2,1,cooking_fume
2508.0,3139.0,30.0,50.0,62.0,24.2,77.2,1,cooking_fume
2511.0,3139.0,31.0,49.0,62.0,24.3,77.0,1,cooking_fume
2509.0,3139.0,30.0,49.0,61.0,24.3,76.9,1,cooking_fume
2509.0,3139.0,31.0,50.0,62.0,24.3,76.6,1,cooking_fume
2508.0,3139.0,31.0,50.0,62.0,24.4,76.5,1,cooking_fume
2510.0,3139.0,31.0,50.0,63.0,24.5,76.4,1,cooking_fume
2508.0,3139.0,30.0,50.0,63.0,24.5,76.4,1,cooking_fume
2509.0,3139.0,30.0,50.0,63.0,24.6,76.6,1,cooking_fume
2507.0,3139.0,31.0,51.0,63.0,24.6,76.5,1,cooking_fume
2512.0,3139.0,31.0,50.0,62.0,24.7,76.6,1,cooking_fume
2509.0,3139.0,29.0,48.0,60.0,24.8,76.2,1,cooking_fume
2506.0,3139.0,29.0,47.0,59.0,24.8,76.3,1,cooking_fume
2510.0,3139.0,29.0,47.0,59.0,24.9,76.2,1,cooking_fume
2511.0,3139.0,29.0,47.0,59.0,24.9,76.1,1,cooking_fume
2509.0,3139.0,30.0,48.0,60.0,24.9,75.7,1,cooking_fume
2506.0,3139.0,29.0,47.0,59.0,25.0,75.4,1,cooking_fume
2508.0,3139.0,29.0,47.0,59.0,25.0,75.4,1,cooking_fume
2511.0,3139.0,30.0,48.0,59.0,25.0,75.4,1,cooking_fume
2509.0,3139.0,29.0,46.0,56.0,25.1,75.2,1,cooking_fume
2508.0,3139.0,29.0,47.0,57.0,25.1,74.9,1,cooking_fume
2509.0,3139.0,30.0,46.0,57.0,25.1,74.9,1,cooking_fume
2508.0,3139.0,29.0,46.0,56.0,25.2,74.9,1,cooking_fume
2508.0,3139.0,30.0,47.0,57.0,25.2,75.1,1,cooking_fume
2507.0,3139.0,30.0,47.0,57.0,25.2,75.0,1,cooking_fume
2508.0,3139.0,28.0,45.0,56.0,25.3,74.7,1,cooking_fume
2508.0,3139.0,28.0,45.0,55.0,25.3,74.5,1,cooking_fume
2508.0,3139.0,29.0,46.0,56.0,25.3,74.1,1,cooking_fume
2506.0,3139.0,28.0,45.0,55.0,25.3,74.0,1,cooking_fume
2508.0,3139.0,29.0,46.0,56.0,25.4,74.4,1,cooking_fume
2508.0,3139.0,28.0,45.0,55.0,25.4,74.6,1,cooking_fume
2510.0,3139.0,28.0,46.0,56.0,25.4,74.4,1,cooking_fume
2507.0,3139.0,28.0,46.0,56.0,25.5,74.2,1,cooking_fume
2509.0,3139.0,27.0,45.0,55.0,25.5,74.1,1,cooking_fume
2507.0,3139.0,26.0,45.0,54.0,25.5,73.7,1,cooking_fume
2507.0,3139.0,27.0,45.0,55.0,25.5,73.5,1,cooking_fume
2510.0,3139.0,26.0,43.0,54.0,25.6,73.3,1,cooking_fume
2508.0,3139.0,27.0,44.0,53.0,25.6,73.1,1,cooking_fume
2511.0,3139.0,27.0,43.0,53.0,25.6,73.0,1,cooking_fume
2509.0,3139.0,25.0,42.0,50.0,25.7,73.0,1,cooking_fume
2510.0,3139.0,27.0,42.0,51.0,25.7,72.6,1,cooking_fume
2510.0,3139.0,27.0,42.0,51.0,25.7,72.5,1,cooking_fume
2506.0,3139.0,26.0,41.0,49.0,25.7,72.2,1,cooking_fume
2508.0,3139.0,25.0,41.0,49.0,25.8,72.1,1,cooking_fume
2508.0,3139.0,26.0,41.0,49.0,25.8,72.2,1,cooking_fume
2509.0,3139.0,26.0,41.0,49.0,25.8,71.9,1,cooking_fume
2508.0,3139.0,25.0,40.0,48.0,25.8,71.8,1,cooking_fume
2507.0,3139.0,23.0,39.0,45.0,25.9,71.5,1,cooking_fume
2511.0,3139.0,22.0,38.0,45.0,25.9,71.5,1,cooking_fume
2510.0,3139.0,22.0,38.0,45.0,25.9,71.4,1,cooking_fume
2507.0,3139.0,23.0,38.0,45.0,25.9,71.2,1,cooking_fume
2510.0,3139.0,23.0,37.0,45.0,26.0,71.2,1,cooking_fume
2509.0,3139.0,23.0,37.0,45.0,26.0,71.2,1,cooking_fume
2509.0,3139.0,22.0,36.0,42.0,26.0,71.0,1,cooking_fume
2509.0,3139.0,22.0,36.0,42.0,26.0,71.1,1,cooking_fume
2510.0,3139.0,23.0,37.0,43.0,26.0,71.0,1,cooking_fume
2505.0,3139.0,23.0,38.0,45.0,26.1,70.8,1,cooking_fume
2508.0,3139.0,23.0,38.0,45.0,26.1,70.7,1,cooking_fume
2508.0,3139.0,22.0,37.0,44.0,26.1,70.7,1,cooking_fume
2508.0,3139.0,23.0,37.0,44.0,26.1,70.8,1,cooking_fume
2508.0,3139.0,24.0,38.0,45.0,26.2,70.8,1,cooking_fume
2507.0,3139.0,24.0,39.0,46.0,26.1,70.7,1,cooking_fume
2509.0,3139.0,23.0,39.0,46.0,26.2,70.6,1,cooking_fume
2510.0,3139.0,22.0,38.0,45.0,26.3,70.8,1,cooking_fume
2509.0,3139.0,22.0,38.0,45.0,26.2,70.7,1,cooking_fume
2509.0,3139.0,22.0,38.0,45.0,26.3,70.6,1,cooking_fume
2508.0,3139.0,23.0,38.0,46.0,26.3,70.6,1,cooking_fume
2507.0,3139.0,22.0,38.0,44.0,26.3,70.4,1,cooking_fume
2509.0,3139.0,21.0,38.0,44.0,26.3,70.4,1,cooking_fume
2508.0,3139.0,22.0,38.0,45.0,26.3,70.1,1,cooking_fume
2509.0,3139.0,22.0,37.0,43.0,26.4,69.9,1,cooking_fume
2509.0,3139.0,21.0,35.0,40.0,26.4,70.0,1,cooking_fume
2508.0,3139.0,22.0,36.0,41.0,26.4,70.2,1,cooking_fume
2507.0,3139.0,21.0,35.0,40.0,26.4,70.1,1,cooking_fume
2507.0,3139.0,21.0,35.0,39.0,26.5,70.2,1,cooking_fume
2508.0,3139.0,22.0,36.0,42.0,26.5,70.3,1,cooking_fume
2509.0,3139.0,21.0,35.0,41.0,26.5,70.1,1,cooking_fume
2507.0,3139.0,22.0,36.0,42.0,26.5,70.0,1,cooking_fume
2507.0,3139.0,22.0,36.0,42.0,26.5,69.9,1,cooking_fume
2510.0,3139.0,21.0,36.0,42.0,26.6,69.9,1,cooking_fume
2507.0,3139.0,21.0,36.0,42.0,26.6,69.9,1,cooking_fume
2505.0,3139.0,21.0,35.0,41.0,26.6,69.8,1,cooking_fume
2512.0,3139.0,22.0,36.0,42.0,26.6,69.6,1,cooking_fume
2508.0,3139.0,21.0,35.0,39.0,26.6,69.6,1,cooking_fume
2509.0,3139.0,22.0,36.0,40.0,26.7,69.6,1,cooking_fume
2510.0,3139.0,22.0,36.0,41.0,26.6,69.6,1,cooking_fume
2509.0,3139.0,21.0,36.0,41.0,26.7,69.6,1,cooking_fume
2509.0,3139.0,23.0,36.0,41.0,26.7,69.4,1,cooking_fume
2508.0,3139.0,21.0,35.0,40.0,26.7,69.3,1,cooking_fume
2512.0,3139.0,21.0,35.0,40.0,26.7,69.4,1,cooking_fume
2508.0,3139.0,22.0,36.0,41.0,26.7,69.4,1,cooking_fume
2509.0,3139.0,21.0,34.0,39.0,26.7,69.4,1,cooking_fume
2507.0,3139.0,22.0,35.0,39.0,26.8,69.5,1,cooking_fume
2511.0,3139.0,22.0,35.0,39.0,26.7,69.4,1,cooking_fume
2507.0,3139.0,20.0,34.0,38.0,26.8,69.2,1,cooking_fume
2510.0,3139.0,19.0,34.0,38.0,26.8,69.2,1,cooking_fume
2508.0,3139.0,19.0,34.0,38.0,26.8,69.4,1,cooking_fume
2510.0,3139.0,20.0,35.0,38.0,26.9,69.1,1,cooking_fume
2512.0,3139.0,20.0,34.0,37.0,26.9,69.2,1,cooking_fume
2509.0,3139.0,20.0,34.0,37.0,26.8,68.9,1,cooking_fume
2508.0,3139.0,21.0,35.0,39.0,26.9,68.8,1,cooking_fume
2507.0,3139.0,21.0,34.0,38.0,26.9,68.8,1,cooking_fume
2512.0,3139.0,22.0,35.0,39.0,26.9,68.8,1,cooking_fume
2511.0,3139.0,21.0,34.0,38.0,26.9,68.9,1,cooking_fume
2509.0,3139.0,20.0,34.0,39.0,26.9,68.9,1,cooking_fume
2507.0,3139.0,21.0,35.0,40.0,26.9,68.8,1,cooking_fume
2510.0,3139.0,20.0,34.0,39.0,27.0,68.9,1,cooking_fume
2508.0,3139.0,20.0,35.0,39.0,27.0,68.9,1,cooking_fume
2506.0,3139.0,19.0,33.0,37.0,27.0,68.8,1,cooking_fume
2509.0,3139.0,20.0,34.0,38.0,27.0,68.7,1,cooking_fume
2510.0,3139.0,21.0,34.0,38.0,27.0,68.5,1,cooking_fume
2508.0,3139.0,19.0,33.0,37.0,27.0,68.3,1,cooking_fume
2508.0,3139.0,20.0,35.0,39.0,27.1,68.4,1,cooking_fume
2507.0,3139.0,20.0,34.0,38.0,27.1,68.4,1,cooking_fume
2508.0,3139.0,19.0,33.0,37.0,27.1,68.4,1,cooking_fume
2509.0,3139.0,20.0,33.0,37.0,27.1,68.4,1,cooking_fume
2509.0,3139.0,18.0,32.0,35.0,27.1,68.3,1,cooking_fume
2509.0,3139.0,19.0,33.0,36.0,27.1,68.2,1,cooking_fume
2509.0,3139.0,18.0,32.0,34.0,27.1,68.1,1,cooking_fume
2508.0,3139.0,18.0,32.0,35.0,27.1,68.1,1,cooking_fume
2509.0,3139.0,19.0,34.0,37.0,27.1,68.1,1,cooking_fume
2509.0,3139.0,18.0,33.0,36.0,27.2,68.0,1,cooking_fume
2508.0,3139.0,18.0,32.0,36.0,27.2,67.8,1,cooking_fume
2509.0,3139.0,19.0,33.0,35.0,27.2,67.7,1,cooking_fume
2507.0,3139.0,18.0,31.0,34.0,27.2,67.6,1,cooking_fume
2505.0,3139.0,18.0,31.0,34.0,27.2,67.7,1,cooking_fume
2508.0,3139.0,20.0,33.0,36.0,27.2,67.5,1,cooking_fume
2508.0,3139.0,20.0,34.0,38.0,27.2,67.2,1,cooking_fume
2510.0,3139.0,19.0,33.0,38.0,27.2,67.2,1,cooking_fume
2509.0,3139.0,20.0,34.0,39.0,27.3,67.2,1,cooking_fume
2509.0,3139.0,19.0,33.0,37.0,27.3,67.5,1,cooking_fume
2507.0,3139.0,20.0,34.0,38.0,27.3,67.4,1,cooking_fume
2508.0,3139.0,20.0,34.0,38.0,27.3,67.4,1,cooking_fume
2508.0,3139.0,20.0,35.0,39.0,27.3,67.2,1,cooking_fume
2510.0,3139.0,20.0,34.0,38.0,27.3,67.4,1,cooking_fume
2509.0,3139.0,19.0,33.0,37.0,27.3,67.1,1,cooking_fume
2510.0,3139.0,20.0,34.0,38.0,27.3,67.3,1,cooking_fume
2508.0,3139.0,20.0,34.0,39.0,27.3,67.3,1,cooking_fume
2509.0,3139.0,18.0,33.0,39.0,27.3,67.4,1,cooking_fume
2510.0,3139.0,19.0,33.0,39.0,27.4,66.9,1,cooking_fume
2508.0,3139.0,19.0,33.0,39.0,27.4,66.8,1,cooking_fume
2511.0,3139.0,20.0,33.0,39.0,27.4,66.9,1,cooking_fume
2511.0,3139.0,21.0,33.0,39.0,27.4,66.7,1,cooking_fume
2511.0,3139.0,21.0,33.0,39.0,27.4,66.8,1,cooking_fume
2509.0,3139.0,20.0,33.0,38.0,27.4,66.7,1,cooking_fume
2509.0,3139.0,18.0,31.0,36.0,27.4,66.6,1,cooking_fume
2508.0,3139.0,19.0,32.0,35.0,27.4,66.6,1,cooking_fume
2508.0,3139.0,18.0,32.0,35.0,27.4,66.5,1,cooking_fume
2509.0,3139.0,18.0,33.0,35.0,27.5,66.5,1,cooking_fume
2509.0,3139.0,18.0,33.0,35.0,27.5,66.6,1,cooking_fume
2510.0,3139.0,18.0,32.0,34.0,27.5,66.1,1,cooking_fume
2509.0,3139.0,18.0,32.0,34.0,27.5,66.0,1,cooking_fume
2509.0,3139.0,18.0,32.0,33.0,27.5,65.9,1,cooking_fume
2507.0,3139.0,17.0,31.0,32.0,27.5,65.9,1,cooking_fume
2509.0,3139.0,18.0,32.0,33.0,27.5,66.1,1,cooking_fume
2507.0,3139.0,18.0,32.0,34.0,27.5,66.1,1,cooking_fume
2509.0,3139.0,18.0,33.0,35.0,27.5,66.1,1,cooking_fume
2509.0,3139.0,17.0,32.0,34.0,27.5,65.9,1,cooking_fume
2507.0,3139.0,18.0,33.0,36.0,27.6,66.1,1,cooking_fume
2510.0,3139.0,17.0,32.0,35.0,27.6,66.0,1,cooking_fume
2510.0,3139.0,18.0,33.0,36.0,27.6,65.9,1,cooking_fume
2507.0,3139.0,17.0,31.0,34.0,27.6,65.6,1,cooking_fume
2509.0,3139.0,18.0,32.0,34.0,27.6,65.6,1,cooking_fume
2507.0,3139.0,18.0,30.0,33.0,27.6,65.3,1,cooking_fume
2512.0,3139.0,17.0,29.0,33.0,27.6,65.2,1,cooking_fume
2507.0,3139.0,18.0,30.0,34.0,27.6,64.9,1,cooking_fume
2510.0,3139.0,17.0,29.0,33.0,27.6,64.9,1,cooking_fume
2509.0,3139.0,18.0,30.0,33.0,27.6,64.7,1,cooking_fume
2509.0,3139.0,17.0,29.0,32.0,27.6,64.7,1,cooking_fume
2508.0,3139.0,18.0,29.0,32.0,27.7,64.7,1,cooking_fume
2509.0,3139.0,18.0,29.0,32.0,27.6,64.5,1,cooking_fume
2507.0,3139.0,19.0,32.0,33.0,27.7,64.2,1,cooking_fume
2508.0,3139.0,19.0,32.0,33.0,27.6,64.2,1,cooking_fume
2508.0,3139.0,19.0,32.0,33.0,27.7,64.4,1,cooking_fume
2512.0,3139.0,18.0,31.0,32.0,27.7,64.4,1,cooking_fume
2508.0,3139.0,18.0,31.0,32.0,27.7,64.7,1,cooking_fume
2509.0,3139.0,20.0,30.0,33.0,27.7,64.8,1,cooking_fume
2509.0,3139.0,19.0,29.0,32.0,27.7,64.8,1,cooking_fume
2506.0,3139.0,20.0,30.0,33.0,27.7,64.8,1,cooking_fume
2507.0,3139.0,19.0,29.0,29.0,27.7,64.7,1,cooking_fume
2509.0,3139.0,20.0,30.0,30.0,27.7,64.5,1,cooking_fume
2505.0,3139.0,19.0,29.0,29.0,27.7,64.6,1,cooking_fume
2507.0,3139.0,20.0,30.0,30.0,27.7,64.3,1,cooking_fume
2509.0,3139.0,19.0,29.0,29.0,27.7,64.4,1,cooking_fume
2508.0,3139.0,20.0,30.0,30.0,27.7,64.4,1,cooking_fume
2507.0,3139.0,19.0,29.0,30.0,27.7,64.5,1,cooking_fume
2506.0,3139.0,20.0,32.0,33.0,27.8,64.7,1,cooking_fume
2510.0,3139.0,20.0,30.0,31.0,27.8,64.8,1,cooking_fume
2508.0,3139.0,20.0,32.0,33.0,27.8,64.8,1,cooking_fume
2507.0,3139.0,19.0,31.0,32.0,27.8,65.0,1,cooking_fume
2509.0,3139.0,19.0,31.0,33.0,27.8,64.7,1,cooking_fume
2507.0,3139.0,19.0,31.0,33.0,27.8,64.5,1,cooking_fume
2507.0,3139.0,19.0,31.0,33.0,27.8,64.6,1,cooking_fume
2508.0,3139.0,19.0,31.0,33.0,27.8,64.4,1,cooking_fume
2509.0,3139.0,19.0,31.0,33.0,27.8,64.3,1,cooking_fume
2508.0,3139.0,20.0,32.0,34.0,27.8,64.3,1,cooking_fume
2509.0,3139.0,20.0,32.0,34.0,27.9,64.2,1,cooking_fume
2510.0,3139.0,20.0,32.0,34.0,27.8,64.3,1,cooking_fume
2508.0,3139.0,20.0,32.0,34.0,27.8,64.2,1,cooking_fume
2510.0,3139.0,18.0,32.0,34.0,27.9,64.1,1,cooking_fume
2508.0,3139.0,19.0,33.0,36.0,27.9,63.9,1,cooking_fume
2508.0,3139.0,18.0,32.0,36.0,27.8,63.8,1,cooking_fume
2509.0,3139.0,17.0,33.0,37.0,27.9,63.7,1,cooking_fume
2508.0,3139.0,17.0,32.0,36.0,27.9,63.9,1,cooking_fume
2509.0,3139.0,18.0,32.0,36.0,27.9,63.8,1,cooking_fume
2507.0,3139.0,19.0,33.0,37.0,27.9,63.7,1,cooking_fume
2506.0,3139.0,19.0,33.0,37.0,27.8,63.8,1,cooking_fume
2508.0,3139.0,19.0,33.0,37.0,27.9,63.9,1,cooking_fume
2509.0,3139.0,19.0,33.0,36.0,27.9,63.9,1,cooking_fume
2510.0,3139.0,19.0,33.0,36.0,27.9,64.0,1,cooking_fume
2510.0,3139.0,18.0,33.0,36.0,27.9,64.0,1,cooking_fume
2508.0,3139.0,19.0,35.0,38.0,27.9,64.2,1,cooking_fume
2508.0,3139.0,19.0,35.0,39.0,27.9,64.2,1,cooking_fume
2507.0,3139.0,19.0,34.0,39.0,27.9,64.2,1,cooking_fume
2509.0,3139.0,18.0,33.0,37.0,27.9,64.3,1,cooking_fume
2507.0,3139.0,18.0,32.0,35.0,27.9,64.3,1,cooking_fume
2507.0,3139.0,19.0,33.0,36.0,27.9,64.2,1,cooking_fume
2511.0,3139.0,20.0,33.0,36.0,28.0,64.2,1,cooking_fume
2509.0,3139.0,19.0,33.0,36.0,28.0,64.3,1,cooking_fume
2510.0,3139.0,19.0,34.0,37.0,27.9,64.3,1,cooking_fume
2511.0,3139.0,19.0,34.0,37.0,28.0,64.4,1,cooking_fume
2509.0,3139.0,20.0,34.0,38.0,27.9,64.3,1,cooking_fume
2511.0,3139.0,21.0,35.0,39.0,28.0,64.2,1,cooking_fume
2510.0,3139.0,19.0,33.0,38.0,28.0,64.1,1,cooking_fume
2509.0,3139.0,19.0,33.0,38.0,28.0,64.1,1,cooking_fume
2509.0,3139.0,19.0,33.0,38.0,28.0,64.1,1,cooking_fume
2512.0,3139.0,20.0,33.0,38.0,28.0,64.2,1,cooking_fume
2506.0,3139.0,21.0,35.0,41.0,28.0,64.3,1,cooking_fume
2509.0,3139.0,21.0,36.0,44.0,28.0,64.2,1,cooking_fume
2509.0,3139.0,21.0,36.0,44.0,28.0,64.0,1,cooking_fume
2509.0,3139.0,22.0,37.0,45.0,28.0,63.8,1,cooking_fume
2508.0,3139.0,22.0,39.0,46.0,28.0,63.3,1,cooking_fume
2510.0,3139.0,22.0,39.0,45.0,28.0,63.2,1,cooking_fume
2507.0,3139.0,21.0,38.0,44.0,28.0,63.0,1,cooking_fume
2508.0,3139.0,21.0,37.0,44.0,28.0,62.8,1,cooking_fume
2508.0,3139.0,22.0,39.0,45.0,28.0,62.8,1,cooking_fume
2505.0,3139.0,22.0,38.0,44.0,28.0,62.7,1,cooking_fume
2508.0,3139.0,22.0,38.0,44.0,28.0,62.7,1,cooking_fume
2507.0,3139.0,23.0,39.0,45.0,28.0,62.6,1,cooking_fume
2511.0,3139.0,23.0,37.0,45.0,28.1,62.4,1,cooking_fume
2510.0,3139.0,23.0,36.0,43.0,28.0,62.3,1,cooking_fume
2508.0,3139.0,22.0,35.0,41.0,28.0,62.3,1,cooking_fume
2509.0,3139.0,23.0,36.0,42.0,28.0,62.3,1,cooking_fume
2510.0,3139.0,22.0,34.0,40.0,28.0,62.3,1,cooking_fume
2511.0,3139.0,22.0,35.0,41.0,28.1,62.3,1,cooking_fume
2507.0,3139.0,23.0,36.0,43.0,28.0,62.2,1,cooking_fume
2509.0,3139.0,23.0,36.0,43.0,28.1,62.0,1,cooking_fume
2508.0,3139.0,22.0,35.0,41.0,28.1,61.8,1,cooking_fume
2510.0,3139.0,22.0,35.0,41.0,28.0,61.8,1,cooking_fume
2508.0,3139.0,23.0,36.0,42.0,28.0,61.8,1,cooking_fume
2507.0,3139.0,22.0,36.0,42.0,28.1,61.9,1,cooking_fume
2505.0,3139.0,21.0,34.0,41.0,28.1,61.9,1,cooking_fume
2507.0,3139.0,21.0,34.0,41.0,28.1,61.9,1,cooking_fume
2508.0,3139.0,22.0,35.0,41.0,28.1,61.6,1,cooking_fume
2505.0,3139.0,21.0,34.0,39.0,28.1,61.5,1,cooking_fume
2508.0,3139.0,20.0,34.0,39.0,28.1,61.2,1,cooking_fume
2510.0,3139.0,21.0,35.0,40.0,28.1,61.5,1,cooking_fume
2509.0,3139.0,21.0,35.0,41.0,28.1,61.6,1,cooking_fume
2509.0,3139.0,20.0,34.0,39.0,28.1,61.5,1,cooking_fume
2509.0,3139.0,20.0,34.0,39.0,28.0,61.4,1,cooking_fume
2510.0,3139.0,22.0,34.0,40.0,28.1,61.2,1,cooking_fume
2511.0,3139.0,20.0,33.0,39.0,28.1,61.1,1,cooking_fume
2509.0,3139.0,20.0,32.0,39.0,28.1,61.2,1,cooking_fume
2509.0,3139.0,20.0,32.0,38.0,28.1,60.8,1,cooking_fume
2507.0,3139.0,21.0,33.0,38.0,28.1,60.9,1,cooking_fume
2511.0,3139.0,20.0,32.0,37.0,28.1,60.9,1,cooking_fume
2508.0,3139.0,20.0,33.0,38.0,28.1,61.0,1,cooking_fume
2506.0,3139.0,19.0,33.0,37.0,28.1,60.9,1,cooking_fume
2509.0,3139.0,18.0,32.0,36.0,28.1,61.0,1,cooking_fume
2510.0,3139.0,20.0,33.0,37.0,28.1,61.0,1,cooking_fume
2508.0,3139.0,20.0,33.0,37.0,28.1,61.2,1,cooking_fume
2509.0,3139.0,20.0,33.0,36.0,28.1,60.8,1,cooking_fume
2510.0,3139.0,20.0,33.0,36.0,28.1,60.9,1,cooking_fume
2507.0,3139.0,21.0,34.0,37.0,28.1,60.6,1,cooking_fume
2511.0,3139.0,20.0,32.0,35.0,28.1,60.5,1,cooking_fume
2510.0,3139.0,19.0,32.0,34.0,28.1,60.5,1,cooking_fume
2509.0,3139.0,19.0,32.0,34.0,28.1,60.5,1,cooking_fume
2510.0,3139.0,18.0,31.0,33.0,28.1,60.4,1,cooking_fume
2508.0,3139.0,19.0,32.0,34.0,28.1,60.5,1,cooking_fume
2510.0,3139.0,18.0,31.0,34.0,28.1,60.4,1,cooking_fume
2509.0,3139.0,19.0,32.0,35.0,28.1,60.4,1,cooking_fume
2512.0,3139.0,18.0,31.0,33.0,28.1,60.6,1,cooking_fume
2509.0,3139.0,18.0,31.0,33.0,28.1,60.8,1,cooking_fume
2506.0,3139.0,19.0,33.0,36.0,28.1,60.7,1,cooking_fume
2509.0,3139.0,18.0,31.0,35.0,28.1,60.7,1,cooking_fume
2509.0,3139.0,19.0,32.0,35.0,28.1,60.8,1,cooking_fume
2506.0,3139.0,19.0,32.0,35.0,28.1,60.9,1,cooking_fume
2510.0,3139.0,18.0,31.0,35.0,28.1,60.6,1,cooking_fume
2510.0,3139.0,19.0,33.0,36.0,28.1,60.6,1,cooking_fume
2508.0,3139.0,19.0,32.0,36.0,28.1,60.3,1,cooking_fume
2508.0,3139.0,18.0,31.0,35.0,28.1,60.5,1,cooking_fume
2507.0,3139.0,18.0,32.0,35.0,28.1,60.4,1,cooking_fume
2510.0,3139.0,16.0,31.0,32.0,28.1,60.2,1,cooking_fume
2510.0,3139.0,17.0,30.0,31.0,28.1,60.3,1,cooking_fume
2508.0,3139.0,17.0,30.0,30.0,28.1,60.2,1,cooking_fume
2511.0,3139.0,17.0,30.0,30.0,28.1,60.2,1,cooking_fume
2509.0,3139.0,16.0,29.0,30.0,28.1,60.2,1,cooking_fume
2510.0,3139.0,17.0,30.0,31.0,28.1,60.2,1,cooking_fume
2508.0,3139.0,18.0,30.0,31.0,28.1,60.3,1,cooking_fume
2509.0,3139.0,18.0,30.0,31.0,28.1,60.6,1,cooking_fume
2509.0,3139.0,17.0,30.0,31.0,28.1,60.8,1,cooking_fume
2511.0,3139.0,17.0,30.0,30.0,28.1,60.6,1,cooking_fume
2507.0,3139.0,15.0,28.0,29.0,28.1,60.5,1,cooking_fume
2507.0,3139.0,14.0,28.0,29.0,28.1,60.3,1,cooking_fume
2510.0,3139.0,14.0,28.0,29.0,28.1,60.1,1,cooking_fume
2508.0,3139.0,12.0,27.0,28.0,28.1,60.0,1,cooking_fume
2511.0,3139.0,12.0,27.0,28.0,28.1,60.0,1,cooking_fume
2510.0,3139.0,12.0,27.0,28.0,28.1,59.9,1,cooking_fume
2512.0,3139.0,11.0,26.0,28.0,28.1,59.7,1,cooking_fume
2508.0,3139.0,10.0,25.0,26.0,28.1,59.8,1,cooking_fume
2508.0,3139.0,10.0,24.0,26.0,28.1,59.8,1,cooking_fume
2511.0,3139.0,10.0,24.0,26.0,28.1,59.6,1,cooking_fume
2508.0,3139.0,11.0,24.0,27.0,28.1,59.8,1,cooking_fume
2509.0,3139.0,11.0,25.0,27.0,28.1,59.7,1,cooking_fume
2508.0,3139.0,11.0,24.0,25.0,28.1,59.7,1,cooking_fume
2510.0,3139.0,12.0,24.0,25.0,28.1,59.7,1,cooking_fume
2512.0,3139.0,12.0,25.0,26.0,28.1,59.7,1,cooking_fume
2510.0,3139.0,11.0,25.0,26.0,28.1,59.7,1,cooking_fume
2509.0,3139.0,10.0,24.0,25.0,28.0,59.8,1,cooking_fume
2508.0,3139.0,10.0,25.0,25.0,28.0,60.3,1,cooking_fume
2510.0,3139.0,11.0,26.0,26.0,28.0,60.2,1,cooking_fume
2509.0,3139.0,12.0,26.0,26.0,28.1,60.4,1,cooking_fume
2508.0,3139.0,11.0,25.0,25.0,28.0,60.4,1,cooking_fume
2508.0,3139.0,12.0,26.0,26.0,28.0,60.8,1,cooking_fume
2511.0,3139.0,11.0,25.0,25.0,28.1,60.7,1,cooking_fume
2509.0,3139.0,12.0,25.0,26.0,28.0,60.7,1,cooking_fume
2508.0,3139.0,12.0,26.0,27.0,28.1,60.8,1,cooking_fume
2510.0,3139.0,11.0,27.0,27.0,28.0,60.7,1,cooking_fume
2508.0,3139.0,11.0,27.0,27.0,28.0,60.7,1,cooking_fume
2507.0,3139.0,11.0,27.0,28.0,28.0,60.6,1,cooking_fume
2509.0,3139.0,10.0,26.0,27.0,28.0,60.4,1,cooking_fume
2507.0,3139.0,11.0,26.0,27.0,28.0,60.7,1,cooking_fume
2509.0,3139.0,11.0,26.0,27.0,28.0,60.8,1,cooking_fume
2506.0,3139.0,12.0,27.0,28.0,28.0,61.1,1,cooking_fume
2507.0,3139.0,13.0,28.0,29.0,28.0,60.9,1,cooking_fume
2511.0,3139.0,17.0,32.0,34.0,28.0,60.9,1,cooking_fume
2509.0,3139.0,19.0,32.0,37.0,28.0,60.9,1,cooking_fume
2509.0,3139.0,20.0,32.0,37.0,28.0,60.7,1,cooking_fume
2511.0,3139.0,23.0,36.0,41.0,28.0,60.6,1,cooking_fume
2508.0,3139.0,25.0,40.0,48.0,28.0,60.5,1,cooking_fume
2509.0,3139.0,27.0,43.0,53.0,28.0,60.3,1,cooking_fume
2507.0,3139.0,30.0,49.0,61.0,28.0,60.5,1,cooking_fume
2509.0,3139.0,33.0,53.0,67.0,28.0,60.3,1,cooking_fume
2510.0,3139.0,35.0,64.0,74.0,28.0,60.4,1,cooking_fume
2508.0,3139.0,36.0,67.0,76.0,28.0,60.5,1,cooking_fume
2507.0,3139.0,38.0,68.0,77.0,28.0,60.5,1,cooking_fume
2507.0,3139.0,35.0,66.0,76.0,28.0,60.6,1,cooking_fume
2508.0,3139.0,35.0,66.0,75.0,28.0,60.5,1,cooking_fume
2507.0,3139.0,36.0,66.0,75.0,28.0,60.5,1,cooking_fume
2510.0,3139.0,35.0,64.0,74.0,28.0,60.6,1,cooking_fume
2508.0,3139.0,34.0,61.0,73.0,28.0,60.5,1,cooking_fume
2508.0,3139.0,32.0,57.0,69.0,28.0,60.5,1,cooking_fume
2509.0,3139.0,32.0,56.0,69.0,28.0,60.6,1,cooking_fume
2508.0,3139.0,32.0,56.0,69.0,28.0,60.5,1,cooking_fume
2508.0,3139.0,31.0,54.0,67.0,28.0,60.5,1,cooking_fume
2510.0,3139.0,31.0,52.0,66.0,28.0,60.6,1,cooking_fume
2509.0,3139.0,30.0,51.0,64.0,28.0,60.8,1,cooking_fume
2509.0,3139.0,29.0,50.0,63.0,28.0,60.5,1,cooking_fume
2510.0,3139.0,30.0,50.0,63.0,28.0,60.5,1,cooking_fume
2511.0,3139.0,27.0,47.0,59.0,28.0,60.4,1,cooking_fume
2510.0,3139.0,28.0,47.0,59.0,28.0,60.4,1,cooking_fume
2508.0,3139.0,27.0,46.0,56.0,28.0,60.5,1,cooking_fume
2506.0,3139.0,27.0,45.0,56.0,28.0,60.5,1,cooking_fume
2509.0,3139.0,27.0,46.0,55.0,28.0,60.6,1,cooking_fume
2507.0,3139.0,26.0,45.0,55.0,28.0,60.5,1,cooking_fume
2508.0,3139.0,27.0,46.0,56.0,28.0,60.5,1,cooking_fume
2509.0,3139.0,27.0,44.0,54.0,28.0,60.6,1,cooking_fume
2509.0,3139.0,26.0,44.0,53.0,28.0,60.7,1,cooking_fume
2509.0,3139.0,25.0,43.0,52.0,28.0,60.7,1,cooking_fume
2508.0,3139.0,25.0,43.0,52.0,28.0,60.6,1,cooking_fume
2509.0,3139.0,26.0,44.0,53.0,28.0,60.6,1,cooking_fume
2511.0,3139.0,25.0,44.0,52.0,28.0,60.7,1,cooking_fume
2509.0,3139.0,25.0,43.0,51.0,28.0,60.8,1,cooking_fume
2508.0,3139.0,24.0,43.0,50.0,28.0,60.8,1,cooking_fume
2510.0,3139.0,24.0,42.0,50.0,28.0,60.8,1,cooking_fume
2509.0,3139.0,25.0,42.0,50.0,28.0,61.0,1,cooking_fume
2510.0,3139.0,25.0,42.0,50.0,28.0,61.0,1,cooking_fume
2510.0,3139.0,24.0,41.0,49.0,28.0,61.1,1,cooking_fume
2511.0,3139.0,25.0,42.0,50.0,28.0,61.1,1,cooking_fume
2508.0,3139.0,24.0,40.0,48.0,28.0,61.1,1,cooking_fume
2506.0,3139.0,23.0,40.0,48.0,28.0,61.3,1,cooking_fume
2509.0,3139.0,24.0,40.0,49.0,28.0,61.4,1,cooking_fume
2508.0,3139.0,24.0,40.0,49.0,28.0,61.6,1,cooking_fume
2510.0,3139.0,23.0,39.0,47.0,28.0,61.7,1,cooking_fume
2509.0,3139.0,23.0,39.0,48.0,28.0,61.5,1,cooking_fume
2508.0,3139.0,22.0,38.0,46.0,28.0,61.6,1,cooking_fume
2510.0,3139.0,22.0,39.0,47.0,28.0,61.6,1,cooking_fume
2507.0,3139.0,21.0,38.0,45.0,28.0,61.6,1,cooking_fume
2509.0,3139.0,21.0,37.0,45.0,28.0,61.6,1,cooking_fume
2506.0,3139.0,21.0,37.0,44.0,28.0,61.5,1,cooking_fume
2507.0,3139.0,21.0,37.0,44.0,28.0,61.4,1,cooking_fume
2509.0,3139.0,21.0,38.0,45.0,28.0,61.5,1,cooking_fume
2509.0,3139.0,22.0,38.0,45.0,28.0,61.1,1,cooking_fume
2509.0,3139.0,23.0,38.0,46.0,28.0,60.9,1,cooking_fume
2509.0,3139.0,23.0,38.0,46.0,28.0,60.9,1,cooking_fume
2508.0,3139.0,21.0,36.0,44.0,28.0,60.8,1,cooking_fume
2509.0,3139.0,21.0,35.0,44.0,28.0,60.8,1,cooking_fume
2509.0,3139.0,21.0,35.0,42.0,28.0,60.6,1,cooking_fume
2507.0,3139.0,22.0,36.0,42.0,28.0,60.7,1,cooking_fume
2509.0,3139.0,20.0,34.0,38.0,28.0,60.6,1,cooking_fume
2510.0,3139.0,19.0,33.0,38.0,28.0,60.6,1,cooking_fume
2508.0,3139.0,19.0,33.0,39.0,28.0,60.6,1,cooking_fume
2509.0,3139.0,19.0,33.0,39.0,28.0,60.5,1,cooking_fume
2509.0,3139.0,21.0,34.0,40.0,28.0,60.7,1,cooking_fume
2507.0,3139.0,21.0,34.0,40.0,28.0,60.9,1,cooking_fume
2509.0,3139.0,19.0,33.0,39.0,28.0,61.1,1,cooking_fume
2509.0,3139.0,19.0,32.0,38.0,28.0,61.2,1,cooking_fume
2511.0,3139.0,18.0,32.0,38.0,28.0,61.1,1,cooking_fume
2508.0,3139.0,19.0,33.0,39.0,28.0,61.1,1,cooking_fume
2508.0,3139.0,19.0,33.0,40.0,28.0,61.4,1,cooking_fume
2508.0,3139.0,20.0,35.0,41.0,28.0,61.2,1,cooking_fume
2509.0,3139.0,23.0,39.0,47.0,28.0,61.4,1,cooking_fume
2511.0,3139.0,24.0,41.0,49.0,28.0,61.4,1,cooking_fume
2507.0,3139.0,25.0,41.0,49.0,28.0,61.4,1,cooking_fume
2510.0,3139.0,29.0,46.0,56.0,28.0,61.5,1,cooking_fume
2508.0,3139.0,37.0,68.0,75.0,28.0,61.2,1,cooking_fume
2507.0,3139.0,47.0,88.0,92.0,28.0,60.9,1,cooking_fume
2510.0,3139.0,51.0,96.0,101.0,28.1,61.0,1,cooking_fume
2510.0,3139.0,56.0,108.0,113.0,28.0,61.1,1,cooking_fume
2509.0,3139.0,75.0,159.0,172.0,28.0,61.1,1,cooking_fume
2508.0,3139.0,83.0,178.0,195.0,28.0,61.0,1,cooking_fume
2508.0,3139.0,91.0,200.0,217.0,28.0,61.0,1,cooking_fume
2512.0,3139.0,92.0,200.0,216.0,28.0,61.2,1,cooking_fume
2509.0,3139.0,89.0,197.0,210.0,28.0,61.3,1,cooking_fume
2510.0,3139.0,87.0,191.0,207.0,28.0,61.5,1,cooking_fume
2509.0,3139.0,83.0,184.0,198.0,28.0,61.5,1,cooking_fume
2510.0,3139.0,82.0,180.0,192.0,28.0,61.7,1,cooking_fume
2508.0,3139.0,79.0,173.0,184.0,28.0,61.6,1,cooking_fume
2508.0,3139.0,77.0,168.0,180.0,28.0,61.6,1,cooking_fume
2508.0,3139.0,75.0,165.0,177.0,28.0,61.6,1,cooking_fume
2509.0,3139.0,71.0,157.0,169.0,28.0,61.4,1,cooking_fume
2508.0,3139.0,69.0,149.0,163.0,28.1,61.5,1,cooking_fume
2509.0,3139.0,65.0,142.0,157.0,28.0,61.6,1,cooking_fume
2513.0,3139.0,65.0,140.0,156.0,28.0,61.7,1,cooking_fume
2510.0,3139.0,63.0,136.0,151.0,28.1,61.8,1,cooking_fume
2510.0,3139.0,59.0,129.0,143.0,28.1,61.8,1,cooking_fume
2506.0,3139.0,58.0,126.0,139.0,28.1,62.1,1,cooking_fume
2510.0,3139.0,57.0,122.0,135.0,28.1,62.0,1,cooking_fume
2510.0,3139.0,56.0,121.0,134.0,28.1,62.0,1,cooking_fume
2508.0,3139.0,56.0,121.0,132.0,28.0,61.9,1,cooking_fume
2511.0,3139.0,56.0,119.0,130.0,28.0,62.1,1,cooking_fume
2508.0,3139.0,56.0,118.0,129.0,28.1,62.4,1,cooking_fume
2510.0,3139.0,54.0,116.0,126.0,28.1,62.5,1,cooking_fume
2507.0,3139.0,50.0,108.0,118.0,28.1,62.5,1,cooking_fume
2508.0,3139.0,49.0,105.0,113.0,28.1,62.4,1,cooking_fume
2506.0,3139.0,47.0,101.0,109.0,28.1,62.5,1,cooking_fume
2510.0,3139.0,47.0,98.0,106.0,28.0,62.6,1,cooking_fume
2507.0,3139.0,46.0,94.0,101.0,28.1,62.5,1,cooking_fume
2514.0,3139.0,43.0,90.0,97.0,28.1,62.6,1,cooking_fume
2511.0,3139.0,42.0,90.0,97.0,28.1,62.4,1,cooking_fume
2509.0,3139.0,41.0,88.0,96.0,28.1,62.4,1,cooking_fume
2510.0,3139.0,39.0,84.0,91.0,28.1,62.8,1,cooking_fume
2510.0,3139.0,40.0,84.0,90.0,28.1,62.9,1,cooking_fume
2506.0,3139.0,39.0,81.0,87.0,28.1,62.9,1,cooking_fume
2514.0,3139.0,40.0,79.0,85.0,28.1,62.9,1,cooking_fume
2509.0,3139.0,37.0,75.0,79.0,28.1,62.8,1,cooking_fume
2512.0,3139.0,37.0,73.0,78.0,28.1,62.8,1,cooking_fume
2511.0,3139.0,37.0,70.0,77.0,28.1,63.0,1,cooking_fume
2508.0,3139.0,36.0,70.0,77.0,28.1,62.8,1,cooking_fume
2511.0,3139.0,35.0,68.0,75.0,28.1,62.9,1,cooking_fume
2508.0,3139.0,35.0,66.0,74.0,28.1,62.7,1,cooking_fume
2508.0,3139.0,34.0,62.0,74.0,28.1,62.5,1,cooking_fume
2507.0,3139.0,33.0,59.0,70.0,28.1,62.2,1,cooking_fume
2511.0,3139.0,30.0,55.0,68.0,28.1,62.3,1,cooking_fume
2507.0,3139.0,30.0,54.0,67.0,28.1,62.4,1,cooking_fume
2511.0,3139.0,30.0,54.0,67.0,28.1,62.4,1,cooking_fume
2508.0,3139.0,30.0,55.0,67.0,28.1,62.4,1,cooking_fume
2505.0,3139.0,31.0,58.0,71.0,28.1,62.5,1,cooking_fume
2506.0,3139.0,30.0,56.0,69.0,28.1,62.8,1,cooking_fume
2510.0,3139.0,31.0,56.0,70.0,28.1,62.9,1,cooking_fume
2507.0,3139.0,30.0,55.0,68.0,28.1,62.6,1,cooking_fume
2509.0,3139.0,30.0,53.0,67.0,28.1,62.3,1,cooking_fume
2508.0,3139.0,29.0,51.0,66.0,28.1,62.4,1,cooking_fume
2509.0,3139.0,29.0,52.0,65.0,28.1,62.2,1,cooking_fume
2509.0,3139.0,28.0,50.0,62.0,28.1,62.2,1,cooking_fume
2510.0,3139.0,29.0,50.0,62.0,28.1,62.0,1,cooking_fume
2507.0,3139.0,29.0,50.0,62.0,28.1,62.0,1,cooking_fume
2508.0,3139.0,29.0,50.0,62.0,28.1,61.9,1,cooking_fume
2508.0,3139.0,29.0,50.0,62.0,28.1,61.8,1,cooking_fume
2508.0,3139.0,27.0,47.0,61.0,28.1,62.0,1,cooking_fume
2509.0,3139.0,27.0,47.0,61.0,28.1,62.0,1,cooking_fume
2509.0,3139.0,27.0,47.0,61.0,28.1,62.0,1,cooking_fume
2508.0,3139.0,26.0,46.0,60.0,28.1,62.1,1,cooking_fume
2509.0,3139.0,26.0,47.0,60.0,28.2,62.1,1,cooking_fume
2508.0,3139.0,26.0,47.0,59.0,28.1,62.3,1,cooking_fume
2508.0,3139.0,27.0,48.0,59.0,28.1,62.3,1,cooking_fume
2511.0,3139.0,26.0,47.0,58.0,28.1,62.3,1,cooking_fume
2508.0,3139.0,26.0,47.0,57.0,28.1,62.4,1,cooking_fume
2507.0,3139.0,27.0,47.0,58.0,28.1,62.4,1,cooking_fume
2511.0,3139.0,26.0,45.0,56.0,28.1,62.3,1,cooking_fume
2509.0,3139.0,25.0,45.0,55.0,28.2,62.2,1,cooking_fume
2507.0,3139.0,26.0,43.0,54.0,28.2,61.5,1,cooking_fume
2512.0,3139.0,25.0,43.0,53.0,28.2,61.6,1,cooking_fume
2510.0,3139.0,24.0,41.0,52.0,28.2,61.4,1,cooking_fume
2507.0,3139.0,24.0,41.0,52.0,28.1,61.3,1,cooking_fume
2511.0,3139.0,23.0,40.0,49.0,28.2,61.1,1,cooking_fume
2510.0,3139.0,23.0,40.0,49.0,28.2,61.2,1,cooking_fume
2511.0,3139.0,23.0,39.0,49.0,28.1,61.2,1,cooking_fume
2511.0,3139.0,24.0,40.0,50.0,28.1,61.2,1,cooking_fume
2508.0,3139.0,22.0,39.0,49.0,28.2,61.2,1,cooking_fume
2509.0,3139.0,22.0,39.0,49.0,28.2,61.0,1,cooking_fume
2510.0,3139.0,22.0,39.0,49.0,28.2,61.1,1,cooking_fume
2509.0,3139.0,23.0,40.0,49.0,28.2,60.9,1,cooking_fume
2511.0,3139.0,23.0,40.0,49.0,28.2,60.9,1,cooking_fume
2508.0,3139.0,23.0,40.0,49.0,28.1,60.9,1,cooking_fume
2509.0,3139.0,22.0,39.0,48.0,28.1,61.0,1,cooking_fume
2509.0,3139.0,22.0,39.0,48.0,28.1,61.1,1,cooking_fume
2508.0,3139.0,22.0,38.0,46.0,28.2,61.3,1,cooking_fume
2509.0,3139.0,23.0,39.0,47.0,28.1,61.1,1,cooking_fume
2510.0,3139.0,23.0,39.0,47.0,28.1,61.2,1,cooking_fume
2510.0,3139.0,23.0,39.0,47.0,28.1,61.1,1,cooking_fume
2509.0,3139.0,22.0,38.0,45.0,28.1,61.0,1,cooking_fume
2508.0,3139.0,22.0,38.0,45.0,28.1,61.1,1,cooking_fume
2511.0,3139.0,22.0,38.0,44.0,28.1,61.0,1,cooking_fume
2508.0,3139.0,22.0,38.0,45.0,28.1,61.0,1,cooking_fume
2509.0,3139.0,22.0,38.0,45.0,28.1,61.0,1,cooking_fume
2510.0,3139.0,22.0,39.0,45.0,28.1,61.1,1,cooking_fume
2507.0,3139.0,21.0,37.0,44.0,28.1,60.9,1,cooking_fume
2511.0,3139.0,22.0,37.0,43.0,28.1,60.9,1,cooking_fume
2510.0,3139.0,22.0,36.0,42.0,28.1,60.9,1,cooking_fume
2508.0,3139.0,22.0,36.0,42.0,28.1,60.8,1,cooking_fume
2512.0,3139.0,20.0,35.0,40.0,28.1,60.9,1,cooking_fume
2509.0,3139.0,20.0,35.0,41.0,28.1,60.6,1,cooking_fume
2510.0,3139.0,21.0,35.0,42.0,28.1,60.8,1,cooking_fume
2509.0,3139.0,21.0,35.0,42.0,28.1,60.9,1,cooking_fume
2507.0,3139.0,21.0,36.0,43.0,28.1,60.7,1,cooking_fume
2508.0,3139.0,21.0,36.0,43.0,28.1,60.7,1,cooking_fume
2509.0,3139.0,21.0,36.0,42.0,28.1,60.8,1,cooking_fume
2509.0,3139.0,21.0,37.0,43.0,28.1,60.8,1,cooking_fume
2508.0,3139.0,21.0,37.0,42.0,28.1,60.6,1,cooking_fume
2509.0,3139.0,19.0,35.0,40.0,28.1,60.7,1,cooking_fume
2511.0,3139.0,20.0,35.0,40.0,28.1,60.7,1,cooking_fume
2506.0,3139.0,21.0,38.0,46.0,25.8,71.8,1,cooking_fume
2508.0,3139.0,22.0,39.0,47.0,25.8,71.6,1,cooking_fume
2507.0,3139.0,22.0,39.0,47.0,25.8,71.5,1,cooking_fume
2507.0,3139.0,22.0,39.0,46.0,25.9,71.3,1,cooking_fume
2508.0,3139.0,21.0,38.0,45.0,25.9,71.1,1,cooking_fume
2507.0,3139.0,21.0,38.0,45.0,25.9,71.0,1,cooking_fume
2512.0,3139.0,22.0,40.0,47.0,25.9,71.5,1,cooking_fume
2510.0,3139.0,21.0,40.0,48.0,26.0,72.0,1,cooking_fume
2506.0,3139.0,22.0,41.0,49.0,26.0,72.0,1,cooking_fume
2508.0,3139.0,23.0,42.0,50.0,26.0,72.0,1,cooking_fume
2508.0,3139.0,23.0,43.0,51.0,26.0,71.8,1,cooking_fume
2509.0,3139.0,24.0,44.0,53.0,26.1,71.6,1,cooking_fume
2508.0,3139.0,24.0,44.0,55.0,26.1,71.6,1,cooking_fume
2509.0,3139.0,24.0,44.0,55.0,26.1,71.1,1,cooking_fume
2509.0,3139.0,23.0,43.0,54.0,26.1,71.0,1,cooking_fume
2507.0,3139.0,24.0,43.0,54.0,26.1,70.9,1,cooking_fume
2507.0,3139.0,25.0,44.0,56.0,26.2,70.7,1,cooking_fume
2504.0,3139.0,25.0,44.0,55.0,26.2,70.9,1,cooking_fume
2509.0,3139.0,25.0,44.0,54.0,26.2,70.8,1,cooking_fume
2507.0,3139.0,26.0,43.0,53.0,26.2,70.4,1,cooking_fume
2507.0,3139.0,26.0,43.0,53.0,26.2,70.5,1,cooking_fume
2507.0,3139.0,25.0,43.0,51.0,26.3,70.4,1,cooking_fume
2512.0,3139.0,26.0,44.0,55.0,26.3,70.1,1,cooking_fume
2510.0,3139.0,26.0,44.0,55.0,26.3,70.1,1,cooking_fume
2508.0,3139.0,25.0,43.0,53.0,26.3,70.0,1,cooking_fume
2507.0,3139.0,26.0,43.0,53.0,26.3,70.1,1,cooking_fume
2508.0,3139.0,26.0,43.0,52.0,26.3,70.1,1,cooking_fume
2509.0,3139.0,24.0,42.0,52.0,26.4,69.8,1,cooking_fume
2506.0,3139.0,24.0,43.0,52.0,26.4,69.8,1,cooking_fume
2508.0,3139.0,26.0,45.0,55.0,26.4,69.9,1,cooking_fume
2508.0,3139.0,25.0,44.0,54.0,26.4,69.7,1,cooking_fume
2509.0,3139.0,26.0,44.0,53.0,26.4,69.5,1,cooking_fume
2507.0,3139.0,26.0,43.0,53.0,26.5,69.3,1,cooking_fume
2509.0,3139.0,26.0,42.0,52.0,26.5,69.3,1,cooking_fume
2509.0,3139.0,25.0,41.0,51.0,26.5,69.4,1,cooking_fume
2509.0,3139.0,26.0,43.0,54.0,26.5,69.6,1,cooking_fume
2510.0,3139.0,26.0,43.0,54.0,26.5,69.4,1,cooking_fume
2508.0,3139.0,25.0,42.0,53.0,26.5,69.2,1,cooking_fume
2510.0,3139.0,26.0,43.0,54.0,26.6,69.3,1,cooking_fume
2508.0,3139.0,26.0,43.0,53.0,26.6,69.4,1,cooking_fume
2509.0,3139.0,25.0,43.0,53.0,26.6,69.2,1,cooking_fume
2510.0,3139.0,26.0,43.0,53.0,26.6,69.0,1,cooking_fume
2508.0,3139.0,27.0,44.0,55.0,26.6,68.8,1,cooking_fume
2508.0,3139.0,27.0,46.0,57.0,26.6,68.6,1,cooking_fume
2507.0,3139.0,27.0,46.0,57.0,26.7,68.4,1,cooking_fume
2507.0,3139.0,27.0,46.0,58.0,26.7,68.5,1,cooking_fume
2507.0,3139.0,27.0,47.0,59.0,26.7,68.4,1,cooking_fume
2508.0,3139.0,28.0,47.0,60.0,26.7,68.1,1,cooking_fume
2509.0,3139.0,28.0,47.0,60.0,26.7,68.1,1,cooking_fume
2506.0,3139.0,29.0,48.0,61.0,26.7,68.0,1,cooking_fume
2508.0,3139.0,29.0,48.0,60.0,26.7,67.9,1,cooking_fume
2509.0,3139.0,30.0,49.0,59.0,26.8,67.9,1,cooking_fume
2507.0,3139.0,30.0,49.0,60.0,26.7,67.8,1,cooking_fume
2509.0,3139.0,31.0,50.0,62.0,26.8,67.7,1,cooking_fume
2508.0,3139.0,30.0,49.0,61.0,26.8,67.9,1,cooking_fume
2507.0,3139.0,30.0,47.0,59.0,26.8,67.8,1,cooking_fume
2509.0,3139.0,31.0,48.0,60.0,26.8,67.7,1,cooking_fume
2509.0,3139.0,30.0,48.0,60.0,26.8,67.8,1,cooking_fume
2508.0,3139.0,30.0,48.0,59.0,26.8,67.6,1,cooking_fume
2507.0,3139.0,30.0,48.0,59.0,26.8,67.3,1,cooking_fume
2509.0,3139.0,29.0,47.0,59.0,26.8,67.4,1,cooking_fume
2511.0,3139.0,29.0,48.0,59.0,26.9,67.8,1,cooking_fume
2509.0,3139.0,30.0,50.0,62.0,26.9,67.9,1,cooking_fume
2509.0,3139.0,31.0,51.0,64.0,26.9,68.1,1,cooking_fume
2510.0,3139.0,30.0,51.0,65.0,26.9,68.0,1,cooking_fume
2508.0,3139.0,31.0,52.0,67.0,26.9,67.8,1,cooking_fume
2507.0,3139.0,33.0,53.0,68.0,26.9,67.6,1,cooking_fume
2507.0,3139.0,32.0,55.0,69.0,27.0,67.3,1,cooking_fume
2508.0,3139.0,34.0,57.0,70.0,26.9,67.2,1,cooking_fume
2507.0,3139.0,33.0,57.0,69.0,27.0,67.1,1,cooking_fume
2508.0,3139.0,34.0,58.0,70.0,27.0,67.0,1,cooking_fume
2509.0,3139.0,34.0,60.0,70.0,27.0,67.5,1,cooking_fume
2505.0,3139.0,34.0,60.0,71.0,27.0,67.6,1,cooking_fume
2509.0,3139.0,35.0,62.0,72.0,27.0,67.6,1,cooking_fume
2509.0,3139.0,34.0,61.0,72.0,27.0,67.5,1,cooking_fume
2510.0,3139.0,36.0,64.0,74.0,27.0,67.1,1,cooking_fume
2507.0,3139.0,36.0,65.0,75.0,27.0,67.3,1,cooking_fume
2508.0,3139.0,38.0,66.0,75.0,27.1,67.1,1,cooking_fume
2508.0,3139.0,37.0,65.0,74.0,27.1,66.8,1,cooking_fume
2510.0,3139.0,38.0,66.0,74.0,27.1,66.6,1,cooking_fume
2508.0,3139.0,35.0,65.0,73.0,27.1,66.3,1,cooking_fume
2508.0,3139.0,36.0,66.0,74.0,27.1,66.4,1,cooking_fume
2508.0,3139.0,37.0,65.0,73.0,27.1,66.3,1,cooking_fume
2508.0,3139.0,38.0,64.0,73.0,27.1,66.3,1,cooking_fume
2507.0,3139.0,39.0,65.0,74.0,27.1,66.2,1,cooking_fume
2508.0,3139.0,39.0,65.0,73.0,27.1,66.3,1,cooking_fume
2509.0,3139.0,39.0,66.0,73.0,27.1,66.1,1,cooking_fume
2507.0,3139.0,40.0,67.0,74.0,27.2,66.1,1,cooking_fume
2507.0,3139.0,39.0,65.0,73.0,27.2,66.1,1,cooking_fume
2507.0,3139.0,40.0,66.0,74.0,27.2,66.2,1,cooking_fume
2504.0,3139.0,39.0,65.0,74.0,27.2,66.2,1,cooking_fume
2508.0,3139.0,39.0,67.0,74.0,27.2,66.0,1,cooking_fume
2510.0,3139.0,40.0,68.0,75.0,27.2,65.9,1,cooking_fume
2507.0,3139.0,38.0,65.0,73.0,27.2,65.7,1,cooking_fume
2506.0,3139.0,35.0,63.0,72.0,27.2,65.6,1,cooking_fume
2507.0,3139.0,34.0,61.0,70.0,27.3,65.5,1,cooking_fume
2509.0,3139.0,34.0,60.0,69.0,27.2,65.5,1,cooking_fume
2505.0,3139.0,34.0,60.0,69.0,27.3,65.6,1,cooking_fume
2508.0,3139.0,34.0,60.0,69.0,27.3,65.9,1,cooking_fume
2506.0,3139.0,35.0,60.0,70.0,27.3,66.0,1,cooking_fume
2508.0,3139.0,35.0,60.0,70.0,27.3,65.9,1,cooking_fume
2509.0,3139.0,37.0,61.0,71.0,27.3,65.7,1,cooking_fume
2509.0,3139.0,38.0,64.0,72.0,27.3,65.7,1,cooking_fume
2507.0,3139.0,42.0,72.0,78.0,27.3,65.6,1,cooking_fume
2507.0,3139.0,45.0,76.0,81.0,27.3,65.5,1,cooking_fume
2508.0,3139.0,47.0,79.0,84.0,27.3,65.4,1,cooking_fume
2507.0,3139.0,48.0,80.0,85.0,27.3,65.4,1,cooking_fume
2508.0,3139.0,52.0,86.0,90.0,27.4,65.3,1,cooking_fume
2506.0,3139.0,53.0,86.0,90.0,27.3,65.2,1,cooking_fume
2507.0,3139.0,52.0,85.0,89.0,27.3,65.2,1,cooking_fume
2507.0,3139.0,51.0,83.0,86.0,27.4,65.3,1,cooking_fume
2509.0,3139.0,51.0,82.0,85.0,27.4,65.0,1,cooking_fume
2509.0,3139.0,50.0,80.0,83.0,27.4,65.0,1,cooking_fume
2507.0,3139.0,49.0,79.0,81.0,27.4,65.0,1,cooking_fume
2508.0,3139.0,49.0,79.0,80.0,27.4,64.9,1,cooking_fume
2506.0,3139.0,48.0,78.0,80.0,27.4,64.8,1,cooking_fume
2506.0,3139.0,47.0,78.0,81.0,27.4,64.9,1,cooking_fume
2507.0,3139.0,47.0,77.0,80.0,27.4,64.7,1,cooking_fume
2508.0,3139.0,48.0,77.0,79.0,27.4,64.6,1,cooking_fume
2510.0,3139.0,46.0,74.0,77.0,27.4,64.6,1,cooking_fume
2509.0,3139.0,45.0,73.0,76.0,27.4,64.5,1,cooking_fume
2508.0,3139.0,44.0,72.0,77.0,27.4,64.5,1,cooking_fume
2507.0,3139.0,42.0,70.0,75.0,27.5,64.4,1,cooking_fume
2507.0,3139.0,41.0,68.0,74.0,27.5,64.3,1,cooking_fume
2507.0,3139.0,42.0,70.0,76.0,27.5,64.2,1,cooking_fume
2506.0,3139.0,41.0,69.0,75.0,27.5,64.3,1,cooking_fume
2508.0,3139.0,42.0,70.0,76.0,27.5,64.4,1,cooking_fume
2507.0,3139.0,42.0,67.0,75.0,27.5,64.3,1,cooking_fume
2507.0,3139.0,42.0,66.0,74.0,27.5,64.3,1,cooking_fume
2507.0,3139.0,40.0,65.0,73.0,27.5,64.3,1,cooking_fume
2507.0,3139.0,39.0,64.0,72.0,27.5,64.3,1,cooking_fume
2508.0,3139.0,40.0,64.0,73.0,27.5,64.1,1,cooking_fume
2508.0,3139.0,39.0,64.0,73.0,27.6,64.2,1,cooking_fume
2507.0,3139.0,38.0,63.0,72.0,27.5,64.4,1,cooking_fume
2506.0,3139.0,37.0,63.0,71.0,27.6,64.7,1,cooking_fume
2508.0,3139.0,37.0,61.0,71.0,27.5,64.4,1,cooking_fume
2508.0,3139.0,37.0,61.0,71.0,27.5,64.2,1,cooking_fume
2507.0,3139.0,38.0,62.0,72.0,27.6,64.2,1,cooking_fume
2508.0,3139.0,36.0,61.0,71.0,27.6,64.2,1,cooking_fume
2510.0,3139.0,35.0,60.0,70.0,27.6,64.1,1,cooking_fume
2507.0,3139.0,34.0,59.0,69.0,27.6,64.2,1,cooking_fume
2508.0,3139.0,34.0,59.0,69.0,27.6,64.0,1,cooking_fume
2508.0,3139.0,35.0,60.0,71.0,27.6,64.4,1,cooking_fume
2507.0,3139.0,34.0,59.0,69.0,27.6,64.1,1,cooking_fume
2506.0,3139.0,35.0,58.0,70.0,27.6,64.1,1,cooking_fume
2509.0,3139.0,34.0,58.0,70.0,27.6,64.1,1,cooking_fume
2508.0,3139.0,33.0,56.0,69.0,27.6,64.3,1,cooking_fume
2507.0,3139.0,33.0,56.0,69.0,27.6,64.4,1,cooking_fume
2507.0,3139.0,34.0,56.0,70.0,27.6,64.5,1,cooking_fume
2507.0,3139.0,33.0,55.0,68.0,27.6,64.4,1,cooking_fume
2508.0,3139.0,33.0,55.0,68.0,27.7,64.1,1,cooking_fume
2513.0,3139.0,33.0,55.0,67.0,27.7,63.9,1,cooking_fume
2508.0,3139.0,34.0,56.0,68.0,27.7,63.9,1,cooking_fume
2506.0,3139.0,33.0,55.0,67.0,27.6,63.8,1,cooking_fume
2509.0,3139.0,34.0,56.0,68.0,27.6,63.9,1,cooking_fume
2510.0,3139.0,34.0,56.0,68.0,27.7,63.8,1,cooking_fume
2508.0,3139.0,33.0,55.0,66.0,27.7,63.8,1,cooking_fume
2509.0,3139.0,34.0,55.0,67.0,27.7,63.8,1,cooking_fume
2510.0,3139.0,34.0,56.0,68.0,27.7,63.7,1,cooking_fume
2507.0,3139.0,34.0,56.0,68.0,27.7,63.6,1,cooking_fume
2510.0,3139.0,33.0,55.0,67.0,27.7,63.6,1,cooking_fume
2508.0,3139.0,33.0,55.0,67.0,27.7,63.6,1,cooking_fume
2509.0,3139.0,33.0,56.0,67.0,27.7,63.5,1,cooking_fume
2507.0,3139.0,34.0,59.0,69.0,27.7,63.7,1,cooking_fume
2509.0,3139.0,33.0,59.0,69.0,27.7,63.6,1,cooking_fume
2510.0,3139.0,35.0,62.0,70.0,27.7,63.7,1,cooking_fume
2508.0,3139.0,36.0,64.0,72.0,27.7,63.6,1,cooking_fume
2509.0,3139.0,38.0,67.0,74.0,27.7,63.4,1,cooking_fume
2509.0,3139.0,40.0,70.0,76.0,27.7,63.4,1,cooking_fume
2506.0,3139.0,40.0,71.0,77.0,27.7,63.4,1,cooking_fume
2508.0,3139.0,42.0,74.0,78.0,27.7,63.5,1,cooking_fume
2507.0,3139.0,43.0,76.0,80.0,27.8,63.8,1,cooking_fume
2507.0,3139.0,43.0,75.0,80.0,27.8,63.8,1,cooking_fume
2510.0,3139.0,44.0,77.0,83.0,27.7,63.5,1,cooking_fume
2507.0,3139.0,44.0,78.0,84.0,27.7,63.3,1,cooking_fume
2508.0,3139.0,42.0,77.0,83.0,27.8,63.0,1,cooking_fume
2509.0,3139.0,42.0,78.0,83.0,27.7,63.1,1,cooking_fume
2507.0,3139.0,42.0,78.0,83.0,27.8,63.0,1,cooking_fume
2508.0,3139.0,42.0,79.0,84.0,27.8,63.0,1,cooking_fume
2506.0,3139.0,44.0,79.0,84.0,27.8,63.1,1,cooking_fume
2508.0,3139.0,42.0,78.0,83.0,27.8,63.0,1,cooking_fume
2507.0,3139.0,42.0,77.0,83.0,27.8,63.1,1,cooking_fume
2509.0,3139.0,42.0,79.0,84.0,27.8,62.9,1,cooking_fume
2508.0,3139.0,41.0,77.0,82.0,27.8,62.9,1,cooking_fume
2509.0,3139.0,41.0,76.0,80.0,27.8,62.9,1,cooking_fume
2507.0,3139.0,41.0,74.0,79.0,27.8,62.8,1,cooking_fume
2507.0,3139.0,40.0,73.0,78.0,27.8,62.8,1,cooking_fume
2507.0,3139.0,41.0,72.0,78.0,27.8,62.9,1,cooking_fume
2507.0,3139.0,41.0,73.0,78.0,27.8,62.7,1,cooking_fume
2509.0,3139.0,40.0,72.0,79.0,27.8,62.9,1,cooking_fume
2506.0,3139.0,39.0,70.0,76.0,27.8,62.8,1,cooking_fume
2507.0,3139.0,39.0,69.0,76.0,27.9,62.9,1,cooking_fume
2508.0,3139.0,39.0,69.0,76.0,27.8,62.9,1,cooking_fume
2508.0,3139.0,39.0,69.0,76.0,27.8,63.0,1,cooking_fume
2508.0,3139.0,38.0,67.0,76.0,27.9,62.9,1,cooking_fume
2508.0,3139.0,38.0,66.0,75.0,27.9,62.9,1,cooking_fume
2509.0,3139.0,38.0,66.0,75.0,27.8,62.7,1,cooking_fume
2507.0,3139.0,38.0,66.0,75.0,27.9,62.9,1,cooking_fume
2508.0,3139.0,38.0,67.0,75.0,27.9,62.8,1,cooking_fume
2506.0,3139.0,38.0,67.0,74.0,27.8,62.8,1,cooking_fume
2507.0,3139.0,38.0,66.0,74.0,27.9,62.7,1,cooking_fume
2509.0,3139.0,37.0,65.0,74.0,27.9,62.7,1,cooking_fume
2507.0,3139.0,38.0,66.0,75.0,27.9,63.0,1,cooking_fume
2507.0,3139.0,38.0,66.0,75.0,27.9,63.1,1,cooking_fume
2506.0,3139.0,35.0,65.0,74.0,27.9,63.2,1,cooking_fume
2509.0,3139.0,35.0,64.0,74.0,27.9,63.1,1,cooking_fume
2508.0,3139.0,35.0,63.0,73.0,27.9,63.1,1,cooking_fume
2508.0,3139.0,35.0,62.0,73.0,27.9,62.9,1,cooking_fume
2506.0,3139.0,35.0,62.0,73.0,27.9,62.8,1,cooking_fume
2507.0,3139.0,35.0,61.0,72.0,27.9,62.8,1,cooking_fume
2507.0,3139.0,35.0,60.0,72.0,27.9,62.8,1,cooking_fume
2506.0,3139.0,33.0,58.0,70.0,27.9,62.9,1,cooking_fume
2508.0,3139.0,34.0,58.0,70.0,27.9,62.8,1,cooking_fume
2507.0,3139.0,34.0,58.0,70.0,27.9,62.7,1,cooking_fume
2507.0,3139.0,33.0,57.0,69.0,27.9,62.8,1,cooking_fume
2509.0,3139.0,33.0,57.0,69.0,27.9,62.5,1,cooking_fume
2507.0,3139.0,34.0,58.0,70.0,27.9,62.5,1,cooking_fume
2507.0,3139.0,33.0,57.0,69.0,27.9,62.6,1,cooking_fume
2508.0,3139.0,34.0,58.0,69.0,27.9,62.7,1,cooking_fume
2506.0,3139.0,34.0,59.0,69.0,27.9,62.8,1,cooking_fume
2506.0,3139.0,33.0,59.0,69.0,27.9,62.8,1,cooking_fume
2509.0,3139.0,33.0,59.0,69.0,27.9,62.8,1,cooking_fume
2508.0,3139.0,32.0,58.0,69.0,28.0,62.6,1,cooking_fume
2507.0,3139.0,33.0,57.0,69.0,28.0,62.6,1,cooking_fume
2506.0,3139.0,32.0,55.0,67.0,28.0,62.5,1,cooking_fume
2506.0,3139.0,32.0,53.0,66.0,28.0,62.4,1,cooking_fume
2509.0,3139.0,31.0,52.0,66.0,28.0,62.4,1,cooking_fume
2509.0,3139.0,32.0,52.0,66.0,28.0,62.3,1,cooking_fume
2508.0,3139.0,32.0,52.0,66.0,28.0,62.2,1,cooking_fume
2508.0,3139.0,31.0,51.0,64.0,28.0,62.4,1,cooking_fume
2509.0,3139.0,31.0,51.0,63.0,28.0,62.4,1,cooking_fume
2508.0,3139.0,32.0,52.0,64.0,28.0,62.3,1,cooking_fume
2509.0,3139.0,31.0,52.0,64.0,28.0,62.2,1,cooking_fume
2509.0,3139.0,30.0,51.0,63.0,28.0,62.1,1,cooking_fume
2508.0,3139.0,30.0,51.0,64.0,28.0,62.1,1,cooking_fume
2508.0,3139.0,31.0,52.0,66.0,28.0,62.1,1,cooking_fume
2508.0,3139.0,30.0,52.0,64.0,28.0,62.0,1,cooking_fume
2507.0,3139.0,30.0,51.0,63.0,28.0,61.9,1,cooking_fume
2505.0,3139.0,30.0,51.0,62.0,28.0,61.8,1,cooking_fume
2508.0,3139.0,31.0,50.0,62.0,28.0,62.1,1,cooking_fume
2509.0,3139.0,30.0,49.0,61.0,28.1,62.4,1,cooking_fume
2506.0,3139.0,29.0,49.0,61.0,28.0,62.3,1,cooking_fume
2509.0,3139.0,30.0,51.0,62.0,28.0,62.2,1,cooking_fume
2507.0,3139.0,31.0,51.0,63.0,28.0,62.1,1,cooking_fume
2508.0,3139.0,31.0,51.0,63.0,28.0,62.1,1,cooking_fume
2509.0,3139.0,30.0,49.0,62.0,28.0,62.3,1,cooking_fume
2509.0,3139.0,30.0,50.0,62.0,28.0,62.3,1,cooking_fume
2509.0,3139.0,30.0,50.0,64.0,28.1,62.5,1,cooking_fume
2508.0,3139.0,31.0,51.0,64.0,28.0,62.5,1,cooking_fume
2509.0,3139.0,30.0,50.0,63.0,28.0,62.4,1,cooking_fume
2506.0,3139.0,31.0,51.0,64.0,28.1,62.4,1,cooking_fume
2508.0,3139.0,31.0,51.0,64.0,28.0,62.5,1,cooking_fume
2509.0,3139.0,30.0,51.0,64.0,28.0,62.4,1,cooking_fume
2509.0,3139.0,29.0,50.0,63.0,28.1,62.4,1,cooking_fume
2508.0,3139.0,30.0,51.0,64.0,28.1,62.4,1,cooking_fume
2508.0,3139.0,30.0,50.0,63.0,28.1,62.9,1,cooking_fume
2510.0,3139.0,30.0,50.0,63.0,28.0,62.9,1,cooking_fume
2510.0,3139.0,30.0,51.0,64.0,28.1,62.7,1,cooking_fume
2509.0,3139.0,29.0,50.0,63.0,28.1,62.5,1,cooking_fume
2510.0,3139.0,30.0,51.0,63.0,28.1,62.4,1,cooking_fume
2508.0,3139.0,31.0,51.0,62.0,28.1,62.5,1,cooking_fume
2507.0,3139.0,29.0,50.0,61.0,28.0,62.5,1,cooking_fume
2508.0,3139.0,29.0,49.0,61.0,28.1,62.5,1,cooking_fume
2507.0,3139.0,30.0,50.0,61.0,28.1,62.5,1,cooking_fume
2508.0,3139.0,30.0,50.0,61.0,28.1,62.4,1,cooking_fume
2506.0,3139.0,29.0,50.0,61.0,28.1,62.4,1,cooking_fume
2507.0,3139.0,29.0,50.0,62.0,28.1,62.3,1,cooking_fume
2507.0,3139.0,30.0,50.0,62.0,28.1,62.3,1,cooking_fume
2508.0,3139.0,29.0,49.0,62.0,28.1,62.3,1,cooking_fume
2508.0,3139.0,29.0,49.0,61.0,28.1,62.1,1,cooking_fume
2506.0,3139.0,30.0,50.0,62.0,28.1,62.2,1,cooking_fume
2510.0,3139.0,29.0,49.0,61.0,28.1,61.9,1,cooking_fume
2509.0,3139.0,29.0,49.0,60.0,28.1,61.9,1,cooking_fume
2508.0,3139.0,29.0,49.0,61.0,28.1,61.9,1,cooking_fume
2508.0,3139.0,30.0,48.0,60.0,28.1,61.8,1,cooking_fume
2508.0,3139.0,29.0,46.0,58.0,28.1,61.9,1,cooking_fume
2508.0,3139.0,30.0,47.0,60.0,28.1,61.8,1,cooking_fume
2508.0,3139.0,30.0,48.0,60.0,28.1,61.8,1,cooking_fume
2509.0,3139.0,29.0,48.0,60.0,28.1,61.9,1,cooking_fume
2507.0,3139.0,28.0,46.0,58.0,28.1,61.8,1,cooking_fume
2509.0,3139.0,29.0,47.0,58.0,28.1,61.7,1,cooking_fume
2506.0,3139.0,28.0,46.0,58.0,28.1,61.8,1,cooking_fume
2506.0,3139.0,28.0,47.0,59.0,28.1,61.9,1,cooking_fume
2508.0,3139.0,27.0,46.0,58.0,28.1,61.8,1,cooking_fume
2506.0,3139.0,28.0,47.0,57.0,28.1,61.8,1,cooking_fume
2508.0,3139.0,27.0,46.0,56.0,28.1,61.7,1,cooking_fume
2506.0,3139.0,27.0,45.0,55.0,28.1,61.8,1,cooking_fume
2507.0,3139.0,28.0,46.0,56.0,28.1,61.8,1,cooking_fume
2507.0,3139.0,27.0,45.0,55.0,28.1,61.7,1,cooking_fume
2507.0,3139.0,28.0,46.0,57.0,28.1,61.8,1,cooking_fume
2507.0,3139.0,28.0,46.0,57.0,28.1,61.8,1,cooking_fume
2507.0,3139.0,27.0,46.0,56.0,28.1,61.9,1,cooking_fume
2509.0,3139.0,27.0,46.0,56.0,28.1,61.7,1,cooking_fume
2506.0,3139.0,28.0,47.0,57.0,28.1,61.9,1,cooking_fume
2507.0,3139.0,28.0,47.0,57.0,28.1,62.0,1,cooking_fume
2508.0,3139.0,28.0,46.0,58.0,28.1,61.9,1,cooking_fume
2507.0,3139.0,28.0,46.0,58.0,28.1,61.9,1,cooking_fume
2509.0,3139.0,28.0,46.0,57.0,28.1,61.9,1,cooking_fume
2509.0,3139.0,27.0,45.0,56.0,28.1,61.9,1,cooking_fume
2507.0,3139.0,28.0,45.0,56.0,28.2,61.7,1,cooking_fume
2507.0,3139.0,27.0,44.0,55.0,28.1,61.6,1,cooking_fume
2508.0,3139.0,28.0,45.0,56.0,28.1,61.9,1,cooking_fume
2507.0,3139.0,28.0,45.0,55.0,28.1,61.9,1,cooking_fume
2506.0,3139.0,28.0,45.0,55.0,28.1,61.7,1,cooking_fume
2508.0,3139.0,28.0,46.0,55.0,28.2,61.8,1,cooking_fume
2507.0,3139.0,28.0,46.0,56.0,28.1,61.8,1,cooking_fume
2507.0,3139.0,27.0,45.0,55.0,28.1,61.8,1,cooking_fume
2509.0,3139.0,28.0,46.0,57.0,28.1,61.8,1,cooking_fume
2507.0,3139.0,27.0,45.0,56.0,28.2,61.7,1,cooking_fume
2507.0,3139.0,27.0,46.0,56.0,28.1,61.7,1,cooking_fume
2508.0,3139.0,28.0,47.0,58.0,28.2,61.8,1,cooking_fume
2507.0,3139.0,27.0,45.0,55.0,28.2,62.0,1,cooking_fume
2507.0,3139.0,27.0,45.0,55.0,28.2,62.1,1,cooking_fume
2511.0,3139.0,28.0,46.0,55.0,28.2,62.0,1,cooking_fume
2508.0,3139.0,28.0,45.0,55.0,28.2,62.1,1,cooking_fume
2507.0,3139.0,28.0,44.0,54.0,28.1,61.9,1,cooking_fume
2506.0,3139.0,26.0,43.0,52.0,28.1,61.8,1,cooking_fume
2508.0,3139.0,27.0,44.0,53.0,28.2,61.6,1,cooking_fume
2507.0,3139.0,27.0,44.0,54.0,28.2,61.6,1,cooking_fume
2506.0,3139.0,28.0,44.0,55.0,28.2,61.7,1,cooking_fume
2507.0,3139.0,27.0,43.0,54.0,28.2,61.5,1,cooking_fume
2508.0,3139.0,27.0,44.0,54.0,28.2,61.8,1,cooking_fume
2509.0,3139.0,27.0,44.0,54.0,28.2,61.6,1,cooking_fume
2508.0,3139.0,28.0,46.0,56.0,28.2,61.9,1,cooking_fume
2508.0,3139.0,27.0,44.0,55.0,28.2,61.8,1,cooking_fume
2506.0,3139.0,28.0,45.0,55.0,28.2,61.5,1,cooking_fume
2508.0,3139.0,27.0,44.0,54.0,28.2,61.6,1,cooking_fume
2507.0,3139.0,28.0,44.0,55.0,28.2,61.5,1,cooking_fume
2508.0,3139.0,27.0,43.0,54.0,28.2,61.6,1,cooking_fume
2505.0,3139.0,28.0,44.0,55.0,28.2,61.6,1,cooking_fume
2509.0,3139.0,28.0,44.0,55.0,28.2,61.2,1,cooking_fume
2507.0,3139.0,28.0,44.0,55.0,28.2,61.3,1,cooking_fume
2505.0,3139.0,27.0,43.0,54.0,28.2,61.3,1,cooking_fume
2509.0,3139.0,27.0,43.0,54.0,28.2,61.3,1,cooking_fume
2509.0,3139.0,27.0,43.0,53.0,28.2,61.3,1,cooking_fume
2509.0,3139.0,26.0,42.0,51.0,28.1,61.2,1,cooking_fume
2507.0,3139.0,26.0,41.0,50.0,28.2,61.3,1,cooking_fume
2508.0,3139.0,27.0,42.0,52.0,28.2,61.0,1,cooking_fume
2508.0,3139.0,28.0,43.0,53.0,28.2,61.0,1,cooking_fume
2507.0,3139.0,27.0,43.0,53.0,28.2,61.1,1,cooking_fume
2507.0,3139.0,27.0,44.0,53.0,28.2,61.3,1,cooking_fume
2508.0,3139.0,26.0,43.0,52.0,28.2,61.0,1,cooking_fume
2508.0,3139.0,26.0,44.0,53.0,28.2,60.8,1,cooking_fume
2512.0,3139.0,25.0,43.0,51.0,28.2,60.7,1,cooking_fume
2508.0,3139.0,25.0,43.0,51.0,28.2,60.9,1,cooking_fume
2512.0,3139.0,26.0,44.0,52.0,28.2,60.6,1,cooking_fume
2509.0,3139.0,25.0,43.0,52.0,28.2,60.7,1,cooking_fume
2507.0,3139.0,25.0,43.0,53.0,28.2,60.8,1,cooking_fume
2507.0,3139.0,25.0,43.0,52.0,28.2,61.1,1,cooking_fume
2509.0,3139.0,24.0,41.0,50.0,28.2,61.1,1,cooking_fume
2508.0,3139.0,24.0,41.0,49.0,28.2,61.2,1,cooking_fume
2510.0,3139.0,25.0,42.0,50.0,28.2,60.9,1,cooking_fume
2508.0,3139.0,26.0,42.0,50.0,28.2,61.1,1,cooking_fume
2508.0,3139.0,26.0,42.0,51.0,28.2,60.8,1,cooking_fume
2509.0,3139.0,26.0,42.0,52.0,28.2,61.2,1,cooking_fume
2509.0,3139.0,25.0,42.0,52.0,28.2,61.0,1,cooking_fume
2506.0,3139.0,26.0,43.0,53.0,28.2,61.2,1,cooking_fume
2509.0,3139.0,25.0,41.0,51.0,28.2,61.2,1,cooking_fume
2508.0,3139.0,25.0,41.0,50.0,28.2,61.3,1,cooking_fume
2510.0,3139.0,24.0,41.0,48.0,28.2,61.3,1,cooking_fume
2507.0,3139.0,24.0,41.0,49.0,28.2,60.9,1,cooking_fume
2508.0,3139.0,25.0,41.0,49.0,28.2,61.2,1,cooking_fume
2507.0,3139.0,25.0,41.0,49.0,28.2,61.3,1,cooking_fume
2508.0,3139.0,26.0,41.0,49.0,28.2,61.0,1,cooking_fume
2507.0,3139.0,26.0,41.0,49.0,28.2,61.2,1,cooking_fume
2508.0,3139.0,25.0,41.0,48.0,28.2,61.2,1,cooking_fume
2507.0,3139.0,26.0,42.0,50.0,28.2,61.2,1,cooking_fume
2506.0,3139.0,26.0,42.0,50.0,28.2,61.2,1,cooking_fume
2508.0,3139.0,25.0,41.0,49.0,28.2,61.0,1,cooking_fume
2507.0,3139.0,25.0,41.0,49.0,28.2,61.0,1,cooking_fume
2509.0,3139.0,25.0,41.0,49.0,28.2,61.1,1,cooking_fume
2506.0,3139.0,25.0,41.0,49.0,28.2,61.1,1,cooking_fume
2506.0,3139.0,25.0,41.0,49.0,28.2,61.1,1,cooking_fume
2507.0,3139.0,25.0,42.0,50.0,28.2,60.8,1,cooking_fume
2508.0,3139.0,23.0,41.0,48.0,28.2,60.8,1,cooking_fume
2509.0,3139.0,23.0,40.0,48.0,28.2,60.7,1,cooking_fume
2508.0,3139.0,24.0,41.0,49.0,28.2,60.8,1,cooking_fume
2511.0,3139.0,23.0,40.0,48.0,28.2,61.0,1,cooking_fume
2507.0,3139.0,23.0,41.0,49.0,28.2,61.2,1,cooking_fume
2506.0,3139.0,22.0,40.0,48.0,28.2,61.4,1,cooking_fume
2509.0,3139.0,23.0,41.0,49.0,28.2,61.4,1,cooking_fume
2508.0,3139.0,24.0,41.0,49.0,28.2,61.4,1,cooking_fume
2508.0,3139.0,23.0,40.0,48.0,28.2,61.3,1,cooking_fume
2506.0,3139.0,23.0,40.0,48.0,28.2,61.0,1,cooking_fume
2510.0,3139.0,23.0,40.0,48.0,28.2,61.0,1,cooking_fume
2509.0,3139.0,24.0,41.0,49.0,28.2,60.9,1,cooking_fume
2511.0,3139.0,23.0,40.0,48.0,28.2,61.0,1,cooking_fume
2509.0,3139.0,24.0,42.0,49.0,28.2,60.9,1,cooking_fume
2507.0,3139.0,24.0,42.0,49.0,28.2,61.0,1,cooking_fume
2507.0,3139.0,23.0,40.0,47.0,28.2,61.0,1,cooking_fume
2507.0,3139.0,23.0,40.0,47.0,28.2,60.8,1,cooking_fume
2510.0,3139.0,23.0,40.0,47.0,28.2,60.8,1,cooking_fume
2509.0,3139.0,23.0,40.0,47.0,28.2,60.8,1,cooking_fume
2510.0,3139.0,23.0,40.0,47.0,28.2,60.9,1,cooking_fume
2510.0,3139.0,22.0,39.0,46.0,28.2,60.8,1,cooking_fume
2509.0,3139.0,23.0,39.0,46.0,28.2,60.8,1,cooking_fume
2508.0,3139.0,24.0,40.0,47.0,28.2,60.7,1,cooking_fume
2507.0,3139.0,23.0,39.0,46.0,28.2,60.7,1,cooking_fume
2510.0,3139.0,25.0,41.0,48.0,28.2,60.5,1,cooking_fume
2507.0,3139.0,24.0,41.0,49.0,28.2,60.6,1,cooking_fume
2508.0,3139.0,24.0,41.0,49.0,28.3,60.6,1,cooking_fume
2506.0,3139.0,24.0,41.0,49.0,28.2,60.6,1,cooking_fume
2511.0,3139.0,24.0,41.0,49.0,28.2,60.6,1,cooking_fume
2510.0,3139.0,23.0,41.0,49.0,28.2,60.8,1,cooking_fume
2508.0,3139.0,23.0,41.0,49.0,28.2,60.7,1,cooking_fume
2507.0,3139.0,24.0,41.0,49.0,28.2,60.7,1,cooking_fume
2507.0,3139.0,24.0,41.0,49.0,28.2,60.6,1,cooking_fume
2508.0,3139.0,24.0,41.0,48.0,28.2,60.5,1,cooking_fume
2509.0,3139.0,23.0,40.0,47.0,28.2,60.8,1,cooking_fume
2508.0,3139.0,23.0,40.0,47.0,28.2,60.7,1,cooking_fume
2509.0,3139.0,23.0,40.0,47.0,28.2,60.7,1,cooking_fume
2509.0,3139.0,23.0,40.0,46.0,28.2,60.6,1,cooking_fume
2506.0,3139.0,23.0,39.0,46.0,28.2,60.8,1,cooking_fume
2509.0,3139.0,24.0,40.0,46.0,28.2,60.7,1,cooking_fume
2507.0,3139.0,24.0,40.0,47.0,28.3,60.6,1,cooking_fume
2507.0,3139.0,24.0,40.0,48.0,28.2,60.6,1,cooking_fume
2510.0,3139.0,23.0,40.0,47.0,28.2,60.3,1,cooking_fume
2507.0,3139.0,24.0,41.0,48.0,28.2,60.5,1,cooking_fume
2508.0,3139.0,23.0,40.0,48.0,28.2,60.6,1,cooking_fume
2508.0,3139.0,25.0,41.0,49.0,28.3,60.7,1,cooking_fume
2510.0,3139.0,24.0,40.0,48.0,28.2,61.1,1,cooking_fume
2509.0,3139.0,23.0,40.0,48.0,28.3,61.0,1,cooking_fume
2508.0,3139.0,23.0,39.0,48.0,28.3,61.0,1,cooking_fume
2509.0,3139.0,24.0,40.0,49.0,28.2,60.9,1,cooking_fume
2509.0,3139.0,24.0,40.0,49.0,28.2,61.2,1,cooking_fume
2508.0,3139.0,24.0,41.0,49.0,28.2,61.2,1,cooking_fume
2508.0,3139.0,23.0,40.0,47.0,28.3,61.2,1,cooking_fume
2507.0,3139.0,24.0,40.0,47.0,28.2,61.2,1,cooking_fume
2509.0,3139.0,24.0,40.0,48.0,28.2,61.3,1,cooking_fume
2505.0,3139.0,23.0,40.0,48.0,28.3,61.2,1,cooking_fume
2506.0,3139.0,24.0,41.0,49.0,28.3,61.0,1,cooking_fume
2509.0,3139.0,23.0,40.0,49.0,28.3,60.9,1,cooking_fume
2506.0,3139.0,25.0,42.0,50.0,28.3,61.2,1,cooking_fume
2507.0,3139.0,24.0,41.0,49.0,28.3,61.2,1,cooking_fume
2510.0,3139.0,24.0,41.0,49.0,28.2,61.0,1,cooking_fume
2507.0,3139.0,24.0,40.0,47.0,28.3,61.3,1,cooking_fume
2509.0,3139.0,24.0,40.0,47.0,28.2,61.1,1,cooking_fume
2506.0,3139.0,23.0,39.0,46.0,28.3,61.1,1,cooking_fume
2508.0,3139.0,23.0,39.0,47.0,28.3,61.1,1,cooking_fume
2508.0,3139.0,24.0,41.0,49.0,28.3,61.1,1,cooking_fume
2509.0,3139.0,24.0,41.0,49.0,28.2,61.1,1,cooking_fume
2508.0,3139.0,24.0,41.0,49.0,28.3,61.0,1,cooking_fume
2509.0,3139.0,24.0,41.0,49.0,28.2,60.9,1,cooking_fume
2507.0,3139.0,25.0,42.0,50.0,28.3,60.9,1,cooking_fume
2508.0,3139.0,25.0,42.0,50.0,28.2,60.9,1,cooking_fume
2507.0,3139.0,24.0,41.0,49.0,28.3,60.9,1,cooking_fume
2508.0,3139.0,24.0,41.0,50.0,28.3,60.9,1,cooking_fume
2507.0,3139.0,24.0,40.0,49.0,28.2,61.2,1,cooking_fume
2508.0,3139.0,23.0,38.0,47.0,28.3,61.4,1,cooking_fume
2509.0,3139.0,24.0,39.0,47.0,28.2,61.6,1,cooking_fume
2510.0,3139.0,24.0,39.0,47.0,28.2,61.6,1,cooking_fume
2508.0,3139.0,23.0,38.0,45.0,28.2,61.4,1,cooking_fume
2506.0,3139.0,23.0,38.0,45.0,28.3,61.4,1,cooking_fume
2507.0,3139.0,24.0,39.0,46.0,28.3,61.4,1,cooking_fume
2507.0,3139.0,23.0,38.0,46.0,28.2,61.2,1,cooking_fume
2507.0,3139.0,23.0,39.0,47.0,28.3,61.4,1,cooking_fume
2507.0,3139.0,23.0,39.0,47.0,28.3,61.3,1,cooking_fume
2508.0,3139.0,24.0,40.0,48.0,28.3,61.3,1,cooking_fume
2509.0,3139.0,23.0,39.0,47.0,28.2,61.2,1,cooking_fume
2508.0,3139.0,24.0,40.0,49.0,28.2,61.3,1,cooking_fume
2509.0,3139.0,23.0,39.0,48.0,28.3,61.3,1,cooking_fume
2510.0,3139.0,23.0,40.0,48.0,28.2,61.3,1,cooking_fume
2507.0,3139.0,23.0,39.0,47.0,28.3,61.7,1,cooking_fume
2508.0,3139.0,23.0,39.0,47.0,28.3,61.2,1,cooking_fume
2511.0,3139.0,22.0,37.0,45.0,28.3,61.2,1,cooking_fume
2507.0,3139.0,23.0,38.0,46.0,28.3,61.2,1,cooking_fume
2510.0,3139.0,23.0,38.0,46.0,28.3,61.2,1,cooking_fume
2510.0,3139.0,22.0,37.0,45.0,28.3,61.2,1,cooking_fume
2507.0,3139.0,22.0,37.0,45.0,28.3,61.2,1,cooking_fume
2509.0,3139.0,23.0,38.0,45.0,28.3,61.3,1,cooking_fume
2508.0,3139.0,22.0,38.0,45.0,28.3,61.4,1,cooking_fume
2507.0,3139.0,22.0,38.0,46.0,28.3,61.4,1,cooking_fume
2509.0,3139.0,24.0,39.0,47.0,28.3,61.2,1,cooking_fume
2508.0,3139.0,23.0,38.0,46.0,28.3,61.3,1,cooking_fume
2510.0,3139.0,23.0,38.0,46.0,28.3,61.4,1,cooking_fume
2507.0,3139.0,24.0,39.0,47.0,28.3,61.5,1,cooking_fume
2507.0,3139.0,24.0,39.0,47.0,28.3,61.5,1,cooking_fume
2509.0,3139.0,24.0,39.0,47.0,28.3,61.5,1,cooking_fume
2507.0,3139.0,24.0,39.0,47.0,28.3,61.4,1,cooking_fume
2507.0,3139.0,23.0,38.0,46.0,28.3,61.3,1,cooking_fume
2510.0,3139.0,24.0,40.0,47.0,28.3,61.2,1,cooking_fume
2507.0,3139.0,23.0,39.0,46.0,28.3,61.0,1,cooking_fume
2510.0,3139.0,23.0,39.0,46.0,28.3,61.0,1,cooking_fume
2509.0,3139.0,24.0,40.0,47.0,28.3,61.3,1,cooking_fume
2508.0,3139.0,23.0,39.0,46.0,28.3,61.3,1,cooking_fume
2507.0,3139.0,23.0,39.0,46.0,28.3,61.4,1,cooking_fume
2507.0,3139.0,22.0,39.0,46.0,28.3,61.3,1,cooking_fume
2507.0,3139.0,22.0,39.0,46.0,28.3,61.2,1,cooking_fume
2509.0,3139.0,22.0,40.0,46.0,28.3,61.1,1,cooking_fume
2506.0,3139.0,24.0,41.0,48.0,28.3,61.0,1,cooking_fume
2509.0,3139.0,24.0,41.0,48.0,28.3,61.1,1,cooking_fume
2507.0,3139.0,24.0,40.0,47.0,28.3,62.1,1,cooking_fume
2507.0,3139.0,24.0,40.0,47.0,28.3,62.5,1,cooking_fume
2507.0,3139.0,24.0,40.0,47.0,28.3,62.5,1,cooking_fume
2509.0,3139.0,23.0,39.0,46.0,28.3,62.6,1,cooking_fume
2507.0,3139.0,23.0,38.0,46.0,28.3,62.6,1,cooking_fume
2508.0,3139.0,24.0,39.0,47.0,28.3,62.4,1,cooking_fume
2508.0,3139.0,24.0,39.0,47.0,28.3,62.2,1,cooking_fume
2508.0,3139.0,23.0,38.0,46.0,28.3,62.2,1,cooking_fume
2508.0,3139.0,24.0,39.0,45.0,28.3,62.3,1,cooking_fume
2506.0,3139.0,24.0,39.0,45.0,28.3,62.2,1,cooking_fume
2509.0,3139.0,23.0,38.0,44.0,28.3,62.3,1,cooking_fume
2508.0,3139.0,24.0,38.0,45.0,28.3,62.3,1,cooking_fume
2505.0,3139.0,23.0,38.0,45.0,28.3,62.3,1,cooking_fume
2509.0,3139.0,24.0,40.0,47.0,28.3,62.5,1,cooking_fume
2508.0,3139.0,24.0,40.0,47.0,28.3,62.6,1,cooking_fume
2507.0,3139.0,23.0,39.0,46.0,28.3,62.7,1,cooking_fume
2507.0,3139.0,23.0,40.0,47.0,28.3,62.7,1,cooking_fume
2507.0,3139.0,22.0,39.0,46.0,28.3,62.6,1,cooking_fume
2507.0,3139.0,23.0,40.0,47.0,28.3,62.6,1,cooking_fume
2504.0,3139.0,22.0,39.0,47.0,28.3,62.2,1,cooking_fume
2507.0,3139.0,22.0,40.0,48.0,28.3,62.0,1,cooking_fume
2507.0,3139.0,22.0,40.0,48.0,28.3,61.8,1,cooking_fume
2506.0,3139.0,23.0,40.0,48.0,28.3,61.9,1,cooking_fume
2510.0,3139.0,23.0,40.0,47.0,28.3,61.9,1,cooking_fume
2507.0,3139.0,24.0,41.0,49.0,28.3,62.2,1,cooking_fume
2507.0,3139.0,23.0,41.0,49.0,28.3,62.4,1,cooking_fume
2506.0,3139.0,24.0,42.0,50.0,28.4,62.3,1,cooking_fume
2507.0,3139.0,24.0,41.0,50.0,28.3,62.3,1,cooking_fume
2509.0,3139.0,23.0,40.0,48.0,28.3,62.2,1,cooking_fume
2507.0,3139.0,24.0,41.0,49.0,28.3,62.1,1,cooking_fume
2507.0,3139.0,23.0,40.0,49.0,28.3,61.9,1,cooking_fume
2509.0,3139.0,23.0,40.0,48.0,28.3,61.8,1,cooking_fume
2507.0,3139.0,22.0,40.0,47.0,28.4,62.1,1,cooking_fume
2507.0,3139.0,23.0,41.0,48.0,28.4,62.0,1,cooking_fume
2506.0,3139.0,23.0,41.0,48.0,28.4,62.2,1,cooking_fume
2507.0,3139.0,23.0,41.0,49.0,28.3,62.4,1,cooking_fume
2508.0,3139.0,22.0,40.0,48.0,28.3,62.6,1,cooking_fume
2507.0,3139.0,23.0,40.0,48.0,28.4,62.6,1,cooking_fume
2508.0,3139.0,22.0,39.0,46.0,28.3,62.3,1,cooking_fume
2508.0,3139.0,23.0,40.0,47.0,28.4,62.1,1,cooking_fume
2507.0,3139.0,23.0,40.0,47.0,28.4,62.0,1,cooking_fume
2507.0,3139.0,23.0,40.0,47.0,28.4,62.1,1,cooking_fume
2508.0,3139.0,23.0,40.0,47.0,28.3,61.9,1,cooking_fume
2510.0,3139.0,23.0,40.0,47.0,28.3,61.8,1,cooking_fume
2509.0,3139.0,22.0,38.0,46.0,28.3,61.5,1,cooking_fume
2508.0,3139.0,22.0,38.0,46.0,28.3,61.6,1,cooking_fume
2509.0,3139.0,23.0,39.0,46.0,28.4,61.7,1,cooking_fume
2507.0,3139.0,22.0,38.0,44.0,28.3,61.7,1,cooking_fume
2508.0,3139.0,22.0,37.0,44.0,28.3,61.6,1,cooking_fume
2507.0,3139.0,22.0,38.0,45.0,28.3,61.6,1,cooking_fume
2508.0,3139.0,23.0,39.0,46.0,28.4,61.7,1,cooking_fume
2505.0,3139.0,23.0,39.0,46.0,28.3,61.5,1,cooking_fume
2508.0,3139.0,22.0,38.0,46.0,28.4,61.6,1,cooking_fume
2509.0,3139.0,23.0,39.0,47.0,28.3,61.7,1,cooking_fume
2509.0,3139.0,23.0,40.0,48.0,28.3,61.7,1,cooking_fume
2509.0,3139.0,22.0,39.0,47.0,28.4,61.6,1,cooking_fume
2509.0,3139.0,23.0,40.0,49.0,28.4,61.5,1,cooking_fume
2509.0,3139.0,22.0,39.0,48.0,28.4,61.5,1,cooking_fume
2509.0,3139.0,23.0,40.0,49.0,28.4,61.6,1,cooking_fume
2508.0,3139.0,23.0,40.0,49.0,28.4,61.5,1,cooking_fume
2507.0,3139.0,22.0,39.0,48.0,28.4,61.7,1,cooking_fume
2509.0,3139.0,23.0,40.0,48.0,28.4,61.6,1,cooking_fume
2512.0,3139.0,22.0,39.0,46.0,28.4,61.6,1,cooking_fume
2510.0,3139.0,23.0,40.0,47.0,28.4,61.8,1,cooking_fume
2506.0,3139.0,22.0,39.0,46.0,28.4,61.9,1,cooking_fume
2508.0,3139.0,22.0,39.0,47.0,28.4,61.9,1,cooking_fume
2506.0,3139.0,22.0,40.0,48.0,28.4,62.0,1,cooking_fume
2508.0,3139.0,22.0,40.0,48.0,28.4,61.8,1,cooking_fume
2507.0,3139.0,23.0,41.0,49.0,28.4,61.5,1,cooking_fume
2508.0,3139.0,22.0,40.0,48.0,28.4,61.4,1,cooking_fume
2507.0,3139.0,23.0,41.0,49.0,28.4,61.5,1,cooking_fume
2508.0,3139.0,23.0,41.0,49.0,28.4,61.6,1,cooking_fume
2508.0,3139.0,22.0,40.0,48.0,28.4,61.7,1,cooking_fume
2506.0,3139.0,22.0,40.0,47.0,28.4,61.5,1,cooking_fume
2508.0,3139.0,22.0,40.0,47.0,28.4,61.5,1,cooking_fume
2507.0,3139.0,23.0,41.0,48.0,28.4,61.4,1,cooking_fume
2506.0,3139.0,22.0,39.0,46.0,28.4,61.4,1,cooking_fume
2509.0,3139.0,22.0,39.0,46.0,28.4,61.3,1,cooking_fume
2508.0,3139.0,24.0,40.0,47.0,28.4,61.6,1,cooking_fume
2507.0,3139.0,24.0,40.0,48.0,28.4,61.5,1,cooking_fume
2507.0,3139.0,24.0,41.0,49.0,28.4,61.5,1,cooking_fume
2507.0,3139.0,24.0,41.0,49.0,28.4,61.4,1,cooking_fume
2508.0,3139.0,24.0,41.0,49.0,28.4,61.3,1,cooking_fume
2509.0,3139.0,23.0,40.0,48.0,28.4,61.5,1,cooking_fume
2506.0,3139.0,24.0,40.0,48.0,28.4,61.4,1,cooking_fume
2506.0,3139.0,24.0,40.0,48.0,28.4,61.4,1,cooking_fume
2507.0,3139.0,24.0,40.0,48.0,28.4,61.5,1,cooking_fume
2509.0,3139.0,23.0,40.0,48.0,28.4,61.5,1,cooking_fume
2509.0,3139.0,24.0,42.0,49.0,28.4,61.6,1,cooking_fume
2507.0,3139.0,23.0,41.0,48.0,28.4,61.7,1,cooking_fume
2506.0,3139.0,25.0,42.0,50.0,28.4,62.0,1,cooking_fume
2508.0,3139.0,25.0,42.0,50.0,28.4,62.1,1,cooking_fume
2507.0,3139.0,23.0,41.0,49.0,28.4,62.1,1,cooking_fume
2507.0,3139.0,23.0,41.0,49.0,28.4,62.1,1,cooking_fume
2506.0,3139.0,24.0,43.0,51.0,28.4,62.1,1,cooking_fume
2507.0,3139.0,24.0,42.0,51.0,28.4,62.1,1,cooking_fume
2507.0,3139.0,25.0,42.0,52.0,28.4,61.9,1,cooking_fume
2507.0,3139.0,25.0,43.0,51.0,28.4,61.8,1,cooking_fume
2507.0,3139.0,25.0,43.0,51.0,28.4,61.8,1,cooking_fume
2508.0,3139.0,24.0,42.0,50.0,28.4,61.6,1,cooking_fume
2507.0,3139.0,24.0,42.0,50.0,28.4,61.3,1,cooking_fume
2510.0,3139.0,25.0,42.0,51.0,28.4,61.3,1,cooking_fume
2506.0,3139.0,25.0,42.0,51.0,28.4,61.3,1,cooking_fume
2509.0,3139.0,24.0,41.0,50.0,28.4,61.3,1,cooking_fume
2505.0,3139.0,23.0,41.0,50.0,28.4,61.2,1,cooking_fume
2508.0,3139.0,24.0,42.0,50.0,28.4,61.4,1,cooking_fume
2507.0,3139.0,24.0,42.0,50.0,28.4,61.4,1,cooking_fume
2506.0,3139.0,24.0,42.0,49.0,28.4,61.3,1,cooking_fume
2509.0,3139.0,24.0,42.0,50.0,28.4,61.3,1,cooking_fume
2508.0,3139.0,23.0,42.0,49.0,28.4,61.3,1,cooking_fume
2509.0,3139.0,24.0,43.0,51.0,28.4,61.5,1,cooking_fume
2509.0,3139.0,24.0,43.0,52.0,28.4,61.7,1,cooking_fume
2505.0,3139.0,25.0,43.0,52.0,28.4,61.4,1,cooking_fume
2505.0,3139.0,24.0,42.0,51.0,28.4,61.4,1,cooking_fume
2507.0,3139.0,25.0,43.0,52.0,28.4,61.4,1,cooking_fume
2508.0,3139.0,25.0,43.0,53.0,28.4,61.3,1,cooking_fume
2508.0,3139.0,24.0,41.0,52.0,28.4,61.4,1,cooking_fume
2507.0,3139.0,24.0,41.0,52.0,28.4,61.3,1,cooking_fume
2507.0,3139.0,25.0,42.0,53.0,28.4,61.4,1,cooking_fume
2507.0,3139.0,25.0,42.0,53.0,28.4,61.4,1,cooking_fume
2507.0,3139.0,24.0,41.0,51.0,28.4,61.4,1,cooking_fume
2507.0,3139.0,23.0,41.0,52.0,28.4,61.3,1,cooking_fume
2508.0,3139.0,24.0,42.0,53.0,28.4,61.3,1,cooking_fume
2506.0,3139.0,24.0,42.0,53.0,28.4,61.4,1,cooking_fume
2507.0,3139.0,23.0,42.0,52.0,28.4,61.6,1,cooking_fume
2506.0,3139.0,23.0,43.0,52.0,28.4,61.3,1,cooking_fume
2510.0,3139.0,24.0,43.0,52.0,28.4,61.5,1,cooking_fume
2507.0,3139.0,24.0,43.0,51.0,28.4,61.4,1,cooking_fume
2509.0,3139.0,25.0,43.0,51.0,28.4,61.2,1,cooking_fume
2508.0,3139.0,25.0,43.0,51.0,28.4,61.4,1,cooking_fume
2506.0,3139.0,25.0,43.0,50.0,28.4,61.4,1,cooking_fume
2508.0,3139.0,25.0,43.0,50.0,28.4,61.3,1,cooking_fume
2506.0,3139.0,23.0,41.0,49.0,28.4,61.4,1,cooking_fume
2507.0,3139.0,23.0,41.0,49.0,28.4,61.4,1,cooking_fume
2507.0,3139.0,24.0,42.0,50.0,28.4,61.4,1,cooking_fume
2508.0,3139.0,23.0,41.0,49.0,28.4,61.6,1,cooking_fume
2507.0,3139.0,24.0,42.0,49.0,28.4,61.7,1,cooking_fume
2507.0,3139.0,24.0,43.0,50.0,28.4,61.5,1,cooking_fume
2506.0,3139.0,24.0,44.0,52.0,28.4,61.6,1,cooking_fume
2500.0,3139.0,26.0,41.0,49.0,25.1,78.7,1,cooking_fume
2494.0,3139.0,26.0,41.0,47.0,25.2,78.1,1,cooking_fume
2496.0,3139.0,25.0,40.0,46.0,25.2,77.9,1,cooking_fume
2495.0,3139.0,25.0,39.0,46.0,25.2,77.4,1,cooking_fume
2494.0,3139.0,25.0,39.0,46.0,25.3,76.7,1,cooking_fume
2495.0,3139.0,26.0,40.0,46.0,25.3,76.5,1,cooking_fume
2493.0,3139.0,26.0,41.0,47.0,25.3,76.6,1,cooking_fume
2495.0,3139.0,26.0,41.0,48.0,25.4,76.5,1,cooking_fume
2496.0,3139.0,26.0,41.0,48.0,25.4,76.2,1,cooking_fume
2496.0,3139.0,26.0,41.0,48.0,25.5,76.5,1,cooking_fume
2494.0,3139.0,26.0,40.0,47.0,25.5,76.9,1,cooking_fume
2494.0,3139.0,24.0,39.0,46.0,25.5,77.0,1,cooking_fume
2496.0,3139.0,23.0,39.0,46.0,25.5,76.9,1,cooking_fume
2497.0,3139.0,23.0,39.0,46.0,25.6,76.5,1,cooking_fume
2495.0,3139.0,23.0,39.0,46.0,25.6,76.3,1,cooking_fume
2496.0,3139.0,23.0,39.0,45.0,25.7,76.0,1,cooking_fume
2495.0,3139.0,25.0,40.0,46.0,25.7,75.8,1,cooking_fume
2494.0,3139.0,25.0,39.0,46.0,25.7,75.2,1,cooking_fume
2493.0,3139.0,24.0,38.0,44.0,25.7,75.1,1,cooking_fume
2495.0,3139.0,25.0,39.0,45.0,25.8,75.2,1,cooking_fume
2495.0,3139.0,24.0,39.0,45.0,25.8,75.4,1,cooking_fume
2494.0,3139.0,24.0,39.0,45.0,25.8,75.6,1,cooking_fume
2496.0,3139.0,24.0,39.0,46.0,25.8,75.3,1,cooking_fume
2494.0,3139.0,23.0,39.0,44.0,25.8,74.9,1,cooking_fume
2494.0,3139.0,23.0,39.0,46.0,25.8,74.8,1,cooking_fume
2493.0,3139.0,23.0,39.0,46.0,25.9,74.9,1,cooking_fume
2494.0,3139.0,24.0,40.0,46.0,25.9,74.3,1,cooking_fume
2494.0,3139.0,23.0,39.0,45.0,26.0,74.5,1,cooking_fume
2494.0,3139.0,23.0,39.0,45.0,26.0,74.8,1,cooking_fume
2496.0,3139.0,23.0,39.0,45.0,26.0,75.1,1,cooking_fume
2495.0,3139.0,24.0,39.0,46.0,26.1,74.7,1,cooking_fume
2493.0,3139.0,24.0,40.0,46.0,26.1,74.5,1,cooking_fume
2496.0,3139.0,25.0,40.0,47.0,26.1,74.4,1,cooking_fume
2498.0,3139.0,25.0,41.0,48.0,26.1,74.1,1,cooking_fume
2496.0,3139.0,26.0,40.0,48.0,26.2,73.7,1,cooking_fume
2494.0,3139.0,27.0,41.0,49.0,26.2,73.3,1,cooking_fume
2496.0,3139.0,25.0,40.0,48.0,26.2,73.0,1,cooking_fume
2495.0,3139.0,26.0,41.0,48.0,26.2,72.8,1,cooking_fume
2498.0,3139.0,25.0,40.0,46.0,26.3,72.8,1,cooking_fume
2495.0,3139.0,24.0,40.0,47.0,26.3,72.8,1,cooking_fume
2495.0,3139.0,25.0,41.0,49.0,26.3,73.0,1,cooking_fume
2496.0,3139.0,26.0,41.0,50.0,26.3,72.8,1,cooking_fume
2494.0,3139.0,26.0,41.0,50.0,26.3,72.6,1,cooking_fume
2493.0,3139.0,26.0,41.0,49.0,26.3,72.6,1,cooking_fume
2495.0,3139.0,26.0,40.0,48.0,26.4,72.4,1,cooking_fume
2496.0,3139.0,24.0,38.0,45.0,26.4,72.2,1,cooking_fume
2492.0,3139.0,25.0,39.0,46.0,26.5,72.4,1,cooking_fume
2495.0,3139.0,25.0,39.0,46.0,26.5,72.2,1,cooking_fume
2492.0,3139.0,25.0,39.0,45.0,26.5,72.1,1,cooking_fume
2495.0,3139.0,23.0,38.0,45.0,26.5,72.1,1,cooking_fume
2494.0,3139.0,23.0,39.0,46.0,26.5,72.3,1,cooking_fume
2496.0,3139.0,24.0,40.0,47.0,26.5,72.3,1,cooking_fume
2494.0,3139.0,24.0,39.0,46.0,26.6,72.4,1,cooking_fume
2495.0,3139.0,23.0,40.0,46.0,26.6,72.3,1,cooking_fume
2494.0,3139.0,23.0,40.0,47.0,26.6,72.4,1,cooking_fume
2493.0,3139.0,24.0,41.0,48.0,26.6,72.5,1,cooking_fume
2495.0,3139.0,23.0,40.0,48.0,26.6,72.8,1,cooking_fume
2493.0,3139.0,24.0,42.0,49.0,26.7,73.0,1,cooking_fume
2494.0,3139.0,25.0,42.0,49.0,26.7,72.9,1,cooking_fume
2494.0,3139.0,24.0,41.0,48.0,26.7,73.0,1,cooking_fume
2494.0,3139.0,24.0,40.0,48.0,26.7,72.8,1,cooking_fume
2496.0,3139.0,25.0,41.0,49.0,26.8,72.9,1,cooking_fume
2494.0,3139.0,24.0,41.0,48.0,26.8,72.7,1,cooking_fume
2496.0,3139.0,25.0,42.0,49.0,26.8,72.5,1,cooking_fume
2496.0,3139.0,24.0,41.0,48.0,26.8,72.2,1,cooking_fume
2495.0,3139.0,25.0,41.0,48.0,26.8,71.6,1,cooking_fume
2491.0,3139.0,24.0,40.0,47.0,26.8,71.4,1,cooking_fume
2494.0,3139.0,24.0,40.0,47.0,26.8,71.4,1,cooking_fume
2497.0,3139.0,24.0,40.0,47.0,26.9,71.2,1,cooking_fume
2493.0,3139.0,24.0,39.0,48.0,26.9,71.1,1,cooking_fume
2495.0,3139.0,24.0,40.0,49.0,26.9,70.8,1,cooking_fume
2493.0,3139.0,24.0,40.0,49.0,26.9,70.8,1,cooking_fume
2494.0,3139.0,23.0,40.0,48.0,26.9,70.7,1,cooking_fume
2491.0,3139.0,24.0,41.0,49.0,27.0,70.9,1,cooking_fume
2495.0,3139.0,26.0,42.0,50.0,26.9,71.4,1,cooking_fume
2495.0,3139.0,26.0,42.0,50.0,27.0,71.6,1,cooking_fume
2493.0,3139.0,25.0,42.0,50.0,27.0,71.6,1,cooking_fume
2492.0,3139.0,23.0,40.0,49.0,27.0,71.3,1,cooking_fume
2493.0,3139.0,24.0,41.0,50.0,27.1,71.3,1,cooking_fume
2494.0,3139.0,24.0,42.0,50.0,27.1,71.3,1,cooking_fume
2494.0,3139.0,23.0,41.0,49.0,27.1,71.4,1,cooking_fume
2493.0,3139.0,24.0,41.0,49.0,27.1,71.6,1,cooking_fume
2495.0,3139.0,25.0,43.0,50.0,27.1,71.6,1,cooking_fume
2493.0,3139.0,26.0,43.0,51.0,27.1,71.5,1,cooking_fume
2493.0,3139.0,25.0,43.0,52.0,27.1,71.3,1,cooking_fume
2497.0,3139.0,26.0,44.0,53.0,27.2,71.0,1,cooking_fume
2499.0,3139.0,28.0,46.0,56.0,27.2,71.0,1,cooking_fume
2496.0,3139.0,32.0,55.0,66.0,27.2,71.1,1,cooking_fume
2495.0,3139.0,38.0,71.0,76.0,27.2,71.6,1,cooking_fume
2496.0,3139.0,51.0,94.0,96.0,27.2,72.6,1,cooking_fume
2496.0,3139.0,52.0,94.0,96.0,27.2,72.9,1,cooking_fume
2494.0,3139.0,50.0,92.0,94.0,27.2,73.1,1,cooking_fume
2497.0,3139.0,47.0,85.0,87.0,27.2,73.1,1,cooking_fume
2496.0,3139.0,41.0,73.0,77.0,27.3,72.2,1,cooking_fume
2498.0,3139.0,38.0,67.0,73.0,27.3,71.9,1,cooking_fume
2497.0,3139.0,35.0,60.0,70.0,27.3,71.6,1,cooking_fume
2496.0,3139.0,33.0,55.0,66.0,27.3,71.1,1,cooking_fume
2495.0,3139.0,30.0,50.0,61.0,27.3,70.6,1,cooking_fume
2496.0,3139.0,30.0,50.0,60.0,27.3,70.6,1,cooking_fume
2498.0,3139.0,29.0,48.0,59.0,27.3,70.4,1,cooking_fume
2497.0,3139.0,27.0,47.0,56.0,27.3,70.4,1,cooking_fume
2494.0,3139.0,27.0,45.0,55.0,27.4,70.1,1,cooking_fume
2498.0,3139.0,26.0,44.0,54.0,27.4,70.0,1,cooking_fume
2495.0,3139.0,27.0,44.0,53.0,27.4,69.9,1,cooking_fume
2495.0,3139.0,27.0,43.0,53.0,27.4,70.1,1,cooking_fume
2495.0,3139.0,27.0,42.0,51.0,27.5,70.5,1,cooking_fume
2496.0,3139.0,26.0,43.0,51.0,27.4,70.9,1,cooking_fume
2496.0,3139.0,26.0,43.0,52.0,27.5,71.0,1,cooking_fume
2495.0,3139.0,26.0,43.0,51.0,27.5,71.0,1,cooking_fume
2497.0,3139.0,25.0,42.0,49.0,27.5,70.9,1,cooking_fume
2498.0,3139.0,26.0,43.0,51.0,27.5,71.2,1,cooking_fume
2495.0,3139.0,26.0,43.0,50.0,27.5,71.3,1,cooking_fume
2497.0,3139.0,25.0,43.0,50.0,27.5,71.2,1,cooking_fume
2498.0,3139.0,24.0,41.0,48.0,27.6,70.7,1,cooking_fume
2495.0,3139.0,26.0,42.0,49.0,27.6,70.4,1,cooking_fume
2497.0,3139.0,25.0,41.0,49.0,27.5,70.3,1,cooking_fume
2496.0,3139.0,25.0,41.0,48.0,27.6,70.3,1,cooking_fume
2495.0,3139.0,26.0,41.0,49.0,27.6,69.7,1,cooking_fume
2496.0,3139.0,26.0,41.0,48.0,27.6,69.4,1,cooking_fume
2496.0,3139.0,25.0,40.0,47.0,27.6,69.2,1,cooking_fume
2497.0,3139.0,25.0,40.0,47.0,27.6,69.1,1,cooking_fume
2497.0,3139.0,24.0,39.0,47.0,27.7,68.9,1,cooking_fume
2496.0,3139.0,23.0,38.0,46.0,27.6,68.9,1,cooking_fume
2494.0,3139.0,24.0,39.0,46.0,27.6,69.2,1,cooking_fume
2497.0,3139.0,23.0,38.0,45.0,27.7,69.3,1,cooking_fume
2496.0,3139.0,24.0,40.0,47.0,27.7,68.8,1,cooking_fume
2498.0,3139.0,24.0,40.0,47.0,27.7,68.9,1,cooking_fume
2495.0,3139.0,25.0,41.0,48.0,27.7,68.7,1,cooking_fume
2498.0,3139.0,24.0,40.0,48.0,27.7,68.7,1,cooking_fume
2494.0,3139.0,25.0,41.0,50.0,27.7,68.9,1,cooking_fume
2496.0,3139.0,24.0,40.0,49.0,27.8,68.7,1,cooking_fume
2495.0,3139.0,23.0,40.0,48.0,27.7,68.7,1,cooking_fume
2494.0,3139.0,23.0,41.0,49.0,27.7,68.5,1,cooking_fume
2498.0,3139.0,24.0,41.0,48.0,27.7,68.4,1,cooking_fume
2497.0,3139.0,24.0,41.0,48.0,27.7,68.4,1,cooking_fume
2497.0,3139.0,25.0,41.0,48.0,27.8,68.3,1,cooking_fume
2499.0,3139.0,24.0,40.0,47.0,27.8,68.4,1,cooking_fume
2496.0,3139.0,25.0,41.0,49.0,27.8,68.8,1,cooking_fume
2496.0,3139.0,24.0,40.0,48.0,27.8,69.3,1,cooking_fume
2495.0,3139.0,24.0,40.0,48.0,27.8,69.4,1,cooking_fume
2498.0,3139.0,24.0,40.0,48.0,27.8,69.0,1,cooking_fume
2498.0,3139.0,24.0,40.0,48.0,27.9,68.3,1,cooking_fume
2495.0,3139.0,24.0,41.0,49.0,27.8,68.3,1,cooking_fume
2495.0,3139.0,24.0,41.0,50.0,27.8,68.2,1,cooking_fume
2496.0,3139.0,25.0,42.0,50.0,27.9,68.0,1,cooking_fume
2497.0,3139.0,24.0,40.0,49.0,27.9,67.8,1,cooking_fume
2496.0,3139.0,25.0,41.0,49.0,27.9,67.9,1,cooking_fume
2497.0,3139.0,24.0,40.0,48.0,27.9,68.0,1,cooking_fume
2495.0,3139.0,24.0,40.0,48.0,27.9,68.0,1,cooking_fume
2496.0,3139.0,23.0,39.0,47.0,27.9,68.2,1,cooking_fume
2495.0,3139.0,24.0,40.0,48.0,27.9,68.0,1,cooking_fume
2497.0,3139.0,23.0,39.0,46.0,27.9,67.9,1,cooking_fume
2496.0,3139.0,23.0,39.0,46.0,28.0,67.9,1,cooking_fume
2497.0,3139.0,23.0,38.0,46.0,28.0,67.7,1,cooking_fume
2497.0,3139.0,24.0,39.0,46.0,27.9,67.4,1,cooking_fume
2498.0,3139.0,24.0,39.0,46.0,27.9,67.1,1,cooking_fume
2497.0,3139.0,23.0,38.0,44.0,28.0,67.3,1,cooking_fume
2496.0,3139.0,23.0,37.0,44.0,28.0,66.7,1,cooking_fume
2495.0,3139.0,23.0,39.0,46.0,28.0,66.7,1,cooking_fume
2495.0,3139.0,22.0,38.0,45.0,28.0,66.6,1,cooking_fume
2496.0,3139.0,22.0,38.0,46.0,28.0,66.8,1,cooking_fume
2496.0,3139.0,23.0,39.0,46.0,28.0,66.9,1,cooking_fume
2498.0,3139.0,22.0,38.0,45.0,28.0,66.8,1,cooking_fume
2495.0,3139.0,22.0,38.0,44.0,28.0,67.2,1,cooking_fume
2495.0,3139.0,23.0,39.0,45.0,28.0,67.3,1,cooking_fume
2497.0,3139.0,22.0,38.0,44.0,28.0,67.2,1,cooking_fume
2496.0,3139.0,22.0,37.0,42.0,28.1,66.9,1,cooking_fume
2492.0,3139.0,23.0,38.0,43.0,28.1,66.9,1,cooking_fume
2497.0,3139.0,23.0,38.0,45.0,28.1,67.0,1,cooking_fume
2496.0,3139.0,22.0,38.0,44.0,28.1,66.7,1,cooking_fume
2495.0,3139.0,22.0,38.0,45.0,28.1,66.7,1,cooking_fume
2495.0,3139.0,22.0,38.0,45.0,28.1,66.6,1,cooking_fume
2498.0,3139.0,22.0,38.0,45.0,28.1,66.9,1,cooking_fume
2498.0,3139.0,23.0,39.0,47.0,28.1,67.0,1,cooking_fume
2497.0,3139.0,22.0,38.0,45.0,28.1,67.0,1,cooking_fume
2495.0,3139.0,23.0,39.0,45.0,28.1,67.3,1,cooking_fume
2495.0,3139.0,22.0,37.0,44.0,28.1,67.8,1,cooking_fume
2497.0,3139.0,23.0,38.0,45.0,28.1,67.8,1,cooking_fume
2496.0,3139.0,22.0,36.0,44.0,28.2,67.7,1,cooking_fume
2496.0,3139.0,23.0,36.0,45.0,28.2,67.6,1,cooking_fume
2496.0,3139.0,23.0,36.0,45.0,28.1,67.2,1,cooking_fume
2497.0,3139.0,23.0,36.0,45.0,28.2,66.8,1,cooking_fume
2497.0,3139.0,22.0,35.0,42.0,28.2,66.5,1,cooking_fume
2495.0,3139.0,22.0,35.0,40.0,28.2,66.6,1,cooking_fume
2494.0,3139.0,23.0,36.0,41.0,28.2,66.6,1,cooking_fume
2498.0,3139.0,22.0,35.0,39.0,28.2,66.4,1,cooking_fume
2496.0,3139.0,23.0,35.0,39.0,28.2,66.0,1,cooking_fume
2495.0,3139.0,22.0,34.0,39.0,28.2,66.3,1,cooking_fume
2497.0,3139.0,23.0,35.0,40.0,28.2,66.0,1,cooking_fume
2497.0,3139.0,22.0,34.0,39.0,28.2,65.5,1,cooking_fume
2497.0,3139.0,23.0,35.0,40.0,28.2,65.3,1,cooking_fume
2495.0,3139.0,23.0,36.0,40.0,28.2,65.3,1,cooking_fume
2495.0,3139.0,22.0,35.0,39.0,28.2,65.2,1,cooking_fume
2495.0,3139.0,23.0,36.0,41.0,28.2,65.0,1,cooking_fume
2495.0,3139.0,23.0,36.0,41.0,28.2,65.1,1,cooking_fume
2496.0,3139.0,23.0,36.0,41.0,28.2,65.1,1,cooking_fume
2495.0,3139.0,23.0,36.0,41.0,28.2,65.1,1,cooking_fume
2495.0,3139.0,22.0,35.0,40.0,28.3,65.1,1,cooking_fume
2498.0,3139.0,23.0,36.0,41.0,28.3,65.1,1,cooking_fume
2496.0,3139.0,23.0,36.0,42.0,28.3,65.1,1,cooking_fume
2496.0,3139.0,22.0,36.0,42.0,28.3,65.2,1,cooking_fume
2494.0,3139.0,23.0,38.0,45.0,28.3,65.6,1,cooking_fume
2497.0,3139.0,22.0,36.0,42.0,28.3,65.7,1,cooking_fume
2495.0,3139.0,23.0,37.0,43.0,28.3,65.5,1,cooking_fume
2497.0,3139.0,22.0,36.0,42.0,28.3,65.5,1,cooking_fume
2497.0,3139.0,23.0,37.0,43.0,28.3,65.6,1,cooking_fume
2496.0,3139.0,22.0,36.0,41.0,28.3,65.5,1,cooking_fume
2498.0,3139.0,22.0,36.0,42.0,28.3,65.4,1,cooking_fume
2497.0,3139.0,22.0,37.0,42.0,28.3,65.3,1,cooking_fume
2495.0,3139.0,23.0,38.0,45.0,28.3,65.3,1,cooking_fume
2494.0,3139.0,23.0,39.0,45.0,28.3,65.6,1,cooking_fume
2498.0,3139.0,23.0,39.0,45.0,28.3,66.1,1,cooking_fume
2495.0,3139.0,23.0,39.0,45.0,28.3,66.0,1,cooking_fume
2495.0,3139.0,23.0,37.0,45.0,28.4,65.2,1,cooking_fume
2496.0,3139.0,23.0,36.0,45.0,28.3,65.3,1,cooking_fume
2498.0,3139.0,22.0,35.0,42.0,28.3,65.3,1,cooking_fume
2498.0,3139.0,22.0,35.0,41.0,28.3,65.4,1,cooking_fume
2495.0,3139.0,22.0,34.0,41.0,28.4,65.2,1,cooking_fume
2496.0,3139.0,23.0,36.0,43.0,28.4,65.5,1,cooking_fume
2496.0,3139.0,23.0,37.0,45.0,28.4,65.4,1,cooking_fume
2500.0,3139.0,23.0,37.0,45.0,28.3,65.4,1,cooking_fume
2497.0,3139.0,23.0,38.0,46.0,28.4,65.0,1,cooking_fume
2495.0,3139.0,23.0,38.0,46.0,28.4,65.3,1,cooking_fume
2498.0,3139.0,23.0,38.0,46.0,28.4,65.4,1,cooking_fume
2496.0,3139.0,22.0,37.0,45.0,28.4,65.3,1,cooking_fume
2496.0,3139.0,23.0,38.0,46.0,28.4,65.3,1,cooking_fume
2495.0,3139.0,24.0,39.0,47.0,28.4,65.4,1,cooking_fume
2496.0,3139.0,24.0,40.0,47.0,28.4,65.6,1,cooking_fume
2497.0,3139.0,24.0,40.0,48.0,28.4,65.8,1,cooking_fume
2495.0,3139.0,30.0,49.0,60.0,28.4,65.5,1,cooking_fume
2497.0,3139.0,34.0,54.0,67.0,28.4,65.3,1,cooking_fume
2498.0,3139.0,35.0,61.0,72.0,28.4,65.1,1,cooking_fume
2498.0,3139.0,42.0,74.0,79.0,28.4,64.8,1,cooking_fume
2496.0,3139.0,48.0,86.0,92.0,28.4,64.6,1,cooking_fume
2499.0,3139.0,49.0,88.0,95.0,28.4,64.6,1,cooking_fume
2494.0,3139.0,48.0,88.0,94.0,28.4,64.6,1,cooking_fume
2497.0,3139.0,48.0,89.0,94.0,28.4,64.5,1,cooking_fume
2501.0,3139.0,47.0,89.0,94.0,28.4,64.3,1,cooking_fume
2494.0,3139.0,48.0,88.0,94.0,28.4,64.2,1,cooking_fume
2496.0,3139.0,47.0,88.0,93.0,28.5,64.3,1,cooking_fume
2495.0,3139.0,47.0,86.0,91.0,28.4,64.5,1,cooking_fume
2493.0,3139.0,44.0,83.0,88.0,28.4,64.6,1,cooking_fume
2496.0,3139.0,43.0,79.0,85.0,28.5,64.8,1,cooking_fume
2495.0,3139.0,43.0,79.0,84.0,28.5,65.0,1,cooking_fume
2494.0,3139.0,42.0,78.0,82.0,28.4,64.8,1,cooking_fume
2493.0,3139.0,39.0,72.0,77.0,28.4,64.7,1,cooking_fume
2498.0,3139.0,38.0,69.0,76.0,28.5,64.6,1,cooking_fume
2497.0,3139.0,38.0,68.0,76.0,28.5,64.7,1,cooking_fume
2495.0,3139.0,36.0,66.0,74.0,28.5,64.8,1,cooking_fume
2494.0,3139.0,34.0,62.0,72.0,28.5,64.8,1,cooking_fume
2496.0,3139.0,33.0,59.0,69.0,28.4,64.8,1,cooking_fume
2496.0,3139.0,32.0,57.0,69.0,28.5,64.8,1,cooking_fume
2495.0,3139.0,33.0,58.0,69.0,28.5,64.7,1,cooking_fume
2494.0,3139.0,30.0,54.0,66.0,28.5,64.2,1,cooking_fume
2495.0,3139.0,31.0,53.0,66.0,28.5,64.1,1,cooking_fume
2495.0,3139.0,31.0,52.0,65.0,28.5,64.1,1,cooking_fume
2494.0,3139.0,31.0,51.0,63.0,28.5,64.1,1,cooking_fume
2495.0,3139.0,30.0,49.0,61.0,28.5,64.1,1,cooking_fume
2495.0,3139.0,30.0,50.0,61.0,28.5,64.1,1,cooking_fume
2494.0,3139.0,30.0,49.0,61.0,28.5,64.0,1,cooking_fume
2493.0,3139.0,30.0,49.0,61.0,28.5,64.0,1,cooking_fume
2495.0,3139.0,29.0,50.0,61.0,28.5,64.0,1,cooking_fume
2496.0,3139.0,28.0,49.0,60.0,28.5,63.9,1,cooking_fume
2495.0,3139.0,29.0,50.0,61.0,28.5,63.7,1,cooking_fume
2497.0,3139.0,29.0,48.0,59.0,28.5,64.1,1,cooking_fume
2494.0,3139.0,28.0,48.0,59.0,28.5,64.5,1,cooking_fume
2495.0,3139.0,29.0,48.0,59.0,28.5,64.9,1,cooking_fume
2497.0,3139.0,29.0,47.0,57.0,28.6,65.0,1,cooking_fume
2495.0,3139.0,29.0,47.0,56.0,28.5,65.0,1,cooking_fume
2495.0,3139.0,29.0,46.0,55.0,28.5,64.7,1,cooking_fume
2498.0,3139.0,27.0,44.0,54.0,28.6,64.4,1,cooking_fume
2497.0,3139.0,27.0,44.0,54.0,28.6,64.4,1,cooking_fume
2494.0,3139.0,28.0,44.0,53.0,28.6,64.1,1,cooking_fume
2494.0,3139.0,25.0,42.0,51.0,28.6,64.1,1,cooking_fume
2497.0,3139.0,25.0,42.0,50.0,28.6,64.1,1,cooking_fume
2494.0,3139.0,25.0,41.0,49.0,28.6,64.0,1,cooking_fume
2496.0,3139.0,25.0,42.0,50.0,28.6,64.1,1,cooking_fume
2497.0,3139.0,26.0,43.0,52.0,28.6,64.1,1,cooking_fume
2494.0,3139.0,25.0,41.0,50.0,28.6,64.1,1,cooking_fume
2491.0,3139.0,25.0,41.0,49.0,28.6,64.1,1,cooking_fume
2492.0,3139.0,25.0,40.0,49.0,28.6,64.2,1,cooking_fume
2496.0,3139.0,26.0,41.0,49.0,28.6,64.4,1,cooking_fume
2495.0,3139.0,25.0,40.0,48.0,28.6,64.4,1,cooking_fume
2499.0,3139.0,25.0,40.0,48.0,28.6,64.6,1,cooking_fume
2493.0,3139.0,26.0,41.0,48.0,28.6,64.8,1,cooking_fume
2495.0,3139.0,25.0,40.0,47.0,28.6,64.9,1,cooking_fume
2492.0,3139.0,24.0,39.0,46.0,28.6,64.8,1,cooking_fume
2498.0,3139.0,24.0,40.0,48.0,28.6,64.8,1,cooking_fume
2496.0,3139.0,25.0,41.0,49.0,28.6,64.8,1,cooking_fume
2493.0,3139.0,23.0,40.0,48.0,28.7,64.9,1,cooking_fume
2495.0,3139.0,23.0,40.0,48.0,28.6,64.5,1,cooking_fume
2492.0,3139.0,23.0,40.0,48.0,28.7,64.4,1,cooking_fume
2492.0,3139.0,24.0,41.0,49.0,28.7,64.3,1,cooking_fume
2496.0,3139.0,24.0,41.0,49.0,28.6,64.5,1,cooking_fume
2498.0,3139.0,23.0,40.0,48.0,28.7,64.5,1,cooking_fume
2497.0,3139.0,23.0,40.0,48.0,28.6,64.3,1,cooking_fume
2498.0,3139.0,24.0,40.0,49.0,28.7,64.1,1,cooking_fume
2491.0,3139.0,24.0,40.0,47.0,28.7,63.9,1,cooking_fume
2494.0,3139.0,23.0,39.0,46.0,28.7,63.8,1,cooking_fume
2490.0,3139.0,23.0,39.0,47.0,28.7,63.9,1,cooking_fume
2496.0,3139.0,24.0,40.0,47.0,28.7,64.1,1,cooking_fume
2498.0,3139.0,24.0,39.0,47.0,28.7,63.9,1,cooking_fume
2500.0,3139.0,24.0,39.0,47.0,28.7,63.9,1,cooking_fume
2495.0,3139.0,25.0,39.0,47.0,28.7,64.1,1,cooking_fume
2492.0,3139.0,24.0,38.0,46.0,28.7,64.1,1,cooking_fume
2491.0,3139.0,25.0,39.0,46.0,28.7,63.8,1,cooking_fume
2497.0,3139.0,25.0,39.0,46.0,28.7,63.8,1,cooking_fume
2496.0,3139.0,24.0,38.0,45.0,28.7,63.7,1,cooking_fume
2493.0,3139.0,25.0,40.0,47.0,28.7,63.7,1,cooking_fume
2494.0,3139.0,25.0,40.0,48.0,28.8,63.7,1,cooking_fume
2499.0,3139.0,25.0,39.0,47.0,28.7,63.9,1,cooking_fume
2494.0,3139.0,25.0,39.0,47.0,28.7,63.9,1,cooking_fume
2497.0,3139.0,24.0,38.0,46.0,28.7,64.2,1,cooking_fume
2495.0,3139.0,24.0,38.0,46.0,28.7,64.7,1,cooking_fume
2493.0,3139.0,25.0,39.0,47.0,28.7,64.4,1,cooking_fume
2493.0,3139.0,24.0,39.0,47.0,28.7,64.4,1,cooking_fume
2495.0,3139.0,24.0,40.0,47.0,28.7,64.3,1,cooking_fume
2496.0,3139.0,23.0,39.0,46.0,28.7,64.1,1,cooking_fume
2494.0,3139.0,24.0,40.0,47.0,28.7,63.6,1,cooking_fume
2496.0,3139.0,23.0,40.0,47.0,28.8,63.9,1,cooking_fume
2497.0,3139.0,22.0,39.0,46.0,28.7,64.1,1,cooking_fume
2494.0,3139.0,23.0,39.0,46.0,28.7,64.0,1,cooking_fume
2500.0,3139.0,23.0,39.0,46.0,28.7,64.1,1,cooking_fume
2495.0,3139.0,25.0,41.0,48.0,28.7,64.0,1,cooking_fume
2493.0,3139.0,25.0,41.0,48.0,28.7,63.9,1,cooking_fume
2496.0,3139.0,27.0,44.0,53.0,28.7,63.3,1,cooking_fume
2496.0,3139.0,27.0,44.0,53.0,28.8,63.1,1,cooking_fume
2496.0,3139.0,27.0,45.0,55.0,28.8,63.1,1,cooking_fume
2501.0,3139.0,29.0,48.0,59.0,28.8,63.1,1,cooking_fume
2498.0,3139.0,31.0,52.0,66.0,28.7,63.0,1,cooking_fume
2499.0,3139.0,33.0,56.0,69.0,28.7,63.1,1,cooking_fume
2492.0,3139.0,34.0,60.0,71.0,28.8,63.1,1,cooking_fume
2496.0,3139.0,34.0,60.0,72.0,28.8,63.2,1,cooking_fume
2498.0,3139.0,34.0,60.0,72.0,28.8,63.0,1,cooking_fume
2497.0,3139.0,33.0,58.0,70.0,28.7,62.9,1,cooking_fume
2497.0,3139.0,33.0,58.0,70.0,28.8,62.8,1,cooking_fume
2495.0,3139.0,34.0,59.0,71.0,28.7,62.9,1,cooking_fume
2492.0,3139.0,34.0,58.0,70.0,28.8,62.9,1,cooking_fume
2493.0,3139.0,33.0,56.0,69.0,28.8,62.9,1,cooking_fume
2497.0,3139.0,32.0,55.0,68.0,28.8,62.9,1,cooking_fume
2495.0,3139.0,33.0,54.0,68.0,28.8,62.9,1,cooking_fume
2497.0,3139.0,33.0,53.0,67.0,28.8,62.9,1,cooking_fume
2495.0,3139.0,33.0,52.0,67.0,28.8,62.8,1,cooking_fume
2495.0,3139.0,30.0,51.0,65.0,28.8,62.6,1,cooking_fume
2496.0,3139.0,30.0,50.0,62.0,28.8,62.6,1,cooking_fume
2496.0,3139.0,30.0,50.0,62.0,28.8,62.7,1,cooking_fume
2494.0,3139.0,30.0,49.0,61.0,28.8,62.7,1,cooking_fume
2493.0,3139.0,29.0,48.0,60.0,28.8,62.9,1,cooking_fume
2497.0,3139.0,28.0,47.0,59.0,28.8,63.0,1,cooking_fume
2493.0,3139.0,28.0,47.0,58.0,28.8,63.4,1,cooking_fume
2494.0,3139.0,28.0,47.0,58.0,28.8,63.4,1,cooking_fume
2493.0,3139.0,28.0,46.0,58.0,28.8,63.4,1,cooking_fume
2496.0,3139.0,27.0,45.0,57.0,28.8,63.4,1,cooking_fume
2494.0,3139.0,27.0,46.0,58.0,28.8,62.9,1,cooking_fume
2497.0,3139.0,27.0,46.0,57.0,28.8,62.9,1,cooking_fume
2495.0,3139.0,28.0,47.0,58.0,28.8,63.0,1,cooking_fume
2496.0,3139.0,27.0,46.0,57.0,28.8,62.9,1,cooking_fume
2495.0,3139.0,27.0,45.0,55.0,28.8,62.9,1,cooking_fume
2495.0,3139.0,27.0,45.0,56.0,28.8,62.6,1,cooking_fume
2493.0,3139.0,27.0,45.0,55.0,28.8,62.5,1,cooking_fume
2495.0,3139.0,25.0,44.0,54.0,28.8,62.5,1,cooking_fume
2494.0,3139.0,26.0,45.0,53.0,28.8,62.5,1,cooking_fume
2496.0,3139.0,26.0,45.0,53.0,28.8,62.6,1,cooking_fume
2495.0,3139.0,25.0,43.0,51.0,28.9,62.5,1,cooking_fume
2497.0,3139.0,26.0,44.0,52.0,28.8,62.4,1,cooking_fume
2495.0,3139.0,26.0,43.0,51.0,28.8,62.4,1,cooking_fume
2498.0,3139.0,24.0,42.0,49.0,28.9,62.3,1,cooking_fume
2496.0,3139.0,24.0,42.0,49.0,28.9,62.2,1,cooking_fume
2496.0,3139.0,24.0,42.0,49.0,28.8,62.2,1,cooking_fume
2493.0,3139.0,25.0,43.0,50.0,28.8,62.2,1,cooking_fume
2497.0,3139.0,25.0,43.0,50.0,28.9,62.2,1,cooking_fume
2493.0,3139.0,25.0,42.0,49.0,28.9,62.1,1,cooking_fume
2496.0,3139.0,26.0,42.0,49.0,28.9,62.0,1,cooking_fume
2494.0,3139.0,26.0,43.0,50.0,28.8,62.1,1,cooking_fume
2498.0,3139.0,25.0,42.0,49.0,28.9,62.2,1,cooking_fume
2498.0,3139.0,26.0,42.0,49.0,28.9,62.1,1,cooking_fume
2496.0,3139.0,25.0,41.0,48.0,28.9,62.3,1,cooking_fume
2494.0,3139.0,25.0,41.0,48.0,28.9,61.9,1,cooking_fume
2498.0,3139.0,25.0,42.0,49.0,28.8,62.1,1,cooking_fume
2496.0,3139.0,24.0,41.0,48.0,28.9,62.1,1,cooking_fume
2494.0,3139.0,24.0,42.0,49.0,28.9,62.4,1,cooking_fume
2499.0,3139.0,23.0,41.0,48.0,28.9,62.3,1,cooking_fume
2492.0,3139.0,23.0,40.0,48.0,28.9,62.3,1,cooking_fume
2495.0,3139.0,24.0,41.0,49.0,28.9,62.4,1,cooking_fume
2496.0,3139.0,23.0,40.0,49.0,28.9,62.3,1,cooking_fume
2497.0,3139.0,25.0,42.0,50.0,28.9,62.1,1,cooking_fume
2497.0,3139.0,24.0,41.0,49.0,28.8,62.1,1,cooking_fume
2496.0,3139.0,25.0,42.0,50.0,28.9,62.0,1,cooking_fume
2491.0,3139.0,25.0,42.0,50.0,28.9,62.1,1,cooking_fume
2497.0,3139.0,25.0,41.0,50.0,28.9,61.9,1,cooking_fume
2498.0,3139.0,25.0,41.0,50.0,28.9,61.9,1,cooking_fume
2495.0,3139.0,24.0,41.0,50.0,28.9,61.9,1,cooking_fume
2497.0,3139.0,23.0,40.0,48.0,28.9,61.8,1,cooking_fume
2495.0,3139.0,25.0,41.0,49.0,28.9,62.2,1,cooking_fume
2494.0,3139.0,25.0,40.0,48.0,28.9,62.2,1,cooking_fume
2497.0,3139.0,26.0,41.0,49.0,28.9,62.1,1,cooking_fume
2498.0,3139.0,26.0,41.0,49.0,28.9,62.4,1,cooking_fume
2496.0,3139.0,24.0,40.0,47.0,28.9,62.1,1,cooking_fume
2495.0,3139.0,25.0,40.0,47.0,28.9,62.2,1,cooking_fume
2497.0,3139.0,24.0,40.0,47.0,28.9,62.2,1,cooking_fume
2497.0,3139.0,23.0,38.0,45.0,28.9,62.2,1,cooking_fume
2497.0,3139.0,23.0,39.0,46.0,28.9,62.4,1,cooking_fume
2494.0,3139.0,23.0,39.0,46.0,28.9,62.3,1,cooking_fume
2497.0,3139.0,23.0,39.0,47.0,28.9,62.2,1,cooking_fume
2497.0,3139.0,24.0,40.0,48.0,28.9,62.1,1,cooking_fume
2496.0,3139.0,24.0,40.0,48.0,28.9,62.1,1,cooking_fume
2497.0,3139.0,24.0,41.0,49.0,28.9,61.9,1,cooking_fume
2494.0,3139.0,23.0,40.0,49.0,28.9,62.1,1,cooking_fume
2495.0,3139.0,23.0,40.0,49.0,28.9,61.9,1,cooking_fume
2496.0,3139.0,24.0,41.0,49.0,28.9,61.9,1,cooking_fume
2495.0,3139.0,24.0,41.0,49.0,28.9,61.9,1,cooking_fume
2497.0,3139.0,24.0,40.0,49.0,28.9,61.7,1,cooking_fume
2495.0,3139.0,23.0,39.0,48.0,29.0,61.8,1,cooking_fume
2496.0,3139.0,24.0,39.0,48.0,28.9,61.7,1,cooking_fume
2495.0,3139.0,24.0,38.0,47.0,28.9,61.7,1,cooking_fume
2498.0,3139.0,25.0,40.0,49.0,28.9,61.5,1,cooking_fume
2497.0,3139.0,25.0,41.0,49.0,29.0,61.4,1,cooking_fume
2497.0,3139.0,25.0,41.0,49.0,28.9,61.5,1,cooking_fume
2493.0,3139.0,25.0,41.0,49.0,28.9,61.6,1,cooking_fume
2494.0,3139.0,25.0,41.0,49.0,28.9,61.8,1,cooking_fume
2496.0,3139.0,24.0,40.0,48.0,28.9,61.8,1,cooking_fume
2496.0,3139.0,24.0,40.0,48.0,28.9,61.5,1,cooking_fume
2495.0,3139.0,23.0,40.0,47.0,28.9,61.7,1,cooking_fume
2495.0,3139.0,23.0,40.0,47.0,28.9,61.6,1,cooking_fume
2497.0,3139.0,24.0,40.0,47.0,28.9,61.6,1,cooking_fume
2495.0,3139.0,23.0,38.0,45.0,28.9,61.8,1,cooking_fume
2494.0,3139.0,22.0,36.0,44.0,28.9,61.8,1,cooking_fume
2260.0,2884.0,12.0,25.0,25.0,28.0,60.3,2,vehicle_exhaust
2263.0,2884.0,12.0,25.0,26.0,28.0,60.3,2,vehicle_exhaust
2259.0,2883.0,13.0,26.0,27.0,28.0,60.4,2,vehicle_exhaust
2264.0,2885.0,14.0,26.0,27.0,28.0,60.4,2,vehicle_exhaust
2270.0,2885.0,12.0,25.0,26.0,28.0,60.5,2,vehicle_exhaust
2259.0,2884.0,12.0,25.0,26.0,28.0,60.5,2,vehicle_exhaust
2260.0,2885.0,12.0,26.0,27.0,28.0,60.5,2,vehicle_exhaust
2258.0,2883.0,14.0,27.0,28.0,28.0,60.4,2,vehicle_exhaust
2256.0,2883.0,13.0,26.0,27.0,28.0,60.4,2,vehicle_exhaust
2267.0,2883.0,12.0,27.0,27.0,27.9,60.3,2,vehicle_exhaust
2259.0,2886.0,12.0,27.0,27.0,27.9,60.3,2,vehicle_exhaust
2258.0,2885.0,13.0,28.0,28.0,27.9,60.4,2,vehicle_exhaust
2265.0,2885.0,13.0,28.0,28.0,27.9,60.4,2,vehicle_exhaust
2259.0,2886.0,12.0,27.0,27.0,27.9,60.4,2,vehicle_exhaust
2270.0,2884.0,12.0,27.0,27.0,27.9,60.7,2,vehicle_exhaust
2264.0,2885.0,11.0,27.0,27.0,27.9,60.7,2,vehicle_exhaust
2261.0,2884.0,11.0,27.0,27.0,27.9,60.7,2,vehicle_exhaust
2264.0,2886.0,11.0,27.0,27.0,27.9,60.7,2,vehicle_exhaust
2258.0,2882.0,12.0,28.0,28.0,27.9,60.7,2,vehicle_exhaust
2270.0,2883.0,12.0,28.0,28.0,27.9,60.6,2,vehicle_exhaust
2264.0,2885.0,11.0,27.0,27.0,27.9,60.6,2,vehicle_exhaust
2260.0,2883.0,11.0,27.0,27.0,27.9,60.7,2,vehicle_exhaust
2261.0,2884.0,11.0,27.0,27.0,27.9,60.7,2,vehicle_exhaust
2260.0,2884.0,12.0,28.0,28.0,27.9,60.7,2,vehicle_exhaust
2271.0,2884.0,12.0,28.0,28.0,27.9,60.6,2,vehicle_exhaust
2263.0,2884.0,11.0,26.0,27.0,27.9,60.6,2,vehicle_exhaust
2259.0,2886.0,11.0,26.0,27.0,27.8,60.8,2,vehicle_exhaust
2262.0,2883.0,12.0,27.0,28.0,27.8,60.8,2,vehicle_exhaust
2259.0,2882.0,12.0,27.0,28.0,27.8,60.8,2,vehicle_exhaust
2257.0,2883.0,12.0,27.0,28.0,27.8,60.7,2,vehicle_exhaust
2264.0,2884.0,12.0,27.0,28.0,27.8,60.7,2,vehicle_exhaust
2258.0,2884.0,12.0,27.0,28.0,27.8,60.6,2,vehicle_exhaust
2258.0,2883.0,12.0,28.0,29.0,27.8,60.6,2,vehicle_exhaust
2268.0,2884.0,12.0,28.0,29.0,27.8,60.9,2,vehicle_exhaust
2261.0,2884.0,11.0,28.0,29.0,27.8,60.9,2,vehicle_exhaust
2264.0,2884.0,11.0,28.0,29.0,27.8,60.9,2,vehicle_exhaust
2263.0,2881.0,10.0,27.0,28.0,27.8,60.8,2,vehicle_exhaust
2259.0,2883.0,10.0,27.0,28.0,27.8,60.8,2,vehicle_exhaust
2273.0,2884.0,10.0,27.0,28.0,27.8,60.8,2,vehicle_exhaust
2260.0,2887.0,11.0,28.0,29.0,27.8,60.8,2,vehicle_exhaust
2259.0,2883.0,12.0,28.0,29.0,27.8,60.7,2,vehicle_exhaust
2264.0,2882.0,12.0,28.0,29.0,27.8,60.7,2,vehicle_exhaust
2261.0,2885.0,12.0,28.0,28.0,27.8,60.7,2,vehicle_exhaust
2272.0,2884.0,12.0,28.0,28.0,27.7,61.0,2,vehicle_exhaust
2265.0,2884.0,12.0,28.0,28.0,27.7,61.0,2,vehicle_exhaust
2260.0,2883.0,12.0,28.0,28.0,27.7,61.0,2,vehicle_exhaust
2266.0,2884.0,13.0,28.0,28.0,27.7,61.0,2,vehicle_exhaust
2259.0,2884.0,13.0,27.0,28.0,27.7,61.0,2,vehicle_exhaust
2259.0,2884.0,12.0,26.0,27.0,27.7,60.7,2,vehicle_exhaust
2266.0,2883.0,12.0,26.0,27.0,27.7,60.7,2,vehicle_exhaust
2259.0,2882.0,13.0,27.0,28.0,27.7,60.9,2,vehicle_exhaust
2264.0,2881.0,13.0,27.0,28.0,27.7,60.9,2,vehicle_exhaust
2272.0,2884.0,13.0,27.0,28.0,27.6,60.9,2,vehicle_exhaust
2261.0,2885.0,13.0,27.0,28.0,27.6,60.9,2,vehicle_exhaust
2265.0,2884.0,13.0,27.0,29.0,27.6,60.9,2,vehicle_exhaust
2264.0,2885.0,12.0,26.0,28.0,27.7,61.0,2,vehicle_exhaust
2259.0,2881.0,12.0,26.0,28.0,27.7,61.0,2,vehicle_exhaust
2273.0,2882.0,12.0,26.0,28.0,27.6,61.1,2,vehicle_exhaust
2260.0,2885.0,12.0,26.0,28.0,27.6,61.1,2,vehicle_exhaust
2261.0,2885.0,13.0,27.0,29.0,27.6,61.3,2,vehicle_exhaust
2264.0,2882.0,12.0,27.0,29.0,27.6,61.3,2,vehicle_exhaust
2261.0,2885.0,11.0,26.0,28.0,27.6,61.3,2,vehicle_exhaust
2272.0,2884.0,11.0,25.0,27.0,27.6,61.2,2,vehicle_exhaust
2265.0,2882.0,12.0,26.0,28.0,27.6,61.2,2,vehicle_exhaust
2260.0,2883.0,12.0,25.0,27.0,27.6,61.2,2,vehicle_exhaust
2266.0,2883.0,11.0,25.0,27.0,27.6,61.2,2,vehicle_exhaust
2260.0,2884.0,11.0,25.0,27.0,27.6,61.2,2,vehicle_exhaust
2262.0,2884.0,11.0,24.0,26.0,27.5,61.2,2,vehicle_exhaust
2267.0,2883.0,11.0,24.0,26.0,27.5,61.2,2,vehicle_exhaust
2262.0,2883.0,11.0,24.0,25.0,27.5,61.1,2,vehicle_exhaust
2266.0,2885.0,11.0,24.0,25.0,27.5,61.1,2,vehicle_exhaust
2271.0,2884.0,11.0,24.0,25.0,27.5,61.3,2,vehicle_exhaust
2260.0,2882.0,11.0,24.0,25.0,27.5,61.3,2,vehicle_exhaust
2263.0,2882.0,12.0,24.0,25.0,27.5,61.3,2,vehicle_exhaust
2267.0,2884.0,11.0,24.0,25.0,27.5,61.4,2,vehicle_exhaust
2260.0,2883.0,11.0,24.0,25.0,27.5,61.4,2,vehicle_exhaust
2260.0,2883.0,10.0,23.0,24.0,27.5,61.4,2,vehicle_exhaust
2264.0,2884.0,10.0,23.0,24.0,27.5,61.4,2,vehicle_exhaust
2265.0,2881.0,10.0,23.0,24.0,27.4,61.4,2,vehicle_exhaust
2261.0,2880.0,10.0,23.0,24.0,27.4,61.4,2,vehicle_exhaust
2272.0,2882.0,10.0,23.0,24.0,27.4,61.6,2,vehicle_exhaust
2260.0,2880.0,11.0,25.0,25.0,27.4,61.6,2,vehicle_exhaust
2258.0,2884.0,12.0,25.0,25.0,27.4,61.6,2,vehicle_exhaust
2267.0,2881.0,11.0,24.0,24.0,27.4,61.6,2,vehicle_exhaust
2260.0,2882.0,11.0,24.0,24.0,27.4,61.6,2,vehicle_exhaust
2270.0,2883.0,10.0,24.0,24.0,27.4,61.7,2,vehicle_exhaust
2265.0,2884.0,10.0,24.0,24.0,27.4,61.7,2,vehicle_exhaust
2261.0,2881.0,11.0,25.0,25.0,27.3,61.6,2,vehicle_exhaust
2268.0,2882.0,11.0,26.0,26.0,27.3,61.6,2,vehicle_exhaust
2260.0,2883.0,11.0,26.0,26.0,27.3,61.6,2,vehicle_exhaust
2261.0,2881.0,11.0,26.0,26.0,27.3,61.8,2,vehicle_exhaust
2266.0,2883.0,11.0,26.0,26.0,27.3,61.8,2,vehicle_exhaust
2261.0,2883.0,11.0,26.0,26.0,27.3,61.9,2,vehicle_exhaust
2265.0,2882.0,11.0,26.0,26.0,27.3,61.9,2,vehicle_exhaust
2271.0,2883.0,10.0,25.0,25.0,27.3,61.7,2,vehicle_exhaust
2260.0,2881.0,10.0,25.0,25.0,27.3,61.7,2,vehicle_exhaust
2266.0,2883.0,10.0,25.0,25.0,27.3,61.7,2,vehicle_exhaust
2263.0,2881.0,11.0,25.0,25.0,27.3,61.9,2,vehicle_exhaust
2263.0,2884.0,11.0,25.0,25.0,27.3,61.9,2,vehicle_exhaust
2273.0,2883.0,11.0,25.0,25.0,27.3,62.0,2,vehicle_exhaust
2262.0,2882.0,12.0,26.0,26.0,27.3,62.0,2,vehicle_exhaust
2260.0,2884.0,13.0,27.0,27.0,27.3,62.1,2,vehicle_exhaust
2267.0,2883.0,13.0,28.0,28.0,27.3,62.1,2,vehicle_exhaust
2259.0,2883.0,13.0,28.0,28.0,27.3,62.1,2,vehicle_exhaust
2273.0,2884.0,13.0,28.0,28.0,27.2,62.2,2,vehicle_exhaust
2265.0,2882.0,12.0,27.0,27.0,27.2,62.2,2,vehicle_exhaust
2262.0,2884.0,12.0,27.0,27.0,27.2,62.3,2,vehicle_exhaust
2265.0,2882.0,12.0,27.0,27.0,27.2,62.3,2,vehicle_exhaust
2262.0,2884.0,13.0,28.0,28.0,27.2,62.3,2,vehicle_exhaust
2259.0,2883.0,13.0,27.0,27.0,27.2,62.3,2,vehicle_exhaust
2264.0,2882.0,12.0,26.0,26.0,27.2,62.3,2,vehicle_exhaust
2262.0,2883.0,12.0,26.0,26.0,27.1,62.4,2,vehicle_exhaust
2267.0,2885.0,12.0,26.0,26.0,27.1,62.4,2,vehicle_exhaust
2273.0,2882.0,12.0,25.0,26.0,27.2,62.5,2,vehicle_exhaust
2262.0,2883.0,11.0,25.0,25.0,27.2,62.5,2,vehicle_exhaust
2267.0,2883.0,11.0,25.0,25.0,27.2,62.5,2,vehicle_exhaust
2266.0,2882.0,11.0,25.0,25.0,27.1,62.5,2,vehicle_exhaust
2262.0,2883.0,11.0,25.0,25.0,27.1,62.5,2,vehicle_exhaust
2274.0,2884.0,11.0,25.0,25.0,27.1,62.5,2,vehicle_exhaust
2262.0,2884.0,12.0,25.0,26.0,27.1,62.5,2,vehicle_exhaust
2265.0,2882.0,12.0,25.0,26.0,27.1,62.5,2,vehicle_exhaust
2267.0,2881.0,12.0,25.0,26.0,27.1,62.5,2,vehicle_exhaust
2264.0,2884.0,12.0,26.0,27.0,27.1,62.5,2,vehicle_exhaust
2271.0,2881.0,12.0,26.0,27.0,27.1,62.5,2,vehicle_exhaust
2262.0,2883.0,11.0,25.0,25.0,27.1,62.5,2,vehicle_exhaust
2266.0,2883.0,11.0,25.0,25.0,27.1,62.5,2,vehicle_exhaust
2263.0,2884.0,11.0,26.0,26.0,27.0,62.6,2,vehicle_exhaust
2264.0,2882.0,11.0,26.0,26.0,27.0,62.6,2,vehicle_exhaust
2272.0,2882.0,11.0,26.0,26.0,27.0,62.8,2,vehicle_exhaust
2261.0,2880.0,11.0,26.0,26.0,27.0,62.8,2,vehicle_exhaust
2268.0,2884.0,11.0,26.0,26.0,27.0,62.8,2,vehicle_exhaust
2265.0,2882.0,10.0,25.0,25.0,27.0,62.8,2,vehicle_exhaust
2262.0,2884.0,11.0,25.0,25.0,27.0,62.8,2,vehicle_exhaust
2274.0,2883.0,11.0,25.0,26.0,27.0,62.8,2,vehicle_exhaust
2261.0,2880.0,11.0,26.0,26.0,27.0,62.8,2,vehicle_exhaust
2266.0,2882.0,11.0,26.0,26.0,27.0,62.8,2,vehicle_exhaust
2266.0,2882.0,12.0,27.0,28.0,27.0,63.0,2,vehicle_exhaust
2261.0,2880.0,12.0,27.0,28.0,27.0,63.0,2,vehicle_exhaust
2272.0,2882.0,13.0,27.0,28.0,27.0,63.2,2,vehicle_exhaust
2267.0,2884.0,13.0,28.0,29.0,27.0,63.2,2,vehicle_exhaust
2261.0,2883.0,12.0,27.0,28.0,26.9,63.3,2,vehicle_exhaust
2267.0,2885.0,12.0,27.0,28.0,26.9,63.3,2,vehicle_exhaust
2261.0,2882.0,12.0,27.0,28.0,26.9,63.3,2,vehicle_exhaust
2262.0,2882.0,12.0,27.0,27.0,26.9,63.2,2,vehicle_exhaust
2267.0,2882.0,12.0,27.0,27.0,26.9,63.2,2,vehicle_exhaust
2260.0,2884.0,13.0,28.0,28.0,26.9,63.2,2,vehicle_exhaust
2266.0,2884.0,13.0,28.0,28.0,26.9,63.2,2,vehicle_exhaust
2274.0,2881.0,13.0,28.0,28.0,26.9,63.3,2,vehicle_exhaust
2261.0,2882.0,13.0,28.0,28.0,26.9,63.3,2,vehicle_exhaust
2264.0,2882.0,13.0,28.0,28.0,26.9,63.3,2,vehicle_exhaust
2261.0,2882.0,13.0,28.0,28.0,26.9,63.3,2,vehicle_exhaust
2266.0,2882.0,13.0,28.0,29.0,26.9,63.3,2,vehicle_exhaust
2262.0,2882.0,13.0,28.0,29.0,26.9,63.3,2,vehicle_exhaust
2262.0,2883.0,13.0,29.0,29.0,26.8,63.6,2,vehicle_exhaust
2267.0,2883.0,13.0,29.0,30.0,26.8,63.6,2,vehicle_exhaust
2261.0,2880.0,13.0,29.0,30.0,26.8,63.7,2,vehicle_exhaust
2267.0,2884.0,13.0,29.0,30.0,26.8,63.7,2,vehicle_exhaust
2273.0,2882.0,13.0,29.0,30.0,26.8,63.8,2,vehicle_exhaust
2260.0,2883.0,13.0,29.0,30.0,26.8,63.8,2,vehicle_exhaust
2266.0,2883.0,12.0,28.0,29.0,26.8,63.8,2,vehicle_exhaust
2266.0,2882.0,12.0,27.0,28.0,26.8,63.8,2,vehicle_exhaust
2262.0,2883.0,13.0,28.0,29.0,26.8,63.8,2,vehicle_exhaust
2272.0,2881.0,13.0,28.0,29.0,26.8,64.0,2,vehicle_exhaust
2263.0,2884.0,13.0,28.0,29.0,26.8,64.0,2,vehicle_exhaust
2263.0,2881.0,13.0,28.0,29.0,26.8,64.1,2,vehicle_exhaust
2267.0,2882.0,14.0,28.0,29.0,26.8,64.1,2,vehicle_exhaust
2261.0,2882.0,14.0,28.0,29.0,26.8,64.1,2,vehicle_exhaust
2271.0,2881.0,14.0,28.0,29.0,26.8,64.5,2,vehicle_exhaust
2264.0,2883.0,14.0,28.0,29.0,26.8,64.5,2,vehicle_exhaust
2260.0,2883.0,14.0,28.0,29.0,26.7,64.4,2,vehicle_exhaust
2267.0,2883.0,12.0,27.0,28.0,26.7,64.4,2,vehicle_exhaust
2259.0,2881.0,12.0,26.0,28.0,26.7,64.4,2,vehicle_exhaust
2259.0,2882.0,12.0,26.0,27.0,26.7,64.5,2,vehicle_exhaust
2267.0,2882.0,12.0,26.0,27.0,26.7,64.5,2,vehicle_exhaust
2262.0,2881.0,12.0,25.0,26.0,26.7,64.4,2,vehicle_exhaust
2266.0,2882.0,12.0,26.0,27.0,26.7,64.4,2,vehicle_exhaust
2272.0,2880.0,12.0,25.0,26.0,26.7,64.6,2,vehicle_exhaust
2260.0,2883.0,12.0,25.0,26.0,26.7,64.6,2,vehicle_exhaust
2267.0,2882.0,12.0,24.0,25.0,26.7,64.6,2,vehicle_exhaust
2260.0,2882.0,11.0,24.0,25.0,26.7,64.5,2,vehicle_exhaust
2263.0,2881.0,11.0,24.0,25.0,26.7,64.5,2,vehicle_exhaust
2274.0,2882.0,11.0,24.0,25.0,26.7,64.6,2,vehicle_exhaust
2262.0,2884.0,11.0,23.0,24.0,26.7,64.6,2,vehicle_exhaust
2260.0,2881.0,12.0,24.0,25.0,26.7,64.6,2,vehicle_exhaust
2266.0,2884.0,12.0,24.0,25.0,26.7,64.6,2,vehicle_exhaust
2263.0,2882.0,12.0,24.0,25.0,26.7,64.6,2,vehicle_exhaust
2271.0,2881.0,11.0,24.0,25.0,26.6,64.5,2,vehicle_exhaust
2263.0,2879.0,11.0,23.0,24.0,26.6,64.5,2,vehicle_exhaust
2260.0,2879.0,11.0,23.0,24.0,26.6,64.5,2,vehicle_exhaust
2266.0,2880.0,11.0,23.0,24.0,26.6,64.5,2,vehicle_exhaust
2259.0,2882.0,11.0,23.0,24.0,26.6,64.5,2,vehicle_exhaust
2262.0,2882.0,12.0,23.0,24.0,26.6,64.4,2,vehicle_exhaust
2267.0,2882.0,12.0,23.0,24.0,26.6,64.4,2,vehicle_exhaust
2260.0,2884.0,13.0,24.0,25.0,26.6,64.6,2,vehicle_exhaust
2264.0,2884.0,13.0,24.0,26.0,26.6,64.6,2,vehicle_exhaust
2275.0,2879.0,13.0,24.0,26.0,26.6,64.6,2,vehicle_exhaust
2261.0,2883.0,13.0,24.0,26.0,26.6,64.6,2,vehicle_exhaust
2265.0,2882.0,13.0,25.0,27.0,26.6,64.6,2,vehicle_exhaust
2261.0,2882.0,13.0,25.0,27.0,26.6,64.6,2,vehicle_exhaust
2260.0,2882.0,12.0,24.0,27.0,26.6,64.6,2,vehicle_exhaust
2269.0,2864.0,12.0,25.0,27.0,26.6,64.5,2,vehicle_exhaust
2260.0,2882.0,12.0,25.0,27.0,26.6,64.5,2,vehicle_exhaust
2262.0,2883.0,12.0,26.0,28.0,26.6,64.5,2,vehicle_exhaust
2266.0,2883.0,12.0,26.0,28.0,26.6,64.5,2,vehicle_exhaust
2260.0,2881.0,12.0,26.0,28.0,26.6,64.5,2,vehicle_exhaust
2270.0,2881.0,12.0,26.0,28.0,26.5,64.7,2,vehicle_exhaust
2266.0,2884.0,11.0,25.0,27.0,26.5,64.7,2,vehicle_exhaust
2261.0,2882.0,11.0,25.0,27.0,26.5,64.6,2,vehicle_exhaust
2265.0,2884.0,11.0,25.0,26.0,26.5,64.6,2,vehicle_exhaust
2262.0,2885.0,11.0,25.0,26.0,26.5,64.6,2,vehicle_exhaust
2262.0,2883.0,11.0,25.0,26.0,26.5,64.6,2,vehicle_exhaust
2267.0,2883.0,12.0,26.0,27.0,26.5,64.6,2,vehicle_exhaust
2259.0,2882.0,12.0,26.0,27.0,26.5,64.6,2,vehicle_exhaust
2264.0,2883.0,12.0,26.0,27.0,26.5,64.6,2,vehicle_exhaust
2271.0,2884.0,11.0,25.0,26.0,26.5,64.8,2,vehicle_exhaust
2261.0,2883.0,11.0,25.0,26.0,26.5,64.8,2,vehicle_exhaust
2264.0,2884.0,11.0,25.0,26.0,26.5,64.8,2,vehicle_exhaust
2260.0,2883.0,11.0,25.0,26.0,26.5,64.7,2,vehicle_exhaust
2262.0,2883.0,12.0,26.0,27.0,26.5,64.7,2,vehicle_exhaust
2273.0,2883.0,12.0,26.0,27.0,26.5,64.8,2,vehicle_exhaust
2260.0,2882.0,12.0,26.0,27.0,26.5,64.8,2,vehicle_exhaust
2266.0,2882.0,12.0,26.0,27.0,26.5,64.8,2,vehicle_exhaust
2261.0,2883.0,12.0,26.0,27.0,26.5,64.8,2,vehicle_exhaust
2260.0,2882.0,12.0,26.0,27.0,26.5,64.8,2,vehicle_exhaust
2272.0,2883.0,12.0,26.0,28.0,26.5,64.7,2,vehicle_exhaust
2262.0,2881.0,11.0,25.0,27.0,26.5,64.7,2,vehicle_exhaust
2263.0,2883.0,11.0,25.0,27.0,26.5,64.7,2,vehicle_exhaust
2266.0,2884.0,11.0,24.0,27.0,26.5,64.9,2,vehicle_exhaust
2262.0,2883.0,11.0,24.0,27.0,26.5,64.9,2,vehicle_exhaust
2262.0,2884.0,12.0,25.0,28.0,26.5,64.9,2,vehicle_exhaust
2266.0,2885.0,12.0,25.0,28.0,26.5,64.9,2,vehicle_exhaust
2268.0,2885.0,13.0,24.0,28.0,26.5,64.9,2,vehicle_exhaust
2260.0,2885.0,13.0,24.0,28.0,26.5,64.9,2,vehicle_exhaust
2268.0,2883.0,12.0,23.0,27.0,26.5,64.8,2,vehicle_exhaust
2260.0,2884.0,12.0,23.0,27.0,26.5,64.8,2,vehicle_exhaust
2260.0,2881.0,12.0,22.0,27.0,26.4,64.9,2,vehicle_exhaust
2265.0,2884.0,12.0,22.0,26.0,26.4,64.9,2,vehicle_exhaust
2257.0,2884.0,12.0,22.0,26.0,26.4,64.9,2,vehicle_exhaust
2270.0,2884.0,13.0,23.0,27.0,26.4,65.0,2,vehicle_exhaust
2264.0,2885.0,12.0,23.0,26.0,26.4,65.0,2,vehicle_exhaust
2261.0,2885.0,12.0,23.0,26.0,26.5,65.0,2,vehicle_exhaust
2265.0,2881.0,12.0,23.0,26.0,26.5,65.0,2,vehicle_exhaust
2259.0,2882.0,12.0,23.0,26.0,26.5,65.0,2,vehicle_exhaust
2261.0,2884.0,10.0,22.0,25.0,26.4,64.9,2,vehicle_exhaust
2264.0,2885.0,10.0,22.0,25.0,26.4,64.9,2,vehicle_exhaust
2260.0,2883.0,11.0,24.0,26.0,26.4,65.0,2,vehicle_exhaust
2262.0,2882.0,12.0,24.0,26.0,26.4,65.0,2,vehicle_exhaust
2270.0,2884.0,12.0,24.0,26.0,26.4,65.0,2,vehicle_exhaust
2259.0,2883.0,12.0,24.0,26.0,26.4,65.0,2,vehicle_exhaust
2267.0,2883.0,11.0,24.0,25.0,26.4,65.0,2,vehicle_exhaust
2264.0,2883.0,11.0,24.0,25.0,26.4,65.0,2,vehicle_exhaust
2259.0,2883.0,11.0,24.0,25.0,26.4,65.0,2,vehicle_exhaust
2271.0,2884.0,12.0,24.0,25.0,26.5,65.1,2,vehicle_exhaust
2260.0,2885.0,12.0,24.0,25.0,26.5,65.1,2,vehicle_exhaust
2260.0,2884.0,13.0,25.0,26.0,26.4,65.1,2,vehicle_exhaust
2265.0,2883.0,13.0,25.0,26.0,26.4,65.1,2,vehicle_exhaust
2263.0,2884.0,12.0,25.0,26.0,26.4,65.1,2,vehicle_exhaust
2270.0,2883.0,12.0,26.0,26.0,26.4,65.1,2,vehicle_exhaust
2264.0,2884.0,12.0,26.0,26.0,26.4,65.1,2,vehicle_exhaust
2258.0,2885.0,12.0,26.0,26.0,26.4,65.1,2,vehicle_exhaust
2264.0,2883.0,12.0,26.0,26.0,26.4,65.1,2,vehicle_exhaust
2261.0,2885.0,12.0,26.0,26.0,26.4,65.1,2,vehicle_exhaust
2261.0,2884.0,11.0,25.0,25.0,26.4,65.1,2,vehicle_exhaust
2263.0,2884.0,10.0,25.0,25.0,26.4,65.1,2,vehicle_exhaust
2259.0,2882.0,11.0,25.0,25.0,26.4,65.1,2,vehicle_exhaust
2265.0,2883.0,11.0,25.0,25.0,26.4,65.1,2,vehicle_exhaust
2259.0,2882.0,11.0,25.0,25.0,26.4,65.1,2,vehicle_exhaust
2259.0,2884.0,11.0,25.0,25.0,26.4,65.1,2,vehicle_exhaust
2264.0,2885.0,12.0,25.0,25.0,26.4,65.1,2,vehicle_exhaust
2259.0,2882.0,12.0,25.0,25.0,26.4,65.3,2,vehicle_exhaust
2265.0,2885.0,13.0,26.0,26.0,26.4,65.3,2,vehicle_exhaust
2272.0,2883.0,13.0,27.0,27.0,26.4,65.1,2,vehicle_exhaust
2258.0,2883.0,13.0,27.0,27.0,26.4,65.1,2,vehicle_exhaust
2265.0,2882.0,13.0,27.0,27.0,26.4,65.1,2,vehicle_exhaust
2260.0,2883.0,14.0,27.0,27.0,26.4,65.2,2,vehicle_exhaust
2258.0,2885.0,13.0,26.0,26.0,26.4,65.2,2,vehicle_exhaust
2271.0,2882.0,13.0,26.0,26.0,26.4,65.2,2,vehicle_exhaust
2261.0,2884.0,14.0,26.0,26.0,26.4,65.2,2,vehicle_exhaust
2265.0,2883.0,14.0,26.0,26.0,26.4,65.2,2,vehicle_exhaust
2265.0,2882.0,15.0,26.0,26.0,26.4,65.1,2,vehicle_exhaust
2260.0,2883.0,15.0,26.0,26.0,26.4,65.1,2,vehicle_exhaust
2271.0,2885.0,14.0,25.0,25.0,26.5,65.1,2,vehicle_exhaust
2259.0,2883.0,14.0,25.0,25.0,26.5,65.1,2,vehicle_exhaust
2259.0,2884.0,15.0,26.0,26.0,26.4,65.2,2,vehicle_exhaust
2267.0,2884.0,15.0,26.0,26.0,26.4,65.2,2,vehicle_exhaust
2260.0,2885.0,15.0,26.0,26.0,26.4,65.2,2,vehicle_exhaust
2260.0,2884.0,15.0,26.0,26.0,26.4,65.1,2,vehicle_exhaust
2265.0,2884.0,15.0,26.0,26.0,26.4,65.1,2,vehicle_exhaust
2260.0,2882.0,14.0,25.0,25.0,26.4,65.2,2,vehicle_exhaust
2263.0,2886.0,14.0,25.0,25.0,26.4,65.2,2,vehicle_exhaust
2269.0,2884.0,14.0,25.0,25.0,26.4,65.1,2,vehicle_exhaust
2260.0,2883.0,14.0,25.0,26.0,26.4,65.1,2,vehicle_exhaust
2266.0,2883.0,14.0,25.0,26.0,26.4,65.1,2,vehicle_exhaust
2259.0,2882.0,14.0,26.0,27.0,26.4,65.2,2,vehicle_exhaust
2260.0,2883.0,13.0,25.0,25.0,26.4,65.2,2,vehicle_exhaust
2272.0,2883.0,13.0,24.0,25.0,26.5,65.1,2,vehicle_exhaust
2261.0,2884.0,13.0,24.0,25.0,26.5,65.1,2,vehicle_exhaust
2266.0,2885.0,14.0,25.0,26.0,26.5,65.1,2,vehicle_exhaust
2264.0,2882.0,13.0,24.0,26.0,26.4,65.2,2,vehicle_exhaust
2259.0,2882.0,12.0,23.0,25.0,26.4,65.2,2,vehicle_exhaust
2271.0,2884.0,12.0,23.0,24.0,26.4,65.3,2,vehicle_exhaust
2259.0,2884.0,12.0,23.0,24.0,26.4,65.3,2,vehicle_exhaust
2259.0,2882.0,12.0,24.0,25.0,26.5,65.2,2,vehicle_exhaust
2266.0,2885.0,12.0,24.0,25.0,26.5,65.2,2,vehicle_exhaust
2260.0,2883.0,11.0,23.0,24.0,26.5,65.2,2,vehicle_exhaust
2271.0,2883.0,11.0,23.0,24.0,26.4,65.1,2,vehicle_exhaust
2265.0,2885.0,11.0,23.0,24.0,26.4,65.1,2,vehicle_exhaust
2260.0,2884.0,11.0,23.0,24.0,26.5,65.1,2,vehicle_exhaust
2265.0,2883.0,11.0,23.0,24.0,26.5,65.1,2,vehicle_exhaust
2269.0,2883.0,12.0,25.0,26.0,26.5,65.2,2,vehicle_exhaust
2256.0,2882.0,12.0,25.0,26.0,26.5,65.2,2,vehicle_exhaust
2264.0,2882.0,12.0,26.0,27.0,26.5,65.2,2,vehicle_exhaust
2257.0,2883.0,12.0,26.0,27.0,26.5,65.3,2,vehicle_exhaust
2259.0,2882.0,12.0,25.0,27.0,26.5,65.3,2,vehicle_exhaust
2269.0,2884.0,12.0,26.0,27.0,26.5,65.1,2,vehicle_exhaust
2260.0,2884.0,13.0,27.0,28.0,26.5,65.1,2,vehicle_exhaust
2265.0,2885.0,13.0,27.0,29.0,26.5,65.1,2,vehicle_exhaust
2260.0,2883.0,14.0,27.0,29.0,26.5,65.1,2,vehicle_exhaust
2260.0,2885.0,13.0,26.0,28.0,26.5,65.1,2,vehicle_exhaust
2271.0,2882.0,13.0,27.0,28.0,26.5,65.1,2,vehicle_exhaust
2257.0,2883.0,13.0,27.0,29.0,26.5,65.1,2,vehicle_exhaust
2263.0,2881.0,13.0,27.0,29.0,26.5,65.1,2,vehicle_exhaust
2264.0,2883.0,14.0,28.0,29.0,26.4,65.2,2,vehicle_exhaust
2259.0,2882.0,14.0,28.0,29.0,26.4,65.2,2,vehicle_exhaust
2270.0,2883.0,14.0,28.0,29.0,26.5,65.1,2,vehicle_exhaust
2259.0,2884.0,14.0,28.0,29.0,26.5,65.1,2,vehicle_exhaust
2258.0,2882.0,14.0,28.0,29.0,26.4,65.1,2,vehicle_exhaust
2262.0,2882.0,14.0,28.0,29.0,26.4,65.1,2,vehicle_exhaust
2260.0,2883.0,14.0,28.0,29.0,26.4,65.1,2,vehicle_exhaust
2260.0,2884.0,13.0,27.0,28.0,26.5,65.1,2,vehicle_exhaust
2264.0,2883.0,13.0,27.0,28.0,26.5,65.1,2,vehicle_exhaust
2260.0,2884.0,13.0,27.0,28.0,26.5,65.0,2,vehicle_exhaust
2264.0,2882.0,13.0,27.0,28.0,26.5,65.0,2,vehicle_exhaust
2258.0,2882.0,13.0,28.0,29.0,26.5,65.0,2,vehicle_exhaust
2260.0,2883.0,14.0,28.0,29.0,26.4,65.2,2,vehicle_exhaust
2264.0,2883.0,13.0,28.0,29.0,26.4,65.2,2,vehicle_exhaust
2259.0,2882.0,12.0,27.0,28.0,26.5,65.2,2,vehicle_exhaust
2264.0,2881.0,12.0,27.0,28.0,26.5,65.2,2,vehicle_exhaust
2268.0,2883.0,13.0,28.0,29.0,26.5,65.3,2,vehicle_exhaust
2258.0,2884.0,13.0,28.0,29.0,26.5,65.3,2,vehicle_exhaust
2263.0,2885.0,13.0,27.0,28.0,26.5,65.3,2,vehicle_exhaust
2262.0,2883.0,11.0,26.0,27.0,26.5,65.1,2,vehicle_exhaust
2258.0,2885.0,12.0,27.0,28.0,26.5,65.1,2,vehicle_exhaust
2270.0,2884.0,12.0,28.0,29.0,26.5,65.3,2,vehicle_exhaust
2259.0,2884.0,12.0,28.0,29.0,26.5,65.3,2,vehicle_exhaust
2264.0,2885.0,12.0,28.0,29.0,26.5,65.3,2,vehicle_exhaust
2262.0,2882.0,12.0,28.0,29.0,26.5,65.3,2,vehicle_exhaust
2260.0,2882.0,12.0,28.0,29.0,26.5,65.3,2,vehicle_exhaust
2269.0,2883.0,12.0,28.0,29.0,26.5,65.4,2,vehicle_exhaust
2259.0,2882.0,12.0,28.0,30.0,26.5,65.4,2,vehicle_exhaust
2260.0,2883.0,12.0,27.0,30.0,26.5,65.3,2,vehicle_exhaust
2264.0,2884.0,12.0,27.0,30.0,26.5,65.3,2,vehicle_exhaust
2258.0,2883.0,11.0,26.0,29.0,26.5,65.3,2,vehicle_exhaust
2256.0,2883.0,11.0,26.0,28.0,26.5,65.3,2,vehicle_exhaust
2262.0,2885.0,11.0,26.0,28.0,26.5,65.3,2,vehicle_exhaust
2260.0,2885.0,11.0,26.0,28.0,26.5,65.3,2,vehicle_exhaust
2265.0,2884.0,11.0,26.0,28.0,26.5,65.3,2,vehicle_exhaust
2271.0,2886.0,12.0,27.0,29.0,26.4,65.1,2,vehicle_exhaust
2260.0,2885.0,10.0,26.0,27.0,26.4,65.1,2,vehicle_exhaust
2264.0,2885.0,10.0,26.0,27.0,26.4,65.1,2,vehicle_exhaust
2258.0,2885.0,10.0,26.0,27.0,26.5,65.2,2,vehicle_exhaust
2259.0,2882.0,11.0,27.0,28.0,26.5,65.2,2,vehicle_exhaust
2271.0,2883.0,11.0,27.0,28.0,26.5,65.3,2,vehicle_exhaust
2259.0,2883.0,10.0,26.0,27.0,26.5,65.3,2,vehicle_exhaust
2264.0,2883.0,10.0,26.0,27.0,26.5,65.3,2,vehicle_exhaust
2262.0,2884.0,10.0,26.0,27.0,26.5,65.1,2,vehicle_exhaust
2259.0,2885.0,10.0,27.0,27.0,26.5,65.1,2,vehicle_exhaust
2268.0,2885.0,10.0,27.0,28.0,26.4,65.2,2,vehicle_exhaust
2259.0,2883.0,11.0,27.0,28.0,26.4,65.2,2,vehicle_exhaust
2258.0,2883.0,11.0,27.0,28.0,26.5,65.1,2,vehicle_exhaust
2263.0,2885.0,12.0,29.0,29.0,26.5,65.1,2,vehicle_exhaust
2259.0,2884.0,12.0,29.0,29.0,26.5,65.1,2,vehicle_exhaust
2259.0,2886.0,13.0,29.0,29.0,26.5,65.3,2,vehicle_exhaust
2264.0,2885.0,13.0,29.0,29.0,26.5,65.3,2,vehicle_exhaust
2259.0,2886.0,13.0,29.0,29.0,26.5,65.1,2,vehicle_exhaust
2264.0,2885.0,13.0,29.0,29.0,26.5,65.1,2,vehicle_exhaust
2270.0,2885.0,13.0,27.0,28.0,26.5,65.1,2,vehicle_exhaust
2259.0,2884.0,13.0,27.0,27.0,26.5,65.1,2,vehicle_exhaust
2262.0,2885.0,13.0,27.0,27.0,26.5,65.1,2,vehicle_exhaust
2261.0,2884.0,13.0,27.0,27.0,26.5,65.2,2,vehicle_exhaust
2270.0,2885.0,14.0,27.0,27.0,26.5,65.2,2,vehicle_exhaust
2258.0,2884.0,14.0,27.0,28.0,26.5,65.2,2,vehicle_exhaust
2264.0,2883.0,14.0,26.0,28.0,26.5,65.2,2,vehicle_exhaust
2259.0,2886.0,15.0,27.0,29.0,26.5,65.2,2,vehicle_exhaust
2258.0,2886.0,15.0,27.0,29.0,26.5,65.2,2,vehicle_exhaust
2270.0,2884.0,14.0,26.0,27.0,26.5,65.2,2,vehicle_exhaust
2260.0,2885.0,14.0,26.0,27.0,26.5,65.2,2,vehicle_exhaust
2265.0,2884.0,15.0,26.0,27.0,26.5,65.2,2,vehicle_exhaust
2263.0,2884.0,15.0,26.0,27.0,26.5,65.1,2,vehicle_exhaust
2259.0,2887.0,16.0,27.0,28.0,26.5,65.1,2,vehicle_exhaust
2269.0,2885.0,16.0,26.0,27.0,26.5,65.1,2,vehicle_exhaust
2264.0,2884.0,15.0,25.0,26.0,26.5,65.1,2,vehicle_exhaust
2259.0,2882.0,15.0,25.0,26.0,26.5,65.1,2,vehicle_exhaust
2265.0,2884.0,15.0,26.0,26.0,26.5,65.1,2,vehicle_exhaust
2260.0,2885.0,15.0,26.0,26.0,26.5,65.1,2,vehicle_exhaust
2258.0,2886.0,16.0,26.0,26.0,26.5,65.1,2,vehicle_exhaust
2264.0,2886.0,16.0,26.0,26.0,26.5,65.1,2,vehicle_exhaust
2260.0,2883.0,16.0,26.0,26.0,26.5,65.2,2,vehicle_exhaust
2264.0,2883.0,16.0,26.0,26.0,26.5,65.2,2,vehicle_exhaust
2270.0,2886.0,16.0,26.0,27.0,26.5,65.1,2,vehicle_exhaust
2261.0,2887.0,16.0,26.0,27.0,26.5,65.1,2,vehicle_exhaust
2265.0,2885.0,16.0,26.0,26.0,26.5,65.1,2,vehicle_exhaust
2260.0,2885.0,16.0,25.0,26.0,26.5,65.1,2,vehicle_exhaust
2261.0,2885.0,15.0,25.0,26.0,26.5,65.1,2,vehicle_exhaust
2272.0,2884.0,15.0,25.0,25.0,26.5,65.1,2,vehicle_exhaust
2259.0,2883.0,14.0,24.0,24.0,26.5,65.1,2,vehicle_exhaust
2264.0,2884.0,14.0,23.0,24.0,26.5,65.1,2,vehicle_exhaust
2264.0,2885.0,14.0,24.0,25.0,26.5,65.1,2,vehicle_exhaust
2260.0,2885.0,14.0,24.0,25.0,26.5,65.1,2,vehicle_exhaust
2269.0,2884.0,14.0,25.0,25.0,26.5,65.1,2,vehicle_exhaust
2264.0,2884.0,14.0,25.0,25.0,26.5,65.1,2,vehicle_exhaust
2261.0,2885.0,14.0,25.0,25.0,26.5,65.1,2,vehicle_exhaust
2264.0,2882.0,13.0,24.0,24.0,26.5,65.1,2,vehicle_exhaust
2260.0,2886.0,13.0,24.0,24.0,26.5,65.1,2,vehicle_exhaust
2257.0,2882.0,13.0,24.0,25.0,26.5,65.0,2,vehicle_exhaust
2264.0,2883.0,13.0,24.0,25.0,26.5,65.0,2,vehicle_exhaust
2260.0,2884.0,12.0,25.0,25.0,26.5,65.0,2,vehicle_exhaust
2267.0,2885.0,13.0,26.0,26.0,26.5,65.0,2,vehicle_exhaust
2272.0,2885.0,13.0,26.0,27.0,26.5,65.1,2,vehicle_exhaust
2259.0,2886.0,12.0,25.0,26.0,26.5,65.1,2,vehicle_exhaust
2263.0,2884.0,12.0,25.0,26.0,26.5,65.1,2,vehicle_exhaust
2261.0,2885.0,12.0,25.0,26.0,26.5,65.2,2,vehicle_exhaust
2261.0,2885.0,12.0,25.0,27.0,26.5,65.2,2,vehicle_exhaust
2271.0,2885.0,12.0,24.0,27.0,26.5,65.2,2,vehicle_exhaust
2260.0,2883.0,12.0,24.0,27.0,26.5,65.2,2,vehicle_exhaust
2265.0,2885.0,13.0,24.0,27.0,26.5,65.2,2,vehicle_exhaust
2264.0,2883.0,13.0,25.0,28.0,26.5,65.1,2,vehicle_exhaust
2261.0,2884.0,13.0,25.0,28.0,26.5,65.1,2,vehicle_exhaust
2267.0,2884.0,13.0,25.0,28.0,26.5,65.0,2,vehicle_exhaust
2260.0,2886.0,13.0,25.0,28.0,26.5,65.0,2,vehicle_exhaust
2259.0,2886.0,12.0,24.0,26.0,26.5,65.0,2,vehicle_exhaust
2264.0,2883.0,11.0,24.0,26.0,26.5,65.0,2,vehicle_exhaust
2258.0,2883.0,11.0,24.0,26.0,26.5,65.0,2,vehicle_exhaust
2257.0,2886.0,12.0,25.0,26.0,26.5,65.1,2,vehicle_exhaust
2265.0,2885.0,11.0,25.0,26.0,26.5,65.1,2,vehicle_exhaust
2259.0,2885.0,10.0,24.0,25.0,26.5,64.9,2,vehicle_exhaust
2265.0,2883.0,10.0,24.0,25.0,26.5,64.9,2,vehicle_exhaust
2271.0,2883.0,9.0,25.0,26.0,26.5,65.0,2,vehicle_exhaust
2260.0,2882.0,9.0,25.0,26.0,26.5,65.0,2,vehicle_exhaust
2264.0,2883.0,8.0,24.0,25.0,26.5,65.0,2,vehicle_exhaust
2259.0,2884.0,10.0,24.0,25.0,26.5,65.0,2,vehicle_exhaust
2260.0,2884.0,11.0,25.0,26.0,26.5,65.0,2,vehicle_exhaust
2268.0,2883.0,11.0,25.0,26.0,26.5,65.0,2,vehicle_exhaust
2260.0,2884.0,11.0,25.0,26.0,26.5,65.0,2,vehicle_exhaust
2265.0,2885.0,11.0,25.0,26.0,26.5,65.0,2,vehicle_exhaust
2259.0,2883.0,11.0,25.0,26.0,26.5,65.0,2,vehicle_exhaust
2266.0,2885.0,12.0,25.0,26.0,26.5,65.0,2,vehicle_exhaust
2271.0,2885.0,12.0,25.0,25.0,26.5,65.0,2,vehicle_exhaust
2258.0,2882.0,12.0,25.0,25.0,26.5,65.0,2,vehicle_exhaust
2264.0,2881.0,11.0,24.0,24.0,26.5,65.0,2,vehicle_exhaust
2261.0,2885.0,11.0,24.0,24.0,26.5,65.1,2,vehicle_exhaust
2259.0,2885.0,11.0,24.0,24.0,26.5,65.1,2,vehicle_exhaust
2272.0,2883.0,11.0,24.0,24.0,26.5,65.0,2,vehicle_exhaust
2261.0,2884.0,12.0,25.0,25.0,26.5,65.0,2,vehicle_exhaust
2261.0,2886.0,11.0,25.0,25.0,26.5,65.2,2,vehicle_exhaust
2263.0,2883.0,11.0,25.0,26.0,26.5,65.2,2,vehicle_exhaust
2258.0,2882.0,11.0,25.0,26.0,26.5,65.2,2,vehicle_exhaust
2272.0,2883.0,11.0,26.0,26.0,26.5,65.2,2,vehicle_exhaust
2263.0,2884.0,11.0,26.0,27.0,26.5,65.2,2,vehicle_exhaust
2260.0,2883.0,11.0,27.0,27.0,26.5,65.2,2,vehicle_exhaust
2263.0,2882.0,11.0,27.0,27.0,26.5,65.2,2,vehicle_exhaust
2258.0,2884.0,11.0,27.0,27.0,26.5,65.2,2,vehicle_exhaust
2262.0,2883.0,11.0,27.0,27.0,26.4,65.2,2,vehicle_exhaust
2264.0,2883.0,11.0,27.0,27.0,26.4,65.2,2,vehicle_exhaust
2260.0,2883.0,11.0,27.0,27.0,26.4,65.5,2,vehicle_exhaust
2265.0,2886.0,11.0,27.0,27.0,26.4,65.5,2,vehicle_exhaust
2269.0,2883.0,11.0,27.0,27.0,26.5,65.6,2,vehicle_exhaust
2259.0,2883.0,11.0,27.0,27.0,26.5,65.6,2,vehicle_exhaust
2265.0,2884.0,11.0,27.0,27.0,26.5,65.6,2,vehicle_exhaust
2260.0,2884.0,12.0,28.0,28.0,26.4,65.9,2,vehicle_exhaust
2260.0,2883.0,12.0,27.0,28.0,26.4,65.9,2,vehicle_exhaust
2271.0,2883.0,12.0,27.0,28.0,26.4,65.7,2,vehicle_exhaust
2260.0,2883.0,12.0,27.0,28.0,26.4,65.7,2,vehicle_exhaust
2267.0,2882.0,12.0,27.0,28.0,26.4,65.7,2,vehicle_exhaust
2260.0,2885.0,12.0,27.0,28.0,26.4,65.8,2,vehicle_exhaust
2261.0,2884.0,11.0,27.0,28.0,26.4,65.8,2,vehicle_exhaust
2269.0,2881.0,11.0,27.0,28.0,26.5,65.7,2,vehicle_exhaust
2260.0,2884.0,11.0,26.0,27.0,26.5,65.7,2,vehicle_exhaust
2259.0,2883.0,10.0,25.0,26.0,26.4,65.8,2,vehicle_exhaust
2148.0,2759.0,10.0,25.0,26.0,26.4,65.8,2,vehicle_exhaust
2259.0,2883.0,10.0,25.0,26.0,26.4,65.8,2,vehicle_exhaust
2272.0,2884.0,11.0,26.0,27.0,26.4,65.7,2,vehicle_exhaust
2259.0,2884.0,11.0,26.0,27.0,26.4,65.7,2,vehicle_exhaust
2265.0,2882.0,12.0,26.0,27.0,26.4,65.7,2,vehicle_exhaust
2266.0,2883.0,11.0,26.0,26.0,26.4,65.8,2,vehicle_exhaust
2260.0,2883.0,12.0,27.0,27.0,26.4,65.8,2,vehicle_exhaust
2272.0,2881.0,12.0,27.0,27.0,26.4,65.8,2,vehicle_exhaust
2261.0,2884.0,12.0,27.0,27.0,26.4,65.8,2,vehicle_exhaust
2262.0,2882.0,12.0,26.0,26.0,26.4,65.7,2,vehicle_exhaust
2264.0,2883.0,12.0,26.0,26.0,26.4,65.7,2,vehicle_exhaust
2261.0,2884.0,12.0,26.0,26.0,26.4,65.7,2,vehicle_exhaust
2272.0,2881.0,12.0,26.0,26.0,26.4,65.7,2,vehicle_exhaust
2266.0,2883.0,12.0,26.0,26.0,26.4,65.7,2,vehicle_exhaust
2259.0,2880.0,12.0,26.0,26.0,26.4,65.8,2,vehicle_exhaust
2261.0,2882.0,13.0,26.0,26.0,26.4,65.8,2,vehicle_exhaust
2262.0,2881.0,14.0,27.0,27.0,26.4,65.8,2,vehicle_exhaust
2262.0,2882.0,14.0,27.0,27.0,26.3,65.8,2,vehicle_exhaust
2265.0,2882.0,13.0,26.0,26.0,26.3,65.8,2,vehicle_exhaust
2259.0,2883.0,13.0,26.0,27.0,26.3,65.8,2,vehicle_exhaust
2261.0,2882.0,14.0,27.0,28.0,26.3,65.8,2,vehicle_exhaust
2272.0,2882.0,14.0,27.0,28.0,26.3,65.9,2,vehicle_exhaust
2260.0,2882.0,14.0,27.0,28.0,26.3,65.9,2,vehicle_exhaust
2265.0,2883.0,14.0,27.0,28.0,26.3,65.9,2,vehicle_exhaust
2264.0,2882.0,14.0,27.0,29.0,26.3,65.8,2,vehicle_exhaust
2260.0,2882.0,14.0,27.0,29.0,26.3,65.8,2,vehicle_exhaust
2270.0,2881.0,14.0,27.0,29.0,26.3,65.8,2,vehicle_exhaust
2260.0,2881.0,14.0,27.0,29.0,26.3,65.8,2,vehicle_exhaust
2260.0,2883.0,15.0,27.0,28.0,26.3,65.7,2,vehicle_exhaust
2265.0,2881.0,15.0,27.0,28.0,26.3,65.7,2,vehicle_exhaust
2258.0,2882.0,15.0,27.0,28.0,26.3,65.7,2,vehicle_exhaust
2271.0,2883.0,14.0,27.0,28.0,26.3,65.8,2,vehicle_exhaust
2265.0,2883.0,14.0,26.0,27.0,26.3,65.8,2,vehicle_exhaust
2259.0,2882.0,14.0,26.0,27.0,26.2,65.9,2,vehicle_exhaust
2263.0,2881.0,14.0,26.0,27.0,26.2,65.9,2,vehicle_exhaust
2260.0,2883.0,14.0,26.0,27.0,26.2,65.9,2,vehicle_exhaust
2261.0,2882.0,14.0,26.0,27.0,26.3,66.0,2,vehicle_exhaust
2267.0,2883.0,14.0,26.0,27.0,26.3,66.0,2,vehicle_exhaust
2262.0,2885.0,14.0,25.0,26.0,26.2,66.1,2,vehicle_exhaust
2262.0,2883.0,14.0,26.0,26.0,26.2,66.1,2,vehicle_exhaust
2270.0,2881.0,15.0,27.0,27.0,26.3,66.1,2,vehicle_exhaust
2260.0,2880.0,15.0,27.0,27.0,26.3,66.1,2,vehicle_exhaust
2265.0,2880.0,15.0,27.0,27.0,26.3,66.1,2,vehicle_exhaust
2266.0,2884.0,14.0,26.0,26.0,26.2,66.3,2,vehicle_exhaust
2261.0,2882.0,14.0,26.0,26.0,26.2,66.3,2,vehicle_exhaust
2273.0,2881.0,15.0,27.0,28.0,26.2,66.7,2,vehicle_exhaust
2262.0,2881.0,15.0,27.0,28.0,26.2,66.7,2,vehicle_exhaust
2261.0,2883.0,14.0,26.0,26.0,26.2,67.0,2,vehicle_exhaust
2264.0,2880.0,13.0,26.0,26.0,26.2,67.0,2,vehicle_exhaust
2259.0,2883.0,13.0,26.0,26.0,26.2,67.0,2,vehicle_exhaust
2272.0,2881.0,14.0,27.0,27.0,26.2,66.8,2,vehicle_exhaust
2263.0,2882.0,13.0,27.0,27.0,26.2,66.8,2,vehicle_exhaust
2260.0,2881.0,13.0,27.0,27.0,26.2,66.7,2,vehicle_exhaust
2261.0,2879.0,13.0,27.0,27.0,26.2,66.7,2,vehicle_exhaust
2271.0,2881.0,13.0,27.0,27.0,26.2,66.6,2,vehicle_exhaust
2265.0,2880.0,12.0,26.0,26.0,26.2,66.6,2,vehicle_exhaust
2261.0,2881.0,12.0,26.0,26.0,26.2,66.8,2,vehicle_exhaust
2265.0,2882.0,12.0,26.0,26.0,26.2,66.8,2,vehicle_exhaust
2270.0,2878.0,13.0,26.0,26.0,26.2,66.6,2,vehicle_exhaust
2259.0,2881.0,13.0,26.0,26.0,26.2,66.6,2,vehicle_exhaust
2265.0,2881.0,13.0,27.0,27.0,26.2,66.6,2,vehicle_exhaust
2261.0,2882.0,13.0,27.0,27.0,26.2,66.6,2,vehicle_exhaust
2261.0,2882.0,15.0,28.0,29.0,26.2,66.6,2,vehicle_exhaust
2273.0,2881.0,15.0,28.0,29.0,26.1,66.4,2,vehicle_exhaust
2262.0,2882.0,15.0,28.0,29.0,26.1,66.4,2,vehicle_exhaust
2263.0,2879.0,14.0,27.0,28.0,26.1,66.4,2,vehicle_exhaust
2265.0,2882.0,14.0,27.0,28.0,26.1,66.7,2,vehicle_exhaust
2261.0,2881.0,15.0,28.0,29.0,26.1,66.7,2,vehicle_exhaust
2272.0,2882.0,15.0,28.0,29.0,26.1,66.6,2,vehicle_exhaust
2262.0,2883.0,14.0,26.0,27.0,26.1,66.6,2,vehicle_exhaust
2260.0,2882.0,14.0,26.0,27.0,26.1,66.7,2,vehicle_exhaust
2265.0,2883.0,15.0,27.0,28.0,26.1,66.7,2,vehicle_exhaust
2260.0,2882.0,15.0,27.0,28.0,26.1,66.7,2,vehicle_exhaust
2272.0,2880.0,15.0,27.0,28.0,26.1,66.5,2,vehicle_exhaust
2266.0,2882.0,15.0,27.0,28.0,26.1,66.5,2,vehicle_exhaust
2261.0,2883.0,15.0,27.0,28.0,26.1,66.5,2,vehicle_exhaust
2264.0,2881.0,15.0,27.0,28.0,26.1,66.5,2,vehicle_exhaust
2262.0,2886.0,14.0,27.0,28.0,26.1,66.5,2,vehicle_exhaust
2260.0,2882.0,14.0,27.0,27.0,26.1,66.5,2,vehicle_exhaust
2266.0,2883.0,14.0,27.0,27.0,26.1,66.5,2,vehicle_exhaust
2260.0,2880.0,14.0,27.0,27.0,26.1,66.5,2,vehicle_exhaust
2262.0,2880.0,13.0,26.0,26.0,26.1,66.5,2,vehicle_exhaust
2271.0,2880.0,13.0,26.0,26.0,26.0,66.6,2,vehicle_exhaust
2262.0,2883.0,14.0,27.0,27.0,26.0,66.6,2,vehicle_exhaust
2266.0,2882.0,14.0,27.0,27.0,26.0,66.6,2,vehicle_exhaust
2262.0,2883.0,14.0,27.0,27.0,26.0,66.6,2,vehicle_exhaust
2266.0,2882.0,14.0,27.0,27.0,26.0,66.6,2,vehicle_exhaust
2262.0,2882.0,14.0,27.0,27.0,26.0,66.6,2,vehicle_exhaust
2271.0,2881.0,13.0,26.0,26.0,26.0,66.7,2,vehicle_exhaust
2267.0,2881.0,14.0,25.0,26.0,26.0,66.7,2,vehicle_exhaust
2261.0,2881.0,15.0,26.0,27.0,26.0,66.8,2,vehicle_exhaust
2265.0,2879.0,15.0,26.0,27.0,26.0,66.8,2,vehicle_exhaust
2259.0,2880.0,15.0,26.0,27.0,26.0,66.8,2,vehicle_exhaust
2262.0,2882.0,15.0,26.0,27.0,26.0,66.9,2,vehicle_exhaust
2265.0,2881.0,15.0,26.0,28.0,26.0,66.9,2,vehicle_exhaust
2262.0,2883.0,14.0,26.0,27.0,26.0,67.3,2,vehicle_exhaust
2264.0,2881.0,14.0,26.0,28.0,26.0,67.3,2,vehicle_exhaust
2272.0,2884.0,14.0,27.0,29.0,26.0,67.4,2,vehicle_exhaust
2259.0,2881.0,14.0,27.0,29.0,26.0,67.4,2,vehicle_exhaust
2266.0,2883.0,14.0,28.0,29.0,26.0,67.4,2,vehicle_exhaust
2261.0,2880.0,15.0,29.0,31.0,26.0,67.8,2,vehicle_exhaust
2258.0,2880.0,14.0,29.0,30.0,26.0,67.8,2,vehicle_exhaust
2272.0,2881.0,14.0,29.0,30.0,26.0,67.8,2,vehicle_exhaust
2259.0,2882.0,15.0,29.0,30.0,26.0,67.8,2,vehicle_exhaust
2260.0,2881.0,16.0,30.0,31.0,26.0,67.8,2,vehicle_exhaust
2265.0,2881.0,16.0,30.0,31.0,26.0,67.8,2,vehicle_exhaust
2260.0,2882.0,15.0,29.0,29.0,26.0,67.8,2,vehicle_exhaust
2269.0,2882.0,15.0,29.0,29.0,26.0,67.9,2,vehicle_exhaust
2264.0,2882.0,16.0,30.0,30.0,26.0,67.9,2,vehicle_exhaust
2261.0,2882.0,16.0,29.0,29.0,25.9,67.7,2,vehicle_exhaust
2266.0,2884.0,16.0,29.0,29.0,25.9,67.7,2,vehicle_exhaust
2261.0,2878.0,15.0,28.0,28.0,25.9,67.7,2,vehicle_exhaust
2261.0,2880.0,15.0,28.0,28.0,25.9,67.7,2,vehicle_exhaust
2265.0,2880.0,15.0,27.0,28.0,25.9,67.7,2,vehicle_exhaust
2261.0,2881.0,15.0,27.0,28.0,25.9,67.5,2,vehicle_exhaust
2265.0,2882.0,15.0,27.0,28.0,25.9,67.5,2,vehicle_exhaust
2270.0,2881.0,16.0,28.0,29.0,25.9,67.4,2,vehicle_exhaust
2258.0,2882.0,16.0,28.0,29.0,25.9,67.4,2,vehicle_exhaust
2264.0,2880.0,16.0,28.0,29.0,25.9,67.4,2,vehicle_exhaust
2261.0,2881.0,16.0,29.0,30.0,25.9,67.6,2,vehicle_exhaust
2259.0,2883.0,16.0,29.0,30.0,25.9,67.6,2,vehicle_exhaust
2271.0,2881.0,16.0,29.0,30.0,25.9,67.4,2,vehicle_exhaust
2261.0,2880.0,15.0,28.0,29.0,25.9,67.4,2,vehicle_exhaust
2265.0,2881.0,15.0,29.0,30.0,25.9,67.4,2,vehicle_exhaust
2262.0,2880.0,15.0,29.0,30.0,25.9,67.4,2,vehicle_exhaust
2265.0,2881.0,15.0,29.0,30.0,25.9,67.4,2,vehicle_exhaust
2272.0,2883.0,15.0,29.0,30.0,25.9,67.3,2,vehicle_exhaust
2259.0,2882.0,14.0,29.0,30.0,25.9,67.3,2,vehicle_exhaust
2264.0,2881.0,14.0,29.0,30.0,25.9,67.3,2,vehicle_exhaust
2264.0,2881.0,14.0,29.0,29.0,25.9,67.3,2,vehicle_exhaust
2260.0,2880.0,14.0,28.0,29.0,25.9,67.3,2,vehicle_exhaust
2272.0,2882.0,14.0,28.0,29.0,25.9,67.3,2,vehicle_exhaust
2261.0,2881.0,15.0,29.0,30.0,25.9,67.3,2,vehicle_exhaust
2259.0,2880.0,15.0,29.0,30.0,25.9,67.2,2,vehicle_exhaust
2265.0,2883.0,15.0,29.0,29.0,25.9,67.2,2,vehicle_exhaust
2263.0,2882.0,15.0,29.0,29.0,25.9,67.2,2,vehicle_exhaust
2273.0,2882.0,15.0,29.0,29.0,25.9,67.1,2,vehicle_exhaust
2264.0,2880.0,16.0,29.0,29.0,25.9,67.1,2,vehicle_exhaust
2261.0,2883.0,15.0,29.0,29.0,25.9,67.3,2,vehicle_exhaust
2266.0,2882.0,15.0,28.0,29.0,25.9,67.3,2,vehicle_exhaust
2261.0,2882.0,15.0,28.0,29.0,25.9,67.3,2,vehicle_exhaust
2262.0,2880.0,14.0,27.0,28.0,25.9,67.3,2,vehicle_exhaust
2264.0,2881.0,14.0,28.0,28.0,25.9,67.3,2,vehicle_exhaust
2259.0,2881.0,14.0,28.0,28.0,25.8,67.4,2,vehicle_exhaust
2265.0,2880.0,14.0,28.0,29.0,25.8,67.4,2,vehicle_exhaust
2271.0,2879.0,14.0,28.0,29.0,25.9,67.4,2,vehicle_exhaust
2261.0,2882.0,14.0,28.0,29.0,25.9,67.4,2,vehicle_exhaust
2268.0,2882.0,13.0,28.0,29.0,25.9,67.4,2,vehicle_exhaust
2266.0,2880.0,14.0,29.0,30.0,25.8,67.3,2,vehicle_exhaust
2261.0,2882.0,14.0,29.0,30.0,25.8,67.3,2,vehicle_exhaust
2271.0,2880.0,14.0,29.0,30.0,25.8,67.1,2,vehicle_exhaust
2259.0,2881.0,14.0,29.0,30.0,25.8,67.1,2,vehicle_exhaust
2260.0,2879.0,14.0,29.0,30.0,25.8,67.3,2,vehicle_exhaust
2267.0,2881.0,14.0,29.0,30.0,25.8,67.3,2,vehicle_exhaust
2258.0,2882.0,13.0,27.0,28.0,25.8,67.3,2,vehicle_exhaust
2269.0,2883.0,13.0,27.0,28.0,25.8,67.4,2,vehicle_exhaust
2264.0,2880.0,14.0,28.0,29.0,25.8,67.4,2,vehicle_exhaust
2262.0,2880.0,14.0,28.0,29.0,25.8,67.5,2,vehicle_exhaust
2263.0,2881.0,14.0,29.0,29.0,25.8,67.5,2,vehicle_exhaust
2260.0,2882.0,14.0,29.0,29.0,25.8,67.5,2,vehicle_exhaust
2261.0,2881.0,14.0,29.0,29.0,25.8,67.5,2,vehicle_exhaust
2266.0,2880.0,13.0,28.0,29.0,25.8,67.5,2,vehicle_exhaust
2260.0,2882.0,13.0,28.0,29.0,25.8,67.5,2,vehicle_exhaust
2266.0,2881.0,13.0,29.0,29.0,25.8,67.5,2,vehicle_exhaust
2271.0,2880.0,15.0,30.0,30.0,25.8,67.5,2,vehicle_exhaust
2259.0,2881.0,14.0,29.0,29.0,25.8,67.5,2,vehicle_exhaust
2266.0,2881.0,14.0,29.0,29.0,25.8,67.5,2,vehicle_exhaust
2264.0,2882.0,14.0,30.0,30.0,25.8,67.4,2,vehicle_exhaust
2260.0,2880.0,14.0,30.0,30.0,25.8,67.4,2,vehicle_exhaust
2270.0,2880.0,14.0,30.0,30.0,25.8,67.5,2,vehicle_exhaust
2261.0,2881.0,14.0,30.0,30.0,25.8,67.5,2,vehicle_exhaust
2260.0,2881.0,14.0,30.0,30.0,25.8,67.6,2,vehicle_exhaust
2265.0,2882.0,14.0,29.0,29.0,25.8,67.6,2,vehicle_exhaust
2260.0,2880.0,14.0,29.0,30.0,25.8,67.6,2,vehicle_exhaust
2271.0,2881.0,14.0,29.0,30.0,25.8,67.7,2,vehicle_exhaust
2267.0,2880.0,14.0,31.0,32.0,25.8,67.7,2,vehicle_exhaust
2261.0,2883.0,14.0,31.0,32.0,25.7,67.7,2,vehicle_exhaust
2264.0,2882.0,15.0,32.0,33.0,25.7,67.7,2,vehicle_exhaust
2260.0,2883.0,16.0,32.0,33.0,25.7,67.7,2,vehicle_exhaust
2261.0,2881.0,16.0,32.0,33.0,25.8,67.6,2,vehicle_exhaust
2265.0,2882.0,16.0,32.0,33.0,25.8,67.6,2,vehicle_exhaust
2260.0,2881.0,16.0,32.0,33.0,25.7,67.6,2,vehicle_exhaust
2265.0,2883.0,16.0,32.0,33.0,25.7,67.6,2,vehicle_exhaust
2272.0,2881.0,16.0,31.0,32.0,25.7,67.6,2,vehicle_exhaust
2261.0,2882.0,16.0,31.0,32.0,25.7,67.6,2,vehicle_exhaust
2267.0,2882.0,16.0,29.0,32.0,25.7,67.6,2,vehicle_exhaust
2267.0,2881.0,16.0,29.0,32.0,25.7,67.6,2,vehicle_exhaust
2262.0,2881.0,16.0,29.0,32.0,25.7,67.6,2,vehicle_exhaust
2271.0,2880.0,16.0,29.0,32.0,25.8,67.8,2,vehicle_exhaust
2260.0,2882.0,16.0,29.0,30.0,25.8,67.8,2,vehicle_exhaust
2260.0,2881.0,17.0,29.0,31.0,25.7,67.8,2,vehicle_exhaust
2266.0,2881.0,17.0,29.0,31.0,25.7,67.8,2,vehicle_exhaust
2262.0,2882.0,17.0,29.0,31.0,25.7,67.8,2,vehicle_exhaust
2273.0,2881.0,16.0,27.0,29.0,25.7,67.8,2,vehicle_exhaust
2267.0,2883.0,16.0,27.0,29.0,25.7,67.8,2,vehicle_exhaust
2261.0,2883.0,16.0,27.0,29.0,25.7,67.7,2,vehicle_exhaust
2264.0,2880.0,16.0,27.0,29.0,25.7,67.7,2,vehicle_exhaust
2263.0,2881.0,15.0,27.0,29.0,25.7,67.7,2,vehicle_exhaust
2265.0,2883.0,15.0,27.0,29.0,25.7,67.7,2,vehicle_exhaust
2268.0,2882.0,16.0,28.0,30.0,25.7,67.7,2,vehicle_exhaust
2262.0,2880.0,16.0,28.0,30.0,25.7,67.6,2,vehicle_exhaust
2266.0,2880.0,16.0,28.0,30.0,25.7,67.6,2,vehicle_exhaust
2274.0,2881.0,16.0,28.0,30.0,25.7,67.8,2,vehicle_exhaust
2262.0,2881.0,16.0,28.0,30.0,25.7,67.8,2,vehicle_exhaust
2267.0,2882.0,15.0,27.0,29.0,25.7,67.8,2,vehicle_exhaust
2261.0,2880.0,15.0,28.0,30.0,25.7,67.7,2,vehicle_exhaust
2272.0,2882.0,15.0,28.0,30.0,25.6,67.7,2,vehicle_exhaust
2262.0,2882.0,15.0,28.0,30.0,25.6,67.7,2,vehicle_exhaust
2267.0,2881.0,15.0,28.0,30.0,25.6,67.7,2,vehicle_exhaust
2264.0,2881.0,15.0,28.0,30.0,25.7,67.7,2,vehicle_exhaust
2261.0,2882.0,15.0,28.0,30.0,25.7,67.7,2,vehicle_exhaust
2273.0,2879.0,15.0,28.0,30.0,25.6,67.7,2,vehicle_exhaust
2261.0,2880.0,16.0,29.0,31.0,25.6,67.7,2,vehicle_exhaust
2262.0,2882.0,16.0,29.0,30.0,25.7,67.6,2,vehicle_exhaust
2267.0,2884.0,15.0,28.0,29.0,25.7,67.6,2,vehicle_exhaust
2259.0,2879.0,15.0,27.0,29.0,25.7,67.6,2,vehicle_exhaust
2271.0,2880.0,15.0,27.0,29.0,25.6,67.7,2,vehicle_exhaust
2263.0,2880.0,15.0,28.0,29.0,25.6,67.7,2,vehicle_exhaust
2261.0,2881.0,15.0,28.0,29.0,25.6,67.8,2,vehicle_exhaust
2266.0,2879.0,14.0,26.0,27.0,25.6,67.8,2,vehicle_exhaust
2260.0,2880.0,14.0,26.0,27.0,25.6,67.8,2,vehicle_exhaust
2261.0,2880.0,14.0,26.0,27.0,25.7,67.7,2,vehicle_exhaust
2267.0,2882.0,14.0,26.0,27.0,25.7,67.7,2,vehicle_exhaust
2262.0,2879.0,14.0,26.0,27.0,25.6,67.8,2,vehicle_exhaust
2266.0,2882.0,15.0,27.0,28.0,25.6,67.8,2,vehicle_exhaust
2274.0,2881.0,15.0,28.0,29.0,25.6,67.8,2,vehicle_exhaust
2261.0,2881.0,14.0,27.0,28.0,25.6,67.8,2,vehicle_exhaust
2265.0,2883.0,14.0,27.0,29.0,25.6,67.8,2,vehicle_exhaust
2266.0,2880.0,15.0,29.0,30.0,25.6,67.8,2,vehicle_exhaust
2260.0,2880.0,15.0,29.0,30.0,25.6,67.8,2,vehicle_exhaust
2270.0,2880.0,15.0,28.0,30.0,25.6,67.9,2,vehicle_exhaust
2262.0,2881.0,15.0,28.0,30.0,25.6,67.9,2,vehicle_exhaust
2266.0,2880.0,15.0,27.0,29.0,25.6,67.9,2,vehicle_exhaust
2266.0,2880.0,15.0,27.0,29.0,25.6,67.9,2,vehicle_exhaust
2261.0,2880.0,15.0,27.0,29.0,25.6,67.9,2,vehicle_exhaust
2273.0,2882.0,16.0,28.0,30.0,25.6,67.8,2,vehicle_exhaust
2261.0,2883.0,16.0,28.0,30.0,25.6,67.8,2,vehicle_exhaust
2268.0,2880.0,16.0,28.0,30.0,25.6,67.8,2,vehicle_exhaust
2266.0,2882.0,16.0,28.0,30.0,25.6,67.8,2,vehicle_exhaust
2260.0,2881.0,16.0,29.0,30.0,25.6,67.8,2,vehicle_exhaust
2271.0,2882.0,16.0,29.0,30.0,25.6,67.8,2,vehicle_exhaust
2260.0,2881.0,16.0,29.0,30.0,25.6,67.8,2,vehicle_exhaust
2266.0,2881.0,16.0,29.0,31.0,25.6,67.8,2,vehicle_exhaust
2260.0,2883.0,15.0,29.0,31.0,25.6,67.8,2,vehicle_exhaust
2262.0,2882.0,14.0,29.0,30.0,25.6,67.8,2,vehicle_exhaust
2271.0,2882.0,14.0,29.0,30.0,25.6,67.8,2,vehicle_exhaust
2261.0,2882.0,14.0,29.0,30.0,25.6,67.8,2,vehicle_exhaust
2266.0,2881.0,15.0,30.0,31.0,25.6,67.8,2,vehicle_exhaust
2267.0,2881.0,15.0,30.0,31.0,25.6,67.8,2,vehicle_exhaust
2261.0,2880.0,14.0,29.0,30.0,25.6,67.8,2,vehicle_exhaust
2274.0,2882.0,14.0,29.0,30.0,25.6,68.0,2,vehicle_exhaust
2264.0,2883.0,14.0,29.0,30.0,25.6,68.0,2,vehicle_exhaust
2261.0,2883.0,15.0,30.0,31.0,25.6,67.8,2,vehicle_exhaust
2269.0,2882.0,15.0,30.0,30.0,25.6,67.8,2,vehicle_exhaust
2261.0,2882.0,14.0,29.0,29.0,25.6,67.8,2,vehicle_exhaust
2260.0,2883.0,14.0,29.0,29.0,25.6,67.9,2,vehicle_exhaust
2264.0,2883.0,15.0,29.0,30.0,25.6,67.9,2,vehicle_exhaust
2261.0,2883.0,15.0,29.0,29.0,25.6,68.0,2,vehicle_exhaust
2267.0,2881.0,15.0,29.0,29.0,25.6,68.0,2,vehicle_exhaust
2273.0,2882.0,14.0,29.0,29.0,25.6,67.9,2,vehicle_exhaust
2261.0,2881.0,14.0,29.0,29.0,25.6,67.9,2,vehicle_exhaust
2267.0,2881.0,14.0,28.0,28.0,25.6,67.9,2,vehicle_exhaust
2261.0,2883.0,14.0,28.0,28.0,25.6,67.9,2,vehicle_exhaust
2264.0,2882.0,13.0,26.0,27.0,25.6,67.9,2,vehicle_exhaust
2272.0,2880.0,13.0,26.0,27.0,25.6,68.0,2,vehicle_exhaust
2261.0,2880.0,14.0,27.0,28.0,25.6,68.0,2,vehicle_exhaust
2266.0,2883.0,14.0,27.0,28.0,25.6,68.0,2,vehicle_exhaust
2267.0,2881.0,14.0,27.0,28.0,25.6,68.0,2,vehicle_exhaust
2262.0,2881.0,14.0,27.0,28.0,25.6,68.0,2,vehicle_exhaust
2270.0,2881.0,14.0,27.0,28.0,25.6,68.0,2,vehicle_exhaust
2263.0,2882.0,14.0,27.0,28.0,25.6,68.0,2,vehicle_exhaust
2262.0,2884.0,15.0,28.0,28.0,25.6,68.0,2,vehicle_exhaust
2266.0,2881.0,14.0,27.0,27.0,25.6,68.0,2,vehicle_exhaust
2261.0,2882.0,14.0,28.0,28.0,25.6,68.0,2,vehicle_exhaust
2261.0,2883.0,15.0,28.0,28.0,25.6,68.1,2,vehicle_exhaust
2265.0,2882.0,15.0,28.0,28.0,25.6,68.1,2,vehicle_exhaust
2260.0,2882.0,16.0,29.0,29.0,25.6,68.1,2,vehicle_exhaust
2267.0,2881.0,16.0,29.0,29.0,25.6,68.1,2,vehicle_exhaust
2273.0,2883.0,16.0,29.0,29.0,25.6,68.1,2,vehicle_exhaust
2261.0,2882.0,17.0,29.0,29.0,25.6,68.1,2,vehicle_exhaust
2266.0,2879.0,17.0,29.0,29.0,25.6,68.1,2,vehicle_exhaust
2263.0,2883.0,17.0,29.0,29.0,25.6,68.0,2,vehicle_exhaust
2260.0,2881.0,17.0,29.0,29.0,25.6,68.0,2,vehicle_exhaust
2273.0,2881.0,16.0,28.0,28.0,25.6,68.1,2,vehicle_exhaust
2260.0,2881.0,16.0,28.0,29.0,25.6,68.1,2,vehicle_exhaust
2267.0,2881.0,16.0,28.0,29.0,25.6,68.1,2,vehicle_exhaust
2266.0,2881.0,17.0,29.0,30.0,25.6,68.0,2,vehicle_exhaust
2259.0,2883.0,17.0,29.0,31.0,25.6,68.0,2,vehicle_exhaust
2274.0,2882.0,17.0,29.0,31.0,25.6,68.2,2,vehicle_exhaust
2261.0,2883.0,17.0,29.0,31.0,25.6,68.2,2,vehicle_exhaust
2263.0,2882.0,17.0,29.0,31.0,25.6,68.1,2,vehicle_exhaust
2267.0,2881.0,17.0,29.0,31.0,25.6,68.1,2,vehicle_exhaust
2261.0,2880.0,16.0,28.0,30.0,25.6,68.1,2,vehicle_exhaust
2260.0,2879.0,16.0,28.0,30.0,25.6,68.1,2,vehicle_exhaust
2266.0,2883.0,16.0,28.0,30.0,25.6,68.1,2,vehicle_exhaust
2260.0,2882.0,16.0,28.0,29.0,25.5,68.1,2,vehicle_exhaust
2267.0,2882.0,16.0,28.0,29.0,25.5,68.1,2,vehicle_exhaust
2274.0,2883.0,17.0,29.0,30.0,25.6,68.0,2,vehicle_exhaust
2260.0,2881.0,17.0,29.0,30.0,25.6,68.0,2,vehicle_exhaust
2266.0,2881.0,16.0,29.0,30.0,25.6,68.0,2,vehicle_exhaust
2262.0,2880.0,16.0,29.0,29.0,25.6,68.1,2,vehicle_exhaust
2261.0,2881.0,15.0,28.0,28.0,25.6,68.1,2,vehicle_exhaust
2273.0,2882.0,15.0,28.0,28.0,25.6,68.2,2,vehicle_exhaust
2262.0,2880.0,15.0,28.0,28.0,25.6,68.2,2,vehicle_exhaust
2265.0,2881.0,15.0,29.0,29.0,25.6,68.2,2,vehicle_exhaust
2266.0,2883.0,15.0,28.0,28.0,25.6,68.2,2,vehicle_exhaust
2261.0,2881.0,15.0,28.0,28.0,25.6,68.2,2,vehicle_exhaust
2271.0,2880.0,14.0,28.0,28.0,25.5,68.3,2,vehicle_exhaust
2262.0,2883.0,13.0,27.0,27.0,25.5,68.3,2,vehicle_exhaust
2263.0,2880.0,13.0,27.0,27.0,25.5,68.2,2,vehicle_exhaust
2265.0,2881.0,13.0,27.0,27.0,25.5,68.2,2,vehicle_exhaust
2263.0,2877.0,13.0,27.0,27.0,25.5,68.2,2,vehicle_exhaust
2261.0,2881.0,13.0,27.0,27.0,25.5,68.1,2,vehicle_exhaust
2266.0,2883.0,13.0,27.0,27.0,25.5,68.1,2,vehicle_exhaust
2261.0,2882.0,13.0,27.0,27.0,25.5,68.2,2,vehicle_exhaust
2266.0,2881.0,15.0,28.0,28.0,25.5,68.2,2,vehicle_exhaust
2273.0,2880.0,15.0,29.0,29.0,25.6,68.2,2,vehicle_exhaust
2261.0,2883.0,14.0,28.0,28.0,25.6,68.2,2,vehicle_exhaust
2267.0,2881.0,14.0,29.0,29.0,25.6,68.2,2,vehicle_exhaust
2261.0,2881.0,14.0,29.0,29.0,25.5,68.3,2,vehicle_exhaust
2261.0,2882.0,15.0,30.0,30.0,25.5,68.3,2,vehicle_exhaust
2272.0,2882.0,15.0,30.0,30.0,25.5,68.3,2,vehicle_exhaust
2263.0,2879.0,14.0,29.0,29.0,25.5,68.3,2,vehicle_exhaust
2266.0,2884.0,14.0,29.0,29.0,25.5,68.3,2,vehicle_exhaust
2263.0,2881.0,15.0,30.0,30.0,25.5,68.4,2,vehicle_exhaust
2261.0,2883.0,15.0,30.0,30.0,25.5,68.4,2,vehicle_exhaust
2272.0,2883.0,15.0,30.0,30.0,25.5,68.3,2,vehicle_exhaust
2263.0,2882.0,15.0,30.0,30.0,25.5,68.3,2,vehicle_exhaust
2266.0,2881.0,15.0,30.0,30.0,25.5,68.3,2,vehicle_exhaust
2261.0,2882.0,15.0,30.0,30.0,25.5,68.3,2,vehicle_exhaust
2261.0,2882.0,16.0,30.0,30.0,25.5,68.3,2,vehicle_exhaust
2275.0,2883.0,16.0,30.0,30.0,25.5,68.2,2,vehicle_exhaust
2260.0,2882.0,16.0,30.0,30.0,25.5,68.2,2,vehicle_exhaust
2265.0,2880.0,16.0,30.0,30.0,25.5,68.2,2,vehicle_exhaust
2267.0,2880.0,16.0,30.0,30.0,25.5,68.2,2,vehicle_exhaust
2262.0,2883.0,16.0,30.0,30.0,25.5,68.2,2,vehicle_exhaust
2271.0,2882.0,16.0,30.0,30.0,25.5,68.4,2,vehicle_exhaust
2266.0,2882.0,17.0,29.0,29.0,25.5,68.4,2,vehicle_exhaust
2261.0,2880.0,16.0,28.0,28.0,25.5,68.3,2,vehicle_exhaust
2267.0,2881.0,16.0,28.0,28.0,25.5,68.3,2,vehicle_exhaust
2262.0,2880.0,17.0,28.0,28.0,25.5,68.3,2,vehicle_exhaust
2260.0,2880.0,17.0,28.0,28.0,25.5,68.4,2,vehicle_exhaust
2269.0,2882.0,17.0,28.0,28.0,25.5,68.4,2,vehicle_exhaust
2262.0,2882.0,17.0,28.0,28.0,25.5,68.5,2,vehicle_exhaust
2266.0,2883.0,17.0,29.0,29.0,25.5,68.5,2,vehicle_exhaust
2271.0,2882.0,16.0,28.0,28.0,25.5,68.4,2,vehicle_exhaust
2263.0,2881.0,16.0,28.0,28.0,25.5,68.4,2,vehicle_exhaust
2267.0,2881.0,17.0,29.0,29.0,25.5,68.4,2,vehicle_exhaust
2264.0,2882.0,17.0,29.0,29.0,25.5,68.3,2,vehicle_exhaust
2263.0,2882.0,16.0,28.0,28.0,25.5,68.3,2,vehicle_exhaust
2272.0,2882.0,16.0,28.0,28.0,25.5,68.4,2,vehicle_exhaust
2261.0,2883.0,16.0,27.0,28.0,25.5,68.4,2,vehicle_exhaust
2267.0,2880.0,17.0,28.0,29.0,25.5,68.4,2,vehicle_exhaust
2267.0,2881.0,17.0,28.0,29.0,25.5,68.3,2,vehicle_exhaust
2264.0,2883.0,17.0,28.0,29.0,25.5,68.3,2,vehicle_exhaust
2274.0,2883.0,17.0,28.0,29.0,25.5,68.4,2,vehicle_exhaust
2261.0,2882.0,16.0,27.0,28.0,25.5,68.4,2,vehicle_exhaust
2261.0,2882.0,16.0,27.0,28.0,25.5,68.4,2,vehicle_exhaust
2264.0,2882.0,16.0,28.0,29.0,25.5,68.4,2,vehicle_exhaust
2273.0,2881.0,16.0,28.0,29.0,25.5,68.5,2,vehicle_exhaust
2260.0,2880.0,15.0,28.0,30.0,25.5,68.5,2,vehicle_exhaust
2267.0,2881.0,15.0,28.0,30.0,25.5,68.5,2,vehicle_exhaust
2265.0,2882.0,15.0,28.0,30.0,25.5,68.3,2,vehicle_exhaust
2262.0,2880.0,14.0,28.0,30.0,25.5,68.3,2,vehicle_exhaust
2272.0,2881.0,14.0,28.0,30.0,25.5,68.5,2,vehicle_exhaust
2262.0,2881.0,15.0,29.0,31.0,25.5,68.5,2,vehicle_exhaust
2262.0,2881.0,14.0,28.0,31.0,25.5,68.5,2,vehicle_exhaust
2266.0,2882.0,13.0,27.0,29.0,25.5,68.5,2,vehicle_exhaust
2262.0,2881.0,13.0,27.0,29.0,25.5,68.5,2,vehicle_exhaust
2272.0,2880.0,13.0,27.0,29.0,25.5,68.5,2,vehicle_exhaust
2264.0,2881.0,14.0,28.0,30.0,25.5,68.5,2,vehicle_exhaust
2261.0,2882.0,14.0,28.0,30.0,25.5,68.4,2,vehicle_exhaust
2267.0,2884.0,14.0,27.0,29.0,25.5,68.4,2,vehicle_exhaust
2262.0,2880.0,14.0,27.0,29.0,25.5,68.4,2,vehicle_exhaust
2260.0,2881.0,14.0,26.0,28.0,25.5,68.5,2,vehicle_exhaust
2264.0,2880.0,14.0,26.0,28.0,25.5,68.5,2,vehicle_exhaust
2264.0,2882.0,13.0,26.0,28.0,25.5,68.6,2,vehicle_exhaust
2267.0,2882.0,13.0,26.0,28.0,25.5,68.6,2,vehicle_exhaust
2272.0,2880.0,14.0,28.0,29.0,25.5,68.6,2,vehicle_exhaust
2261.0,2883.0,14.0,28.0,30.0,25.5,68.6,2,vehicle_exhaust
2265.0,2879.0,14.0,28.0,30.0,25.5,68.6,2,vehicle_exhaust
2269.0,2883.0,14.0,29.0,30.0,25.5,68.6,2,vehicle_exhaust
2262.0,2883.0,14.0,29.0,30.0,25.5,68.6,2,vehicle_exhaust
2271.0,2880.0,12.0,28.0,29.0,25.5,68.8,2,vehicle_exhaust
2263.0,2880.0,12.0,28.0,29.0,25.5,68.8,2,vehicle_exhaust
2262.0,2881.0,13.0,29.0,30.0,25.4,68.6,2,vehicle_exhaust
2267.0,2882.0,13.0,29.0,30.0,25.4,68.6,2,vehicle_exhaust
2263.0,2881.0,13.0,29.0,30.0,25.4,68.6,2,vehicle_exhaust
2272.0,2880.0,14.0,29.0,30.0,25.4,68.7,2,vehicle_exhaust
2261.0,2881.0,14.0,29.0,30.0,25.4,68.7,2,vehicle_exhaust
2261.0,2880.0,14.0,29.0,30.0,25.5,68.5,2,vehicle_exhaust
2266.0,2883.0,14.0,30.0,30.0,25.5,68.5,2,vehicle_exhaust
2262.0,2880.0,14.0,29.0,29.0,25.5,68.5,2,vehicle_exhaust
2273.0,2881.0,14.0,29.0,30.0,25.5,68.7,2,vehicle_exhaust
2266.0,2880.0,14.0,29.0,30.0,25.5,68.7,2,vehicle_exhaust
2261.0,2880.0,14.0,29.0,32.0,25.4,68.7,2,vehicle_exhaust
2266.0,2881.0,14.0,29.0,32.0,25.4,68.7,2,vehicle_exhaust
2262.0,2882.0,15.0,29.0,33.0,25.4,68.7,2,vehicle_exhaust
2273.0,2880.0,15.0,29.0,33.0,25.4,68.7,2,vehicle_exhaust
2262.0,2882.0,15.0,29.0,33.0,25.4,68.7,2,vehicle_exhaust
2263.0,2880.0,16.0,30.0,34.0,25.4,68.8,2,vehicle_exhaust
2267.0,2879.0,16.0,30.0,34.0,25.4,68.8,2,vehicle_exhaust
2261.0,2880.0,16.0,30.0,34.0,25.4,68.8,2,vehicle_exhaust
2262.0,2884.0,16.0,30.0,33.0,25.4,68.8,2,vehicle_exhaust
2264.0,2877.0,16.0,29.0,33.0,25.4,68.8,2,vehicle_exhaust
2259.0,2879.0,16.0,29.0,33.0,25.5,68.7,2,vehicle_exhaust
2267.0,2880.0,15.0,28.0,30.0,25.5,68.7,2,vehicle_exhaust
2272.0,2880.0,15.0,28.0,30.0,25.4,68.8,2,vehicle_exhaust
2262.0,2879.0,16.0,28.0,31.0,25.4,68.8,2,vehicle_exhaust
2265.0,2881.0,16.0,28.0,30.0,25.4,68.8,2,vehicle_exhaust
2262.0,2880.0,16.0,28.0,30.0,25.4,68.8,2,vehicle_exhaust
2261.0,2883.0,15.0,27.0,28.0,25.4,68.8,2,vehicle_exhaust
2272.0,2880.0,15.0,27.0,28.0,25.4,68.6,2,vehicle_exhaust
2260.0,2881.0,15.0,28.0,29.0,25.4,68.6,2,vehicle_exhaust
2266.0,2882.0,15.0,28.0,29.0,25.4,68.6,2,vehicle_exhaust
2265.0,2881.0,15.0,29.0,29.0,25.4,68.6,2,vehicle_exhaust
2262.0,2881.0,15.0,29.0,30.0,25.4,68.6,2,vehicle_exhaust
2271.0,2878.0,15.0,29.0,30.0,25.4,68.7,2,vehicle_exhaust
2264.0,2881.0,15.0,30.0,30.0,25.4,68.7,2,vehicle_exhaust
2261.0,2881.0,14.0,29.0,30.0,25.4,68.7,2,vehicle_exhaust
2266.0,2879.0,14.0,29.0,30.0,25.4,68.7,2,vehicle_exhaust
2262.0,2881.0,14.0,29.0,30.0,25.4,68.7,2,vehicle_exhaust
2272.0,2883.0,14.0,29.0,30.0,25.4,68.7,2,vehicle_exhaust
2261.0,2881.0,14.0,29.0,30.0,25.4,68.7,2,vehicle_exhaust
2263.0,2881.0,14.0,29.0,30.0,25.4,68.8,2,vehicle_exhaust
2267.0,2879.0,14.0,29.0,30.0,25.4,68.8,2,vehicle_exhaust
2262.0,2881.0,14.0,29.0,30.0,25.4,68.8,2,vehicle_exhaust
2270.0,2879.0,15.0,30.0,31.0,25.4,68.7,2,vehicle_exhaust
2266.0,2884.0,14.0,30.0,31.0,25.4,68.7,2,vehicle_exhaust
2261.0,2881.0,14.0,30.0,30.0,25.4,68.7,2,vehicle_exhaust
2268.0,2882.0,14.0,30.0,30.0,25.4,68.7,2,vehicle_exhaust
2263.0,2883.0,14.0,29.0,29.0,25.4,68.7,2,vehicle_exhaust
2261.0,2881.0,14.0,29.0,29.0,25.4,68.8,2,vehicle_exhaust
2265.0,2880.0,14.0,29.0,29.0,25.4,68.8,2,vehicle_exhaust
2262.0,2881.0,13.0,28.0,29.0,25.4,68.9,2,vehicle_exhaust
2266.0,2882.0,13.0,28.0,28.0,25.4,68.9,2,vehicle_exhaust
2274.0,2883.0,12.0,27.0,27.0,25.4,68.7,2,vehicle_exhaust
2261.0,2880.0,12.0,27.0,27.0,25.4,68.7,2,vehicle_exhaust
2265.0,2879.0,12.0,27.0,27.0,25.4,68.7,2,vehicle_exhaust
2261.0,2882.0,12.0,27.0,27.0,25.4,68.9,2,vehicle_exhaust
2262.0,2881.0,12.0,27.0,27.0,25.4,68.9,2,vehicle_exhaust
2274.0,2883.0,12.0,27.0,28.0,25.4,68.9,2,vehicle_exhaust
2261.0,2883.0,12.0,27.0,28.0,25.4,68.9,2,vehicle_exhaust
2261.0,2881.0,13.0,28.0,29.0,25.4,68.8,2,vehicle_exhaust
2266.0,2880.0,13.0,28.0,29.0,25.4,68.8,2,vehicle_exhaust
2260.0,2879.0,12.0,27.0,28.0,25.4,68.8,2,vehicle_exhaust
2272.0,2882.0,13.0,27.0,28.0,25.4,68.9,2,vehicle_exhaust
2265.0,2883.0,14.0,28.0,29.0,25.4,68.9,2,vehicle_exhaust
2262.0,2881.0,14.0,28.0,29.0,25.4,68.9,2,vehicle_exhaust
2267.0,2883.0,14.0,28.0,29.0,25.4,68.9,2,vehicle_exhaust
2263.0,2882.0,14.0,28.0,29.0,25.4,68.9,2,vehicle_exhaust
2261.0,2879.0,14.0,28.0,29.0,25.4,68.8,2,vehicle_exhaust
2267.0,2881.0,14.0,28.0,29.0,25.4,68.8,2,vehicle_exhaust
2262.0,2883.0,14.0,28.0,29.0,25.4,68.9,2,vehicle_exhaust
2264.0,2879.0,14.0,28.0,29.0,25.4,68.9,2,vehicle_exhaust
2274.0,2883.0,15.0,29.0,30.0,25.4,68.9,2,vehicle_exhaust
2263.0,2882.0,15.0,29.0,30.0,25.4,68.9,2,vehicle_exhaust
2269.0,2883.0,15.0,29.0,30.0,25.4,68.9,2,vehicle_exhaust
2261.0,2880.0,15.0,29.0,30.0,25.4,69.0,2,vehicle_exhaust
2261.0,2868.0,14.0,29.0,29.0,25.4,69.0,2,vehicle_exhaust
2270.0,2881.0,14.0,29.0,29.0,25.3,68.9,2,vehicle_exhaust
2261.0,2880.0,15.0,30.0,30.0,25.3,68.9,2,vehicle_exhaust
2267.0,2882.0,15.0,30.0,30.0,25.3,68.9,2,vehicle_exhaust
2262.0,2881.0,15.0,30.0,30.0,25.4,69.0,2,vehicle_exhaust
2262.0,2881.0,15.0,30.0,30.0,25.4,69.0,2,vehicle_exhaust
2274.0,2883.0,15.0,30.0,30.0,25.4,68.9,2,vehicle_exhaust
2262.0,2881.0,14.0,29.0,29.0,25.4,68.9,2,vehicle_exhaust
2264.0,2881.0,14.0,29.0,29.0,25.4,68.9,2,vehicle_exhaust
2267.0,2881.0,15.0,30.0,31.0,25.4,68.9,2,vehicle_exhaust
2261.0,2880.0,15.0,30.0,31.0,25.4,68.9,2,vehicle_exhaust
2273.0,2882.0,15.0,30.0,31.0,25.4,69.0,2,vehicle_exhaust
2261.0,2880.0,15.0,30.0,31.0,25.4,69.0,2,vehicle_exhaust
2260.0,2881.0,14.0,30.0,31.0,25.3,68.9,2,vehicle_exhaust
2264.0,2879.0,14.0,30.0,31.0,25.3,68.9,2,vehicle_exhaust
2262.0,2881.0,14.0,30.0,31.0,25.3,68.9,2,vehicle_exhaust
2272.0,2880.0,14.0,30.0,31.0,25.4,69.0,2,vehicle_exhaust
2265.0,2879.0,14.0,30.0,31.0,25.4,69.0,2,vehicle_exhaust
2262.0,2880.0,13.0,29.0,30.0,25.4,69.0,2,vehicle_exhaust
2267.0,2881.0,13.0,29.0,30.0,25.4,69.0,2,vehicle_exhaust
2260.0,2882.0,13.0,29.0,29.0,25.4,69.0,2,vehicle_exhaust
2258.0,2882.0,14.0,30.0,30.0,25.3,68.9,2,vehicle_exhaust
2265.0,2880.0,14.0,30.0,30.0,25.3,68.9,2,vehicle_exhaust
2259.0,2879.0,13.0,29.0,29.0,25.4,68.9,2,vehicle_exhaust
2267.0,2880.0,13.0,29.0,29.0,25.4,68.9,2,vehicle_exhaust
2272.0,2880.0,14.0,29.0,29.0,25.4,69.1,2,vehicle_exhaust
2261.0,2881.0,14.0,29.0,29.0,25.4,69.1,2,vehicle_exhaust
2265.0,2881.0,13.0,28.0,28.0,25.4,69.1,2,vehicle_exhaust
2265.0,2882.0,14.0,28.0,28.0,25.4,69.0,2,vehicle_exhaust
2262.0,2881.0,14.0,28.0,28.0,25.4,69.0,2,vehicle_exhaust
2272.0,2882.0,14.0,28.0,29.0,25.3,68.9,2,vehicle_exhaust
2260.0,2879.0,14.0,28.0,29.0,25.3,68.9,2,vehicle_exhaust
2261.0,2881.0,16.0,29.0,30.0,25.4,69.0,2,vehicle_exhaust
2266.0,2883.0,16.0,29.0,30.0,25.4,69.0,2,vehicle_exhaust
2260.0,2882.0,16.0,29.0,30.0,25.4,69.0,2,vehicle_exhaust
2273.0,2880.0,16.0,29.0,30.0,25.3,69.0,2,vehicle_exhaust
2266.0,2882.0,15.0,28.0,29.0,25.3,69.0,2,vehicle_exhaust
2262.0,2882.0,15.0,28.0,29.0,25.3,69.0,2,vehicle_exhaust
2266.0,2882.0,15.0,28.0,29.0,25.3,69.0,2,vehicle_exhaust
2261.0,2882.0,15.0,28.0,29.0,25.3,69.0,2,vehicle_exhaust
2269.0,2878.0,15.0,28.0,29.0,25.3,68.9,2,vehicle_exhaust
2261.0,2879.0,16.0,29.0,30.0,25.3,68.9,2,vehicle_exhaust
2260.0,2881.0,16.0,29.0,30.0,25.3,69.0,2,vehicle_exhaust
2267.0,2883.0,16.0,29.0,30.0,25.3,69.0,2,vehicle_exhaust
2258.0,2880.0,16.0,29.0,30.0,25.3,69.0,2,vehicle_exhaust
2273.0,2880.0,16.0,30.0,31.0,25.4,69.0,2,vehicle_exhaust
2267.0,2881.0,15.0,29.0,30.0,25.4,69.0,2,vehicle_exhaust
2261.0,2878.0,15.0,29.0,32.0,25.4,69.2,2,vehicle_exhaust
2265.0,2883.0,17.0,30.0,33.0,25.4,69.2,2,vehicle_exhaust
2262.0,2879.0,17.0,30.0,33.0,25.4,69.2,2,vehicle_exhaust
2259.0,2880.0,17.0,30.0,33.0,25.3,69.0,2,vehicle_exhaust
2267.0,2877.0,17.0,30.0,33.0,25.3,69.0,2,vehicle_exhaust
2261.0,2882.0,17.0,30.0,33.0,25.3,69.1,2,vehicle_exhaust
2271.0,2880.0,17.0,30.0,33.0,25.3,69.1,2,vehicle_exhaust
2260.0,2880.0,16.0,29.0,32.0,25.3,69.1,2,vehicle_exhaust
2265.0,2880.0,15.0,29.0,32.0,25.3,69.1,2,vehicle_exhaust
2262.0,2881.0,15.0,29.0,32.0,25.3,69.1,2,vehicle_exhaust
2260.0,2881.0,15.0,29.0,30.0,25.3,69.1,2,vehicle_exhaust
2273.0,2881.0,16.0,30.0,31.0,25.3,69.1,2,vehicle_exhaust
2261.0,2883.0,16.0,30.0,31.0,25.3,69.1,2,vehicle_exhaust
2264.0,2881.0,16.0,30.0,31.0,25.3,69.1,2,vehicle_exhaust
2266.0,2881.0,14.0,28.0,29.0,25.4,69.0,2,vehicle_exhaust
2261.0,2882.0,14.0,28.0,29.0,25.4,69.0,2,vehicle_exhaust
2271.0,2881.0,15.0,29.0,30.0,25.3,69.2,2,vehicle_exhaust
2260.0,2881.0,15.0,28.0,29.0,25.3,69.2,2,vehicle_exhaust
2262.0,2881.0,14.0,28.0,29.0,25.4,69.1,2,vehicle_exhaust
2267.0,2881.0,14.0,28.0,29.0,25.4,69.1,2,vehicle_exhaust
2261.0,2880.0,14.0,28.0,29.0,25.4,69.1,2,vehicle_exhaust
2272.0,2881.0,14.0,28.0,29.0,25.3,69.1,2,vehicle_exhaust
2265.0,2882.0,14.0,28.0,29.0,25.3,69.1,2,vehicle_exhaust
2261.0,2881.0,14.0,28.0,29.0,25.3,69.2,2,vehicle_exhaust
2264.0,2881.0,14.0,28.0,29.0,25.3,69.2,2,vehicle_exhaust
2270.0,2880.0,13.0,28.0,29.0,25.3,69.1,2,vehicle_exhaust
2261.0,2883.0,13.0,28.0,29.0,25.3,69.1,2,vehicle_exhaust
2266.0,2883.0,13.0,28.0,29.0,25.3,69.1,2,vehicle_exhaust
2262.0,2881.0,13.0,28.0,29.0,25.4,69.2,2,vehicle_exhaust
2250.0,2881.0,13.0,28.0,29.0,25.4,69.2,2,vehicle_exhaust
2272.0,2880.0,13.0,28.0,29.0,25.4,69.1,2,vehicle_exhaust
2263.0,2881.0,13.0,28.0,29.0,25.4,69.1,2,vehicle_exhaust
2265.0,2881.0,14.0,29.0,30.0,25.4,69.1,2,vehicle_exhaust
2266.0,2880.0,14.0,29.0,30.0,25.4,69.1,2,vehicle_exhaust
2261.0,2880.0,14.0,29.0,30.0,25.4,69.1,2,vehicle_exhaust
2272.0,2883.0,14.0,29.0,30.0,25.3,69.3,2,vehicle_exhaust
2262.0,2879.0,14.0,29.0,31.0,25.3,69.3,2,vehicle_exhaust
2262.0,2882.0,14.0,29.0,31.0,25.3,69.2,2,vehicle_exhaust
2266.0,2880.0,15.0,29.0,31.0,25.3,69.2,2,vehicle_exhaust
2258.0,2880.0,14.0,29.0,31.0,25.3,69.2,2,vehicle_exhaust
2272.0,2880.0,14.0,29.0,33.0,25.3,69.2,2,vehicle_exhaust
2268.0,2882.0,14.0,28.0,33.0,25.3,69.2,2,vehicle_exhaust
2260.0,2880.0,14.0,28.0,33.0,25.3,69.2,2,vehicle_exhaust
2261.0,2879.0,14.0,28.0,33.0,25.3,69.2,2,vehicle_exhaust
2269.0,2880.0,14.0,28.0,31.0,25.4,69.2,2,vehicle_exhaust
2261.0,2882.0,13.0,27.0,30.0,25.4,69.2,2,vehicle_exhaust
2266.0,2882.0,13.0,27.0,30.0,25.4,69.2,2,vehicle_exhaust
2262.0,2880.0,13.0,27.0,30.0,25.3,69.2,2,vehicle_exhaust
2261.0,2881.0,13.0,27.0,30.0,25.3,69.2,2,vehicle_exhaust
2273.0,2879.0,12.0,27.0,30.0,25.4,69.1,2,vehicle_exhaust
2260.0,2881.0,12.0,27.0,30.0,25.4,69.1,2,vehicle_exhaust
2264.0,2881.0,12.0,27.0,30.0,25.4,69.1,2,vehicle_exhaust
2263.0,2881.0,13.0,28.0,31.0,25.4,69.2,2,vehicle_exhaust
2262.0,2881.0,13.0,29.0,31.0,25.4,69.2,2,vehicle_exhaust
2271.0,2880.0,13.0,29.0,31.0,25.4,69.2,2,vehicle_exhaust
2260.0,2880.0,12.0,28.0,30.0,25.4,69.2,2,vehicle_exhaust
2263.0,2882.0,13.0,29.0,30.0,25.4,69.3,2,vehicle_exhaust
2265.0,2880.0,13.0,29.0,30.0,25.4,69.3,2,vehicle_exhaust
2260.0,2880.0,14.0,29.0,30.0,25.4,69.3,2,vehicle_exhaust
2271.0,2881.0,13.0,28.0,29.0,25.3,69.2,2,vehicle_exhaust
2266.0,2882.0,13.0,27.0,29.0,25.3,69.2,2,vehicle_exhaust
2262.0,2881.0,14.0,28.0,29.0,25.4,69.2,2,vehicle_exhaust
2266.0,2883.0,14.0,28.0,29.0,25.4,69.2,2,vehicle_exhaust
2262.0,2881.0,14.0,28.0,29.0,25.4,69.2,2,vehicle_exhaust
2272.0,2883.0,14.0,28.0,29.0,25.3,69.2,2,vehicle_exhaust
2267.0,2881.0,14.0,27.0,28.0,25.3,69.2,2,vehicle_exhaust
2260.0,2880.0,13.0,26.0,27.0,25.4,69.2,2,vehicle_exhaust
2267.0,2881.0,13.0,26.0,27.0,25.4,69.2,2,vehicle_exhaust
2260.0,2881.0,14.0,26.0,27.0,25.4,69.2,2,vehicle_exhaust
2259.0,2882.0,14.0,27.0,28.0,25.4,69.3,2,vehicle_exhaust
2265.0,2881.0,14.0,27.0,28.0,25.4,69.3,2,vehicle_exhaust
2262.0,2883.0,15.0,28.0,29.0,25.4,69.3,2,vehicle_exhaust
2266.0,2882.0,15.0,28.0,29.0,25.4,69.3,2,vehicle_exhaust
2262.0,2882.0,15.0,28.0,29.0,25.4,69.3,2,vehicle_exhaust
2258.0,2880.0,15.0,28.0,29.0,25.4,69.3,2,vehicle_exhaust
2265.0,2882.0,15.0,28.0,29.0,25.4,69.3,2,vehicle_exhaust
2261.0,2881.0,15.0,28.0,29.0,25.4,69.3,2,vehicle_exhaust
2266.0,2882.0,15.0,28.0,29.0,25.4,69.3,2,vehicle_exhaust
2261.0,2881.0,15.0,28.0,29.0,25.4,69.3,2,vehicle_exhaust
2271.0,2879.0,15.0,28.0,29.0,25.4,69.3,2,vehicle_exhaust
2261.0,2880.0,15.0,28.0,29.0,25.4,69.3,2,vehicle_exhaust
2262.0,2882.0,14.0,28.0,29.0,25.3,69.2,2,vehicle_exhaust
2263.0,2882.0,14.0,28.0,29.0,25.3,69.2,2,vehicle_exhaust
2259.0,2882.0,15.0,29.0,30.0,25.3,69.2,2,vehicle_exhaust
2274.0,2882.0,15.0,29.0,30.0,25.3,69.2,2,vehicle_exhaust
2266.0,2882.0,16.0,29.0,30.0,25.3,69.2,2,vehicle_exhaust
2261.0,2881.0,16.0,29.0,30.0,25.3,69.3,2,vehicle_exhaust
2267.0,2884.0,16.0,29.0,30.0,25.3,69.3,2,vehicle_exhaust
2260.0,2882.0,16.0,30.0,31.0,25.3,69.3,2,vehicle_exhaust
2262.0,2881.0,15.0,29.0,30.0,25.4,69.2,2,vehicle_exhaust
2266.0,2879.0,15.0,29.0,30.0,25.4,69.2,2,vehicle_exhaust
2263.0,2882.0,15.0,29.0,30.0,25.4,69.2,2,vehicle_exhaust
2260.0,2878.0,15.0,29.0,30.0,25.4,69.2,2,vehicle_exhaust
2271.0,2881.0,15.0,29.0,30.0,25.3,69.3,2,vehicle_exhaust
2260.0,2880.0,16.0,29.0,30.0,25.3,69.3,2,vehicle_exhaust
2263.0,2880.0,16.0,29.0,30.0,25.3,69.3,2,vehicle_exhaust
2267.0,2880.0,16.0,29.0,29.0,25.4,69.2,2,vehicle_exhaust
2260.0,2883.0,16.0,29.0,29.0,25.4,69.2,2,vehicle_exhaust
2272.0,2881.0,16.0,29.0,29.0,25.3,69.2,2,vehicle_exhaust
2259.0,2880.0,17.0,30.0,30.0,25.3,69.2,2,vehicle_exhaust
2260.0,2881.0,17.0,30.0,30.0,25.3,69.3,2,vehicle_exhaust
2265.0,2882.0,16.0,29.0,29.0,25.3,69.3,2,vehicle_exhaust
2264.0,2882.0,16.0,28.0,28.0,25.3,69.3,2,vehicle_exhaust
2272.0,2880.0,16.0,28.0,28.0,25.4,69.3,2,vehicle_exhaust
2259.0,2881.0,16.0,28.0,28.0,25.4,69.3,2,vehicle_exhaust
2261.0,2882.0,15.0,28.0,28.0,25.4,69.3,2,vehicle_exhaust
2262.0,2883.0,15.0,28.0,28.0,25.4,69.3,2,vehicle_exhaust
2260.0,2883.0,15.0,28.0,28.0,25.4,69.3,2,vehicle_exhaust
2272.0,2880.0,16.0,29.0,29.0,25.4,69.2,2,vehicle_exhaust
2264.0,2882.0,16.0,29.0,29.0,25.4,69.2,2,vehicle_exhaust
2262.0,2880.0,16.0,29.0,29.0,25.4,69.3,2,vehicle_exhaust
2266.0,2879.0,16.0,29.0,29.0,25.4,69.3,2,vehicle_exhaust
2271.0,2881.0,15.0,28.0,28.0,25.3,69.3,2,vehicle_exhaust
2262.0,2883.0,15.0,29.0,29.0,25.3,69.3,2,vehicle_exhaust
2264.0,2879.0,15.0,29.0,29.0,25.3,69.3,2,vehicle_exhaust
2261.0,2880.0,16.0,30.0,30.0,25.4,69.2,2,vehicle_exhaust
2261.0,2881.0,16.0,30.0,30.0,25.4,69.2,2,vehicle_exhaust
2273.0,2880.0,15.0,29.0,29.0,25.4,69.3,2,vehicle_exhaust
2262.0,2880.0,15.0,28.0,28.0,25.4,69.3,2,vehicle_exhaust
2266.0,2881.0,15.0,28.0,28.0,25.4,69.3,2,vehicle_exhaust
2266.0,2884.0,15.0,28.0,28.0,25.4,69.2,2,vehicle_exhaust
2261.0,2881.0,16.0,29.0,29.0,25.4,69.2,2,vehicle_exhaust
2270.0,2881.0,16.0,29.0,29.0,25.4,69.4,2,vehicle_exhaust
2261.0,2883.0,16.0,29.0,29.0,25.4,69.4,2,vehicle_exhaust
2261.0,2880.0,16.0,29.0,29.0,25.4,69.2,2,vehicle_exhaust
2264.0,2881.0,16.0,29.0,29.0,25.4,69.2,2,vehicle_exhaust
2260.0,2882.0,15.0,29.0,29.0,25.4,69.2,2,vehicle_exhaust
2270.0,2881.0,15.0,29.0,29.0,25.3,69.2,2,vehicle_exhaust
2266.0,2882.0,16.0,30.0,30.0,25.3,69.2,2,vehicle_exhaust
2261.0,2881.0,17.0,30.0,31.0,25.4,69.1,2,vehicle_exhaust
2265.0,2881.0,17.0,30.0,31.0,25.4,69.1,2,vehicle_exhaust
2262.0,2881.0,17.0,30.0,31.0,25.4,69.1,2,vehicle_exhaust
2262.0,2882.0,17.0,30.0,31.0,25.4,69.4,2,vehicle_exhaust
2264.0,2880.0,16.0,29.0,30.0,25.4,69.4,2,vehicle_exhaust
2261.0,2881.0,16.0,29.0,32.0,25.4,69.2,2,vehicle_exhaust
2262.0,2881.0,16.0,29.0,32.0,25.4,69.2,2,vehicle_exhaust
2271.0,2880.0,16.0,29.0,32.0,25.4,69.2,2,vehicle_exhaust
2263.0,2882.0,17.0,30.0,33.0,25.4,69.2,2,vehicle_exhaust
2265.0,2880.0,17.0,30.0,33.0,25.4,69.2,2,vehicle_exhaust
2265.0,2881.0,17.0,30.0,33.0,25.4,69.3,2,vehicle_exhaust
2260.0,2881.0,17.0,30.0,33.0,25.4,69.3,2,vehicle_exhaust
2272.0,2881.0,17.0,30.0,33.0,25.4,69.3,2,vehicle_exhaust
2262.0,2881.0,17.0,30.0,33.0,25.4,69.3,2,vehicle_exhaust
2260.0,2881.0,16.0,30.0,31.0,25.4,69.3,2,vehicle_exhaust
2266.0,2882.0,15.0,29.0,30.0,25.4,69.3,2,vehicle_exhaust
2260.0,2881.0,15.0,29.0,30.0,25.4,69.3,2,vehicle_exhaust
2272.0,2881.0,15.0,29.0,29.0,25.3,69.3,2,vehicle_exhaust
2267.0,2881.0,15.0,28.0,29.0,25.3,69.3,2,vehicle_exhaust
2262.0,2881.0,15.0,28.0,29.0,25.4,69.2,2,vehicle_exhaust
2265.0,2880.0,16.0,29.0,29.0,25.4,69.2,2,vehicle_exhaust
2262.0,2882.0,16.0,29.0,29.0,25.4,69.2,2,vehicle_exhaust
2261.0,2884.0,15.0,28.0,28.0,25.4,69.1,2,vehicle_exhaust
2265.0,2881.0,15.0,28.0,28.0,25.4,69.1,2,vehicle_exhaust
2262.0,2880.0,16.0,28.0,28.0,25.4,69.2,2,vehicle_exhaust
2262.0,2883.0,16.0,28.0,28.0,25.4,69.2,2,vehicle_exhaust
2272.0,2880.0,16.0,28.0,28.0,25.4,69.3,2,vehicle_exhaust
2262.0,2882.0,16.0,28.0,28.0,25.4,69.3,2,vehicle_exhaust
2266.0,2881.0,16.0,28.0,28.0,25.4,69.3,2,vehicle_exhaust
2260.0,2881.0,16.0,28.0,29.0,25.3,69.1,2,vehicle_exhaust
2271.0,2880.0,14.0,27.0,28.0,25.4,69.2,2,vehicle_exhaust
2262.0,2882.0,14.0,28.0,28.0,25.4,69.2,2,vehicle_exhaust
2265.0,2882.0,14.0,28.0,28.0,25.4,69.2,2,vehicle_exhaust
2261.0,2881.0,15.0,29.0,29.0,25.4,69.3,2,vehicle_exhaust
2260.0,2880.0,15.0,29.0,29.0,25.4,69.3,2,vehicle_exhaust
2272.0,2880.0,14.0,28.0,28.0,25.4,69.3,2,vehicle_exhaust
2260.0,2881.0,14.0,28.0,28.0,25.4,69.3,2,vehicle_exhaust
2265.0,2883.0,14.0,28.0,28.0,25.4,69.3,2,vehicle_exhaust
2267.0,2882.0,15.0,29.0,29.0,25.4,69.4,2,vehicle_exhaust
2258.0,2881.0,14.0,28.0,28.0,25.4,69.4,2,vehicle_exhaust
2271.0,2879.0,14.0,28.0,28.0,25.4,69.3,2,vehicle_exhaust
2262.0,2881.0,14.0,28.0,28.0,25.4,69.3,2,vehicle_exhaust
2260.0,2881.0,14.0,28.0,28.0,25.3,69.3,2,vehicle_exhaust
2265.0,2880.0,14.0,28.0,28.0,25.3,69.3,2,vehicle_exhaust
2261.0,2881.0,15.0,29.0,29.0,25.3,69.3,2,vehicle_exhaust
2260.0,2880.0,15.0,29.0,30.0,25.4,69.3,2,vehicle_exhaust
2264.0,2880.0,15.0,29.0,30.0,25.4,69.3,2,vehicle_exhaust
2261.0,2881.0,15.0,29.0,30.0,25.4,69.3,2,vehicle_exhaust
2265.0,2882.0,15.0,29.0,30.0,25.4,69.3,2,vehicle_exhaust
2273.0,2881.0,14.0,28.0,30.0,25.3,69.3,2,vehicle_exhaust
2263.0,2882.0,14.0,28.0,29.0,25.3,69.3,2,vehicle_exhaust
2266.0,2882.0,13.0,27.0,28.0,25.3,69.3,2,vehicle_exhaust
2262.0,2881.0,13.0,27.0,28.0,25.4,69.4,2,vehicle_exhaust
2266.0,2883.0,13.0,27.0,28.0,25.4,69.4,2,vehicle_exhaust
2263.0,2882.0,14.0,28.0,30.0,25.4,69.4,2,vehicle_exhaust
2261.0,2881.0,14.0,28.0,30.0,25.4,69.3,2,vehicle_exhaust
2266.0,2881.0,14.0,29.0,30.0,25.4,69.3,2,vehicle_exhaust
2260.0,2879.0,15.0,29.0,31.0,25.3,69.4,2,vehicle_exhaust
2267.0,2883.0,14.0,28.0,30.0,25.3,69.4,2,vehicle_exhaust
2273.0,2882.0,15.0,29.0,32.0,25.3,69.3,2,vehicle_exhaust
2261.0,2880.0,15.0,29.0,32.0,25.3,69.3,2,vehicle_exhaust
2267.0,2881.0,15.0,29.0,32.0,25.3,69.3,2,vehicle_exhaust
2261.0,2881.0,15.0,29.0,32.0,25.4,69.4,2,vehicle_exhaust
2260.0,2882.0,17.0,30.0,33.0,25.4,69.4,2,vehicle_exhaust
2272.0,2882.0,17.0,30.0,33.0,25.4,69.4,2,vehicle_exhaust
2260.0,2880.0,17.0,30.0,33.0,25.4,69.4,2,vehicle_exhaust
2260.0,2881.0,17.0,30.0,33.0,25.3,69.2,2,vehicle_exhaust
2262.0,2881.0,17.0,30.0,33.0,25.3,69.2,2,vehicle_exhaust
2261.0,2881.0,17.0,30.0,33.0,25.3,69.2,2,vehicle_exhaust
2273.0,2879.0,17.0,30.0,33.0,25.3,69.2,2,vehicle_exhaust
2266.0,2879.0,16.0,29.0,30.0,25.3,69.2,2,vehicle_exhaust
2261.0,2880.0,17.0,30.0,31.0,25.4,69.3,2,vehicle_exhaust
2268.0,2880.0,17.0,30.0,31.0,25.4,69.3,2,vehicle_exhaust
2259.0,2878.0,17.0,30.0,31.0,25.4,69.3,2,vehicle_exhaust
2261.0,2880.0,16.0,29.0,30.0,25.4,69.4,2,vehicle_exhaust
2266.0,2881.0,16.0,28.0,29.0,25.4,69.4,2,vehicle_exhaust
2260.0,2879.0,17.0,29.0,30.0,25.3,69.3,2,vehicle_exhaust
2266.0,2881.0,17.0,29.0,30.0,25.3,69.3,2,vehicle_exhaust
2273.0,2881.0,17.0,29.0,30.0,25.4,69.3,2,vehicle_exhaust
2263.0,2882.0,17.0,29.0,30.0,25.4,69.3,2,vehicle_exhaust
2267.0,2883.0,17.0,29.0,30.0,25.4,69.3,2,vehicle_exhaust
2261.0,2881.0,16.0,28.0,29.0,25.4,69.4,2,vehicle_exhaust
2261.0,2882.0,16.0,28.0,29.0,25.4,69.4,2,vehicle_exhaust
2275.0,2883.0,16.0,28.0,29.0,25.3,69.4,2,vehicle_exhaust
2261.0,2878.0,16.0,28.0,29.0,25.3,69.4,2,vehicle_exhaust
2266.0,2881.0,16.0,28.0,29.0,25.3,69.4,2,vehicle_exhaust
2268.0,2880.0,15.0,28.0,29.0,25.4,69.2,2,vehicle_exhaust
2261.0,2882.0,14.0,27.0,28.0,25.4,69.2,2,vehicle_exhaust
2272.0,2880.0,14.0,26.0,27.0,25.3,69.3,2,vehicle_exhaust
2266.0,2880.0,14.0,26.0,27.0,25.3,69.3,2,vehicle_exhaust
2261.0,2880.0,14.0,26.0,27.0,25.3,69.4,2,vehicle_exhaust
2268.0,2882.0,13.0,26.0,27.0,25.3,69.4,2,vehicle_exhaust
2260.0,2882.0,14.0,27.0,28.0,25.3,69.4,2,vehicle_exhaust
2260.0,2879.0,14.0,27.0,28.0,25.3,69.3,2,vehicle_exhaust
2267.0,2881.0,14.0,27.0,28.0,25.3,69.3,2,vehicle_exhaust
2263.0,2881.0,14.0,27.0,28.0,25.4,69.4,2,vehicle_exhaust
2267.0,2881.0,14.0,27.0,28.0,25.4,69.4,2,vehicle_exhaust
2270.0,2880.0,14.0,27.0,28.0,25.3,69.2,2,vehicle_exhaust
2262.0,2883.0,14.0,28.0,29.0,25.3,69.2,2,vehicle_exhaust
2265.0,2880.0,13.0,27.0,28.0,25.3,69.2,2,vehicle_exhaust
2262.0,2881.0,13.0,27.0,28.0,25.4,69.4,2,vehicle_exhaust
2268.0,2881.0,13.0,27.0,28.0,25.4,69.4,2,vehicle_exhaust
2272.0,2880.0,13.0,28.0,29.0,25.3,69.4,2,vehicle_exhaust
2261.0,2880.0,13.0,28.0,29.0,25.3,69.4,2,vehicle_exhaust
2268.0,2880.0,13.0,28.0,29.0,25.3,69.4,2,vehicle_exhaust
2259.0,2881.0,13.0,28.0,29.0,25.3,69.4,2,vehicle_exhaust
2261.0,2882.0,13.0,28.0,29.0,25.3,69.4,2,vehicle_exhaust
2273.0,2880.0,13.0,28.0,29.0,25.3,69.3,2,vehicle_exhaust
2261.0,2880.0,13.0,28.0,29.0,25.3,69.3,2,vehicle_exhaust
2260.0,2881.0,13.0,28.0,29.0,25.3,69.4,2,vehicle_exhaust
2267.0,2881.0,14.0,29.0,30.0,25.3,69.4,2,vehicle_exhaust
2262.0,2879.0,14.0,28.0,30.0,25.3,69.4,2,vehicle_exhaust
2272.0,2880.0,14.0,28.0,29.0,25.3,69.4,2,vehicle_exhaust
2267.0,2882.0,14.0,28.0,29.0,25.3,69.4,2,vehicle_exhaust
2262.0,2879.0,14.0,28.0,29.0,25.3,69.4,2,vehicle_exhaust
2266.0,2882.0,13.0,27.0,28.0,25.3,69.4,2,vehicle_exhaust
2261.0,2881.0,13.0,26.0,28.0,25.3,69.4,2,vehicle_exhaust
2262.0,2880.0,14.0,27.0,29.0,25.3,69.4,2,vehicle_exhaust
2264.0,2882.0,14.0,27.0,29.0,25.3,69.4,2,vehicle_exhaust
2261.0,2879.0,13.0,27.0,28.0,25.3,69.3,2,vehicle_exhaust
2266.0,2882.0,13.0,27.0,28.0,25.3,69.3,2,vehicle_exhaust
2262.0,2881.0,13.0,27.0,28.0,25.3,69.3,2,vehicle_exhaust
2260.0,2881.0,14.0,29.0,29.0,25.4,69.4,2,vehicle_exhaust
2267.0,2880.0,13.0,29.0,30.0,25.4,69.4,2,vehicle_exhaust
2261.0,2881.0,13.0,29.0,30.0,25.3,69.3,2,vehicle_exhaust
2265.0,2881.0,13.0,29.0,30.0,25.3,69.3,2,vehicle_exhaust
2274.0,2881.0,13.0,29.0,30.0,25.3,69.4,2,vehicle_exhaust
2260.0,2880.0,13.0,29.0,29.0,25.3,69.4,2,vehicle_exhaust
2267.0,2881.0,13.0,29.0,29.0,25.3,69.4,2,vehicle_exhaust
2263.0,2882.0,12.0,28.0,28.0,25.3,69.4,2,vehicle_exhaust
2266.0,2881.0,12.0,28.0,28.0,25.3,69.4,2,vehicle_exhaust
2272.0,2882.0,12.0,28.0,28.0,25.3,69.4,2,vehicle_exhaust
2262.0,2881.0,12.0,28.0,28.0,25.3,69.4,2,vehicle_exhaust
2266.0,2881.0,12.0,28.0,28.0,25.3,69.4,2,vehicle_exhaust
2261.0,2880.0,13.0,29.0,29.0,25.3,69.7,2,vehicle_exhaust
2263.0,2881.0,13.0,29.0,29.0,25.3,69.7,2,vehicle_exhaust
2270.0,2880.0,13.0,29.0,29.0,25.4,69.8,2,vehicle_exhaust
2262.0,2881.0,13.0,29.0,29.0,25.4,69.8,2,vehicle_exhaust
2266.0,2883.0,14.0,29.0,29.0,25.4,69.8,2,vehicle_exhaust
2267.0,2882.0,14.0,29.0,29.0,25.3,69.8,2,vehicle_exhaust
2262.0,2880.0,13.0,28.0,29.0,25.3,69.8,2,vehicle_exhaust
2270.0,2882.0,13.0,28.0,29.0,25.3,69.7,2,vehicle_exhaust
2259.0,2879.0,13.0,28.0,29.0,25.3,69.7,2,vehicle_exhaust
2261.0,2879.0,13.0,29.0,29.0,25.3,70.0,2,vehicle_exhaust
2264.0,2881.0,13.0,29.0,29.0,25.3,70.0,2,vehicle_exhaust
2263.0,2881.0,14.0,30.0,30.0,25.3,70.0,2,vehicle_exhaust
2274.0,2881.0,14.0,30.0,30.0,25.3,70.1,2,vehicle_exhaust
2267.0,2880.0,15.0,30.0,30.0,25.3,70.1,2,vehicle_exhaust
2260.0,2881.0,15.0,30.0,30.0,25.3,70.1,2,vehicle_exhaust
2264.0,2878.0,15.0,30.0,30.0,25.3,70.1,2,vehicle_exhaust
2260.0,2881.0,15.0,30.0,31.0,25.3,70.1,2,vehicle_exhaust
2262.0,2882.0,14.0,29.0,30.0,25.3,69.9,2,vehicle_exhaust
2265.0,2882.0,14.0,29.0,30.0,25.3,69.9,2,vehicle_exhaust
2263.0,2880.0,15.0,29.0,30.0,25.3,69.9,2,vehicle_exhaust
2261.0,2880.0,15.0,29.0,30.0,25.3,69.9,2,vehicle_exhaust
2272.0,2880.0,15.0,29.0,30.0,25.3,69.9,2,vehicle_exhaust
2260.0,2881.0,16.0,30.0,31.0,25.3,69.9,2,vehicle_exhaust
2265.0,2881.0,16.0,30.0,31.0,25.3,69.9,2,vehicle_exhaust
2265.0,2879.0,15.0,29.0,30.0,25.3,69.8,2,vehicle_exhaust
2261.0,2880.0,15.0,31.0,32.0,25.3,69.8,2,vehicle_exhaust
2273.0,2881.0,15.0,31.0,32.0,25.3,70.0,2,vehicle_exhaust
2262.0,2881.0,16.0,32.0,33.0,25.3,70.0,2,vehicle_exhaust
2261.0,2882.0,16.0,32.0,33.0,25.3,69.8,2,vehicle_exhaust
2265.0,2882.0,15.0,31.0,32.0,25.3,69.8,2,vehicle_exhaust
2261.0,2881.0,15.0,31.0,32.0,25.3,69.8,2,vehicle_exhaust
2272.0,2881.0,15.0,31.0,32.0,25.3,69.7,2,vehicle_exhaust
2265.0,2882.0,16.0,29.0,30.0,25.3,69.7,2,vehicle_exhaust
2261.0,2882.0,16.0,29.0,30.0,25.3,70.0,2,vehicle_exhaust
2266.0,2880.0,16.0,29.0,30.0,25.3,70.0,2,vehicle_exhaust
2261.0,2879.0,16.0,29.0,30.0,25.3,70.0,2,vehicle_exhaust
2261.0,2880.0,16.0,29.0,30.0,25.3,70.2,2,vehicle_exhaust
2264.0,2881.0,16.0,31.0,32.0,25.3,70.2,2,vehicle_exhaust
2260.0,2879.0,17.0,32.0,33.0,25.3,70.4,2,vehicle_exhaust
2260.0,2882.0,17.0,32.0,33.0,25.3,70.4,2,vehicle_exhaust
2273.0,2881.0,16.0,32.0,33.0,25.3,70.6,2,vehicle_exhaust
2259.0,2882.0,16.0,32.0,33.0,25.3,70.6,2,vehicle_exhaust
2266.0,2882.0,16.0,32.0,33.0,25.3,70.6,2,vehicle_exhaust
2265.0,2881.0,16.0,32.0,33.0,25.3,70.6,2,vehicle_exhaust
2259.0,2883.0,16.0,32.0,33.0,25.3,70.6,2,vehicle_exhaust
2272.0,2880.0,16.0,30.0,33.0,25.3,70.5,2,vehicle_exhaust
2262.0,2883.0,16.0,30.0,33.0,25.3,70.5,2,vehicle_exhaust
2260.0,2882.0,16.0,30.0,31.0,25.3,70.5,2,vehicle_exhaust
2259.0,2880.0,15.0,29.0,30.0,25.3,70.5,2,vehicle_exhaust
2272.0,2883.0,15.0,28.0,29.0,25.3,70.2,2,vehicle_exhaust
2261.0,2883.0,15.0,28.0,29.0,25.3,70.2,2,vehicle_exhaust
2261.0,2883.0,15.0,28.0,28.0,25.3,70.2,2,vehicle_exhaust
2266.0,2880.0,15.0,28.0,28.0,25.3,70.2,2,vehicle_exhaust
2260.0,2879.0,16.0,28.0,29.0,25.3,70.2,2,vehicle_exhaust
2272.0,2881.0,16.0,28.0,28.0,25.3,70.2,2,vehicle_exhaust
2265.0,2880.0,15.0,28.0,28.0,25.3,70.2,2,vehicle_exhaust
2262.0,2881.0,15.0,28.0,28.0,25.3,70.1,2,vehicle_exhaust
2263.0,2883.0,15.0,28.0,28.0,25.3,70.1,2,vehicle_exhaust
2273.0,2882.0,15.0,28.0,28.0,25.3,70.0,2,vehicle_exhaust
2245.0,2882.0,15.0,28.0,28.0,25.3,70.0,2,vehicle_exhaust
2263.0,2882.0,14.0,27.0,27.0,25.3,70.0,2,vehicle_exhaust
2259.0,2882.0,14.0,27.0,27.0,25.3,70.0,2,vehicle_exhaust
2260.0,2883.0,14.0,28.0,28.0,25.3,70.0,2,vehicle_exhaust
2271.0,2883.0,14.0,28.0,28.0,25.3,70.0,2,vehicle_exhaust
2260.0,2882.0,13.0,27.0,27.0,25.3,70.0,2,vehicle_exhaust
2265.0,2882.0,13.0,27.0,27.0,25.3,70.0,2,vehicle_exhaust
2265.0,2881.0,13.0,27.0,27.0,25.3,69.9,2,vehicle_exhaust
2260.0,2883.0,12.0,27.0,27.0,25.3,69.9,2,vehicle_exhaust
2269.0,2882.0,12.0,27.0,27.0,25.3,69.9,2,vehicle_exhaust
2261.0,2881.0,13.0,28.0,28.0,25.3,69.9,2,vehicle_exhaust
2259.0,2880.0,13.0,28.0,28.0,25.3,69.7,2,vehicle_exhaust
2264.0,2881.0,13.0,28.0,28.0,25.3,69.7,2,vehicle_exhaust
2261.0,2881.0,13.0,28.0,29.0,25.3,69.7,2,vehicle_exhaust
2271.0,2882.0,13.0,27.0,28.0,25.4,69.7,2,vehicle_exhaust
2264.0,2880.0,12.0,26.0,27.0,25.4,69.7,2,vehicle_exhaust
2261.0,2883.0,12.0,26.0,27.0,25.4,69.7,2,vehicle_exhaust
2265.0,2885.0,13.0,27.0,28.0,25.4,69.7,2,vehicle_exhaust
2260.0,2882.0,13.0,27.0,28.0,25.4,69.7,2,vehicle_exhaust
2273.0,2883.0,13.0,27.0,28.0,25.4,69.6,2,vehicle_exhaust
2264.0,2881.0,12.0,26.0,26.0,25.4,69.6,2,vehicle_exhaust
2260.0,2883.0,13.0,27.0,27.0,25.4,69.6,2,vehicle_exhaust
2265.0,2883.0,13.0,27.0,27.0,25.4,69.6,2,vehicle_exhaust
2260.0,2883.0,13.0,27.0,27.0,25.4,69.6,2,vehicle_exhaust
2272.0,2883.0,13.0,27.0,28.0,25.4,69.7,2,vehicle_exhaust
2260.0,2882.0,13.0,27.0,28.0,25.4,69.7,2,vehicle_exhaust
2261.0,2865.0,13.0,27.0,28.0,25.4,69.6,2,vehicle_exhaust
2263.0,2882.0,13.0,28.0,29.0,25.4,69.6,2,vehicle_exhaust
2260.0,2882.0,14.0,28.0,29.0,25.4,69.6,2,vehicle_exhaust
2271.0,2882.0,13.0,27.0,28.0,25.4,69.6,2,vehicle_exhaust
2263.0,2881.0,13.0,28.0,29.0,25.4,69.6,2,vehicle_exhaust
2261.0,2882.0,13.0,28.0,29.0,25.4,69.6,2,vehicle_exhaust
2265.0,2883.0,13.0,28.0,29.0,25.4,69.6,2,vehicle_exhaust
2259.0,2882.0,13.0,28.0,30.0,25.4,69.6,2,vehicle_exhaust
2259.0,2882.0,13.0,29.0,30.0,25.4,69.5,2,vehicle_exhaust
2265.0,2883.0,13.0,29.0,30.0,25.4,69.5,2,vehicle_exhaust
2260.0,2881.0,13.0,29.0,30.0,25.4,69.5,2,vehicle_exhaust
2267.0,2882.0,14.0,29.0,30.0,25.4,69.5,2,vehicle_exhaust
2271.0,2884.0,15.0,30.0,31.0,25.4,69.5,2,vehicle_exhaust
2261.0,2882.0,15.0,30.0,31.0,25.4,69.5,2,vehicle_exhaust
2263.0,2883.0,15.0,30.0,31.0,25.4,69.5,2,vehicle_exhaust
2260.0,2883.0,16.0,30.0,31.0,25.4,69.5,2,vehicle_exhaust
2260.0,2883.0,15.0,29.0,30.0,25.4,69.5,2,vehicle_exhaust
2269.0,2882.0,15.0,29.0,30.0,25.4,69.4,2,vehicle_exhaust
2259.0,2881.0,15.0,29.0,30.0,25.4,69.4,2,vehicle_exhaust
2260.0,2882.0,15.0,29.0,29.0,25.4,69.4,2,vehicle_exhaust
2265.0,2881.0,15.0,29.0,29.0,25.4,69.4,2,vehicle_exhaust
2260.0,2883.0,15.0,29.0,29.0,25.4,69.4,2,vehicle_exhaust
2272.0,2884.0,15.0,29.0,29.0,25.5,69.3,2,vehicle_exhaust
2261.0,2883.0,15.0,29.0,29.0,25.5,69.3,2,vehicle_exhaust
2259.0,2881.0,16.0,30.0,30.0,25.4,69.4,2,vehicle_exhaust
2267.0,2883.0,16.0,30.0,30.0,25.4,69.4,2,vehicle_exhaust
2260.0,2883.0,15.0,29.0,29.0,25.4,69.4,2,vehicle_exhaust
2270.0,2882.0,15.0,29.0,30.0,25.5,69.4,2,vehicle_exhaust
2259.0,2883.0,16.0,30.0,31.0,25.5,69.4,2,vehicle_exhaust
2258.0,2882.0,16.0,30.0,33.0,25.4,69.3,2,vehicle_exhaust
2264.0,2882.0,15.0,29.0,32.0,25.4,69.3,2,vehicle_exhaust
2259.0,2883.0,15.0,29.0,32.0,25.4,69.3,2,vehicle_exhaust
2271.0,2884.0,15.0,29.0,32.0,25.4,69.3,2,vehicle_exhaust
2265.0,2882.0,16.0,30.0,33.0,25.4,69.3,2,vehicle_exhaust
2260.0,2882.0,15.0,30.0,33.0,25.4,69.3,2,vehicle_exhaust
2263.0,2882.0,15.0,30.0,31.0,25.4,69.3,2,vehicle_exhaust
2260.0,2882.0,15.0,30.0,31.0,25.4,69.3,2,vehicle_exhaust
2259.0,2882.0,15.0,30.0,30.0,25.5,69.2,2,vehicle_exhaust
2262.0,2883.0,15.0,30.0,30.0,25.5,69.2,2,vehicle_exhaust
2261.0,2883.0,15.0,30.0,30.0,25.4,69.3,2,vehicle_exhaust
2264.0,2883.0,14.0,29.0,29.0,25.4,69.3,2,vehicle_exhaust
2271.0,2882.0,14.0,28.0,28.0,25.5,69.3,2,vehicle_exhaust
2258.0,2884.0,14.0,28.0,28.0,25.5,69.3,2,vehicle_exhaust
2264.0,2884.0,14.0,28.0,28.0,25.5,69.3,2,vehicle_exhaust
2265.0,2883.0,14.0,28.0,28.0,25.5,69.1,2,vehicle_exhaust
2262.0,2881.0,14.0,28.0,28.0,25.5,69.1,2,vehicle_exhaust
2271.0,2883.0,14.0,28.0,28.0,25.5,69.1,2,vehicle_exhaust
2260.0,2883.0,14.0,28.0,28.0,25.5,69.1,2,vehicle_exhaust
2259.0,2880.0,15.0,29.0,29.0,25.5,69.1,2,vehicle_exhaust
2265.0,2885.0,14.0,29.0,29.0,25.5,69.1,2,vehicle_exhaust
2261.0,2883.0,14.0,29.0,29.0,25.5,69.1,2,vehicle_exhaust
2272.0,2882.0,14.0,28.0,29.0,25.5,69.1,2,vehicle_exhaust
2265.0,2882.0,14.0,28.0,28.0,25.5,69.1,2,vehicle_exhaust
2259.0,2883.0,14.0,28.0,28.0,25.5,69.1,2,vehicle_exhaust
2263.0,2883.0,14.0,27.0,27.0,25.5,69.1,2,vehicle_exhaust
2261.0,2883.0,14.0,27.0,27.0,25.5,69.1,2,vehicle_exhaust
2259.0,2882.0,13.0,27.0,27.0,25.5,69.1,2,vehicle_exhaust
2262.0,2882.0,13.0,27.0,27.0,25.5,69.1,2,vehicle_exhaust
2260.0,2882.0,13.0,26.0,26.0,25.5,69.0,2,vehicle_exhaust
2265.0,2884.0,13.0,26.0,26.0,25.5,69.0,2,vehicle_exhaust
2271.0,2884.0,13.0,25.0,25.0,25.5,69.0,2,vehicle_exhaust
2261.0,2880.0,13.0,25.0,25.0,25.5,69.0,2,vehicle_exhaust
2263.0,2882.0,14.0,26.0,26.0,25.5,69.0,2,vehicle_exhaust
2263.0,2881.0,14.0,26.0,26.0,25.5,69.0,2,vehicle_exhaust
2260.0,2882.0,13.0,25.0,25.0,25.5,69.0,2,vehicle_exhaust
2271.0,2883.0,13.0,25.0,25.0,25.5,69.1,2,vehicle_exhaust
2260.0,2884.0,13.0,25.0,25.0,25.5,69.1,2,vehicle_exhaust
2260.0,2882.0,14.0,26.0,26.0,25.5,68.9,2,vehicle_exhaust
2265.0,2882.0,14.0,26.0,26.0,25.5,68.9,2,vehicle_exhaust
2260.0,2883.0,13.0,25.0,25.0,25.5,68.9,2,vehicle_exhaust
2271.0,2882.0,13.0,25.0,25.0,25.5,69.0,2,vehicle_exhaust
2266.0,2884.0,15.0,26.0,26.0,25.5,69.0,2,vehicle_exhaust
2258.0,2881.0,15.0,26.0,26.0,25.5,68.9,2,vehicle_exhaust
2264.0,2883.0,15.0,26.0,26.0,25.5,68.9,2,vehicle_exhaust
2261.0,2883.0,14.0,25.0,25.0,25.5,68.9,2,vehicle_exhaust
2260.0,2884.0,14.0,25.0,26.0,25.6,68.9,2,vehicle_exhaust
2264.0,2884.0,14.0,25.0,26.0,25.6,68.9,2,vehicle_exhaust
2259.0,2882.0,14.0,26.0,27.0,25.5,68.8,2,vehicle_exhaust
2263.0,2884.0,14.0,26.0,27.0,25.5,68.8,2,vehicle_exhaust
2271.0,2882.0,14.0,27.0,28.0,25.5,68.9,2,vehicle_exhaust
2259.0,2881.0,15.0,28.0,29.0,25.5,68.9,2,vehicle_exhaust
2265.0,2880.0,15.0,28.0,29.0,25.5,68.9,2,vehicle_exhaust
2267.0,2883.0,15.0,29.0,29.0,25.6,68.9,2,vehicle_exhaust
2259.0,2884.0,15.0,29.0,29.0,25.6,68.9,2,vehicle_exhaust
2273.0,2884.0,16.0,29.0,29.0,25.5,68.8,2,vehicle_exhaust
2260.0,2885.0,15.0,28.0,28.0,25.5,68.8,2,vehicle_exhaust
2260.0,2884.0,15.0,28.0,28.0,25.6,68.7,2,vehicle_exhaust
2264.0,2882.0,16.0,29.0,29.0,25.6,68.7,2,vehicle_exhaust
2262.0,2885.0,16.0,29.0,29.0,25.6,68.7,2,vehicle_exhaust
2271.0,2885.0,16.0,29.0,29.0,25.6,68.6,2,vehicle_exhaust
2266.0,2883.0,15.0,28.0,28.0,25.6,68.6,2,vehicle_exhaust
2260.0,2882.0,15.0,28.0,28.0,25.6,68.6,2,vehicle_exhaust
2265.0,2883.0,15.0,28.0,28.0,25.6,68.6,2,vehicle_exhaust
2260.0,2882.0,15.0,28.0,28.0,25.6,68.6,2,vehicle_exhaust
2270.0,2884.0,15.0,28.0,28.0,25.6,68.7,2,vehicle_exhaust
2260.0,2883.0,15.0,28.0,28.0,25.6,68.7,2,vehicle_exhaust
2260.0,2884.0,15.0,29.0,29.0,25.6,68.8,2,vehicle_exhaust
2265.0,2884.0,15.0,29.0,29.0,25.6,68.8,2,vehicle_exhaust
2260.0,2886.0,15.0,29.0,29.0,25.6,68.8,2,vehicle_exhaust
2271.0,2882.0,14.0,29.0,29.0,25.6,68.5,2,vehicle_exhaust
2264.0,2884.0,14.0,29.0,29.0,25.6,68.5,2,vehicle_exhaust
2258.0,2884.0,14.0,29.0,29.0,25.6,68.7,2,vehicle_exhaust
2264.0,2883.0,15.0,29.0,29.0,25.6,68.7,2,vehicle_exhaust
2269.0,2883.0,16.0,30.0,30.0,25.6,68.7,2,vehicle_exhaust
2259.0,2883.0,16.0,30.0,30.0,25.6,68.7,2,vehicle_exhaust
2265.0,2884.0,16.0,30.0,30.0,25.6,68.7,2,vehicle_exhaust
2259.0,2884.0,16.0,30.0,30.0,25.6,68.6,2,vehicle_exhaust
2259.0,2884.0,15.0,29.0,29.0,25.6,68.6,2,vehicle_exhaust
2270.0,2883.0,15.0,29.0,29.0,25.6,68.5,2,vehicle_exhaust
2259.0,2884.0,15.0,29.0,30.0,25.6,68.5,2,vehicle_exhaust
2262.0,2885.0,15.0,29.0,30.0,25.6,68.5,2,vehicle_exhaust
2264.0,2886.0,15.0,29.0,30.0,25.6,68.6,2,vehicle_exhaust
2262.0,2882.0,16.0,30.0,31.0,25.6,68.6,2,vehicle_exhaust
2272.0,2884.0,16.0,30.0,31.0,25.6,68.6,2,vehicle_exhaust
2260.0,2884.0,16.0,30.0,31.0,25.6,68.6,2,vehicle_exhaust
2261.0,2883.0,16.0,29.0,30.0,25.6,68.4,2,vehicle_exhaust
2259.0,2882.0,15.0,28.0,28.0,25.6,68.4,2,vehicle_exhaust
2269.0,2883.0,15.0,28.0,28.0,25.6,68.6,2,vehicle_exhaust
2259.0,2884.0,15.0,28.0,28.0,25.6,68.6,2,vehicle_exhaust
2260.0,2882.0,16.0,29.0,29.0,25.6,68.5,2,vehicle_exhaust
2264.0,2884.0,16.0,29.0,29.0,25.6,68.5,2,vehicle_exhaust
2260.0,2885.0,16.0,29.0,29.0,25.6,68.5,2,vehicle_exhaust
2272.0,2883.0,16.0,29.0,29.0,25.7,68.6,2,vehicle_exhaust
2266.0,2883.0,14.0,28.0,28.0,25.7,68.6,2,vehicle_exhaust
2259.0,2884.0,14.0,28.0,28.0,25.7,68.4,2,vehicle_exhaust
2264.0,2885.0,15.0,29.0,29.0,25.7,68.4,2,vehicle_exhaust
2270.0,2884.0,15.0,29.0,29.0,25.7,68.6,2,vehicle_exhaust
2259.0,2882.0,14.0,28.0,28.0,25.7,68.6,2,vehicle_exhaust
2262.0,2884.0,14.0,28.0,28.0,25.7,68.6,2,vehicle_exhaust
2260.0,2884.0,14.0,28.0,28.0,25.6,68.5,2,vehicle_exhaust
2259.0,2882.0,14.0,29.0,29.0,25.6,68.5,2,vehicle_exhaust
2271.0,2884.0,14.0,29.0,30.0,25.7,68.4,2,vehicle_exhaust
2260.0,2884.0,13.0,28.0,29.0,25.7,68.4,2,vehicle_exhaust
2265.0,2884.0,13.0,28.0,29.0,25.7,68.4,2,vehicle_exhaust
2265.0,2883.0,13.0,28.0,29.0,25.7,68.4,2,vehicle_exhaust
2257.0,2885.0,13.0,27.0,29.0,25.7,68.4,2,vehicle_exhaust
2271.0,2883.0,13.0,27.0,29.0,25.7,68.3,2,vehicle_exhaust
2259.0,2881.0,14.0,28.0,30.0,25.7,68.3,2,vehicle_exhaust
2259.0,2883.0,12.0,27.0,29.0,25.7,68.3,2,vehicle_exhaust
2265.0,2884.0,12.0,27.0,29.0,25.7,68.3,2,vehicle_exhaust
2260.0,2884.0,12.0,27.0,29.0,25.7,68.3,2,vehicle_exhaust
2268.0,2881.0,13.0,28.0,30.0,25.7,68.3,2,vehicle_exhaust
2264.0,2883.0,13.0,28.0,30.0,25.7,68.3,2,vehicle_exhaust
2258.0,2883.0,13.0,28.0,29.0,25.7,68.3,2,vehicle_exhaust
2265.0,2884.0,13.0,28.0,29.0,25.7,68.3,2,vehicle_exhaust
2270.0,2883.0,12.0,27.0,28.0,25.7,68.3,2,vehicle_exhaust
2258.0,2882.0,12.0,27.0,28.0,25.7,68.3,2,vehicle_exhaust
2264.0,2883.0,11.0,27.0,28.0,25.7,68.3,2,vehicle_exhaust
2259.0,2885.0,11.0,27.0,28.0,25.7,68.3,2,vehicle_exhaust
2260.0,2883.0,11.0,27.0,28.0,25.7,68.3,2,vehicle_exhaust
2267.0,2883.0,11.0,27.0,28.0,25.7,68.4,2,vehicle_exhaust
2260.0,2882.0,10.0,27.0,28.0,25.7,68.4,2,vehicle_exhaust
2263.0,2884.0,10.0,27.0,28.0,25.7,68.4,2,vehicle_exhaust
2263.0,2883.0,11.0,28.0,28.0,25.7,68.3,2,vehicle_exhaust
2259.0,2883.0,11.0,28.0,28.0,25.7,68.3,2,vehicle_exhaust
2271.0,2884.0,11.0,28.0,28.0,25.7,68.3,2,vehicle_exhaust
2260.0,2884.0,11.0,28.0,28.0,25.7,68.3,2,vehicle_exhaust
2260.0,2884.0,10.0,27.0,27.0,25.7,68.3,2,vehicle_exhaust
2263.0,2882.0,10.0,27.0,27.0,25.7,68.3,2,vehicle_exhaust
2259.0,2884.0,11.0,28.0,28.0,25.7,68.3,2,vehicle_exhaust
2268.0,2883.0,12.0,28.0,28.0,25.7,68.2,2,vehicle_exhaust
2264.0,2885.0,11.0,27.0,27.0,25.7,68.2,2,vehicle_exhaust
2260.0,2883.0,11.0,27.0,27.0,25.7,68.3,2,vehicle_exhaust
2265.0,2882.0,11.0,27.0,27.0,25.7,68.3,2,vehicle_exhaust
2259.0,2885.0,11.0,27.0,27.0,25.7,68.3,2,vehicle_exhaust
2259.0,2883.0,11.0,27.0,27.0,25.7,68.2,2,vehicle_exhaust
2263.0,2881.0,11.0,27.0,27.0,25.7,68.2,2,vehicle_exhaust
2260.0,2884.0,12.0,28.0,28.0,25.8,68.3,2,vehicle_exhaust
2260.0,2884.0,13.0,29.0,29.0,25.8,68.3,2,vehicle_exhaust
2269.0,2883.0,13.0,29.0,29.0,25.7,68.2,2,vehicle_exhaust
2258.0,2882.0,14.0,29.0,29.0,25.7,68.2,2,vehicle_exhaust
2262.0,2883.0,14.0,29.0,29.0,25.7,68.2,2,vehicle_exhaust
2265.0,2885.0,13.0,28.0,28.0,25.8,68.2,2,vehicle_exhaust
2261.0,2884.0,14.0,28.0,28.0,25.8,68.2,2,vehicle_exhaust
2271.0,2884.0,14.0,28.0,28.0,25.8,68.2,2,vehicle_exhaust
2259.0,2884.0,14.0,28.0,28.0,25.8,68.2,2,vehicle_exhaust
2260.0,2882.0,14.0,28.0,28.0,25.8,68.1,2,vehicle_exhaust
2264.0,2883.0,14.0,28.0,29.0,25.8,68.1,2,vehicle_exhaust
2256.0,2882.0,14.0,28.0,29.0,25.8,68.1,2,vehicle_exhaust
2270.0,2885.0,14.0,28.0,29.0,25.8,68.1,2,vehicle_exhaust
2263.0,2885.0,16.0,29.0,30.0,25.8,68.1,2,vehicle_exhaust
2258.0,2882.0,16.0,30.0,31.0,25.8,68.1,2,vehicle_exhaust
2264.0,2882.0,16.0,30.0,31.0,25.8,68.1,2,vehicle_exhaust
2258.0,2882.0,16.0,30.0,31.0,25.8,68.1,2,vehicle_exhaust
2270.0,2884.0,16.0,30.0,31.0,25.8,68.0,2,vehicle_exhaust
2259.0,2883.0,16.0,30.0,31.0,25.8,68.0,2,vehicle_exhaust
2258.0,2883.0,15.0,29.0,30.0,25.8,68.0,2,vehicle_exhaust
2265.0,2885.0,16.0,29.0,32.0,25.8,68.0,2,vehicle_exhaust
2258.0,2884.0,16.0,29.0,32.0,25.8,68.0,2,vehicle_exhaust
2271.0,2885.0,17.0,30.0,33.0,25.8,68.0,2,vehicle_exhaust
2262.0,2882.0,17.0,30.0,33.0,25.8,68.0,2,vehicle_exhaust
2258.0,2884.0,16.0,29.0,32.0,25.8,68.0,2,vehicle_exhaust
2263.0,2886.0,16.0,29.0,32.0,25.8,68.0,2,vehicle_exhaust
2258.0,2882.0,16.0,29.0,33.0,25.8,68.0,2,vehicle_exhaust
2269.0,2882.0,16.0,29.0,33.0,25.8,68.1,2,vehicle_exhaust
2262.0,2883.0,16.0,29.0,34.0,25.8,68.1,2,vehicle_exhaust
2258.0,2883.0,16.0,29.0,34.0,25.8,68.0,2,vehicle_exhaust
2264.0,2885.0,16.0,29.0,34.0,25.8,68.0,2,vehicle_exhaust
2259.0,2886.0,16.0,29.0,34.0,25.8,68.0,2,vehicle_exhaust
2258.0,2884.0,16.0,29.0,34.0,25.8,68.0,2,vehicle_exhaust
2266.0,2885.0,16.0,29.0,34.0,25.8,68.0,2,vehicle_exhaust
2259.0,2884.0,17.0,30.0,35.0,25.8,68.0,2,vehicle_exhaust
2266.0,2884.0,17.0,30.0,35.0,25.8,68.0,2,vehicle_exhaust
2269.0,2884.0,16.0,29.0,34.0,25.8,68.0,2,vehicle_exhaust
2260.0,2884.0,16.0,29.0,33.0,25.8,68.0,2,vehicle_exhaust
2262.0,2881.0,16.0,29.0,33.0,25.8,68.0,2,vehicle_exhaust
2258.0,2884.0,16.0,29.0,33.0,25.8,68.0,2,vehicle_exhaust
2259.0,2884.0,16.0,29.0,33.0,25.8,68.0,2,vehicle_exhaust
2271.0,2884.0,16.0,29.0,33.0,25.8,67.9,2,vehicle_exhaust
2258.0,2883.0,15.0,29.0,32.0,25.8,67.9,2,vehicle_exhaust
2259.0,2884.0,15.0,29.0,32.0,25.8,67.9,2,vehicle_exhaust
2263.0,2884.0,15.0,28.0,32.0,25.8,67.9,2,vehicle_exhaust
2259.0,2886.0,16.0,29.0,33.0,25.8,67.9,2,vehicle_exhaust
2271.0,2883.0,15.0,29.0,31.0,25.8,67.9,2,vehicle_exhaust
2263.0,2883.0,15.0,29.0,31.0,25.8,67.9,2,vehicle_exhaust
2258.0,2884.0,15.0,28.0,31.0,25.8,67.8,2,vehicle_exhaust
2262.0,2883.0,15.0,28.0,30.0,25.8,67.8,2,vehicle_exhaust
2259.0,2866.0,15.0,28.0,30.0,25.8,67.8,2,vehicle_exhaust
2259.0,2883.0,14.0,27.0,28.0,25.8,67.9,2,vehicle_exhaust
2263.0,2883.0,14.0,27.0,28.0,25.8,67.9,2,vehicle_exhaust
2258.0,2884.0,14.0,27.0,28.0,25.8,67.7,2,vehicle_exhaust
2263.0,2884.0,14.0,27.0,28.0,25.8,67.7,2,vehicle_exhaust
2268.0,2882.0,14.0,27.0,28.0,25.9,67.8,2,vehicle_exhaust
2260.0,2884.0,14.0,27.0,28.0,25.9,67.8,2,vehicle_exhaust
2263.0,2882.0,14.0,27.0,28.0,25.9,67.8,2,vehicle_exhaust
2258.0,2882.0,14.0,27.0,28.0,25.8,67.7,2,vehicle_exhaust
2257.0,2883.0,16.0,28.0,28.0,25.8,67.7,2,vehicle_exhaust
2270.0,2883.0,16.0,28.0,28.0,25.8,67.7,2,vehicle_exhaust
2259.0,2882.0,15.0,27.0,27.0,25.8,67.7,2,vehicle_exhaust
2257.0,2881.0,15.0,27.0,27.0,25.9,67.8,2,vehicle_exhaust
2263.0,2886.0,15.0,27.0,27.0,25.9,67.8,2,vehicle_exhaust
2257.0,2882.0,15.0,27.0,27.0,25.9,67.8,2,vehicle_exhaust
2268.0,2884.0,15.0,27.0,27.0,25.9,67.9,2,vehicle_exhaust
2264.0,2884.0,16.0,29.0,29.0,25.9,67.9,2,vehicle_exhaust
2260.0,2885.0,15.0,28.0,28.0,25.9,67.7,2,vehicle_exhaust
2263.0,2884.0,15.0,28.0,28.0,25.9,67.7,2,vehicle_exhaust
2258.0,2883.0,15.0,28.0,28.0,25.9,67.7,2,vehicle_exhaust
2259.0,2883.0,15.0,28.0,28.0,25.9,67.7,2,vehicle_exhaust
2262.0,2884.0,15.0,28.0,28.0,25.9,67.7,2,vehicle_exhaust
2258.0,2882.0,15.0,28.0,28.0,25.9,67.7,2,vehicle_exhaust
2262.0,2884.0,15.0,28.0,28.0,25.9,67.7,2,vehicle_exhaust
2258.0,2884.0,16.0,29.0,29.0,25.9,67.7,2,vehicle_exhaust
2269.0,2881.0,17.0,30.0,30.0,25.9,67.7,2,vehicle_exhaust
2260.0,2884.0,16.0,29.0,29.0,25.9,67.7,2,vehicle_exhaust
2259.0,2883.0,16.0,29.0,29.0,25.9,67.7,2,vehicle_exhaust
2264.0,2885.0,16.0,29.0,29.0,25.9,67.7,2,vehicle_exhaust
2259.0,2882.0,16.0,29.0,29.0,25.9,67.7,2,vehicle_exhaust
2259.0,2883.0,15.0,28.0,28.0,25.9,67.6,2,vehicle_exhaust
2264.0,2884.0,14.0,28.0,29.0,25.9,67.6,2,vehicle_exhaust
2258.0,2883.0,15.0,29.0,30.0,25.9,67.6,2,vehicle_exhaust
2264.0,2882.0,15.0,29.0,30.0,25.9,67.6,2,vehicle_exhaust
2270.0,2883.0,14.0,29.0,30.0,25.9,67.6,2,vehicle_exhaust
2258.0,2884.0,14.0,29.0,30.0,25.9,67.6,2,vehicle_exhaust
2262.0,2884.0,14.0,29.0,30.0,25.9,67.6,2,vehicle_exhaust
2264.0,2884.0,14.0,29.0,31.0,25.9,67.8,2,vehicle_exhaust
2259.0,2885.0,13.0,28.0,30.0,25.9,67.8,2,vehicle_exhaust
2270.0,2885.0,13.0,28.0,30.0,25.9,67.6,2,vehicle_exhaust
2259.0,2884.0,13.0,28.0,30.0,25.9,67.6,2,vehicle_exhaust
2259.0,2884.0,14.0,29.0,31.0,25.9,67.9,2,vehicle_exhaust
2263.0,2885.0,15.0,29.0,31.0,25.9,67.9,2,vehicle_exhaust
2257.0,2883.0,14.0,28.0,30.0,25.9,67.9,2,vehicle_exhaust
2270.0,2885.0,14.0,28.0,30.0,25.9,67.5,2,vehicle_exhaust
2265.0,2885.0,14.0,28.0,30.0,25.9,67.5,2,vehicle_exhaust
2259.0,2882.0,15.0,28.0,30.0,25.9,67.9,2,vehicle_exhaust
2264.0,2884.0,15.0,28.0,30.0,25.9,67.9,2,vehicle_exhaust
2259.0,2884.0,16.0,29.0,31.0,25.9,67.9,2,vehicle_exhaust
2258.0,2885.0,15.0,28.0,30.0,26.0,67.9,2,vehicle_exhaust
2262.0,2883.0,15.0,28.0,30.0,26.0,67.9,2,vehicle_exhaust
2261.0,2882.0,15.0,28.0,30.0,26.0,67.7,2,vehicle_exhaust
2260.0,2884.0,15.0,28.0,29.0,26.0,67.7,2,vehicle_exhaust
2271.0,2886.0,15.0,28.0,29.0,26.0,67.7,2,vehicle_exhaust
2259.0,2884.0,16.0,29.0,30.0,26.0,67.7,2,vehicle_exhaust
2258.0,2884.0,16.0,29.0,30.0,26.0,67.7,2,vehicle_exhaust
2262.0,2882.0,16.0,29.0,30.0,26.0,67.7,2,vehicle_exhaust
2258.0,2884.0,16.0,29.0,30.0,26.0,67.7,2,vehicle_exhaust
2269.0,2882.0,16.0,29.0,30.0,26.0,67.7,2,vehicle_exhaust
2257.0,2882.0,16.0,29.0,30.0,26.0,67.7,2,vehicle_exhaust
2259.0,2884.0,16.0,29.0,30.0,26.0,67.7,2,vehicle_exhaust
2264.0,2884.0,15.0,28.0,29.0,26.0,67.7,2,vehicle_exhaust
2260.0,2884.0,15.0,28.0,29.0,26.0,67.7,2,vehicle_exhaust
2267.0,2883.0,15.0,28.0,29.0,26.0,67.6,2,vehicle_exhaust
2258.0,2883.0,15.0,28.0,29.0,26.0,67.6,2,vehicle_exhaust
2262.0,2883.0,15.0,28.0,29.0,26.0,67.6,2,vehicle_exhaust
2262.0,2884.0,15.0,28.0,29.0,26.0,67.7,2,vehicle_exhaust
2258.0,2886.0,15.0,28.0,29.0,26.0,67.7,2,vehicle_exhaust
2271.0,2885.0,16.0,29.0,30.0,26.0,67.6,2,vehicle_exhaust
2256.0,2882.0,16.0,29.0,30.0,26.0,67.6,2,vehicle_exhaust
2257.0,2882.0,15.0,28.0,29.0,26.0,67.6,2,vehicle_exhaust
2262.0,2882.0,15.0,28.0,29.0,26.0,67.6,2,vehicle_exhaust
2258.0,2881.0,15.0,28.0,28.0,26.0,67.6,2,vehicle_exhaust
2269.0,2886.0,16.0,29.0,29.0,26.0,67.5,2,vehicle_exhaust
2263.0,2883.0,16.0,29.0,29.0,26.0,67.5,2,vehicle_exhaust
2258.0,2882.0,15.0,28.0,28.0,26.0,67.6,2,vehicle_exhaust
2263.0,2884.0,15.0,28.0,28.0,26.0,67.6,2,vehicle_exhaust
2258.0,2884.0,15.0,28.0,28.0,26.0,67.6,2,vehicle_exhaust
2257.0,2882.0,16.0,29.0,29.0,26.0,67.7,2,vehicle_exhaust
2262.0,2883.0,16.0,29.0,29.0,26.0,67.7,2,vehicle_exhaust
2258.0,2884.0,15.0,28.0,28.0,26.0,67.5,2,vehicle_exhaust
2264.0,2885.0,15.0,28.0,28.0,26.0,67.5,2,vehicle_exhaust
2259.0,2884.0,15.0,28.0,28.0,26.0,67.5,2,vehicle_exhaust
2258.0,2884.0,15.0,28.0,28.0,26.0,67.5,2,vehicle_exhaust
2263.0,2883.0,15.0,28.0,28.0,26.0,67.5,2,vehicle_exhaust
2258.0,2885.0,15.0,28.0,28.0,26.0,67.5,2,vehicle_exhaust
2262.0,2884.0,15.0,29.0,29.0,26.0,67.5,2,vehicle_exhaust
2270.0,2884.0,15.0,30.0,30.0,26.0,67.5,2,vehicle_exhaust
2258.0,2884.0,15.0,30.0,30.0,26.0,67.5,2,vehicle_exhaust
2262.0,2884.0,15.0,30.0,30.0,26.0,67.5,2,vehicle_exhaust
2258.0,2885.0,15.0,30.0,30.0,26.0,67.5,2,vehicle_exhaust
2259.0,2885.0,15.0,29.0,29.0,26.0,67.5,2,vehicle_exhaust
2269.0,2885.0,15.0,29.0,29.0,26.0,67.4,2,vehicle_exhaust
2257.0,2882.0,15.0,29.0,29.0,26.0,67.4,2,vehicle_exhaust
2264.0,2884.0,14.0,27.0,27.0,26.0,67.4,2,vehicle_exhaust
2264.0,2885.0,14.0,27.0,27.0,26.0,67.4,2,vehicle_exhaust
2260.0,2885.0,14.0,27.0,27.0,26.0,67.4,2,vehicle_exhaust
2270.0,2883.0,14.0,27.0,27.0,26.0,67.5,2,vehicle_exhaust
2258.0,2884.0,15.0,28.0,28.0,26.0,67.5,2,vehicle_exhaust
2263.0,2886.0,15.0,28.0,28.0,26.0,67.5,2,vehicle_exhaust
2263.0,2885.0,14.0,27.0,27.0,26.1,67.2,2,vehicle_exhaust
2258.0,2883.0,14.0,27.0,27.0,26.1,67.2,2,vehicle_exhaust
2271.0,2885.0,14.0,27.0,27.0,26.1,67.3,2,vehicle_exhaust
2258.0,2885.0,15.0,28.0,28.0,26.1,67.3,2,vehicle_exhaust
2260.0,2881.0,15.0,28.0,28.0,26.1,67.3,2,vehicle_exhaust
2263.0,2886.0,15.0,28.0,28.0,26.1,67.3,2,vehicle_exhaust
2260.0,2887.0,15.0,28.0,28.0,26.1,67.3,2,vehicle_exhaust
2270.0,2884.0,15.0,28.0,28.0,26.1,67.2,2,vehicle_exhaust
2258.0,2883.0,14.0,27.0,27.0,26.1,67.2,2,vehicle_exhaust
2257.0,2885.0,14.0,27.0,27.0,26.1,67.3,2,vehicle_exhaust
2262.0,2885.0,14.0,27.0,27.0,26.1,67.3,2,vehicle_exhaust
2259.0,2883.0,14.0,27.0,28.0,26.1,67.3,2,vehicle_exhaust
2270.0,2883.0,15.0,27.0,28.0,26.1,67.4,2,vehicle_exhaust
2263.0,2884.0,16.0,29.0,29.0,26.1,67.4,2,vehicle_exhaust
2258.0,2884.0,16.0,29.0,29.0,26.0,67.2,2,vehicle_exhaust
2262.0,2883.0,16.0,29.0,29.0,26.0,67.2,2,vehicle_exhaust
2259.0,2884.0,16.0,29.0,30.0,26.0,67.2,2,vehicle_exhaust
2259.0,2882.0,15.0,29.0,29.0,26.1,67.1,2,vehicle_exhaust
2263.0,2884.0,15.0,29.0,29.0,26.1,67.1,2,vehicle_exhaust
2259.0,2886.0,14.0,28.0,28.0,26.1,67.0,2,vehicle_exhaust
2264.0,2885.0,14.0,28.0,28.0,26.1,67.0,2,vehicle_exhaust
2270.0,2883.0,14.0,28.0,28.0,26.1,67.1,2,vehicle_exhaust
2259.0,2884.0,13.0,28.0,28.0,26.1,67.1,2,vehicle_exhaust
2261.0,2884.0,13.0,28.0,28.0,26.1,67.1,2,vehicle_exhaust
2258.0,2885.0,14.0,29.0,29.0,26.1,67.1,2,vehicle_exhaust
2264.0,2884.0,14.0,29.0,29.0,26.1,67.1,2,vehicle_exhaust
2270.0,2885.0,13.0,28.0,28.0,26.1,67.1,2,vehicle_exhaust
2259.0,2884.0,13.0,28.0,28.0,26.1,67.1,2,vehicle_exhaust
2265.0,2884.0,13.0,28.0,28.0,26.1,67.1,2,vehicle_exhaust
2257.0,2884.0,13.0,28.0,28.0,26.1,67.2,2,vehicle_exhaust
2258.0,2885.0,14.0,30.0,30.0,26.1,67.2,2,vehicle_exhaust
2271.0,2884.0,14.0,30.0,30.0,26.1,67.3,2,vehicle_exhaust
2258.0,2884.0,14.0,30.0,30.0,26.1,67.3,2,vehicle_exhaust
2264.0,2884.0,14.0,30.0,30.0,26.1,67.3,2,vehicle_exhaust
2264.0,2884.0,15.0,30.0,31.0,26.1,67.1,2,vehicle_exhaust
2260.0,2883.0,14.0,29.0,30.0,26.1,67.1,2,vehicle_exhaust
2269.0,2885.0,14.0,29.0,30.0,26.1,67.1,2,vehicle_exhaust
2259.0,2885.0,14.0,29.0,30.0,26.1,67.1,2,vehicle_exhaust
2258.0,2882.0,15.0,30.0,31.0,26.1,67.1,2,vehicle_exhaust
2265.0,2883.0,15.0,30.0,31.0,26.1,67.1,2,vehicle_exhaust
2257.0,2881.0,15.0,30.0,31.0,26.1,67.1,2,vehicle_exhaust
2269.0,2885.0,15.0,30.0,31.0,26.1,67.1,2,vehicle_exhaust
2262.0,2885.0,13.0,29.0,29.0,26.1,67.1,2,vehicle_exhaust
2258.0,2884.0,13.0,29.0,29.0,26.1,67.1,2,vehicle_exhaust
2266.0,2886.0,13.0,28.0,29.0,26.1,67.1,2,vehicle_exhaust
2259.0,2886.0,13.0,28.0,28.0,26.1,67.1,2,vehicle_exhaust
2260.0,2883.0,13.0,27.0,28.0,26.1,67.0,2,vehicle_exhaust
2264.0,2885.0,13.0,27.0,28.0,26.1,67.0,2,vehicle_exhaust
2259.0,2884.0,13.0,27.0,28.0,26.1,66.9,2,vehicle_exhaust
2260.0,2884.0,13.0,27.0,28.0,26.1,66.9,2,vehicle_exhaust
2270.0,2884.0,13.0,28.0,29.0,26.1,67.1,2,vehicle_exhaust
2258.0,2884.0,13.0,28.0,29.0,26.1,67.1,2,vehicle_exhaust
2263.0,2883.0,13.0,28.0,29.0,26.1,67.1,2,vehicle_exhaust
2263.0,2883.0,14.0,29.0,30.0,26.2,66.8,2,vehicle_exhaust
2258.0,2885.0,14.0,29.0,30.0,26.2,66.8,2,vehicle_exhaust
2268.0,2883.0,14.0,30.0,30.0,26.1,67.1,2,vehicle_exhaust
2258.0,2883.0,14.0,30.0,30.0,26.1,67.1,2,vehicle_exhaust
2260.0,2884.0,14.0,30.0,30.0,26.1,66.9,2,vehicle_exhaust
2263.0,2885.0,14.0,30.0,30.0,26.1,66.9,2,vehicle_exhaust
2259.0,2886.0,14.0,30.0,30.0,26.1,66.9,2,vehicle_exhaust
2270.0,2884.0,14.0,30.0,30.0,26.2,66.9,2,vehicle_exhaust
2262.0,2886.0,13.0,29.0,29.0,26.2,66.9,2,vehicle_exhaust
2260.0,2884.0,15.0,30.0,31.0,26.1,67.0,2,vehicle_exhaust
2262.0,2883.0,15.0,30.0,31.0,26.1,67.0,2,vehicle_exhaust
2259.0,2883.0,15.0,30.0,31.0,26.1,67.0,2,vehicle_exhaust
2258.0,2885.0,15.0,30.0,30.0,26.2,66.8,2,vehicle_exhaust
2262.0,2883.0,15.0,30.0,30.0,26.2,66.8,2,vehicle_exhaust
2230.0,2884.0,15.0,30.0,30.0,26.1,66.9,2,vehicle_exhaust
2262.0,2885.0,14.0,29.0,29.0,26.1,66.9,2,vehicle_exhaust
2270.0,2884.0,13.0,28.0,28.0,26.2,66.9,2,vehicle_exhaust
2260.0,2883.0,13.0,28.0,28.0,26.2,66.9,2,vehicle_exhaust
2261.0,2884.0,13.0,28.0,28.0,26.2,66.9,2,vehicle_exhaust
2264.0,2884.0,14.0,28.0,28.0,26.1,66.9,2,vehicle_exhaust
2260.0,2883.0,14.0,28.0,28.0,26.1,66.9,2,vehicle_exhaust
2270.0,2885.0,13.0,28.0,28.0,26.1,66.8,2,vehicle_exhaust
2258.0,2883.0,13.0,28.0,28.0,26.1,66.8,2,vehicle_exhaust
2259.0,2883.0,14.0,29.0,29.0,26.1,67.0,2,vehicle_exhaust
2263.0,2885.0,14.0,29.0,29.0,26.1,67.0,2,vehicle_exhaust
2258.0,2885.0,14.0,29.0,29.0,26.1,67.0,2,vehicle_exhaust
2268.0,2883.0,14.0,29.0,29.0,26.2,66.8,2,vehicle_exhaust
2263.0,2885.0,13.0,28.0,28.0,26.2,66.8,2,vehicle_exhaust
2258.0,2885.0,13.0,28.0,28.0,26.2,67.0,2,vehicle_exhaust
2264.0,2884.0,13.0,28.0,28.0,26.2,67.0,2,vehicle_exhaust
2259.0,2884.0,13.0,28.0,28.0,26.2,67.0,2,vehicle_exhaust
2259.0,2884.0,13.0,27.0,28.0,26.2,66.8,2,vehicle_exhaust
2263.0,2885.0,14.0,28.0,29.0,26.2,66.8,2,vehicle_exhaust
2258.0,2883.0,14.0,28.0,29.0,26.2,66.8,2,vehicle_exhaust
2265.0,2886.0,14.0,28.0,29.0,26.2,66.8,2,vehicle_exhaust
2258.0,2884.0,14.0,28.0,29.0,26.2,66.8,2,vehicle_exhaust
2258.0,2883.0,14.0,28.0,29.0,26.2,66.8,2,vehicle_exhaust
2264.0,2885.0,13.0,28.0,29.0,26.2,66.8,2,vehicle_exhaust
2260.0,2885.0,13.0,28.0,29.0,26.2,66.7,2,vehicle_exhaust
2262.0,2883.0,13.0,28.0,29.0,26.2,66.7,2,vehicle_exhaust
2267.0,2883.0,11.0,27.0,28.0,26.2,66.9,2,vehicle_exhaust
2259.0,2886.0,12.0,28.0,29.0,26.2,66.9,2,vehicle_exhaust
2264.0,2885.0,12.0,28.0,29.0,26.2,66.9,2,vehicle_exhaust
2260.0,2884.0,12.0,28.0,29.0,26.2,66.6,2,vehicle_exhaust
2259.0,2882.0,10.0,26.0,28.0,26.2,66.6,2,vehicle_exhaust
2268.0,2884.0,10.0,26.0,28.0,26.2,66.7,2,vehicle_exhaust
2260.0,2886.0,11.0,27.0,29.0,26.2,66.7,2,vehicle_exhaust
2263.0,2885.0,11.0,27.0,29.0,26.2,66.7,2,vehicle_exhaust
2263.0,2883.0,11.0,27.0,29.0,26.2,66.9,2,vehicle_exhaust
2258.0,2885.0,11.0,27.0,28.0,26.2,66.9,2,vehicle_exhaust
2271.0,2884.0,11.0,27.0,28.0,26.2,66.8,2,vehicle_exhaust
2258.0,2883.0,10.0,26.0,27.0,26.2,66.8,2,vehicle_exhaust
2263.0,2884.0,11.0,26.0,27.0,26.2,66.8,2,vehicle_exhaust
2258.0,2883.0,11.0,26.0,28.0,26.2,66.8,2,vehicle_exhaust
2269.0,2885.0,11.0,26.0,28.0,26.2,66.6,2,vehicle_exhaust
2258.0,2884.0,13.0,28.0,29.0,26.2,66.6,2,vehicle_exhaust
2259.0,2886.0,12.0,26.0,28.0,26.2,66.6,2,vehicle_exhaust
2262.0,2884.0,12.0,26.0,28.0,26.2,66.6,2,vehicle_exhaust
2259.0,2883.0,13.0,26.0,28.0,26.2,66.6,2,vehicle_exhaust
2270.0,2884.0,14.0,27.0,29.0,26.2,66.6,2,vehicle_exhaust
2259.0,2883.0,14.0,27.0,29.0,26.2,66.6,2,vehicle_exhaust
2258.0,2885.0,14.0,27.0,29.0,26.2,66.6,2,vehicle_exhaust
2265.0,2884.0,14.0,27.0,29.0,26.2,66.6,2,vehicle_exhaust
2258.0,2882.0,14.0,27.0,29.0,26.2,66.6,2,vehicle_exhaust
2270.0,2884.0,14.0,27.0,29.0,26.2,66.6,2,vehicle_exhaust
2258.0,2882.0,14.0,27.0,29.0,26.2,66.6,2,vehicle_exhaust
2262.0,2885.0,14.0,27.0,29.0,26.2,66.6,2,vehicle_exhaust
2265.0,2885.0,14.0,27.0,29.0,26.2,66.6,2,vehicle_exhaust
2260.0,2883.0,14.0,27.0,28.0,26.2,66.6,2,vehicle_exhaust
2269.0,2887.0,13.0,26.0,27.0,26.2,66.6,2,vehicle_exhaust
2259.0,2885.0,13.0,26.0,27.0,26.2,66.6,2,vehicle_exhaust
2258.0,2883.0,13.0,26.0,27.0,26.2,66.6,2,vehicle_exhaust
2264.0,2883.0,13.0,26.0,26.0,26.2,66.6,2,vehicle_exhaust
2258.0,2884.0,14.0,27.0,27.0,26.2,66.6,2,vehicle_exhaust
2269.0,2881.0,14.0,26.0,27.0,26.2,66.5,2,vehicle_exhaust
2263.0,2885.0,13.0,25.0,26.0,26.2,66.5,2,vehicle_exhaust
2259.0,2885.0,13.0,26.0,26.0,26.2,66.5,2,vehicle_exhaust
2266.0,2883.0,13.0,26.0,26.0,26.2,66.5,2,vehicle_exhaust
2259.0,2884.0,13.0,26.0,27.0,26.2,66.5,2,vehicle_exhaust
2259.0,2883.0,13.0,26.0,27.0,26.3,66.4,2,vehicle_exhaust
2263.0,2885.0,15.0,27.0,28.0,26.3,66.4,2,vehicle_exhaust
2258.0,2883.0,15.0,27.0,28.0,26.2,66.5,2,vehicle_exhaust
2265.0,2883.0,15.0,27.0,28.0,26.2,66.5,2,vehicle_exhaust
2271.0,2885.0,15.0,27.0,28.0,26.3,66.5,2,vehicle_exhaust
2260.0,2884.0,15.0,27.0,28.0,26.3,66.5,2,vehicle_exhaust
2263.0,2884.0,15.0,27.0,28.0,26.3,66.5,2,vehicle_exhaust
2264.0,2884.0,15.0,27.0,28.0,26.2,66.4,2,vehicle_exhaust
2260.0,2887.0,15.0,27.0,28.0,26.2,66.4,2,vehicle_exhaust
2271.0,2886.0,15.0,27.0,28.0,26.3,66.4,2,vehicle_exhaust
2259.0,2884.0,14.0,26.0,27.0,26.3,66.4,2,vehicle_exhaust
2259.0,2885.0,14.0,26.0,27.0,26.3,66.5,2,vehicle_exhaust
2260.0,2882.0,15.0,27.0,28.0,26.3,66.5,2,vehicle_exhaust
2258.0,2886.0,15.0,28.0,28.0,26.3,66.5,2,vehicle_exhaust
2270.0,2883.0,15.0,28.0,28.0,26.3,66.5,2,vehicle_exhaust
2264.0,2884.0,14.0,26.0,27.0,26.3,66.5,2,vehicle_exhaust
2259.0,2885.0,14.0,26.0,26.0,26.3,66.4,2,vehicle_exhaust
2264.0,2883.0,14.0,26.0,26.0,26.3,66.4,2,vehicle_exhaust
2259.0,2883.0,14.0,26.0,26.0,26.3,66.4,2,vehicle_exhaust
2259.0,2884.0,15.0,27.0,27.0,26.3,66.3,2,vehicle_exhaust
2261.0,2885.0,14.0,27.0,27.0,26.3,66.3,2,vehicle_exhaust
2260.0,2885.0,14.0,26.0,27.0,26.3,66.3,2,vehicle_exhaust
2262.0,2885.0,13.0,25.0,26.0,26.3,66.3,2,vehicle_exhaust
2268.0,2884.0,13.0,25.0,26.0,26.3,66.5,2,vehicle_exhaust
2258.0,2886.0,13.0,25.0,26.0,26.3,66.5,2,vehicle_exhaust
2264.0,2886.0,12.0,25.0,26.0,26.3,66.5,2,vehicle_exhaust
2264.0,2884.0,13.0,26.0,28.0,26.3,66.3,2,vehicle_exhaust
2258.0,2882.0,13.0,26.0,28.0,26.3,66.3,2,vehicle_exhaust
2270.0,2883.0,13.0,26.0,28.0,26.3,66.3,2,vehicle_exhaust
2258.0,2884.0,13.0,26.0,28.0,26.3,66.3,2,vehicle_exhaust
2259.0,2883.0,13.0,26.0,28.0,26.3,66.3,2,vehicle_exhaust
2264.0,2883.0,13.0,27.0,29.0,26.3,66.3,2,vehicle_exhaust
2258.0,2883.0,13.0,27.0,29.0,26.3,66.3,2,vehicle_exhaust
2270.0,2885.0,11.0,26.0,28.0,26.3,66.3,2,vehicle_exhaust
2265.0,2884.0,11.0,26.0,28.0,26.3,66.3,2,vehicle_exhaust
2258.0,2884.0,11.0,26.0,28.0,26.3,66.3,2,vehicle_exhaust
2262.0,2884.0,11.0,26.0,28.0,26.3,66.3,2,vehicle_exhaust
2257.0,2884.0,11.0,26.0,28.0,26.3,66.3,2,vehicle_exhaust
2258.0,2884.0,11.0,26.0,28.0,26.3,66.1,2,vehicle_exhaust
2264.0,2885.0,11.0,26.0,28.0,26.3,66.1,2,vehicle_exhaust
2258.0,2886.0,11.0,26.0,28.0,26.3,66.3,2,vehicle_exhaust
2264.0,2885.0,11.0,26.0,28.0,26.3,66.3,2,vehicle_exhaust
2271.0,2885.0,11.0,27.0,28.0,26.3,66.3,2,vehicle_exhaust
2258.0,2883.0,11.0,27.0,28.0,26.3,66.3,2,vehicle_exhaust
2263.0,2884.0,11.0,27.0,28.0,26.3,66.3,2,vehicle_exhaust
2262.0,2883.0,11.0,27.0,27.0,26.3,66.1,2,vehicle_exhaust
2258.0,2883.0,10.0,26.0,26.0,26.3,66.1,2,vehicle_exhaust
2270.0,2882.0,10.0,26.0,26.0,26.3,66.2,2,vehicle_exhaust
2258.0,2884.0,10.0,26.0,26.0,26.3,66.2,2,vehicle_exhaust
2259.0,2885.0,10.0,26.0,26.0,26.3,66.1,2,vehicle_exhaust
2262.0,2885.0,10.0,26.0,27.0,26.3,66.1,2,vehicle_exhaust
2258.0,2885.0,11.0,27.0,28.0,26.3,66.1,2,vehicle_exhaust
2270.0,2886.0,11.0,27.0,28.0,26.3,66.3,2,vehicle_exhaust
2264.0,2886.0,11.0,27.0,28.0,26.3,66.3,2,vehicle_exhaust
2259.0,2884.0,12.0,27.0,28.0,26.3,66.1,2,vehicle_exhaust
2265.0,2884.0,12.0,28.0,29.0,26.3,66.1,2,vehicle_exhaust
2259.0,2883.0,12.0,28.0,29.0,26.3,66.1,2,vehicle_exhaust
2261.0,2886.0,12.0,28.0,29.0,26.3,66.2,2,vehicle_exhaust
2263.0,2883.0,12.0,28.0,29.0,26.3,66.2,2,vehicle_exhaust
2258.0,2883.0,12.0,28.0,29.0,26.3,66.2,2,vehicle_exhaust
2262.0,2884.0,12.0,29.0,30.0,26.3,66.2,2,vehicle_exhaust
2271.0,2883.0,13.0,29.0,30.0,26.3,66.2,2,vehicle_exhaust
2260.0,2882.0,12.0,28.0,29.0,26.3,66.2,2,vehicle_exhaust
2262.0,2884.0,12.0,28.0,29.0,26.3,66.2,2,vehicle_exhaust
2259.0,2885.0,12.0,28.0,29.0,26.3,66.1,2,vehicle_exhaust
2257.0,2883.0,13.0,30.0,31.0,26.3,66.1,2,vehicle_exhaust
2271.0,2884.0,13.0,30.0,31.0,26.3,66.1,2,vehicle_exhaust
2259.0,2884.0,12.0,29.0,30.0,26.3,66.1,2,vehicle_exhaust
2259.0,2885.0,12.0,29.0,30.0,26.3,66.1,2,vehicle_exhaust
2262.0,2886.0,13.0,29.0,30.0,26.3,66.1,2,vehicle_exhaust
2260.0,2885.0,13.0,29.0,30.0,26.3,66.1,2,vehicle_exhaust
2269.0,2886.0,13.0,30.0,31.0,26.4,66.1,2,vehicle_exhaust
2264.0,2885.0,13.0,29.0,30.0,26.4,66.1,2,vehicle_exhaust
2258.0,2885.0,13.0,29.0,30.0,26.3,66.1,2,vehicle_exhaust
2263.0,2884.0,13.0,29.0,30.0,26.3,66.1,2,vehicle_exhaust
2257.0,2885.0,13.0,29.0,30.0,26.3,66.1,2,vehicle_exhaust
2259.0,2883.0,14.0,29.0,30.0,26.4,66.1,2,vehicle_exhaust
2264.0,2885.0,14.0,29.0,30.0,26.4,66.1,2,vehicle_exhaust
2260.0,2886.0,14.0,29.0,30.0,26.4,66.1,2,vehicle_exhaust
2262.0,2883.0,14.0,29.0,30.0,26.4,66.1,2,vehicle_exhaust
2270.0,2885.0,14.0,29.0,29.0,26.4,66.0,2,vehicle_exhaust
2258.0,2885.0,14.0,29.0,29.0,26.4,66.0,2,vehicle_exhaust
2265.0,2885.0,14.0,29.0,29.0,26.4,66.0,2,vehicle_exhaust
2258.0,2884.0,13.0,28.0,28.0,26.4,66.0,2,vehicle_exhaust
2262.0,2885.0,13.0,28.0,28.0,26.4,66.0,2,vehicle_exhaust
2271.0,2886.0,14.0,29.0,29.0,26.3,66.0,2,vehicle_exhaust
2259.0,2884.0,14.0,29.0,29.0,26.3,66.0,2,vehicle_exhaust
2263.0,2885.0,14.0,29.0,29.0,26.3,66.0,2,vehicle_exhaust
2262.0,2884.0,13.0,28.0,28.0,26.4,66.1,2,vehicle_exhaust
2259.0,2886.0,14.0,29.0,29.0,26.4,66.1,2,vehicle_exhaust
2270.0,2885.0,14.0,29.0,29.0,26.4,66.0,2,vehicle_exhaust
2259.0,2885.0,14.0,29.0,29.0,26.4,66.0,2,vehicle_exhaust
2267.0,2886.0,14.0,29.0,29.0,26.4,66.0,2,vehicle_exhaust
2263.0,2884.0,14.0,29.0,29.0,26.4,65.9,2,vehicle_exhaust
2261.0,2887.0,13.0,28.0,28.0,26.4,65.9,2,vehicle_exhaust
2270.0,2885.0,13.0,28.0,28.0,26.3,65.9,2,vehicle_exhaust
2259.0,2885.0,13.0,28.0,28.0,26.3,65.9,2,vehicle_exhaust
2259.0,2887.0,14.0,29.0,29.0,26.4,66.1,2,vehicle_exhaust
2265.0,2885.0,14.0,28.0,28.0,26.4,66.1,2,vehicle_exhaust
2258.0,2885.0,14.0,28.0,28.0,26.4,66.1,2,vehicle_exhaust
2269.0,2884.0,14.0,28.0,28.0,26.4,65.9,2,vehicle_exhaust
2261.0,2884.0,14.0,27.0,27.0,26.4,65.9,2,vehicle_exhaust
2260.0,2885.0,14.0,27.0,27.0,26.4,65.9,2,vehicle_exhaust
2265.0,2886.0,14.0,27.0,27.0,26.4,65.9,2,vehicle_exhaust
2260.0,2885.0,14.0,27.0,27.0,26.4,65.9,2,vehicle_exhaust
2270.0,2886.0,14.0,27.0,27.0,26.4,66.0,2,vehicle_exhaust
2258.0,2885.0,13.0,27.0,27.0,26.4,66.0,2,vehicle_exhaust
2259.0,2883.0,13.0,26.0,26.0,26.4,65.9,2,vehicle_exhaust
2264.0,2885.0,14.0,27.0,27.0,26.4,65.9,2,vehicle_exhaust
2258.0,2884.0,14.0,27.0,27.0,26.4,65.9,2,vehicle_exhaust
2271.0,2885.0,13.0,27.0,27.0,26.4,65.9,2,vehicle_exhaust
2260.0,2886.0,12.0,26.0,26.0,26.4,65.9,2,vehicle_exhaust
2262.0,2885.0,12.0,26.0,26.0,26.4,65.9,2,vehicle_exhaust
2262.0,2885.0,12.0,27.0,27.0,26.4,65.9,2,vehicle_exhaust
2258.0,2884.0,12.0,27.0,27.0,26.4,65.9,2,vehicle_exhaust
2259.0,2886.0,11.0,26.0,26.0,26.4,65.8,2,vehicle_exhaust
2263.0,2886.0,11.0,26.0,26.0,26.4,65.8,2,vehicle_exhaust
2258.0,2887.0,11.0,26.0,26.0,26.4,65.9,2,vehicle_exhaust
2265.0,2885.0,12.0,27.0,27.0,26.4,65.9,2,vehicle_exhaust
2270.0,2886.0,12.0,26.0,27.0,26.4,65.9,2,vehicle_exhaust
2260.0,2886.0,12.0,26.0,26.0,26.4,65.9,2,vehicle_exhaust
2263.0,2886.0,12.0,26.0,26.0,26.4,65.9,2,vehicle_exhaust
2257.0,2886.0,11.0,25.0,25.0,26.4,65.9,2,vehicle_exhaust
2263.0,2886.0,11.0,25.0,25.0,26.4,65.9,2,vehicle_exhaust
2269.0,2883.0,12.0,25.0,26.0,26.4,65.9,2,vehicle_exhaust
2260.0,2885.0,12.0,25.0,26.0,26.4,65.9,2,vehicle_exhaust
2263.0,2884.0,12.0,25.0,25.0,26.4,65.9,2,vehicle_exhaust
2262.0,2885.0,12.0,25.0,25.0,26.4,65.9,2,vehicle_exhaust
2271.0,2885.0,12.0,25.0,25.0,26.4,66.0,2,vehicle_exhaust
2258.0,2884.0,12.0,24.0,24.0,26.4,66.0,2,vehicle_exhaust
2263.0,2884.0,12.0,24.0,24.0,26.4,66.0,2,vehicle_exhaust
2258.0,2886.0,11.0,23.0,23.0,26.4,65.8,2,vehicle_exhaust
2257.0,2886.0,11.0,23.0,23.0,26.4,65.8,2,vehicle_exhaust
2272.0,2886.0,12.0,24.0,24.0,26.4,65.8,2,vehicle_exhaust
2258.0,2883.0,12.0,24.0,24.0,26.4,65.8,2,vehicle_exhaust
2258.0,2883.0,12.0,25.0,25.0,26.4,65.8,2,vehicle_exhaust
2264.0,2885.0,12.0,25.0,25.0,26.4,65.8,2,vehicle_exhaust
2260.0,2885.0,12.0,25.0,25.0,26.4,65.8,2,vehicle_exhaust
2272.0,2886.0,12.0,25.0,25.0,26.4,65.9,2,vehicle_exhaust
2262.0,2884.0,12.0,26.0,26.0,26.4,65.9,2,vehicle_exhaust
2258.0,2884.0,12.0,26.0,26.0,26.4,65.8,2,vehicle_exhaust
2262.0,2885.0,12.0,26.0,26.0,26.4,65.8,2,vehicle_exhaust
2260.0,2885.0,11.0,25.0,25.0,26.4,65.8,2,vehicle_exhaust
2260.0,2882.0,11.0,25.0,26.0,26.4,65.9,2,vehicle_exhaust
2263.0,2886.0,12.0,26.0,27.0,26.4,65.9,2,vehicle_exhaust
2260.0,2884.0,13.0,27.0,27.0,26.4,65.8,2,vehicle_exhaust
2265.0,2885.0,13.0,27.0,27.0,26.4,65.8,2,vehicle_exhaust
2271.0,2886.0,13.0,27.0,28.0,26.4,65.8,2,vehicle_exhaust
2258.0,2885.0,13.0,27.0,28.0,26.4,65.8,2,vehicle_exhaust
2264.0,2884.0,13.0,28.0,29.0,26.4,65.8,2,vehicle_exhaust
2260.0,2885.0,13.0,28.0,29.0,26.4,65.8,2,vehicle_exhaust
2259.0,2884.0,13.0,28.0,29.0,26.4,65.8,2,vehicle_exhaust
2269.0,2886.0,13.0,28.0,29.0,26.4,65.8,2,vehicle_exhaust
2259.0,2885.0,13.0,29.0,30.0,26.4,65.8,2,vehicle_exhaust
2260.0,2885.0,13.0,29.0,30.0,26.4,65.8,2,vehicle_exhaust
2263.0,2884.0,13.0,29.0,30.0,26.4,65.8,2,vehicle_exhaust
2260.0,2883.0,13.0,29.0,30.0,26.4,65.8,2,vehicle_exhaust
2269.0,2884.0,13.0,29.0,30.0,26.5,65.8,2,vehicle_exhaust
2264.0,2885.0,13.0,29.0,30.0,26.5,65.8,2,vehicle_exhaust
2260.0,2886.0,13.0,29.0,30.0,26.4,65.8,2,vehicle_exhaust
2265.0,2884.0,12.0,28.0,29.0,26.4,65.8,2,vehicle_exhaust
2259.0,2885.0,12.0,28.0,28.0,26.4,65.8,2,vehicle_exhaust
2259.0,2885.0,13.0,28.0,29.0,26.5,65.8,2,vehicle_exhaust
2263.0,2886.0,12.0,27.0,28.0,26.5,65.8,2,vehicle_exhaust
2260.0,2885.0,12.0,27.0,28.0,26.4,65.8,2,vehicle_exhaust
2262.0,2884.0,12.0,27.0,27.0,26.4,65.8,2,vehicle_exhaust
2259.0,2884.0,12.0,27.0,27.0,26.4,65.8,2,vehicle_exhaust
2258.0,2882.0,10.0,25.0,26.0,26.4,65.8,2,vehicle_exhaust
2264.0,2885.0,10.0,25.0,25.0,26.4,65.8,2,vehicle_exhaust
2260.0,2885.0,10.0,25.0,25.0,26.4,65.7,2,vehicle_exhaust
2265.0,2886.0,10.0,25.0,25.0,26.4,65.7,2,vehicle_exhaust
2271.0,2885.0,10.0,25.0,26.0,26.5,65.8,2,vehicle_exhaust
2260.0,2884.0,11.0,25.0,26.0,26.5,65.8,2,vehicle_exhaust
2263.0,2886.0,11.0,26.0,26.0,26.5,65.8,2,vehicle_exhaust
2265.0,2884.0,12.0,26.0,27.0,26.4,65.7,2,vehicle_exhaust
2260.0,2885.0,12.0,26.0,27.0,26.4,65.7,2,vehicle_exhaust
2270.0,2887.0,12.0,26.0,27.0,26.4,65.8,2,vehicle_exhaust
2258.0,2884.0,13.0,26.0,28.0,26.4,65.8,2,vehicle_exhaust
2258.0,2885.0,12.0,26.0,27.0,26.5,65.8,2,vehicle_exhaust
2264.0,2886.0,12.0,26.0,27.0,26.5,65.8,2,vehicle_exhaust
2259.0,2885.0,12.0,25.0,27.0,26.5,65.8,2,vehicle_exhaust
2270.0,2885.0,12.0,25.0,27.0,26.4,65.7,2,vehicle_exhaust
2265.0,2887.0,12.0,25.0,27.0,26.4,65.7,2,vehicle_exhaust
2260.0,2885.0,11.0,24.0,26.0,26.4,65.7,2,vehicle_exhaust
2264.0,2884.0,11.0,24.0,26.0,26.4,65.7,2,vehicle_exhaust
2260.0,2884.0,11.0,24.0,26.0,26.4,65.7,2,vehicle_exhaust
2259.0,2883.0,11.0,24.0,26.0,26.4,65.8,2,vehicle_exhaust
2263.0,2883.0,11.0,25.0,26.0,26.4,65.8,2,vehicle_exhaust
2258.0,2886.0,11.0,25.0,26.0,26.5,65.7,2,vehicle_exhaust
2262.0,2886.0,11.0,25.0,26.0,26.5,65.7,2,vehicle_exhaust
2268.0,2882.0,11.0,25.0,26.0,26.5,65.8,2,vehicle_exhaust
2259.0,2886.0,11.0,25.0,26.0,26.5,65.8,2,vehicle_exhaust
2265.0,2884.0,12.0,26.0,27.0,26.5,65.8,2,vehicle_exhaust
2260.0,2886.0,12.0,25.0,27.0,26.5,65.6,2,vehicle_exhaust
2259.0,2885.0,12.0,25.0,27.0,26.5,65.6,2,vehicle_exhaust
2268.0,2884.0,12.0,25.0,27.0,26.5,65.8,2,vehicle_exhaust
2257.0,2882.0,12.0,25.0,28.0,26.5,65.8,2,vehicle_exhaust
2259.0,2885.0,12.0,26.0,28.0,26.4,65.7,2,vehicle_exhaust
2263.0,2884.0,12.0,26.0,29.0,26.4,65.7,2,vehicle_exhaust
2258.0,2884.0,12.0,25.0,28.0,26.4,65.7,2,vehicle_exhaust
2268.0,2883.0,12.0,25.0,28.0,26.5,65.7,2,vehicle_exhaust
2263.0,2883.0,12.0,26.0,29.0,26.5,65.7,2,vehicle_exhaust
2259.0,2884.0,12.0,26.0,29.0,26.4,65.6,2,vehicle_exhaust
2260.0,2886.0,13.0,27.0,30.0,26.4,65.6,2,vehicle_exhaust
2258.0,2885.0,14.0,28.0,30.0,26.4,65.6,2,vehicle_exhaust
2257.0,2884.0,14.0,29.0,30.0,26.4,65.8,2,vehicle_exhaust
2263.0,2883.0,14.0,29.0,30.0,26.4,65.8,2,vehicle_exhaust
2260.0,2886.0,14.0,29.0,30.0,26.5,65.7,2,vehicle_exhaust
2265.0,2885.0,14.0,30.0,30.0,26.5,65.7,2,vehicle_exhaust
2269.0,2883.0,14.0,30.0,31.0,26.5,65.8,2,vehicle_exhaust
2258.0,2883.0,14.0,30.0,31.0,26.5,65.8,2,vehicle_exhaust
2264.0,2884.0,14.0,30.0,31.0,26.5,65.8,2,vehicle_exhaust
2258.0,2885.0,14.0,30.0,31.0,26.5,65.6,2,vehicle_exhaust
2258.0,2886.0,13.0,29.0,30.0,26.5,65.6,2,vehicle_exhaust
2270.0,2884.0,13.0,29.0,30.0,26.4,65.7,2,vehicle_exhaust
2258.0,2886.0,12.0,29.0,30.0,26.4,65.7,2,vehicle_exhaust
2258.0,2885.0,12.0,29.0,30.0,26.5,65.7,2,vehicle_exhaust
2264.0,2885.0,12.0,29.0,30.0,26.5,65.7,2,vehicle_exhaust
2257.0,2886.0,12.0,28.0,29.0,26.5,65.7,2,vehicle_exhaust
2270.0,2884.0,13.0,29.0,30.0,26.5,65.6,2,vehicle_exhaust
2263.0,2883.0,13.0,28.0,29.0,26.5,65.6,2,vehicle_exhaust
2260.0,2885.0,13.0,28.0,29.0,26.5,65.8,2,vehicle_exhaust
2263.0,2883.0,13.0,27.0,29.0,26.5,65.8,2,vehicle_exhaust
2258.0,2885.0,13.0,27.0,29.0,26.5,65.8,2,vehicle_exhaust
2258.0,2885.0,12.0,26.0,28.0,26.5,66.0,2,vehicle_exhaust
2264.0,2883.0,12.0,26.0,28.0,26.5,66.0,2,vehicle_exhaust
2259.0,2884.0,12.0,27.0,28.0,26.5,66.0,2,vehicle_exhaust
2263.0,2884.0,12.0,27.0,28.0,26.5,66.0,2,vehicle_exhaust
2268.0,2884.0,13.0,28.0,30.0,26.5,65.8,2,vehicle_exhaust
2259.0,2883.0,13.0,28.0,30.0,26.5,65.8,2,vehicle_exhaust
2264.0,2885.0,13.0,28.0,30.0,26.5,65.8,2,vehicle_exhaust
2258.0,2884.0,14.0,28.0,30.0,26.5,65.7,2,vehicle_exhaust
2258.0,2885.0,13.0,27.0,29.0,26.5,65.7,2,vehicle_exhaust
2272.0,2883.0,13.0,27.0,29.0,26.5,65.8,2,vehicle_exhaust
2258.0,2884.0,13.0,27.0,29.0,26.5,65.8,2,vehicle_exhaust
2261.0,2885.0,13.0,27.0,29.0,26.5,65.8,2,vehicle_exhaust
2266.0,2884.0,13.0,28.0,30.0,26.5,65.8,2,vehicle_exhaust
2258.0,2884.0,13.0,28.0,30.0,26.5,65.8,2,vehicle_exhaust
2268.0,2883.0,13.0,28.0,30.0,26.5,65.7,2,vehicle_exhaust
2264.0,2885.0,14.0,30.0,31.0,26.5,65.7,2,vehicle_exhaust
2259.0,2883.0,14.0,30.0,31.0,26.5,65.7,2,vehicle_exhaust
2261.0,2886.0,14.0,30.0,31.0,26.5,65.7,2,vehicle_exhaust
2259.0,2883.0,14.0,29.0,31.0,26.5,65.7,2,vehicle_exhaust
2259.0,2885.0,14.0,29.0,30.0,26.5,65.6,2,vehicle_exhaust
2265.0,2884.0,14.0,29.0,30.0,26.5,65.6,2,vehicle_exhaust
2261.0,2886.0,14.0,29.0,30.0,26.4,65.7,2,vehicle_exhaust
2263.0,2886.0,14.0,29.0,30.0,26.4,65.7,2,vehicle_exhaust
2268.0,2884.0,14.0,29.0,30.0,26.5,65.6,2,vehicle_exhaust
2259.0,2885.0,14.0,29.0,29.0,26.5,65.6,2,vehicle_exhaust
2265.0,2886.0,14.0,29.0,29.0,26.5,65.6,2,vehicle_exhaust
2257.0,2885.0,14.0,29.0,29.0,26.5,65.7,2,vehicle_exhaust
2257.0,2884.0,14.0,29.0,29.0,26.5,65.7,2,vehicle_exhaust
2271.0,2885.0,14.0,29.0,29.0,26.4,65.7,2,vehicle_exhaust
2259.0,2884.0,14.0,29.0,29.0,26.4,65.7,2,vehicle_exhaust
2263.0,2886.0,14.0,29.0,29.0,26.4,65.7,2,vehicle_exhaust
2263.0,2884.0,14.0,29.0,29.0,26.5,65.7,2,vehicle_exhaust
2257.0,2883.0,14.0,29.0,29.0,26.5,65.7,2,vehicle_exhaust
2269.0,2883.0,14.0,29.0,29.0,26.5,65.7,2,vehicle_exhaust
2262.0,2884.0,13.0,28.0,28.0,26.5,65.7,2,vehicle_exhaust
2259.0,2885.0,13.0,28.0,28.0,26.4,65.5,2,vehicle_exhaust
2265.0,2887.0,13.0,28.0,28.0,26.4,65.5,2,vehicle_exhaust
2258.0,2886.0,13.0,27.0,28.0,26.4,65.5,2,vehicle_exhaust
2259.0,2884.0,13.0,27.0,28.0,26.4,65.7,2,vehicle_exhaust
2261.0,2884.0,13.0,27.0,28.0,26.4,65.7,2,vehicle_exhaust
2259.0,2884.0,14.0,27.0,28.0,26.5,65.7,2,vehicle_exhaust
2262.0,2885.0,14.0,27.0,28.0,26.5,65.7,2,vehicle_exhaust
2268.0,2884.0,14.0,26.0,27.0,26.4,65.7,2,vehicle_exhaust
2259.0,2884.0,14.0,26.0,27.0,26.4,65.7,2,vehicle_exhaust
2264.0,2883.0,14.0,26.0,27.0,26.4,65.7,2,vehicle_exhaust
2260.0,2885.0,15.0,27.0,28.0,26.4,65.6,2,vehicle_exhaust
2258.0,2885.0,14.0,26.0,27.0,26.4,65.6,2,vehicle_exhaust
2267.0,2884.0,14.0,26.0,27.0,26.5,65.7,2,vehicle_exhaust
2259.0,2885.0,14.0,25.0,26.0,26.5,65.7,2,vehicle_exhaust
2264.0,2884.0,14.0,25.0,26.0,26.5,65.7,2,vehicle_exhaust
2263.0,2885.0,14.0,25.0,25.0,26.5,65.7,2,vehicle_exhaust
2259.0,2886.0,13.0,25.0,25.0,26.5,65.7,2,vehicle_exhaust
2270.0,2885.0,12.0,23.0,24.0,26.5,65.6,2,vehicle_exhaust
2261.0,2885.0,12.0,23.0,24.0,26.5,65.6,2,vehicle_exhaust
2263.0,2885.0,13.0,25.0,25.0,26.5,65.7,2,vehicle_exhaust
2259.0,2886.0,13.0,25.0,25.0,26.5,65.7,2,vehicle_exhaust
2269.0,2886.0,13.0,26.0,26.0,26.5,65.6,2,vehicle_exhaust
2259.0,2885.0,13.0,26.0,26.0,26.5,65.6,2,vehicle_exhaust
2262.0,2883.0,12.0,25.0,25.0,26.5,65.6,2,vehicle_exhaust
2263.0,2885.0,12.0,26.0,26.0,26.4,65.6,2,vehicle_exhaust
2259.0,2887.0,13.0,27.0,27.0,26.4,65.6,2,vehicle_exhaust
2268.0,2883.0,13.0,27.0,27.0,26.4,65.6,2,vehicle_exhaust
2259.0,2884.0,13.0,27.0,27.0,26.4,65.6,2,vehicle_exhaust
2259.0,2886.0,12.0,26.0,26.0,26.5,65.7,2,vehicle_exhaust
2264.0,2884.0,12.0,26.0,26.0,26.5,65.7,2,vehicle_exhaust
2258.0,2883.0,13.0,27.0,27.0,26.5,65.7,2,vehicle_exhaust
2270.0,2884.0,13.0,27.0,27.0,26.5,65.6,2,vehicle_exhaust
2263.0,2883.0,12.0,26.0,26.0,26.5,65.6,2,vehicle_exhaust
2260.0,2885.0,12.0,26.0,26.0,26.5,65.6,2,vehicle_exhaust
2262.0,2882.0,12.0,26.0,26.0,26.5,65.6,2,vehicle_exhaust
2258.0,2883.0,13.0,28.0,28.0,26.5,65.6,2,vehicle_exhaust
2259.0,2884.0,12.0,27.0,27.0,26.5,65.6,2,vehicle_exhaust
2264.0,2886.0,12.0,27.0,27.0,26.5,65.6,2,vehicle_exhaust
2259.0,2885.0,12.0,28.0,28.0,26.5,65.4,2,vehicle_exhaust
2257.0,2883.0,13.0,29.0,29.0,26.5,65.4,2,vehicle_exhaust
2270.0,2884.0,13.0,29.0,29.0,26.5,65.5,2,vehicle_exhaust
2260.0,2883.0,12.0,28.0,28.0,26.5,65.5,2,vehicle_exhaust
2265.0,2884.0,13.0,28.0,28.0,26.5,65.5,2,vehicle_exhaust
2264.0,2883.0,13.0,28.0,28.0,26.5,65.5,2,vehicle_exhaust
2259.0,2881.0,13.0,28.0,28.0,26.5,65.5,2,vehicle_exhaust
2269.0,2884.0,13.0,28.0,28.0,26.5,65.6,2,vehicle_exhaust
2258.0,2884.0,13.0,27.0,28.0,26.5,65.6,2,vehicle_exhaust
2261.0,2883.0,13.0,27.0,28.0,26.5,65.6,2,vehicle_exhaust
2264.0,2885.0,13.0,27.0,28.0,26.5,65.6,2,vehicle_exhaust
2259.0,2884.0,13.0,27.0,28.0,26.5,65.6,2,vehicle_exhaust
2272.0,2885.0,13.0,27.0,28.0,26.5,65.6,2,vehicle_exhaust
2264.0,2887.0,14.0,27.0,29.0,26.5,65.6,2,vehicle_exhaust
2259.0,2883.0,13.0,26.0,28.0,26.5,65.5,2,vehicle_exhaust
2265.0,2884.0,13.0,26.0,28.0,26.5,65.5,2,vehicle_exhaust
2260.0,2885.0,13.0,27.0,28.0,26.5,65.5,2,vehicle_exhaust
2259.0,2885.0,12.0,27.0,28.0,26.5,65.5,2,vehicle_exhaust
2263.0,2882.0,12.0,27.0,28.0,26.5,65.5,2,vehicle_exhaust
2258.0,2884.0,13.0,28.0,29.0,26.5,65.6,2,vehicle_exhaust
2262.0,2884.0,13.0,28.0,29.0,26.5,65.6,2,vehicle_exhaust
2270.0,2885.0,12.0,27.0,28.0,26.5,65.5,2,vehicle_exhaust
2258.0,2885.0,12.0,27.0,28.0,26.5,65.5,2,vehicle_exhaust
2263.0,2885.0,12.0,27.0,28.0,26.5,65.5,2,vehicle_exhaust
2264.0,2884.0,12.0,27.0,28.0,26.5,65.6,2,vehicle_exhaust
2259.0,2887.0,11.0,27.0,28.0,26.5,65.6,2,vehicle_exhaust
2270.0,2888.0,12.0,28.0,29.0,26.5,65.5,2,vehicle_exhaust
2258.0,2885.0,12.0,28.0,29.0,26.5,65.5,2,vehicle_exhaust
2259.0,2883.0,12.0,28.0,28.0,26.5,65.5,2,vehicle_exhaust
2263.0,2886.0,12.0,28.0,28.0,26.5,65.5,2,vehicle_exhaust
2258.0,2885.0,12.0,28.0,28.0,26.5,65.5,2,vehicle_exhaust
2268.0,2884.0,12.0,28.0,28.0,26.5,65.5,2,vehicle_exhaust
2261.0,2884.0,12.0,28.0,28.0,26.5,65.5,2,vehicle_exhaust
2259.0,2884.0,12.0,28.0,28.0,26.5,65.5,2,vehicle_exhaust
2262.0,2882.0,12.0,28.0,28.0,26.5,65.5,2,vehicle_exhaust
2259.0,2883.0,11.0,27.0,27.0,26.5,65.5,2,vehicle_exhaust
2271.0,2885.0,11.0,27.0,27.0,26.5,65.5,2,vehicle_exhaust
2259.0,2883.0,11.0,27.0,27.0,26.5,65.5,2,vehicle_exhaust
2258.0,2885.0,11.0,27.0,28.0,26.5,65.5,2,vehicle_exhaust
2264.0,2884.0,12.0,28.0,28.0,26.5,65.5,2,vehicle_exhaust
2257.0,2885.0,13.0,29.0,30.0,26.5,65.5,2,vehicle_exhaust
2270.0,2884.0,13.0,29.0,30.0,26.5,65.4,2,vehicle_exhaust
2263.0,2884.0,13.0,29.0,31.0,26.5,65.4,2,vehicle_exhaust
2258.0,2885.0,13.0,29.0,31.0,26.5,65.5,2,vehicle_exhaust
2262.0,2885.0,13.0,29.0,31.0,26.5,65.5,2,vehicle_exhaust
2270.0,2885.0,12.0,29.0,31.0,26.5,65.4,2,vehicle_exhaust
2260.0,2884.0,11.0,28.0,30.0,26.5,65.4,2,vehicle_exhaust
2262.0,2886.0,11.0,28.0,30.0,26.5,65.4,2,vehicle_exhaust
2259.0,2887.0,11.0,28.0,30.0,26.5,65.5,2,vehicle_exhaust
2258.0,2884.0,13.0,29.0,31.0,26.5,65.5,2,vehicle_exhaust
2269.0,2886.0,13.0,29.0,30.0,26.5,65.4,2,vehicle_exhaust
2259.0,2884.0,13.0,29.0,30.0,26.5,65.4,2,vehicle_exhaust
2264.0,2884.0,13.0,29.0,30.0,26.5,65.4,2,vehicle_exhaust
2263.0,2883.0,13.0,28.0,30.0,26.5,65.5,2,vehicle_exhaust
2258.0,2884.0,13.0,28.0,30.0,26.5,65.5,2,vehicle_exhaust
2268.0,2884.0,13.0,28.0,30.0,26.5,65.4,2,vehicle_exhaust
2260.0,2885.0,12.0,27.0,28.0,26.5,65.4,2,vehicle_exhaust
2257.0,2885.0,12.0,27.0,28.0,26.5,65.3,2,vehicle_exhaust
2263.0,2886.0,12.0,28.0,29.0,26.5,65.3,2,vehicle_exhaust
2260.0,2884.0,12.0,28.0,29.0,26.5,65.3,2,vehicle_exhaust
2268.0,2884.0,12.0,28.0,29.0,26.5,65.4,2,vehicle_exhaust
2265.0,2885.0,11.0,28.0,29.0,26.5,65.4,2,vehicle_exhaust
2260.0,2886.0,10.0,27.0,28.0,26.5,65.3,2,vehicle_exhaust
2262.0,2886.0,10.0,27.0,28.0,26.5,65.3,2,vehicle_exhaust
2258.0,2884.0,10.0,27.0,28.0,26.5,65.3,2,vehicle_exhaust
2259.0,2885.0,10.0,27.0,28.0,26.6,65.3,2,vehicle_exhaust
2262.0,2885.0,10.0,27.0,28.0,26.6,65.3,2,vehicle_exhaust
2258.0,2885.0,11.0,28.0,29.0,26.5,65.2,2,vehicle_exhaust
2257.0,2886.0,11.0,27.0,28.0,26.5,65.2,2,vehicle_exhaust
2269.0,2886.0,11.0,27.0,28.0,26.5,65.3,2,vehicle_exhaust
2258.0,2883.0,11.0,27.0,28.0,26.5,65.3,2,vehicle_exhaust
2262.0,2885.0,11.0,27.0,28.0,26.5,65.3,2,vehicle_exhaust
2264.0,2884.0,10.0,25.0,26.0,26.5,65.1,2,vehicle_exhaust
2257.0,2883.0,10.0,25.0,26.0,26.5,65.1,2,vehicle_exhaust
2269.0,2886.0,11.0,26.0,27.0,26.5,65.2,2,vehicle_exhaust
2259.0,2884.0,11.0,26.0,27.0,26.5,65.2,2,vehicle_exhaust
2259.0,2885.0,10.0,24.0,25.0,26.5,65.3,2,vehicle_exhaust
2263.0,2886.0,10.0,24.0,25.0,26.5,65.3,2,vehicle_exhaust
2259.0,2884.0,11.0,25.0,26.0,26.5,65.3,2,vehicle_exhaust
2270.0,2885.0,11.0,25.0,26.0,26.5,65.2,2,vehicle_exhaust
2262.0,2886.0,9.0,25.0,26.0,26.5,65.2,2,vehicle_exhaust
2259.0,2882.0,9.0,25.0,26.0,26.6,65.3,2,vehicle_exhaust
2262.0,2885.0,9.0,25.0,26.0,26.6,65.3,2,vehicle_exhaust
2242.0,2883.0,8.0,24.0,25.0,26.6,65.3,2,vehicle_exhaust
2257.0,2883.0,10.0,24.0,25.0,26.6,65.1,2,vehicle_exhaust
2263.0,2883.0,11.0,25.0,26.0,26.6,65.1,2,vehicle_exhaust
2258.0,2883.0,11.0,25.0,26.0,26.6,65.3,2,vehicle_exhaust
2254.0,2882.0,10.0,24.0,25.0,26.6,65.3,2,vehicle_exhaust
2270.0,2883.0,10.0,24.0,25.0,26.6,65.3,2,vehicle_exhaust
2261.0,2885.0,10.0,23.0,25.0,26.6,65.3,2,vehicle_exhaust
2263.0,2884.0,10.0,23.0,25.0,26.6,65.3,2,vehicle_exhaust
2263.0,2884.0,10.0,23.0,25.0,26.6,65.2,2,vehicle_exhaust
2257.0,2882.0,11.0,24.0,26.0,26.6,65.2,2,vehicle_exhaust
2269.0,2885.0,11.0,24.0,26.0,26.6,65.3,2,vehicle_exhaust
2259.0,2884.0,10.0,23.0,25.0,26.6,65.3,2,vehicle_exhaust
2258.0,2886.0,10.0,23.0,25.0,26.5,65.3,2,vehicle_exhaust
2260.0,2885.0,11.0,24.0,26.0,26.5,65.3,2,vehicle_exhaust
2258.0,2886.0,11.0,24.0,26.0,26.5,65.3,2,vehicle_exhaust
2270.0,2884.0,11.0,25.0,27.0,26.5,65.3,2,vehicle_exhaust
2265.0,2885.0,10.0,24.0,26.0,26.5,65.3,2,vehicle_exhaust
2259.0,2883.0,10.0,24.0,26.0,26.6,65.2,2,vehicle_exhaust
2262.0,2883.0,10.0,23.0,26.0,26.6,65.2,2,vehicle_exhaust
2258.0,2884.0,10.0,23.0,26.0,26.6,65.2,2,vehicle_exhaust
2258.0,2886.0,11.0,24.0,27.0,26.6,65.3,2,vehicle_exhaust
2264.0,2886.0,11.0,24.0,28.0,26.6,65.3,2,vehicle_exhaust
2257.0,2881.0,11.0,25.0,28.0,26.6,65.2,2,vehicle_exhaust
2258.0,2884.0,11.0,25.0,29.0,26.6,65.2,2,vehicle_exhaust
2271.0,2886.0,11.0,25.0,29.0,26.6,65.3,2,vehicle_exhaust
2258.0,2883.0,11.0,25.0,28.0,26.6,65.3,2,vehicle_exhaust
2262.0,2887.0,11.0,25.0,29.0,26.6,65.3,2,vehicle_exhaust
2263.0,2885.0,11.0,25.0,28.0,26.6,65.2,2,vehicle_exhaust
2258.0,2884.0,11.0,26.0,28.0,26.6,65.2,2,vehicle_exhaust
2269.0,2887.0,12.0,27.0,29.0,26.6,65.3,2,vehicle_exhaust
2257.0,2885.0,12.0,26.0,28.0,26.6,65.3,2,vehicle_exhaust
2257.0,2883.0,11.0,25.0,27.0,26.6,65.2,2,vehicle_exhaust
2263.0,2884.0,12.0,25.0,26.0,26.6,65.2,2,vehicle_exhaust
2257.0,2883.0,12.0,25.0,26.0,26.6,65.2,2,vehicle_exhaust
2268.0,2884.0,12.0,25.0,26.0,26.6,65.2,2,vehicle_exhaust
2263.0,2885.0,12.0,24.0,26.0,26.6,65.2,2,vehicle_exhaust
2257.0,2883.0,13.0,25.0,27.0,26.6,65.3,2,vehicle_exhaust
2261.0,2884.0,13.0,25.0,27.0,26.6,65.3,2,vehicle_exhaust
2258.0,2886.0,13.0,25.0,27.0,26.6,65.3,2,vehicle_exhaust
2257.0,2884.0,13.0,25.0,27.0,26.6,65.2,2,vehicle_exhaust
2263.0,2884.0,13.0,25.0,27.0,26.6,65.2,2,vehicle_exhaust
2259.0,2886.0,12.0,24.0,26.0,26.6,65.2,2,vehicle_exhaust
2259.0,2885.0,12.0,24.0,26.0,26.6,65.2,2,vehicle_exhaust
2270.0,2885.0,12.0,24.0,26.0,26.6,65.2,2,vehicle_exhaust
2259.0,2885.0,12.0,24.0,26.0,26.6,65.2,2,vehicle_exhaust
2263.0,2886.0,12.0,24.0,26.0,26.6,65.2,2,vehicle_exhaust
2260.0,2885.0,12.0,24.0,26.0,26.6,65.2,2,vehicle_exhaust
2264.0,2884.0,12.0,24.0,26.0,26.6,65.2,2,vehicle_exhaust
2270.0,2885.0,13.0,25.0,27.0,26.6,65.2,2,vehicle_exhaust
2260.0,2884.0,13.0,25.0,28.0,26.6,65.2,2,vehicle_exhaust
2262.0,2887.0,13.0,26.0,28.0,26.6,65.2,2,vehicle_exhaust
2262.0,2887.0,13.0,26.0,28.0,26.6,65.1,2,vehicle_exhaust
2269.0,2884.0,14.0,27.0,29.0,26.6,65.2,2,vehicle_exhaust
2258.0,2884.0,14.0,27.0,29.0,26.6,65.2,2,vehicle_exhaust
2262.0,2885.0,14.0,27.0,29.0,26.6,65.2,2,vehicle_exhaust
2257.0,2885.0,14.0,27.0,29.0,26.6,65.2,2,vehicle_exhaust
2257.0,2883.0,14.0,28.0,30.0,26.6,65.2,2,vehicle_exhaust
2270.0,2885.0,14.0,28.0,30.0,26.6,65.1,2,vehicle_exhaust
2259.0,2883.0,13.0,27.0,29.0,26.6,65.1,2,vehicle_exhaust
2264.0,2884.0,14.0,26.0,28.0,26.6,65.1,2,vehicle_exhaust
2264.0,2885.0,14.0,26.0,28.0,26.6,65.2,2,vehicle_exhaust
2257.0,2885.0,14.0,26.0,28.0,26.6,65.2,2,vehicle_exhaust
2268.0,2882.0,14.0,26.0,28.0,26.6,65.2,2,vehicle_exhaust
2258.0,2885.0,14.0,26.0,28.0,26.6,65.2,2,vehicle_exhaust
2259.0,2885.0,14.0,26.0,28.0,26.6,65.2,2,vehicle_exhaust
2264.0,2885.0,15.0,27.0,29.0,26.6,65.2,2,vehicle_exhaust
2258.0,2885.0,15.0,26.0,28.0,26.6,65.2,2,vehicle_exhaust
2258.0,2885.0,15.0,26.0,28.0,26.6,65.1,2,vehicle_exhaust
2262.0,2884.0,15.0,26.0,28.0,26.6,65.1,2,vehicle_exhaust
2257.0,2884.0,15.0,26.0,28.0,26.6,65.1,2,vehicle_exhaust
2264.0,2885.0,14.0,25.0,27.0,26.6,65.1,2,vehicle_exhaust
2271.0,2884.0,14.0,26.0,27.0,26.6,65.2,2,vehicle_exhaust
2257.0,2885.0,13.0,26.0,27.0,26.6,65.2,2,vehicle_exhaust
2264.0,2885.0,13.0,26.0,27.0,26.6,65.2,2,vehicle_exhaust
2259.0,2885.0,14.0,27.0,28.0,26.6,65.1,2,vehicle_exhaust
2258.0,2883.0,13.0,27.0,28.0,26.6,65.1,2,vehicle_exhaust
2269.0,2884.0,12.0,26.0,27.0,26.6,65.2,2,vehicle_exhaust
2258.0,2886.0,12.0,26.0,27.0,26.6,65.2,2,vehicle_exhaust
2262.0,2885.0,12.0,26.0,27.0,26.6,65.2,2,vehicle_exhaust
2263.0,2885.0,13.0,27.0,28.0,26.6,65.1,2,vehicle_exhaust
2258.0,2885.0,13.0,27.0,28.0,26.6,65.1,2,vehicle_exhaust
2271.0,2885.0,13.0,27.0,28.0,26.6,65.1,2,vehicle_exhaust
2260.0,2886.0,13.0,28.0,28.0,26.6,65.1,2,vehicle_exhaust
2258.0,2885.0,12.0,27.0,27.0,26.6,65.1,2,vehicle_exhaust
2262.0,2885.0,12.0,27.0,27.0,26.6,65.1,2,vehicle_exhaust
2259.0,2887.0,12.0,27.0,27.0,26.6,65.1,2,vehicle_exhaust
2259.0,2885.0,12.0,27.0,27.0,26.6,65.1,2,vehicle_exhaust
2262.0,2888.0,12.0,27.0,27.0,26.6,65.1,2,vehicle_exhaust
2259.0,2885.0,13.0,28.0,28.0,26.6,65.1,2,vehicle_exhaust
2263.0,2885.0,13.0,28.0,28.0,26.6,65.1,2,vehicle_exhaust
2270.0,2887.0,12.0,27.0,27.0,26.6,65.0,2,vehicle_exhaust
2258.0,2884.0,12.0,27.0,27.0,26.6,65.0,2,vehicle_exhaust
2266.0,2885.0,13.0,28.0,28.0,26.6,65.0,2,vehicle_exhaust
2258.0,2885.0,13.0,28.0,28.0,26.6,65.0,2,vehicle_exhaust
2257.0,2886.0,13.0,28.0,28.0,26.6,65.0,2,vehicle_exhaust
2270.0,2886.0,13.0,28.0,28.0,26.6,65.1,2,vehicle_exhaust
2258.0,2884.0,13.0,28.0,28.0,26.6,65.1,2,vehicle_exhaust
2265.0,2886.0,12.0,28.0,28.0,26.6,65.1,2,vehicle_exhaust
2264.0,2885.0,12.0,28.0,28.0,26.6,65.0,2,vehicle_exhaust
2260.0,2886.0,12.0,28.0,29.0,26.6,65.0,2,vehicle_exhaust
2270.0,2885.0,12.0,28.0,29.0,26.6,65.1,2,vehicle_exhaust
2259.0,2885.0,12.0,28.0,29.0,26.6,65.1,2,vehicle_exhaust
2260.0,2884.0,13.0,30.0,30.0,26.6,65.1,2,vehicle_exhaust
2263.0,2884.0,13.0,29.0,30.0,26.6,65.1,2,vehicle_exhaust
2258.0,2883.0,12.0,28.0,29.0,26.6,65.1,2,vehicle_exhaust
2269.0,2884.0,12.0,28.0,29.0,26.6,65.1,2,vehicle_exhaust
2263.0,2885.0,13.0,29.0,30.0,26.6,65.1,2,vehicle_exhaust
2260.0,2886.0,13.0,28.0,30.0,26.6,65.1,2,vehicle_exhaust
2261.0,2886.0,12.0,27.0,29.0,26.6,65.1,2,vehicle_exhaust
2269.0,2886.0,12.0,27.0,29.0,26.6,65.0,2,vehicle_exhaust
2260.0,2885.0,12.0,27.0,29.0,26.6,65.0,2,vehicle_exhaust
2264.0,2884.0,12.0,27.0,28.0,26.6,65.0,2,vehicle_exhaust
2258.0,2886.0,12.0,27.0,28.0,26.6,65.0,2,vehicle_exhaust
2260.0,2887.0,12.0,28.0,29.0,26.6,65.0,2,vehicle_exhaust
2268.0,2885.0,12.0,28.0,29.0,26.6,65.0,2,vehicle_exhaust
2260.0,2886.0,11.0,27.0,28.0,26.6,65.0,2,vehicle_exhaust
2264.0,2886.0,10.0,27.0,28.0,26.6,65.0,2,vehicle_exhaust
2265.0,2887.0,10.0,26.0,27.0,26.6,65.0,2,vehicle_exhaust
2258.0,2884.0,10.0,26.0,27.0,26.6,65.0,2,vehicle_exhaust
2271.0,2885.0,10.0,26.0,27.0,26.6,65.0,2,vehicle_exhaust
2257.0,2886.0,11.0,26.0,27.0,26.6,65.0,2,vehicle_exhaust
2261.0,2887.0,11.0,27.0,28.0,26.6,64.9,2,vehicle_exhaust
2263.0,2885.0,11.0,27.0,28.0,26.6,64.9,2,vehicle_exhaust
2260.0,2887.0,11.0,27.0,28.0,26.6,64.9,2,vehicle_exhaust
2269.0,2885.0,10.0,26.0,27.0,26.7,65.0,2,vehicle_exhaust
2266.0,2887.0,10.0,26.0,27.0,26.7,65.0,2,vehicle_exhaust
2260.0,2885.0,11.0,27.0,28.0,26.6,64.9,2,vehicle_exhaust
2262.0,2886.0,11.0,27.0,28.0,26.6,64.9,2,vehicle_exhaust
2268.0,2885.0,11.0,27.0,28.0,26.7,64.8,2,vehicle_exhaust
2257.0,2884.0,11.0,27.0,28.0,26.7,64.8,2,vehicle_exhaust
2265.0,2884.0,11.0,27.0,28.0,26.7,64.8,2,vehicle_exhaust
2256.0,2885.0,10.0,26.0,27.0,26.6,64.9,2,vehicle_exhaust
2258.0,2885.0,10.0,26.0,27.0,26.6,64.9,2,vehicle_exhaust
2269.0,2885.0,10.0,26.0,27.0,26.6,64.9,2,vehicle_exhaust
2259.0,2886.0,10.0,25.0,26.0,26.6,64.9,2,vehicle_exhaust
2262.0,2884.0,10.0,25.0,26.0,26.6,64.9,2,vehicle_exhaust
2264.0,2884.0,10.0,25.0,26.0,26.7,65.0,2,vehicle_exhaust
2258.0,2885.0,11.0,26.0,27.0,26.7,65.0,2,vehicle_exhaust
2269.0,2884.0,9.0,26.0,27.0,26.7,64.9,2,vehicle_exhaust
2258.0,2886.0,9.0,26.0,27.0,26.7,64.9,2,vehicle_exhaust
2258.0,2883.0,8.0,25.0,26.0,26.6,64.9,2,vehicle_exhaust
2264.0,2885.0,8.0,25.0,26.0,26.6,64.9,2,vehicle_exhaust
2259.0,2887.0,9.0,26.0,27.0,26.6,64.9,2,vehicle_exhaust
2270.0,2887.0,9.0,26.0,27.0,26.6,65.0,2,vehicle_exhaust
2258.0,2887.0,9.0,26.0,27.0,26.6,65.0,2,vehicle_exhaust
2258.0,2883.0,8.0,25.0,26.0,26.6,64.9,2,vehicle_exhaust
2263.0,2886.0,8.0,25.0,26.0,26.6,64.9,2,vehicle_exhaust
2259.0,2886.0,11.0,26.0,27.0,26.6,64.9,2,vehicle_exhaust
2271.0,2884.0,11.0,27.0,28.0,26.7,64.9,2,vehicle_exhaust
2265.0,2885.0,10.0,26.0,27.0,26.7,64.9,2,vehicle_exhaust
2259.0,2887.0,10.0,26.0,27.0,26.7,64.9,2,vehicle_exhaust
2263.0,2886.0,10.0,26.0,27.0,26.7,64.9,2,vehicle_exhaust
2259.0,2885.0,11.0,27.0,28.0,26.7,64.9,2,vehicle_exhaust
2258.0,2885.0,11.0,27.0,28.0,26.6,64.9,2,vehicle_exhaust
2264.0,2885.0,11.0,27.0,28.0,26.6,64.9,2,vehicle_exhaust
2258.0,2884.0,11.0,27.0,29.0,26.7,64.9,2,vehicle_exhaust
2264.0,2883.0,11.0,26.0,28.0,26.7,64.9,2,vehicle_exhaust
2269.0,2884.0,11.0,27.0,28.0,26.7,64.9,2,vehicle_exhaust
2259.0,2886.0,11.0,27.0,29.0,26.7,64.9,2,vehicle_exhaust
2260.0,2886.0,12.0,27.0,29.0,26.7,64.9,2,vehicle_exhaust
2258.0,2882.0,12.0,27.0,29.0,26.7,64.9,2,vehicle_exhaust
2258.0,2885.0,14.0,28.0,30.0,26.7,64.9,2,vehicle_exhaust
2270.0,2887.0,14.0,28.0,30.0,26.6,64.9,2,vehicle_exhaust
2258.0,2885.0,14.0,28.0,31.0,26.6,64.9,2,vehicle_exhaust
2264.0,2885.0,14.0,28.0,31.0,26.6,64.9,2,vehicle_exhaust
2262.0,2887.0,14.0,27.0,30.0,26.6,64.8,2,vehicle_exhaust
2258.0,2884.0,13.0,27.0,30.0,26.6,64.8,2,vehicle_exhaust
2270.0,2886.0,13.0,28.0,30.0,26.7,65.0,2,vehicle_exhaust
2264.0,2885.0,13.0,28.0,32.0,26.7,65.0,2,vehicle_exhaust
2258.0,2885.0,14.0,29.0,33.0,26.6,64.9,2,vehicle_exhaust
2263.0,2886.0,14.0,29.0,33.0,26.6,64.9,2,vehicle_exhaust
2258.0,2886.0,13.0,30.0,33.0,26.6,64.9,2,vehicle_exhaust
2258.0,2885.0,13.0,30.0,33.0,26.6,64.9,2,vehicle_exhaust
2263.0,2883.0,13.0,30.0,34.0,26.6,64.9,2,vehicle_exhaust
2259.0,2885.0,12.0,29.0,33.0,26.7,64.8,2,vehicle_exhaust
2262.0,2884.0,12.0,29.0,33.0,26.7,64.8,2,vehicle_exhaust
2259.0,2885.0,12.0,29.0,33.0,26.7,64.8,2,vehicle_exhaust
2268.0,2884.0,13.0,30.0,34.0,26.7,64.9,2,vehicle_exhaust
2262.0,2885.0,14.0,30.0,34.0,26.7,64.9,2,vehicle_exhaust
2260.0,2886.0,14.0,30.0,34.0,26.7,64.7,2,vehicle_exhaust
2264.0,2886.0,14.0,30.0,34.0,26.7,64.7,2,vehicle_exhaust
2260.0,2887.0,14.0,30.0,34.0,26.7,64.7,2,vehicle_exhaust
2259.0,2885.0,13.0,29.0,32.0,26.7,65.0,2,vehicle_exhaust
2266.0,2885.0,13.0,29.0,32.0,26.7,65.0,2,vehicle_exhaust
2258.0,2886.0,14.0,30.0,33.0,26.7,64.9,2,vehicle_exhaust
2262.0,2885.0,14.0,30.0,31.0,26.7,64.9,2,vehicle_exhaust
2270.0,2885.0,14.0,29.0,31.0,26.7,64.8,2,vehicle_exhaust
2258.0,2884.0,14.0,29.0,30.0,26.7,64.8,2,vehicle_exhaust
2263.0,2884.0,13.0,28.0,29.0,26.7,64.8,2,vehicle_exhaust
2258.0,2884.0,13.0,28.0,29.0,26.7,64.9,2,vehicle_exhaust
2259.0,2885.0,13.0,27.0,28.0,26.7,64.9,2,vehicle_exhaust
2267.0,2885.0,13.0,27.0,28.0,26.7,64.9,2,vehicle_exhaust
2259.0,2887.0,13.0,27.0,28.0,26.7,64.9,2,vehicle_exhaust
2260.0,2884.0,14.0,26.0,27.0,26.7,65.0,2,vehicle_exhaust
2263.0,2884.0,14.0,26.0,27.0,26.7,65.0,2,vehicle_exhaust
2258.0,2884.0,14.0,26.0,27.0,26.7,65.0,2,vehicle_exhaust
2268.0,2887.0,14.0,26.0,27.0,26.7,64.8,2,vehicle_exhaust
2264.0,2884.0,15.0,27.0,28.0,26.7,64.8,2,vehicle_exhaust
2260.0,2885.0,15.0,27.0,28.0,26.7,65.0,2,vehicle_exhaust
2263.0,2885.0,15.0,27.0,28.0,26.7,65.0,2,vehicle_exhaust
2260.0,2887.0,15.0,27.0,28.0,26.7,65.0,2,vehicle_exhaust
2261.0,2885.0,16.0,27.0,28.0,26.7,64.9,2,vehicle_exhaust
2259.0,2886.0,16.0,26.0,27.0,26.7,64.7,2,vehicle_exhaust
2261.0,2885.0,14.0,25.0,26.0,26.7,64.7,2,vehicle_exhaust
2259.0,2886.0,14.0,25.0,26.0,26.7,64.7,2,vehicle_exhaust
2259.0,2887.0,15.0,26.0,27.0,26.7,64.7,2,vehicle_exhaust
2263.0,2887.0,15.0,26.0,27.0,26.7,64.7,2,vehicle_exhaust
2259.0,2884.0,15.0,26.0,27.0,26.7,64.9,2,vehicle_exhaust
2264.0,2886.0,15.0,26.0,27.0,26.7,64.9,2,vehicle_exhaust
2272.0,2887.0,15.0,26.0,27.0,26.7,64.9,2,vehicle_exhaust
2260.0,2887.0,14.0,27.0,28.0,26.7,64.9,2,vehicle_exhaust
2263.0,2885.0,14.0,27.0,28.0,26.7,64.9,2,vehicle_exhaust
2264.0,2886.0,14.0,27.0,28.0,26.7,64.8,2,vehicle_exhaust
2260.0,2886.0,14.0,27.0,28.0,26.7,64.8,2,vehicle_exhaust
2268.0,2885.0,14.0,27.0,28.0,26.7,64.7,2,vehicle_exhaust
2258.0,2886.0,14.0,27.0,28.0,26.7,64.7,2,vehicle_exhaust
2259.0,2885.0,13.0,27.0,27.0,26.7,64.7,2,vehicle_exhaust
2264.0,2887.0,13.0,27.0,27.0,26.7,64.7,2,vehicle_exhaust
2260.0,2886.0,13.0,27.0,28.0,26.7,64.7,2,vehicle_exhaust
2271.0,2887.0,13.0,27.0,28.0,26.7,64.7,2,vehicle_exhaust
2262.0,2886.0,13.0,28.0,28.0,26.7,64.7,2,vehicle_exhaust
2260.0,2886.0,14.0,29.0,29.0,26.7,64.9,2,vehicle_exhaust
2262.0,2885.0,14.0,29.0,29.0,26.7,64.9,2,vehicle_exhaust
2259.0,2883.0,14.0,29.0,29.0,26.7,64.9,2,vehicle_exhaust
2261.0,2887.0,14.0,29.0,29.0,26.7,64.7,2,vehicle_exhaust
2263.0,2885.0,14.0,29.0,29.0,26.7,64.7,2,vehicle_exhaust
2258.0,2884.0,14.0,29.0,29.0,26.7,64.8,2,vehicle_exhaust
2263.0,2886.0,15.0,29.0,29.0,26.7,64.8,2,vehicle_exhaust
2268.0,2884.0,14.0,28.0,28.0,26.7,64.8,2,vehicle_exhaust
2259.0,2886.0,14.0,28.0,29.0,26.7,64.8,2,vehicle_exhaust
2264.0,2882.0,14.0,28.0,29.0,26.7,64.8,2,vehicle_exhaust
2258.0,2884.0,14.0,28.0,29.0,26.7,64.8,2,vehicle_exhaust
2260.0,2887.0,14.0,28.0,30.0,26.7,64.8,2,vehicle_exhaust
2268.0,2884.0,14.0,28.0,30.0,26.7,64.7,2,vehicle_exhaust
2260.0,2886.0,14.0,28.0,30.0,26.7,64.7,2,vehicle_exhaust
2259.0,2885.0,14.0,28.0,30.0,26.7,64.7,2,vehicle_exhaust
2263.0,2885.0,14.0,28.0,30.0,26.7,64.7,2,vehicle_exhaust
2258.0,2885.0,15.0,29.0,31.0,26.7,64.7,2,vehicle_exhaust
2270.0,2885.0,14.0,29.0,30.0,26.7,64.7,2,vehicle_exhaust
2263.0,2887.0,14.0,29.0,30.0,26.7,64.7,2,vehicle_exhaust
2261.0,2886.0,14.0,29.0,30.0,26.7,64.7,2,vehicle_exhaust
2262.0,2886.0,14.0,29.0,30.0,26.7,64.7,2,vehicle_exhaust
2257.0,2888.0,12.0,28.0,29.0,26.7,64.7,2,vehicle_exhaust
2260.0,2885.0,12.0,28.0,29.0,26.7,64.8,2,vehicle_exhaust
2264.0,2885.0,12.0,29.0,29.0,26.7,64.8,2,vehicle_exhaust
2257.0,2884.0,12.0,29.0,29.0,26.7,64.7,2,vehicle_exhaust
2263.0,2886.0,12.0,29.0,29.0,26.7,64.7,2,vehicle_exhaust
2269.0,2887.0,11.0,28.0,28.0,26.7,64.8,2,vehicle_exhaust
2258.0,2884.0,12.0,29.0,29.0,26.7,64.8,2,vehicle_exhaust
2264.0,2885.0,13.0,29.0,29.0,26.7,64.8,2,vehicle_exhaust
2258.0,2885.0,13.0,29.0,29.0,26.7,64.7,2,vehicle_exhaust
2260.0,2885.0,13.0,29.0,29.0,26.7,64.7,2,vehicle_exhaust
2269.0,2884.0,13.0,29.0,29.0,26.7,64.9,2,vehicle_exhaust
2259.0,2886.0,13.0,29.0,29.0,26.7,64.9,2,vehicle_exhaust
2259.0,2886.0,13.0,29.0,29.0,26.7,64.8,2,vehicle_exhaust
2263.0,2885.0,12.0,28.0,28.0,26.7,64.8,2,vehicle_exhaust
2258.0,2886.0,12.0,27.0,27.0,26.7,64.8,2,vehicle_exhaust
2269.0,2884.0,12.0,27.0,27.0,26.7,64.7,2,vehicle_exhaust
2257.0,2881.0,12.0,27.0,27.0,26.7,64.7,2,vehicle_exhaust
2258.0,2884.0,12.0,27.0,27.0,26.7,64.7,2,vehicle_exhaust
2263.0,2885.0,12.0,26.0,26.0,26.7,64.7,2,vehicle_exhaust
2259.0,2885.0,12.0,26.0,26.0,26.7,64.7,2,vehicle_exhaust
2268.0,2886.0,12.0,26.0,26.0,26.7,64.6,2,vehicle_exhaust
2264.0,2885.0,13.0,27.0,27.0,26.7,64.6,2,vehicle_exhaust
2259.0,2886.0,12.0,26.0,26.0,26.7,64.8,2,vehicle_exhaust
2264.0,2886.0,12.0,26.0,26.0,26.7,64.8,2,vehicle_exhaust
2258.0,2884.0,12.0,26.0,26.0,26.7,64.8,2,vehicle_exhaust
2257.0,2886.0,13.0,27.0,27.0,26.7,64.7,2,vehicle_exhaust
2263.0,2886.0,12.0,27.0,27.0,26.7,64.7,2,vehicle_exhaust
2258.0,2886.0,12.0,27.0,27.0,26.7,64.8,2,vehicle_exhaust
2263.0,2885.0,12.0,27.0,27.0,26.7,64.8,2,vehicle_exhaust
2260.0,2884.0,12.0,27.0,27.0,26.7,64.8,2,vehicle_exhaust
2269.0,2885.0,11.0,26.0,26.0,26.7,64.8,2,vehicle_exhaust
2263.0,2886.0,11.0,26.0,26.0,26.7,64.8,2,vehicle_exhaust
2259.0,2887.0,11.0,26.0,26.0,26.7,64.7,2,vehicle_exhaust
2263.0,2885.0,11.0,27.0,27.0,26.7,64.7,2,vehicle_exhaust
2269.0,2885.0,12.0,26.0,26.0,26.7,64.7,2,vehicle_exhaust
2258.0,2885.0,12.0,27.0,27.0,26.7,64.7,2,vehicle_exhaust
2263.0,2886.0,12.0,27.0,27.0,26.7,64.7,2,vehicle_exhaust
2257.0,2884.0,13.0,28.0,28.0,26.7,64.8,2,vehicle_exhaust
2262.0,2886.0,14.0,29.0,29.0,26.7,64.8,2,vehicle_exhaust
2269.0,2886.0,14.0,29.0,29.0,26.7,64.6,2,vehicle_exhaust
2258.0,2887.0,14.0,29.0,29.0,26.7,64.6,2,vehicle_exhaust
2263.0,2885.0,14.0,29.0,29.0,26.7,64.6,2,vehicle_exhaust
2258.0,2886.0,14.0,29.0,29.0,26.7,64.7,2,vehicle_exhaust
2262.0,2882.0,14.0,29.0,29.0,26.7,64.7,2,vehicle_exhaust
2258.0,2886.0,14.0,29.0,29.0,26.7,64.7,2,vehicle_exhaust
2257.0,2884.0,14.0,28.0,28.0,26.7,64.6,2,vehicle_exhaust
2265.0,2888.0,13.0,27.0,27.0,26.7,64.6,2,vehicle_exhaust
2259.0,2886.0,13.0,27.0,27.0,26.7,64.7,2,vehicle_exhaust
2263.0,2886.0,13.0,26.0,26.0,26.7,64.7,2,vehicle_exhaust
2268.0,2884.0,13.0,26.0,26.0,26.7,64.7,2,vehicle_exhaust
2258.0,2884.0,13.0,26.0,26.0,26.7,64.7,2,vehicle_exhaust
2263.0,2885.0,13.0,26.0,26.0,26.7,64.7,2,vehicle_exhaust
2257.0,2884.0,13.0,26.0,26.0,26.7,64.7,2,vehicle_exhaust
2259.0,2885.0,14.0,27.0,27.0,26.7,64.7,2,vehicle_exhaust
2270.0,2886.0,14.0,27.0,27.0,26.7,64.6,2,vehicle_exhaust
2259.0,2883.0,14.0,27.0,27.0,26.7,64.6,2,vehicle_exhaust
2257.0,2884.0,13.0,26.0,26.0,26.7,64.6,2,vehicle_exhaust
2264.0,2887.0,12.0,25.0,25.0,26.7,64.6,2,vehicle_exhaust
2260.0,2885.0,12.0,25.0,25.0,26.7,64.6,2,vehicle_exhaust
2268.0,2884.0,12.0,25.0,25.0,26.7,64.6,2,vehicle_exhaust
2262.0,2884.0,13.0,26.0,26.0,26.7,64.6,2,vehicle_exhaust
2257.0,2883.0,13.0,26.0,26.0,26.7,64.6,2,vehicle_exhaust
2264.0,2886.0,12.0,25.0,25.0,26.7,64.6,2,vehicle_exhaust
2259.0,2886.0,12.0,25.0,25.0,26.7,64.6,2,vehicle_exhaust
2260.0,2887.0,13.0,26.0,26.0,26.7,64.6,2,vehicle_exhaust
2264.0,2885.0,12.0,27.0,27.0,26.7,64.6,2,vehicle_exhaust
2259.0,2884.0,12.0,27.0,27.0,26.7,64.5,2,vehicle_exhaust
2263.0,2886.0,12.0,27.0,27.0,26.7,64.5,2,vehicle_exhaust
2259.0,2884.0,12.0,27.0,27.0,26.7,64.5,2,vehicle_exhaust
2272.0,2887.0,12.0,27.0,27.0,26.7,64.7,2,vehicle_exhaust
2264.0,2887.0,11.0,26.0,26.0,26.7,64.7,2,vehicle_exhaust
2260.0,2885.0,11.0,26.0,26.0,26.7,64.6,2,vehicle_exhaust
2265.0,2885.0,11.0,26.0,27.0,26.7,64.6,2,vehicle_exhaust
2258.0,2886.0,11.0,26.0,27.0,26.7,64.6,2,vehicle_exhaust
2258.0,2886.0,12.0,27.0,28.0,26.7,64.7,2,vehicle_exhaust
2262.0,2886.0,13.0,27.0,28.0,26.7,64.7,2,vehicle_exhaust
2258.0,2885.0,13.0,27.0,28.0,26.7,64.5,2,vehicle_exhaust
2261.0,2884.0,13.0,27.0,28.0,26.7,64.5,2,vehicle_exhaust
2260.0,2885.0,13.0,27.0,28.0,26.7,64.5,2,vehicle_exhaust
2260.0,2886.0,14.0,27.0,28.0,26.7,64.7,2,vehicle_exhaust
2264.0,2886.0,14.0,27.0,28.0,26.7,64.7,2,vehicle_exhaust
2257.0,2885.0,13.0,27.0,28.0,26.7,64.5,2,vehicle_exhaust
2258.0,2885.0,13.0,27.0,28.0,26.7,64.5,2,vehicle_exhaust
2270.0,2884.0,13.0,27.0,28.0,26.7,64.7,2,vehicle_exhaust
2260.0,2882.0,13.0,27.0,28.0,26.7,64.7,2,vehicle_exhaust
2263.0,2884.0,13.0,27.0,28.0,26.7,64.7,2,vehicle_exhaust
2258.0,2886.0,15.0,28.0,29.0,26.7,64.6,2,vehicle_exhaust
2259.0,2885.0,15.0,27.0,29.0,26.7,64.6,2,vehicle_exhaust
2270.0,2885.0,15.0,27.0,28.0,26.7,64.6,2,vehicle_exhaust
2259.0,2887.0,14.0,27.0,28.0,26.7,64.6,2,vehicle_exhaust
2262.0,2886.0,14.0,26.0,28.0,26.7,64.6,2,vehicle_exhaust
2258.0,2886.0,14.0,26.0,27.0,26.8,64.4,2,vehicle_exhaust
2258.0,2886.0,14.0,26.0,27.0,26.8,64.4,2,vehicle_exhaust
2269.0,2885.0,14.0,26.0,27.0,26.7,64.6,2,vehicle_exhaust
2258.0,2884.0,14.0,26.0,27.0,26.7,64.6,2,vehicle_exhaust
2262.0,2883.0,13.0,25.0,26.0,26.7,64.6,2,vehicle_exhaust
2259.0,2886.0,13.0,26.0,26.0,26.7,64.6,2,vehicle_exhaust
2259.0,2886.0,14.0,27.0,27.0,26.7,64.6,2,vehicle_exhaust
2270.0,2885.0,14.0,27.0,27.0,26.8,64.4,2,vehicle_exhaust
2257.0,2885.0,14.0,27.0,27.0,26.8,64.4,2,vehicle_exhaust
2264.0,2887.0,14.0,27.0,27.0,26.8,64.4,2,vehicle_exhaust
2262.0,2885.0,14.0,27.0,27.0,26.8,64.6,2,vehicle_exhaust
2246.0,2884.0,14.0,27.0,27.0,26.8,64.6,2,vehicle_exhaust
2268.0,2887.0,13.0,27.0,27.0,26.7,64.6,2,vehicle_exhaust
2263.0,2886.0,12.0,26.0,26.0,26.7,64.6,2,vehicle_exhaust
2258.0,2886.0,12.0,26.0,26.0,26.7,64.4,2,vehicle_exhaust
2262.0,2885.0,13.0,27.0,28.0,26.7,64.4,2,vehicle_exhaust
2259.0,2884.0,13.0,28.0,28.0,26.7,64.4,2,vehicle_exhaust
2258.0,2884.0,12.0,27.0,27.0,26.8,64.6,2,vehicle_exhaust
2264.0,2886.0,12.0,26.0,27.0,26.8,64.6,2,vehicle_exhaust
2259.0,2885.0,12.0,26.0,27.0,26.8,64.6,2,vehicle_exhaust
2263.0,2885.0,13.0,27.0,29.0,26.8,64.6,2,vehicle_exhaust
2269.0,2885.0,13.0,27.0,29.0,26.7,64.5,2,vehicle_exhaust
2257.0,2885.0,13.0,27.0,29.0,26.7,64.5,2,vehicle_exhaust
2258.0,2885.0,12.0,28.0,29.0,26.7,64.5,2,vehicle_exhaust
2262.0,2885.0,12.0,28.0,29.0,26.7,64.5,2,vehicle_exhaust
2258.0,2885.0,12.0,28.0,29.0,26.7,64.5,2,vehicle_exhaust
2269.0,2886.0,12.0,28.0,29.0,26.7,64.7,2,vehicle_exhaust
2264.0,2887.0,10.0,27.0,28.0,26.7,64.7,2,vehicle_exhaust
2258.0,2885.0,10.0,27.0,28.0,26.8,64.6,2,vehicle_exhaust
2264.0,2887.0,10.0,27.0,28.0,26.8,64.6,2,vehicle_exhaust
2258.0,2885.0,10.0,27.0,28.0,26.8,64.6,2,vehicle_exhaust
2269.0,2884.0,11.0,28.0,29.0,26.7,64.5,2,vehicle_exhaust
2260.0,2885.0,11.0,28.0,29.0,26.7,64.5,2,vehicle_exhaust
2259.0,2886.0,11.0,27.0,28.0,26.8,64.6,2,vehicle_exhaust
2264.0,2884.0,11.0,27.0,28.0,26.8,64.6,2,vehicle_exhaust
2259.0,2885.0,12.0,27.0,28.0,26.8,64.6,2,vehicle_exhaust
2272.0,2886.0,11.0,26.0,27.0,26.7,64.5,2,vehicle_exhaust
2261.0,2886.0,11.0,26.0,27.0,26.7,64.5,2,vehicle_exhaust
2259.0,2887.0,11.0,26.0,27.0,26.8,64.5,2,vehicle_exhaust
2266.0,2887.0,11.0,26.0,27.0,26.8,64.5,2,vehicle_exhaust
2269.0,2885.0,13.0,27.0,28.0,26.8,64.6,2,vehicle_exhaust
2258.0,2884.0,13.0,27.0,28.0,26.8,64.6,2,vehicle_exhaust
2265.0,2886.0,13.0,27.0,28.0,26.8,64.6,2,vehicle_exhaust
2259.0,2884.0,12.0,26.0,27.0,26.7,64.5,2,vehicle_exhaust
2259.0,2887.0,13.0,27.0,28.0,26.7,64.5,2,vehicle_exhaust
2271.0,2884.0,13.0,27.0,28.0,26.7,64.5,2,vehicle_exhaust
2257.0,2885.0,13.0,27.0,27.0,26.7,64.5,2,vehicle_exhaust
2264.0,2887.0,13.0,27.0,27.0,26.7,64.5,2,vehicle_exhaust
2264.0,2885.0,13.0,27.0,27.0,26.8,64.6,2,vehicle_exhaust
2258.0,2885.0,12.0,26.0,26.0,26.8,64.6,2,vehicle_exhaust
2268.0,2883.0,12.0,26.0,26.0,26.8,64.6,2,vehicle_exhaust
2258.0,2885.0,12.0,26.0,26.0,26.8,64.6,2,vehicle_exhaust
2265.0,2886.0,12.0,26.0,26.0,26.8,64.6,2,vehicle_exhaust
2260.0,2886.0,13.0,26.0,26.0,26.8,64.5,2,vehicle_exhaust
2259.0,2886.0,13.0,27.0,27.0,26.8,64.5,2,vehicle_exhaust
2271.0,2883.0,13.0,27.0,27.0,26.7,64.5,2,vehicle_exhaust
2258.0,2886.0,13.0,27.0,27.0,26.7,64.5,2,vehicle_exhaust
2264.0,2885.0,14.0,28.0,28.0,26.7,64.5,2,vehicle_exhaust
2263.0,2884.0,14.0,28.0,28.0,26.7,64.4,2,vehicle_exhaust
2258.0,2887.0,15.0,28.0,28.0,26.7,64.4,2,vehicle_exhaust
2270.0,2885.0,15.0,28.0,28.0,26.7,64.5,2,vehicle_exhaust
2264.0,2884.0,14.0,27.0,27.0,26.7,64.5,2,vehicle_exhaust
2260.0,2885.0,14.0,27.0,27.0,26.8,64.4,2,vehicle_exhaust
2264.0,2887.0,15.0,28.0,28.0,26.8,64.4,2,vehicle_exhaust
2258.0,2885.0,15.0,28.0,28.0,26.8,64.4,2,vehicle_exhaust
2259.0,2885.0,14.0,27.0,27.0,26.7,64.4,2,vehicle_exhaust
2265.0,2884.0,14.0,27.0,27.0,26.7,64.4,2,vehicle_exhaust
2258.0,2885.0,13.0,27.0,27.0,26.8,64.6,2,vehicle_exhaust
2263.0,2884.0,14.0,28.0,28.0,26.8,64.6,2,vehicle_exhaust
2269.0,2885.0,14.0,28.0,29.0,26.8,64.6,2,vehicle_exhaust
2259.0,2886.0,14.0,28.0,29.0,26.8,64.6,2,vehicle_exhaust
2262.0,2886.0,14.0,27.0,28.0,26.8,64.6,2,vehicle_exhaust
2259.0,2886.0,14.0,27.0,28.0,26.8,64.4,2,vehicle_exhaust
2259.0,2886.0,13.0,26.0,27.0,26.8,64.4,2,vehicle_exhaust
2267.0,2883.0,13.0,26.0,27.0,26.7,64.4,2,vehicle_exhaust
2258.0,2884.0,14.0,27.0,28.0,26.7,64.4,2,vehicle_exhaust
2262.0,2886.0,14.0,27.0,28.0,26.7,64.4,2,vehicle_exhaust
2261.0,2885.0,14.0,27.0,28.0,26.7,64.5,2,vehicle_exhaust
2260.0,2884.0,14.0,27.0,28.0,26.7,64.5,2,vehicle_exhaust
2268.0,2885.0,13.0,26.0,27.0,26.8,64.3,2,vehicle_exhaust
2264.0,2886.0,13.0,26.0,27.0,26.8,64.3,2,vehicle_exhaust
2257.0,2885.0,13.0,26.0,27.0,26.8,64.5,2,vehicle_exhaust
2264.0,2885.0,14.0,26.0,27.0,26.8,64.5,2,vehicle_exhaust
2257.0,2886.0,14.0,27.0,28.0,26.8,64.5,2,vehicle_exhaust
2258.0,2883.0,14.0,27.0,28.0,26.8,64.6,2,vehicle_exhaust
2262.0,2885.0,14.0,27.0,28.0,26.8,64.6,2,vehicle_exhaust
2259.0,2885.0,14.0,27.0,28.0,26.8,64.4,2,vehicle_exhaust
2263.0,2885.0,14.0,27.0,28.0,26.8,64.4,2,vehicle_exhaust
2258.0,2884.0,14.0,27.0,28.0,26.8,64.4,2,vehicle_exhaust
2267.0,2885.0,14.0,27.0,28.0,26.8,64.4,2,vehicle_exhaust
2258.0,2884.0,14.0,27.0,28.0,26.8,64.4,2,vehicle_exhaust
2258.0,2887.0,15.0,28.0,29.0,26.8,64.4,2,vehicle_exhaust
2262.0,2885.0,15.0,28.0,29.0,26.8,64.4,2,vehicle_exhaust
2257.0,2885.0,14.0,27.0,28.0,26.8,64.4,2,vehicle_exhaust
2270.0,2885.0,13.0,27.0,28.0,26.8,64.5,2,vehicle_exhaust
2264.0,2886.0,14.0,28.0,29.0,26.8,64.5,2,vehicle_exhaust
2258.0,2885.0,14.0,28.0,29.0,26.8,64.4,2,vehicle_exhaust
2263.0,2885.0,14.0,28.0,29.0,26.8,64.4,2,vehicle_exhaust
2258.0,2885.0,14.0,28.0,29.0,26.8,64.4,2,vehicle_exhaust
2268.0,2884.0,14.0,28.0,29.0,26.8,64.4,2,vehicle_exhaust
2260.0,2886.0,14.0,28.0,29.0,26.8,64.4,2,vehicle_exhaust
2259.0,2887.0,14.0,28.0,29.0,26.8,64.4,2,vehicle_exhaust
2260.0,2883.0,14.0,28.0,29.0,26.8,64.4,2,vehicle_exhaust
2259.0,2884.0,13.0,28.0,29.0,26.8,64.4,2,vehicle_exhaust
2258.0,2886.0,13.0,28.0,29.0,26.8,64.5,2,vehicle_exhaust
2263.0,2886.0,14.0,29.0,30.0,26.8,64.5,2,vehicle_exhaust
2258.0,2884.0,14.0,29.0,30.0,26.8,64.4,2,vehicle_exhaust
2262.0,2885.0,14.0,29.0,30.0,26.8,64.4,2,vehicle_exhaust
2269.0,2884.0,14.0,28.0,28.0,26.8,64.3,2,vehicle_exhaust
2258.0,2883.0,14.0,28.0,28.0,26.8,64.3,2,vehicle_exhaust
2262.0,2885.0,14.0,28.0,28.0,26.8,64.3,2,vehicle_exhaust
2257.0,2886.0,14.0,28.0,28.0,26.8,64.4,2,vehicle_exhaust
2258.0,2885.0,14.0,28.0,28.0,26.8,64.4,2,vehicle_exhaust
2269.0,2884.0,14.0,28.0,28.0,26.7,64.4,2,vehicle_exhaust
2258.0,2883.0,15.0,29.0,29.0,26.7,64.4,2,vehicle_exhaust
2262.0,2885.0,15.0,29.0,29.0,26.7,64.4,2,vehicle_exhaust
2264.0,2885.0,14.0,29.0,30.0,26.8,64.3,2,vehicle_exhaust
2258.0,2885.0,14.0,29.0,30.0,26.8,64.3,2,vehicle_exhaust
2270.0,2884.0,14.0,29.0,30.0,26.8,64.4,2,vehicle_exhaust
2259.0,2885.0,14.0,28.0,30.0,26.8,64.4,2,vehicle_exhaust
2260.0,2887.0,15.0,28.0,29.0,26.8,64.3,2,vehicle_exhaust
2263.0,2887.0,14.0,27.0,28.0,26.8,64.3,2,vehicle_exhaust
2259.0,2884.0,14.0,27.0,28.0,26.8,64.3,2,vehicle_exhaust
2270.0,2885.0,14.0,27.0,28.0,26.8,64.4,2,vehicle_exhaust
2260.0,2884.0,14.0,27.0,28.0,26.8,64.4,2,vehicle_exhaust
2258.0,2884.0,16.0,28.0,29.0,26.8,64.3,2,vehicle_exhaust
2262.0,2882.0,16.0,28.0,29.0,26.8,64.3,2,vehicle_exhaust
2249.0,2885.0,16.0,29.0,30.0,26.8,64.3,2,vehicle_exhaust
2258.0,2887.0,15.0,28.0,29.0,26.8,64.3,2,vehicle_exhaust
2265.0,2885.0,15.0,28.0,29.0,26.8,64.3,2,vehicle_exhaust
2258.0,2885.0,15.0,28.0,29.0,26.8,64.4,2,vehicle_exhaust
2265.0,2886.0,15.0,28.0,29.0,26.8,64.4,2,vehicle_exhaust
2271.0,2886.0,16.0,29.0,30.0,26.8,64.4,2,vehicle_exhaust
2260.0,2886.0,16.0,29.0,30.0,26.8,64.4,2,vehicle_exhaust
2263.0,2886.0,16.0,29.0,30.0,26.8,64.4,2,vehicle_exhaust
2258.0,2883.0,16.0,29.0,30.0,26.8,64.4,2,vehicle_exhaust
2259.0,2884.0,15.0,28.0,29.0,26.8,64.4,2,vehicle_exhaust
2269.0,2882.0,14.0,27.0,28.0,26.8,64.4,2,vehicle_exhaust
2259.0,2885.0,14.0,27.0,28.0,26.8,64.4,2,vehicle_exhaust
2263.0,2884.0,14.0,27.0,28.0,26.8,64.4,2,vehicle_exhaust
2260.0,2885.0,15.0,28.0,28.0,26.8,64.4,2,vehicle_exhaust
2259.0,2885.0,13.0,27.0,27.0,26.8,64.4,2,vehicle_exhaust
2272.0,2884.0,13.0,27.0,27.0,26.8,64.4,2,vehicle_exhaust
2260.0,2886.0,13.0,26.0,27.0,26.8,64.4,2,vehicle_exhaust
2261.0,2885.0,13.0,26.0,27.0,26.8,64.4,2,vehicle_exhaust
2263.0,2883.0,13.0,26.0,27.0,26.8,64.3,2,vehicle_exhaust
2258.0,2884.0,14.0,27.0,28.0,26.8,64.3,2,vehicle_exhaust
2270.0,2885.0,14.0,27.0,28.0,26.8,64.3,2,vehicle_exhaust
2264.0,2885.0,14.0,27.0,28.0,26.8,64.3,2,vehicle_exhaust
2258.0,2885.0,14.0,27.0,28.0,26.8,64.3,2,vehicle_exhaust
2263.0,2885.0,14.0,27.0,28.0,26.8,64.3,2,vehicle_exhaust
2259.0,2885.0,13.0,26.0,27.0,26.8,64.3,2,vehicle_exhaust
2270.0,2887.0,13.0,26.0,27.0,26.8,64.4,2,vehicle_exhaust
2261.0,2886.0,12.0,25.0,27.0,26.8,64.4,2,vehicle_exhaust
2258.0,2884.0,12.0,25.0,27.0,26.8,64.3,2,vehicle_exhaust
2263.0,2886.0,12.0,25.0,27.0,26.8,64.3,2,vehicle_exhaust
2258.0,2887.0,12.0,25.0,27.0,26.8,64.3,2,vehicle_exhaust
2269.0,2885.0,12.0,25.0,27.0,26.8,64.4,2,vehicle_exhaust
2265.0,2886.0,13.0,27.0,29.0,26.8,64.4,2,vehicle_exhaust
2258.0,2886.0,13.0,27.0,29.0,26.8,64.3,2,vehicle_exhaust
2263.0,2887.0,13.0,27.0,29.0,26.8,64.3,2,vehicle_exhaust
2258.0,2883.0,13.0,27.0,29.0,26.8,64.3,2,vehicle_exhaust
2259.0,2886.0,14.0,27.0,29.0,26.8,64.4,2,vehicle_exhaust
2263.0,2887.0,14.0,27.0,29.0,26.8,64.4,2,vehicle_exhaust
2257.0,2885.0,14.0,27.0,29.0,26.8,64.2,2,vehicle_exhaust
2263.0,2884.0,13.0,26.0,28.0,26.8,64.2,2,vehicle_exhaust
2268.0,2885.0,13.0,25.0,27.0,26.8,64.3,2,vehicle_exhaust
2258.0,2884.0,13.0,25.0,27.0,26.8,64.3,2,vehicle_exhaust
2263.0,2884.0,12.0,25.0,26.0,26.8,64.3,2,vehicle_exhaust
2257.0,2884.0,12.0,24.0,26.0,26.8,64.3,2,vehicle_exhaust
2263.0,2887.0,12.0,24.0,26.0,26.8,64.3,2,vehicle_exhaust
2269.0,2886.0,12.0,24.0,26.0,26.8,64.4,2,vehicle_exhaust
2257.0,2884.0,13.0,25.0,27.0,26.8,64.4,2,vehicle_exhaust
2264.0,2885.0,13.0,25.0,27.0,26.8,64.4,2,vehicle_exhaust
2263.0,2884.0,13.0,25.0,27.0,26.8,64.3,2,vehicle_exhaust
2258.0,2884.0,13.0,25.0,27.0,26.8,64.3,2,vehicle_exhaust
2270.0,2885.0,12.0,25.0,26.0,26.8,64.4,2,vehicle_exhaust
2259.0,2886.0,12.0,25.0,26.0,26.8,64.4,2,vehicle_exhaust
2258.0,2885.0,12.0,25.0,27.0,26.8,64.3,2,vehicle_exhaust
2263.0,2885.0,12.0,25.0,27.0,26.8,64.3,2,vehicle_exhaust
2258.0,2885.0,12.0,25.0,27.0,26.8,64.3,2,vehicle_exhaust
2268.0,2887.0,13.0,26.0,28.0,26.8,64.2,2,vehicle_exhaust
2264.0,2886.0,14.0,26.0,28.0,26.8,64.2,2,vehicle_exhaust
2257.0,2884.0,14.0,26.0,28.0,26.8,64.4,2,vehicle_exhaust
2262.0,2883.0,14.0,26.0,28.0,26.8,64.4,2,vehicle_exhaust
2258.0,2885.0,14.0,26.0,28.0,26.8,64.4,2,vehicle_exhaust
2259.0,2886.0,13.0,25.0,27.0,26.8,64.4,2,vehicle_exhaust
2262.0,2885.0,13.0,25.0,27.0,26.8,64.4,2,vehicle_exhaust
2260.0,2885.0,14.0,26.0,28.0,26.8,64.3,2,vehicle_exhaust
2263.0,2885.0,14.0,26.0,28.0,26.8,64.3,2,vehicle_exhaust
2269.0,2883.0,14.0,26.0,28.0,26.8,64.4,2,vehicle_exhaust
2257.0,2884.0,13.0,26.0,28.0,26.8,64.4,2,vehicle_exhaust
2261.0,2887.0,13.0,26.0,28.0,26.8,64.4,2,vehicle_exhaust
2261.0,2885.0,13.0,26.0,28.0,26.8,64.3,2,vehicle_exhaust
2258.0,2884.0,12.0,25.0,27.0,26.8,64.3,2,vehicle_exhaust
2270.0,2884.0,12.0,25.0,27.0,26.8,64.3,2,vehicle_exhaust
2259.0,2885.0,12.0,25.0,26.0,26.8,64.3,2,vehicle_exhaust
2263.0,2885.0,13.0,26.0,27.0,26.8,64.3,2,vehicle_exhaust
2264.0,2886.0,13.0,25.0,27.0,26.8,64.2,2,vehicle_exhaust
2258.0,2886.0,12.0,24.0,26.0,26.8,64.2,2,vehicle_exhaust
2271.0,2884.0,12.0,25.0,26.0,26.8,64.4,2,vehicle_exhaust
2259.0,2886.0,12.0,25.0,26.0,26.8,64.4,2,vehicle_exhaust
2266.0,2887.0,13.0,26.0,27.0,26.8,64.4,2,vehicle_exhaust
2264.0,2885.0,13.0,26.0,27.0,26.8,64.3,2,vehicle_exhaust
2244.0,2886.0,13.0,27.0,27.0,26.8,64.3,2,vehicle_exhaust
2270.0,2885.0,13.0,27.0,27.0,26.8,64.3,2,vehicle_exhaust
2259.0,2887.0,12.0,26.0,26.0,26.8,64.3,2,vehicle_exhaust
2258.0,2885.0,12.0,27.0,27.0,26.8,64.4,2,vehicle_exhaust
2263.0,2885.0,12.0,27.0,27.0,26.8,64.4,2,vehicle_exhaust
2259.0,2886.0,12.0,27.0,27.0,26.8,64.4,2,vehicle_exhaust
2270.0,2885.0,12.0,27.0,28.0,26.8,64.3,2,vehicle_exhaust
2264.0,2885.0,12.0,27.0,28.0,26.8,64.3,2,vehicle_exhaust
2258.0,2884.0,12.0,26.0,28.0,26.8,64.2,2,vehicle_exhaust
2266.0,2887.0,13.0,27.0,29.0,26.8,64.2,2,vehicle_exhaust
2260.0,2883.0,12.0,27.0,29.0,26.8,64.2,2,vehicle_exhaust
2260.0,2887.0,11.0,26.0,27.0,26.8,64.3,2,vehicle_exhaust
2263.0,2885.0,11.0,26.0,27.0,26.8,64.3,2,vehicle_exhaust
2259.0,2886.0,11.0,26.0,27.0,26.8,64.4,2,vehicle_exhaust
2258.0,2884.0,11.0,26.0,27.0,26.8,64.4,2,vehicle_exhaust
2268.0,2884.0,12.0,26.0,27.0,26.8,64.3,2,vehicle_exhaust
2258.0,2885.0,13.0,27.0,28.0,26.8,64.3,2,vehicle_exhaust
2263.0,2883.0,13.0,27.0,28.0,26.8,64.3,2,vehicle_exhaust
2263.0,2884.0,12.0,27.0,28.0,26.8,64.3,2,vehicle_exhaust
2260.0,2885.0,12.0,27.0,28.0,26.8,64.3,2,vehicle_exhaust
2268.0,2886.0,13.0,28.0,29.0,26.8,64.4,2,vehicle_exhaust
2260.0,2885.0,13.0,28.0,29.0,26.8,64.4,2,vehicle_exhaust
2257.0,2887.0,13.0,28.0,29.0,26.8,64.2,2,vehicle_exhaust
2262.0,2887.0,13.0,28.0,28.0,26.8,64.2,2,vehicle_exhaust
2259.0,2885.0,13.0,28.0,28.0,26.8,64.2,2,vehicle_exhaust
2270.0,2886.0,12.0,27.0,27.0,26.8,64.2,2,vehicle_exhaust
2262.0,2883.0,13.0,27.0,27.0,26.8,64.2,2,vehicle_exhaust
2259.0,2885.0,14.0,28.0,28.0,26.8,64.3,2,vehicle_exhaust
2265.0,2885.0,14.0,28.0,28.0,26.8,64.3,2,vehicle_exhaust
2259.0,2884.0,14.0,27.0,28.0,26.8,64.3,2,vehicle_exhaust
2270.0,2886.0,14.0,27.0,28.0,26.8,64.3,2,vehicle_exhaust
2262.0,2885.0,15.0,27.0,28.0,26.8,64.3,2,vehicle_exhaust
2259.0,2886.0,14.0,26.0,27.0,26.8,64.3,2,vehicle_exhaust
2261.0,2885.0,14.0,26.0,27.0,26.8,64.3,2,vehicle_exhaust
2268.0,2885.0,15.0,27.0,28.0,26.8,64.3,2,vehicle_exhaust
2257.0,2885.0,15.0,27.0,28.0,26.8,64.3,2,vehicle_exhaust
2263.0,2885.0,15.0,27.0,28.0,26.8,64.3,2,vehicle_exhaust
2260.0,2885.0,15.0,27.0,28.0,26.8,64.1,2,vehicle_exhaust
2258.0,2887.0,15.0,27.0,28.0,26.8,64.1,2,vehicle_exhaust
2268.0,2884.0,15.0,27.0,28.0,26.8,64.3,2,vehicle_exhaust
2259.0,2886.0,15.0,27.0,28.0,26.8,64.3,2,vehicle_exhaust
2264.0,2884.0,15.0,27.0,28.0,26.8,64.3,2,vehicle_exhaust
2259.0,2886.0,15.0,27.0,28.0,26.8,64.3,2,vehicle_exhaust
2262.0,2886.0,15.0,27.0,29.0,26.8,64.3,2,vehicle_exhaust
2270.0,2886.0,14.0,26.0,28.0,26.8,64.2,2,vehicle_exhaust
2258.0,2885.0,14.0,26.0,28.0,26.8,64.2,2,vehicle_exhaust
2264.0,2886.0,15.0,28.0,29.0,26.8,64.2,2,vehicle_exhaust
2260.0,2884.0,15.0,28.0,29.0,26.8,64.2,2,vehicle_exhaust
2264.0,2886.0,15.0,28.0,29.0,26.8,64.2,2,vehicle_exhaust
2260.0,2887.0,15.0,28.0,29.0,26.8,64.2,2,vehicle_exhaust
2257.0,2882.0,15.0,28.0,29.0,26.8,64.2,2,vehicle_exhaust
2262.0,2884.0,15.0,28.0,29.0,26.8,64.2,2,vehicle_exhaust
2260.0,2886.0,15.0,28.0,29.0,26.8,64.2,2,vehicle_exhaust
2264.0,2885.0,14.0,28.0,29.0,26.8,64.2,2,vehicle_exhaust
2259.0,2886.0,14.0,28.0,29.0,26.8,64.2,2,vehicle_exhaust
2260.0,2885.0,15.0,29.0,30.0,26.8,64.2,2,vehicle_exhaust
2262.0,2884.0,15.0,28.0,29.0,26.8,64.2,2,vehicle_exhaust
2258.0,2886.0,15.0,28.0,29.0,26.8,64.3,2,vehicle_exhaust
2264.0,2885.0,14.0,27.0,28.0,26.8,64.3,2,vehicle_exhaust
2257.0,2884.0,13.0,27.0,28.0,26.8,64.3,2,vehicle_exhaust
2271.0,2885.0,13.0,27.0,28.0,26.8,64.3,2,vehicle_exhaust
2262.0,2885.0,14.0,27.0,28.0,26.8,64.3,2,vehicle_exhaust
2259.0,2886.0,14.0,27.0,28.0,26.8,64.2,2,vehicle_exhaust
2265.0,2884.0,13.0,26.0,27.0,26.8,64.2,2,vehicle_exhaust
2270.0,2883.0,13.0,25.0,26.0,26.8,64.2,2,vehicle_exhaust
2260.0,2887.0,14.0,26.0,27.0,26.8,64.2,2,vehicle_exhaust
2261.0,2884.0,13.0,26.0,27.0,26.8,64.2,2,vehicle_exhaust
2258.0,2885.0,12.0,25.0,26.0,26.8,64.2,2,vehicle_exhaust
2259.0,2885.0,12.0,25.0,26.0,26.8,64.2,2,vehicle_exhaust
2270.0,2886.0,13.0,27.0,28.0,26.9,64.2,2,vehicle_exhaust
2259.0,2884.0,13.0,27.0,28.0,26.9,64.2,2,vehicle_exhaust
2266.0,2885.0,13.0,27.0,28.0,26.9,64.2,2,vehicle_exhaust
2264.0,2885.0,12.0,28.0,29.0,26.9,64.2,2,vehicle_exhaust
2259.0,2886.0,12.0,28.0,29.0,26.9,64.2,2,vehicle_exhaust
2271.0,2885.0,11.0,27.0,28.0,26.8,64.2,2,vehicle_exhaust
2258.0,2885.0,11.0,27.0,28.0,26.8,64.2,2,vehicle_exhaust
2261.0,2886.0,12.0,29.0,29.0,26.8,64.2,2,vehicle_exhaust
2263.0,2884.0,12.0,29.0,29.0,26.8,64.2,2,vehicle_exhaust
2244.0,2885.0,12.0,29.0,29.0,26.8,64.2,2,vehicle_exhaust
2270.0,2887.0,12.0,29.0,30.0,26.8,64.2,2,vehicle_exhaust
2262.0,2885.0,12.0,29.0,30.0,26.8,64.2,2,vehicle_exhaust
2258.0,2886.0,12.0,30.0,30.0,26.8,64.1,2,vehicle_exhaust
2264.0,2887.0,12.0,30.0,31.0,26.8,64.1,2,vehicle_exhaust
2269.0,2886.0,12.0,29.0,30.0,26.8,64.2,2,vehicle_exhaust
2258.0,2886.0,12.0,29.0,30.0,26.8,64.2,2,vehicle_exhaust
2263.0,2885.0,12.0,29.0,30.0,26.8,64.2,2,vehicle_exhaust
2259.0,2885.0,12.0,29.0,30.0,26.8,64.1,2,vehicle_exhaust
2258.0,2886.0,13.0,30.0,31.0,26.8,64.1,2,vehicle_exhaust
2270.0,2885.0,13.0,29.0,31.0,26.8,64.3,2,vehicle_exhaust
2259.0,2884.0,13.0,29.0,30.0,26.8,64.3,2,vehicle_exhaust
2263.0,2886.0,13.0,29.0,30.0,26.8,64.3,2,vehicle_exhaust
2262.0,2885.0,14.0,29.0,30.0,26.8,64.2,2,vehicle_exhaust
2260.0,2886.0,14.0,29.0,30.0,26.8,64.2,2,vehicle_exhaust
2270.0,2887.0,14.0,29.0,29.0,26.8,64.1,2,vehicle_exhaust
2259.0,2884.0,14.0,29.0,29.0,26.8,64.1,2,vehicle_exhaust
2259.0,2886.0,14.0,28.0,29.0,26.8,64.1,2,vehicle_exhaust
2262.0,2885.0,14.0,28.0,28.0,26.8,64.1,2,vehicle_exhaust
2259.0,2885.0,13.0,27.0,27.0,26.8,64.1,2,vehicle_exhaust
2271.0,2886.0,13.0,27.0,27.0,26.8,64.1,2,vehicle_exhaust
2266.0,2883.0,14.0,28.0,28.0,26.8,64.1,2,vehicle_exhaust
2259.0,2883.0,14.0,28.0,28.0,26.8,64.1,2,vehicle_exhaust
2263.0,2884.0,13.0,27.0,27.0,26.8,64.1,2,vehicle_exhaust
2260.0,2885.0,13.0,27.0,27.0,26.8,64.1,2,vehicle_exhaust
2260.0,2886.0,14.0,28.0,28.0,26.8,64.2,2,vehicle_exhaust
2262.0,2885.0,14.0,28.0,28.0,26.8,64.2,2,vehicle_exhaust
2260.0,2885.0,14.0,28.0,28.0,26.9,64.1,2,vehicle_exhaust
2263.0,2886.0,14.0,28.0,29.0,26.9,64.1,2,vehicle_exhaust
2269.0,2885.0,14.0,28.0,29.0,26.8,63.9,2,vehicle_exhaust
2258.0,2887.0,13.0,27.0,28.0,26.8,63.9,2,vehicle_exhaust
2264.0,2886.0,13.0,27.0,28.0,26.8,63.9,2,vehicle_exhaust
2264.0,2885.0,14.0,28.0,29.0,26.8,64.1,2,vehicle_exhaust
2257.0,2882.0,14.0,28.0,29.0,26.8,64.1,2,vehicle_exhaust
2269.0,2884.0,14.0,28.0,29.0,26.8,64.1,2,vehicle_exhaust
2259.0,2885.0,14.0,28.0,30.0,26.8,64.1,2,vehicle_exhaust
2260.0,2887.0,13.0,27.0,29.0,26.9,64.1,2,vehicle_exhaust
2257.0,2876.0,13.0,27.0,29.0,26.9,64.1,2,vehicle_exhaust
2256.0,2878.0,13.0,27.0,30.0,26.9,64.1,2,vehicle_exhaust
2265.0,2881.0,14.0,28.0,31.0,26.8,64.3,2,vehicle_exhaust
2259.0,2879.0,15.0,28.0,31.0,26.8,64.3,2,vehicle_exhaust
2257.0,2880.0,15.0,28.0,33.0,26.8,64.5,2,vehicle_exhaust
2263.0,2880.0,15.0,28.0,33.0,26.8,64.5,2,vehicle_exhaust
2256.0,2879.0,15.0,28.0,33.0,26.8,64.5,2,vehicle_exhaust
2259.0,2881.0,14.0,27.0,32.0,26.8,64.2,2,vehicle_exhaust
2261.0,2880.0,14.0,27.0,32.0,26.8,64.2,2,vehicle_exhaust
2257.0,2881.0,15.0,28.0,33.0,26.8,64.3,2,vehicle_exhaust
2257.0,2881.0,15.0,29.0,31.0,26.8,64.3,2,vehicle_exhaust
2267.0,2881.0,14.0,28.0,30.0,26.8,64.2,2,vehicle_exhaust
2258.0,2881.0,14.0,28.0,30.0,26.8,64.2,2,vehicle_exhaust
2257.0,2882.0,15.0,30.0,31.0,26.8,64.5,2,vehicle_exhaust
2257.0,2880.0,14.0,30.0,31.0,26.8,64.5,2,vehicle_exhaust
2266.0,2881.0,14.0,30.0,31.0,26.9,65.0,2,vehicle_exhaust
2257.0,2880.0,14.0,30.0,31.0,26.9,65.0,2,vehicle_exhaust
2262.0,2881.0,12.0,29.0,29.0,26.9,65.0,2,vehicle_exhaust
2260.0,2882.0,12.0,28.0,29.0,26.8,65.9,2,vehicle_exhaust
2258.0,2881.0,12.0,28.0,29.0,26.8,65.9,2,vehicle_exhaust
2267.0,2882.0,12.0,28.0,29.0,26.8,67.2,2,vehicle_exhaust
2257.0,2881.0,12.0,28.0,29.0,26.8,67.2,2,vehicle_exhaust
2257.0,2880.0,12.0,28.0,29.0,26.9,68.5,2,vehicle_exhaust
2262.0,2881.0,12.0,28.0,29.0,26.9,68.5,2,vehicle_exhaust
2257.0,2880.0,12.0,29.0,29.0,26.9,68.5,2,vehicle_exhaust
2268.0,2882.0,13.0,29.0,29.0,26.9,69.6,2,vehicle_exhaust
2260.0,2879.0,14.0,30.0,30.0,26.9,69.6,2,vehicle_exhaust
2258.0,2881.0,14.0,30.0,30.0,26.9,69.7,2,vehicle_exhaust
2261.0,2879.0,14.0,29.0,29.0,26.9,69.7,2,vehicle_exhaust
2267.0,2882.0,15.0,29.0,29.0,26.9,68.7,2,vehicle_exhaust
2257.0,2880.0,14.0,28.0,28.0,26.9,68.7,2,vehicle_exhaust
2262.0,2881.0,14.0,27.0,27.0,26.9,68.7,2,vehicle_exhaust
2256.0,2880.0,14.0,27.0,27.0,26.9,68.1,2,vehicle_exhaust
2257.0,2881.0,15.0,28.0,28.0,26.9,68.1,2,vehicle_exhaust
2267.0,2881.0,15.0,28.0,28.0,26.9,68.5,2,vehicle_exhaust
2257.0,2883.0,14.0,27.0,27.0,26.9,68.5,2,vehicle_exhaust
2262.0,2882.0,15.0,28.0,28.0,26.9,68.5,2,vehicle_exhaust
2260.0,2879.0,16.0,29.0,29.0,26.9,68.6,2,vehicle_exhaust
2257.0,2881.0,16.0,29.0,30.0,26.9,68.6,2,vehicle_exhaust
2266.0,2882.0,16.0,30.0,30.0,26.9,68.2,2,vehicle_exhaust
2257.0,2883.0,15.0,29.0,29.0,26.9,68.2,2,vehicle_exhaust
2257.0,2881.0,15.0,29.0,30.0,26.9,67.5,2,vehicle_exhaust
2262.0,2881.0,15.0,30.0,31.0,26.9,67.5,2,vehicle_exhaust
2258.0,2883.0,15.0,30.0,30.0,26.9,67.5,2,vehicle_exhaust
2267.0,2880.0,15.0,29.0,30.0,26.9,66.7,2,vehicle_exhaust
2264.0,2882.0,14.0,28.0,29.0,26.9,66.7,2,vehicle_exhaust
2254.0,2879.0,14.0,29.0,30.0,26.9,66.3,2,vehicle_exhaust
2261.0,2881.0,14.0,29.0,30.0,26.9,66.3,2,vehicle_exhaust
2267.0,2881.0,14.0,29.0,29.0,26.9,66.0,2,vehicle_exhaust
2258.0,2883.0,14.0,29.0,29.0,26.9,66.0,2,vehicle_exhaust
2261.0,2883.0,14.0,29.0,29.0,26.9,66.0,2,vehicle_exhaust
2258.0,2883.0,13.0,28.0,28.0,26.9,66.1,2,vehicle_exhaust
2255.0,2878.0,13.0,28.0,28.0,26.9,66.1,2,vehicle_exhaust
2267.0,2881.0,12.0,28.0,28.0,26.9,66.3,2,vehicle_exhaust
2255.0,2879.0,12.0,28.0,28.0,26.9,66.3,2,vehicle_exhaust
2260.0,2878.0,12.0,28.0,28.0,26.9,66.3,2,vehicle_exhaust
2260.0,2878.0,12.0,28.0,28.0,26.9,66.0,2,vehicle_exhaust
2255.0,2879.0,11.0,28.0,28.0,26.9,66.0,2,vehicle_exhaust
2265.0,2880.0,11.0,27.0,27.0,26.9,66.1,2,vehicle_exhaust
2253.0,2880.0,11.0,27.0,27.0,26.9,66.1,2,vehicle_exhaust
2257.0,2880.0,12.0,28.0,28.0,26.9,65.7,2,vehicle_exhaust
2261.0,2885.0,12.0,28.0,28.0,26.9,65.7,2,vehicle_exhaust
2257.0,2880.0,11.0,27.0,28.0,26.9,65.7,2,vehicle_exhaust
2268.0,2882.0,11.0,27.0,28.0,26.9,65.5,2,vehicle_exhaust
2263.0,2886.0,11.0,27.0,28.0,26.9,65.5,2,vehicle_exhaust
2262.0,2888.0,11.0,28.0,29.0,26.9,65.9,2,vehicle_exhaust
2267.0,2889.0,11.0,28.0,29.0,26.9,65.9,2,vehicle_exhaust
2261.0,2888.0,12.0,29.0,30.0,26.9,65.9,2,vehicle_exhaust
2262.0,2887.0,12.0,30.0,33.0,26.9,67.9,2,vehicle_exhaust
2267.0,2888.0,13.0,30.0,33.0,26.9,67.9,2,vehicle_exhaust
2260.0,2888.0,13.0,30.0,34.0,27.0,70.6,2,vehicle_exhaust
2262.0,2887.0,12.0,31.0,34.0,27.0,70.6,2,vehicle_exhaust
2274.0,2816.0,12.0,31.0,35.0,27.0,73.7,2,vehicle_exhaust
2263.0,2889.0,13.0,32.0,36.0,27.0,73.7,2,vehicle_exhaust
2265.0,2891.0,14.0,33.0,38.0,27.0,73.7,2,vehicle_exhaust
2266.0,2890.0,15.0,34.0,40.0,27.0,76.7,2,vehicle_exhaust
2262.0,2887.0,14.0,34.0,40.0,27.0,76.7,2,vehicle_exhaust
2273.0,2890.0,15.0,35.0,41.0,27.1,78.9,2,vehicle_exhaust
2261.0,2889.0,16.0,35.0,42.0,27.1,78.9,2,vehicle_exhaust
2261.0,2888.0,17.0,37.0,44.0,27.1,80.8,2,vehicle_exhaust
2265.0,2889.0,17.0,38.0,45.0,27.1,80.8,2,vehicle_exhaust
2261.0,2888.0,18.0,39.0,46.0,27.1,80.8,2,vehicle_exhaust
2273.0,2888.0,18.0,39.0,46.0,27.1,82.3,2,vehicle_exhaust
2267.0,2888.0,19.0,40.0,48.0,27.1,82.3,2,vehicle_exhaust
2262.0,2891.0,19.0,40.0,48.0,27.2,83.3,2,vehicle_exhaust
2268.0,2890.0,19.0,40.0,48.0,27.2,83.3,2,vehicle_exhaust
2262.0,2889.0,19.0,40.0,48.0,27.2,83.3,2,vehicle_exhaust
2261.0,2891.0,20.0,40.0,48.0,27.2,83.5,2,vehicle_exhaust
2268.0,2889.0,20.0,40.0,48.0,27.2,83.5,2,vehicle_exhaust
2261.0,2888.0,20.0,40.0,48.0,27.3,83.2,2,vehicle_exhaust
2262.0,2890.0,21.0,40.0,48.0,27.3,83.2,2,vehicle_exhaust
2271.0,2888.0,20.0,40.0,47.0,27.2,83.2,2,vehicle_exhaust
2261.0,2890.0,20.0,40.0,47.0,27.2,83.2,2,vehicle_exhaust
2268.0,2891.0,20.0,39.0,47.0,27.2,83.2,2,vehicle_exhaust
2263.0,2888.0,19.0,38.0,46.0,27.3,83.3,2,vehicle_exhaust
2260.0,2888.0,19.0,38.0,45.0,27.3,83.3,2,vehicle_exhaust
2270.0,2887.0,20.0,38.0,46.0,27.3,82.8,2,vehicle_exhaust
2261.0,2890.0,20.0,37.0,46.0,27.3,82.8,2,vehicle_exhaust
2262.0,2891.0,19.0,35.0,44.0,27.4,80.6,2,vehicle_exhaust
2266.0,2887.0,19.0,35.0,44.0,27.4,80.6,2,vehicle_exhaust
2261.0,2889.0,19.0,35.0,42.0,27.4,80.6,2,vehicle_exhaust
2271.0,2891.0,19.0,34.0,41.0,27.4,78.0,2,vehicle_exhaust
2264.0,2888.0,19.0,34.0,40.0,27.4,78.0,2,vehicle_exhaust
2262.0,2889.0,19.0,34.0,40.0,27.4,75.6,2,vehicle_exhaust
2266.0,2888.0,19.0,34.0,39.0,27.4,75.6,2,vehicle_exhaust
2260.0,2889.0,19.0,33.0,39.0,27.4,75.6,2,vehicle_exhaust
2259.0,2887.0,19.0,33.0,38.0,27.4,73.3,2,vehicle_exhaust
2264.0,2885.0,19.0,33.0,37.0,27.4,73.3,2,vehicle_exhaust
2259.0,2889.0,18.0,32.0,36.0,27.4,71.7,2,vehicle_exhaust
2265.0,2891.0,18.0,31.0,36.0,27.4,71.7,2,vehicle_exhaust
2272.0,2890.0,19.0,32.0,36.0,27.4,70.4,2,vehicle_exhaust
2259.0,2886.0,19.0,32.0,36.0,27.4,70.4,2,vehicle_exhaust
2251.0,2871.0,19.0,32.0,36.0,27.4,70.4,2,vehicle_exhaust
2263.0,2885.0,19.0,32.0,36.0,27.5,70.0,2,vehicle_exhaust
2262.0,2888.0,19.0,32.0,36.0,27.5,70.0,2,vehicle_exhaust
2271.0,2888.0,19.0,32.0,36.0,27.4,70.1,2,vehicle_exhaust
2261.0,2887.0,19.0,32.0,36.0,27.4,70.1,2,vehicle_exhaust
2260.0,2889.0,18.0,32.0,35.0,27.5,69.8,2,vehicle_exhaust
2267.0,2888.0,18.0,32.0,35.0,27.5,69.8,2,vehicle_exhaust
2259.0,2888.0,17.0,31.0,34.0,27.5,69.8,2,vehicle_exhaust
2272.0,2887.0,17.0,31.0,34.0,27.5,69.4,2,vehicle_exhaust
2265.0,2889.0,18.0,32.0,34.0,27.5,69.4,2,vehicle_exhaust
2262.0,2889.0,18.0,32.0,34.0,27.5,70.2,2,vehicle_exhaust
2266.0,2886.0,18.0,32.0,34.0,27.5,70.2,2,vehicle_exhaust
2262.0,2887.0,17.0,31.0,33.0,27.5,70.2,2,vehicle_exhaust
2261.0,2886.0,17.0,32.0,34.0,27.5,69.8,2,vehicle_exhaust
2265.0,2888.0,17.0,30.0,33.0,27.5,69.8,2,vehicle_exhaust
2259.0,2887.0,17.0,30.0,33.0,27.6,69.0,2,vehicle_exhaust
2265.0,2886.0,17.0,30.0,33.0,27.6,69.0,2,vehicle_exhaust
2259.0,2887.0,17.0,30.0,33.0,27.6,69.0,2,vehicle_exhaust
2270.0,2886.0,17.0,30.0,31.0,27.6,68.2,2,vehicle_exhaust
2265.0,2886.0,16.0,30.0,31.0,27.6,68.2,2,vehicle_exhaust
2259.0,2887.0,16.0,30.0,31.0,27.6,67.5,2,vehicle_exhaust
2265.0,2887.0,15.0,29.0,29.0,27.6,67.5,2,vehicle_exhaust
2271.0,2886.0,15.0,29.0,29.0,27.6,67.2,2,vehicle_exhaust
2259.0,2887.0,16.0,30.0,30.0,27.6,67.2,2,vehicle_exhaust
2266.0,2888.0,16.0,30.0,30.0,27.6,67.2,2,vehicle_exhaust
2260.0,2887.0,16.0,30.0,30.0,27.6,67.6,2,vehicle_exhaust
2260.0,2889.0,15.0,29.0,29.0,27.6,67.6,2,vehicle_exhaust
2270.0,2887.0,15.0,29.0,29.0,27.6,69.0,2,vehicle_exhaust
2261.0,2888.0,16.0,30.0,30.0,27.6,69.0,2,vehicle_exhaust
2264.0,2889.0,16.0,30.0,31.0,27.6,69.0,2,vehicle_exhaust
2265.0,2889.0,15.0,29.0,30.0,27.6,71.6,2,vehicle_exhaust
2258.0,2888.0,15.0,29.0,30.0,27.6,71.6,2,vehicle_exhaust
2267.0,2886.0,16.0,30.0,31.0,27.7,73.7,2,vehicle_exhaust
2250.0,2868.0,16.0,30.0,33.0,27.7,73.7,2,vehicle_exhaust
2261.0,2888.0,17.0,32.0,33.0,27.7,74.9,2,vehicle_exhaust
2261.0,2886.0,17.0,32.0,33.0,27.7,74.9,2,vehicle_exhaust
2253.0,2876.0,17.0,32.0,33.0,27.7,74.9,2,vehicle_exhaust
2273.0,2882.0,16.0,31.0,32.0,27.7,74.5,2,vehicle_exhaust
2270.0,2893.0,16.0,31.0,32.0,27.7,74.5,2,vehicle_exhaust
2262.0,2888.0,16.0,31.0,32.0,27.7,72.5,2,vehicle_exhaust
2262.0,2885.0,16.0,31.0,32.0,27.7,72.5,2,vehicle_exhaust
2268.0,2888.0,18.0,30.0,31.0,27.7,71.9,2,vehicle_exhaust
2257.0,2886.0,18.0,30.0,31.0,27.7,71.9,2,vehicle_exhaust
2264.0,2888.0,18.0,30.0,31.0,27.7,71.9,2,vehicle_exhaust
2260.0,2886.0,18.0,30.0,33.0,27.8,74.2,2,vehicle_exhaust
2261.0,2890.0,17.0,29.0,32.0,27.8,74.2,2,vehicle_exhaust
2273.0,2891.0,17.0,31.0,33.0,27.8,76.5,2,vehicle_exhaust
2262.0,2890.0,17.0,31.0,34.0,27.8,76.5,2,vehicle_exhaust
2265.0,2889.0,17.0,31.0,34.0,27.8,76.5,2,vehicle_exhaust
2264.0,2888.0,17.0,31.0,35.0,27.8,77.3,2,vehicle_exhaust
2262.0,2889.0,19.0,33.0,37.0,27.8,77.3,2,vehicle_exhaust
2270.0,2888.0,19.0,33.0,37.0,27.8,76.2,2,vehicle_exhaust
2265.0,2891.0,18.0,32.0,36.0,27.8,76.2,2,vehicle_exhaust
2265.0,2892.0,18.0,32.0,36.0,27.9,74.9,2,vehicle_exhaust
2261.0,2889.0,18.0,32.0,36.0,27.9,74.9,2,vehicle_exhaust
2274.0,2889.0,18.0,32.0,35.0,27.8,75.1,2,vehicle_exhaust
2262.0,2891.0,18.0,31.0,35.0,27.8,75.1,2,vehicle_exhaust
2260.0,2892.0,19.0,32.0,35.0,27.9,75.6,2,vehicle_exhaust
2265.0,2889.0,19.0,32.0,35.0,27.9,75.6,2,vehicle_exhaust
2260.0,2890.0,19.0,32.0,35.0,27.9,75.6,2,vehicle_exhaust
2262.0,2891.0,18.0,29.0,33.0,27.9,76.0,2,vehicle_exhaust
2265.0,2888.0,18.0,29.0,32.0,27.9,76.0,2,vehicle_exhaust
2263.0,2889.0,17.0,29.0,32.0,27.9,75.2,2,vehicle_exhaust
2263.0,2888.0,18.0,30.0,31.0,27.9,75.2,2,vehicle_exhaust
2270.0,2887.0,18.0,30.0,30.0,27.9,73.0,2,vehicle_exhaust
2260.0,2888.0,17.0,28.0,29.0,27.9,73.0,2,vehicle_exhaust
2263.0,2886.0,17.0,28.0,28.0,27.9,73.0,2,vehicle_exhaust
2260.0,2886.0,17.0,28.0,28.0,28.0,71.2,2,vehicle_exhaust
2260.0,2889.0,18.0,29.0,29.0,28.0,71.2,2,vehicle_exhaust
2274.0,2889.0,17.0,29.0,29.0,28.0,69.7,2,vehicle_exhaust
2260.0,2887.0,17.0,29.0,30.0,28.0,69.7,2,vehicle_exhaust
2265.0,2885.0,17.0,29.0,30.0,28.0,69.7,2,vehicle_exhaust
2267.0,2891.0,17.0,29.0,30.0,28.0,68.7,2,vehicle_exhaust
2263.0,2890.0,17.0,29.0,30.0,28.0,68.7,2,vehicle_exhaust
2272.0,2890.0,17.0,29.0,30.0,28.0,67.9,2,vehicle_exhaust
2264.0,2891.0,16.0,28.0,29.0,28.0,67.9,2,vehicle_exhaust
2262.0,2889.0,16.0,29.0,30.0,28.0,67.3,2,vehicle_exhaust
2267.0,2892.0,16.0,29.0,30.0,28.0,67.3,2,vehicle_exhaust
2261.0,2890.0,16.0,29.0,30.0,28.0,67.3,2,vehicle_exhaust
2273.0,2891.0,15.0,28.0,29.0,28.0,67.1,2,vehicle_exhaust
2266.0,2891.0,14.0,28.0,29.0,28.0,67.1,2,vehicle_exhaust
2263.0,2891.0,15.0,29.0,30.0,28.1,66.7,2,vehicle_exhaust
2267.0,2888.0,14.0,29.0,30.0,28.1,66.7,2,vehicle_exhaust
2267.0,2882.0,14.0,29.0,30.0,28.0,66.1,2,vehicle_exhaust
2260.0,2889.0,14.0,29.0,30.0,28.0,66.1,2,vehicle_exhaust
2267.0,2891.0,14.0,28.0,30.0,28.0,66.1,2,vehicle_exhaust
2264.0,2891.0,14.0,28.0,30.0,28.1,66.7,2,vehicle_exhaust
2261.0,2891.0,14.0,27.0,30.0,28.1,66.7,2,vehicle_exhaust
2274.0,2892.0,13.0,27.0,30.0,28.1,67.1,2,vehicle_exhaust
2262.0,2892.0,13.0,27.0,30.0,28.1,67.1,2,vehicle_exhaust
2266.0,2890.0,13.0,26.0,30.0,28.1,67.1,2,vehicle_exhaust
2267.0,2891.0,12.0,25.0,29.0,28.1,66.8,2,vehicle_exhaust
2262.0,2891.0,13.0,26.0,30.0,28.1,66.8,2,vehicle_exhaust
2273.0,2891.0,13.0,26.0,30.0,28.1,66.1,2,vehicle_exhaust
2264.0,2891.0,13.0,27.0,30.0,28.1,66.1,2,vehicle_exhaust
2263.0,2891.0,13.0,27.0,29.0,28.1,65.4,2,vehicle_exhaust
2268.0,2893.0,14.0,27.0,29.0,28.1,65.4,2,vehicle_exhaust
2263.0,2891.0,13.0,26.0,28.0,28.1,65.4,2,vehicle_exhaust
2274.0,2891.0,13.0,26.0,28.0,28.1,64.9,2,vehicle_exhaust
2268.0,2889.0,13.0,26.0,28.0,28.1,64.9,2,vehicle_exhaust
2262.0,2890.0,13.0,26.0,28.0,28.1,64.5,2,vehicle_exhaust
2267.0,2888.0,13.0,26.0,28.0,28.1,64.5,2,vehicle_exhaust
2273.0,2889.0,14.0,27.0,29.0,28.1,64.2,2,vehicle_exhaust
2261.0,2889.0,14.0,27.0,29.0,28.1,64.2,2,vehicle_exhaust
2267.0,2891.0,14.0,27.0,28.0,28.1,64.2,2,vehicle_exhaust
2261.0,2889.0,14.0,27.0,28.0,28.1,64.0,2,vehicle_exhaust
2263.0,2889.0,13.0,26.0,27.0,28.1,64.0,2,vehicle_exhaust
2276.0,2889.0,13.0,26.0,27.0,28.1,63.6,2,vehicle_exhaust
2262.0,2889.0,14.0,27.0,28.0,28.1,63.6,2,vehicle_exhaust
2266.0,2889.0,14.0,27.0,28.0,28.1,63.6,2,vehicle_exhaust
2271.0,2888.0,14.0,28.0,29.0,28.1,63.3,2,vehicle_exhaust
2264.0,2890.0,14.0,28.0,29.0,28.1,63.3,2,vehicle_exhaust
2274.0,2890.0,14.0,28.0,29.0,28.1,63.2,2,vehicle_exhaust
2264.0,2890.0,13.0,27.0,28.0,28.1,63.2,2,vehicle_exhaust
2263.0,2890.0,13.0,27.0,28.0,28.1,62.9,2,vehicle_exhaust
2267.0,2888.0,14.0,28.0,29.0,28.1,62.9,2,vehicle_exhaust
2261.0,2888.0,14.0,27.0,29.0,28.1,62.9,2,vehicle_exhaust
2273.0,2889.0,13.0,27.0,29.0,28.1,62.9,2,vehicle_exhaust
2270.0,2891.0,13.0,27.0,28.0,28.1,62.9,2,vehicle_exhaust
2264.0,2890.0,13.0,27.0,28.0,28.1,62.8,2,vehicle_exhaust
2267.0,2887.0,12.0,26.0,27.0,28.1,62.8,2,vehicle_exhaust
2260.0,2886.0,12.0,26.0,27.0,28.1,62.8,2,vehicle_exhaust
2260.0,2888.0,12.0,26.0,27.0,28.1,63.6,2,vehicle_exhaust
2266.0,2887.0,12.0,26.0,27.0,28.1,63.6,2,vehicle_exhaust
2253.0,2873.0,13.0,27.0,28.0,28.1,65.2,2,vehicle_exhaust
2260.0,2887.0,13.0,27.0,28.0,28.1,65.2,2,vehicle_exhaust
2267.0,2886.0,13.0,27.0,28.0,28.1,67.3,2,vehicle_exhaust
2243.0,2875.0,13.0,27.0,28.0,28.1,67.3,2,vehicle_exhaust
2265.0,2885.0,13.0,28.0,29.0,28.1,67.3,2,vehicle_exhaust
2267.0,2889.0,12.0,27.0,28.0,28.1,68.7,2,vehicle_exhaust
2259.0,2885.0,12.0,27.0,28.0,28.1,68.7,2,vehicle_exhaust
2269.0,2887.0,12.0,27.0,28.0,28.1,69.6,2,vehicle_exhaust
2259.0,2886.0,12.0,27.0,28.0,28.1,69.6,2,vehicle_exhaust
2264.0,2889.0,13.0,28.0,30.0,28.1,70.2,2,vehicle_exhaust
2270.0,2892.0,14.0,29.0,30.0,28.1,70.2,2,vehicle_exhaust
2264.0,2891.0,14.0,29.0,31.0,28.1,70.2,2,vehicle_exhaust
2272.0,2885.0,13.0,28.0,30.0,28.1,71.3,2,vehicle_exhaust
2266.0,2888.0,13.0,28.0,30.0,28.1,71.3,2,vehicle_exhaust
2261.0,2887.0,14.0,30.0,31.0,28.1,71.8,2,vehicle_exhaust
2266.0,2888.0,14.0,30.0,31.0,28.1,71.8,2,vehicle_exhaust
2263.0,2890.0,14.0,29.0,29.0,28.1,71.8,2,vehicle_exhaust
2260.0,2890.0,14.0,28.0,29.0,28.1,70.9,2,vehicle_exhaust
2265.0,2888.0,15.0,29.0,30.0,28.1,70.9,2,vehicle_exhaust
2263.0,2889.0,15.0,29.0,29.0,28.1,69.7,2,vehicle_exhaust
2262.0,2889.0,13.0,28.0,28.0,28.1,69.7,2,vehicle_exhaust
2271.0,2889.0,13.0,28.0,28.0,28.1,68.2,2,vehicle_exhaust
2261.0,2889.0,13.0,28.0,28.0,28.1,68.2,2,vehicle_exhaust
2266.0,2889.0,14.0,28.0,28.0,28.1,68.2,2,vehicle_exhaust
2267.0,2889.0,14.0,28.0,28.0,28.1,67.1,2,vehicle_exhaust
2262.0,2888.0,13.0,27.0,27.0,28.1,67.1,2,vehicle_exhaust
2274.0,2888.0,13.0,27.0,27.0,28.1,66.3,2,vehicle_exhaust
2262.0,2890.0,13.0,26.0,26.0,28.1,66.3,2,vehicle_exhaust
2261.0,2889.0,14.0,26.0,26.0,28.2,66.2,2,vehicle_exhaust
2267.0,2889.0,14.0,26.0,26.0,28.2,66.2,2,vehicle_exhaust
2245.0,2888.0,13.0,25.0,25.0,28.2,66.2,2,vehicle_exhaust
2270.0,2887.0,13.0,25.0,25.0,28.1,66.7,2,vehicle_exhaust
2266.0,2888.0,14.0,26.0,26.0,28.1,66.7,2,vehicle_exhaust
2260.0,2890.0,14.0,26.0,26.0,28.2,67.0,2,vehicle_exhaust
2266.0,2889.0,14.0,26.0,26.0,28.2,67.0,2,vehicle_exhaust
2263.0,2891.0,14.0,26.0,26.0,28.2,67.0,2,vehicle_exhaust
2262.0,2888.0,13.0,25.0,25.0,28.2,66.6,2,vehicle_exhaust
2266.0,2887.0,13.0,25.0,25.0,28.2,66.6,2,vehicle_exhaust
2260.0,2889.0,13.0,25.0,25.0,28.2,66.0,2,vehicle_exhaust
2264.0,2891.0,13.0,25.0,25.0,28.2,66.0,2,vehicle_exhaust
2274.0,2890.0,13.0,25.0,25.0,28.2,65.4,2,vehicle_exhaust
2262.0,2889.0,14.0,25.0,25.0,28.2,65.4,2,vehicle_exhaust
2266.0,2888.0,14.0,25.0,25.0,28.2,65.4,2,vehicle_exhaust
2267.0,2889.0,14.0,25.0,25.0,28.2,64.8,2,vehicle_exhaust
2263.0,2890.0,14.0,25.0,25.0,28.2,64.8,2,vehicle_exhaust
2272.0,2888.0,14.0,25.0,25.0,28.2,64.5,2,vehicle_exhaust
2263.0,2889.0,13.0,23.0,24.0,28.2,64.5,2,vehicle_exhaust
2263.0,2888.0,14.0,25.0,26.0,28.2,64.1,2,vehicle_exhaust
2265.0,2889.0,14.0,25.0,26.0,28.2,64.1,2,vehicle_exhaust
2262.0,2888.0,14.0,25.0,26.0,28.2,64.1,2,vehicle_exhaust
2274.0,2889.0,14.0,25.0,26.0,28.2,64.1,2,vehicle_exhaust
2266.0,2887.0,14.0,26.0,27.0,28.2,64.1,2,vehicle_exhaust
2262.0,2889.0,14.0,26.0,27.0,28.2,63.7,2,vehicle_exhaust
2268.0,2889.0,14.0,26.0,27.0,28.2,63.7,2,vehicle_exhaust
2262.0,2889.0,14.0,26.0,27.0,28.2,63.7,2,vehicle_exhaust
2275.0,2888.0,14.0,26.0,28.0,28.2,63.6,2,vehicle_exhaust
2262.0,2887.0,14.0,26.0,28.0,28.2,63.6,2,vehicle_exhaust
2261.0,2889.0,14.0,26.0,27.0,28.2,63.6,2,vehicle_exhaust
2268.0,2890.0,14.0,26.0,27.0,28.2,63.6,2,vehicle_exhaust
2262.0,2888.0,14.0,26.0,27.0,28.2,63.6,2,vehicle_exhaust
2263.0,2889.0,14.0,25.0,26.0,28.2,63.4,2,vehicle_exhaust
2267.0,2888.0,14.0,25.0,26.0,28.2,63.4,2,vehicle_exhaust
2265.0,2889.0,14.0,25.0,26.0,28.2,63.1,2,vehicle_exhaust
2267.0,2888.0,14.0,25.0,26.0,28.2,63.1,2,vehicle_exhaust
2273.0,2888.0,15.0,26.0,27.0,28.2,62.7,2,vehicle_exhaust
2263.0,2887.0,15.0,26.0,27.0,28.2,62.7,2,vehicle_exhaust
2269.0,2889.0,14.0,25.0,26.0,28.2,62.7,2,vehicle_exhaust
2262.0,2889.0,14.0,24.0,26.0,28.2,62.6,2,vehicle_exhaust
2262.0,2886.0,15.0,26.0,28.0,28.2,62.6,2,vehicle_exhaust
2271.0,2888.0,15.0,26.0,28.0,28.2,62.5,2,vehicle_exhaust
2264.0,2889.0,15.0,26.0,28.0,28.2,62.5,2,vehicle_exhaust
2266.0,2890.0,14.0,25.0,27.0,28.2,62.5,2,vehicle_exhaust
2271.0,2890.0,14.0,25.0,27.0,28.2,62.4,2,vehicle_exhaust
2262.0,2889.0,15.0,26.0,28.0,28.2,62.4,2,vehicle_exhaust
2275.0,2889.0,15.0,26.0,29.0,28.2,62.2,2,vehicle_exhaust
2263.0,2889.0,15.0,26.0,29.0,28.2,62.2,2,vehicle_exhaust
2261.0,2888.0,14.0,26.0,28.0,28.2,62.3,2,vehicle_exhaust
2269.0,2888.0,14.0,26.0,27.0,28.2,62.3,2,vehicle_exhaust
2264.0,2889.0,15.0,27.0,28.0,28.2,62.3,2,vehicle_exhaust
2275.0,2887.0,15.0,27.0,28.0,28.1,62.2,2,vehicle_exhaust
2262.0,2888.0,15.0,27.0,28.0,28.1,62.2,2,vehicle_exhaust
2266.0,2890.0,15.0,27.0,27.0,28.1,62.2,2,vehicle_exhaust
2262.0,2888.0,15.0,27.0,27.0,28.1,62.2,2,vehicle_exhaust
2263.0,2888.0,13.0,25.0,26.0,28.2,62.5,2,vehicle_exhaust
2268.0,2890.0,13.0,25.0,26.0,28.2,62.5,2,vehicle_exhaust
2262.0,2890.0,13.0,25.0,26.0,28.1,63.3,2,vehicle_exhaust
2267.0,2888.0,13.0,25.0,26.0,28.1,63.3,2,vehicle_exhaust
2274.0,2889.0,13.0,25.0,26.0,28.1,65.3,2,vehicle_exhaust
2262.0,2889.0,13.0,25.0,26.0,28.1,65.3,2,vehicle_exhaust
2269.0,2891.0,12.0,25.0,26.0,28.1,65.3,2,vehicle_exhaust
2263.0,2888.0,12.0,25.0,26.0,28.1,67.3,2,vehicle_exhaust
2262.0,2889.0,13.0,27.0,28.0,28.1,67.3,2,vehicle_exhaust
2272.0,2889.0,13.0,27.0,28.0,28.2,68.7,2,vehicle_exhaust
2263.0,2891.0,12.0,26.0,27.0,28.2,68.7,2,vehicle_exhaust
2266.0,2890.0,12.0,27.0,27.0,28.2,68.7,2,vehicle_exhaust
2268.0,2889.0,13.0,27.0,27.0,28.2,69.2,2,vehicle_exhaust
2263.0,2891.0,12.0,27.0,27.0,28.2,69.2,2,vehicle_exhaust
2273.0,2889.0,13.0,28.0,28.0,28.2,69.4,2,vehicle_exhaust
2263.0,2891.0,13.0,27.0,28.0,28.2,69.4,2,vehicle_exhaust
2263.0,2892.0,13.0,27.0,27.0,28.2,69.5,2,vehicle_exhaust
2269.0,2891.0,13.0,27.0,27.0,28.2,69.5,2,vehicle_exhaust
2266.0,2890.0,13.0,27.0,27.0,28.2,69.5,2,vehicle_exhaust
2264.0,2889.0,13.0,27.0,27.0,28.2,69.1,2,vehicle_exhaust
2270.0,2892.0,12.0,27.0,27.0,28.2,69.1,2,vehicle_exhaust
2264.0,2891.0,11.0,26.0,26.0,28.2,68.9,2,vehicle_exhaust
2270.0,2893.0,11.0,26.0,26.0,28.2,68.9,2,vehicle_exhaust
2274.0,2892.0,11.0,27.0,27.0,28.2,68.1,2,vehicle_exhaust
2262.0,2891.0,11.0,27.0,27.0,28.2,68.1,2,vehicle_exhaust
2268.0,2893.0,11.0,27.0,27.0,28.2,68.1,2,vehicle_exhaust
2264.0,2891.0,12.0,27.0,28.0,28.1,67.4,2,vehicle_exhaust
2271.0,2891.0,12.0,27.0,28.0,28.1,67.4,2,vehicle_exhaust
2264.0,2891.0,12.0,27.0,28.0,28.1,67.4,2,vehicle_exhaust
2263.0,2890.0,12.0,27.0,28.0,28.2,66.5,2,vehicle_exhaust
2268.0,2891.0,12.0,26.0,28.0,28.2,66.5,2,vehicle_exhaust
2262.0,2888.0,12.0,26.0,28.0,28.2,65.8,2,vehicle_exhaust
2268.0,2889.0,12.0,26.0,28.0,28.2,65.8,2,vehicle_exhaust
2272.0,2890.0,11.0,25.0,27.0,28.2,65.1,2,vehicle_exhaust
2264.0,2892.0,11.0,25.0,27.0,28.2,65.1,2,vehicle_exhaust
2267.0,2890.0,11.0,25.0,27.0,28.2,65.1,2,vehicle_exhaust
2264.0,2891.0,12.0,25.0,27.0,28.2,64.6,2,vehicle_exhaust
2264.0,2893.0,12.0,26.0,28.0,28.2,64.6,2,vehicle_exhaust
2275.0,2890.0,12.0,27.0,29.0,28.2,64.6,2,vehicle_exhaust
2263.0,2890.0,12.0,27.0,29.0,28.2,64.6,2,vehicle_exhaust
2269.0,2891.0,11.0,26.0,28.0,28.2,64.6,2,vehicle_exhaust
2268.0,2890.0,11.0,25.0,27.0,28.1,64.2,2,vehicle_exhaust
2265.0,2891.0,11.0,25.0,27.0,28.1,64.2,2,vehicle_exhaust
2276.0,2891.0,11.0,25.0,27.0,28.1,64.0,2,vehicle_exhaust
2270.0,2890.0,12.0,26.0,28.0,28.1,64.0,2,vehicle_exhaust
2263.0,2891.0,12.0,26.0,28.0,28.2,63.6,2,vehicle_exhaust
2267.0,2891.0,12.0,26.0,28.0,28.2,63.6,2,vehicle_exhaust
2263.0,2891.0,12.0,26.0,28.0,28.2,63.6,2,vehicle_exhaust
2277.0,2890.0,12.0,26.0,28.0,28.1,63.2,2,vehicle_exhaust
2264.0,2891.0,11.0,25.0,27.0,28.1,63.2,2,vehicle_exhaust
2263.0,2891.0,10.0,25.0,26.0,28.1,62.9,2,vehicle_exhaust
2266.0,2890.0,11.0,26.0,27.0,28.1,62.9,2,vehicle_exhaust
2264.0,2891.0,11.0,26.0,27.0,28.1,62.9,2,vehicle_exhaust
2274.0,2891.0,11.0,26.0,27.0,28.1,62.7,2,vehicle_exhaust
2269.0,2892.0,10.0,25.0,26.0,28.1,62.7,2,vehicle_exhaust
2266.0,2891.0,10.0,25.0,26.0,28.1,62.5,2,vehicle_exhaust
2270.0,2890.0,10.0,25.0,26.0,28.1,62.5,2,vehicle_exhaust
2265.0,2892.0,10.0,25.0,26.0,28.1,62.5,2,vehicle_exhaust
2264.0,2892.0,11.0,26.0,27.0,28.1,62.7,2,vehicle_exhaust
2266.0,2889.0,11.0,26.0,27.0,28.1,62.7,2,vehicle_exhaust
2263.0,2890.0,11.0,26.0,27.0,28.1,63.0,2,vehicle_exhaust
2267.0,2891.0,11.0,26.0,27.0,28.1,63.0,2,vehicle_exhaust
2274.0,2891.0,11.0,26.0,27.0,28.1,63.3,2,vehicle_exhaust
2262.0,2890.0,11.0,26.0,27.0,28.1,63.3,2,vehicle_exhaust
2269.0,2891.0,11.0,26.0,27.0,28.1,63.3,2,vehicle_exhaust
2269.0,2892.0,12.0,26.0,27.0,28.1,64.3,2,vehicle_exhaust
2265.0,2889.0,12.0,27.0,27.0,28.1,64.3,2,vehicle_exhaust
2276.0,2890.0,12.0,26.0,26.0,28.1,64.7,2,vehicle_exhaust
2264.0,2891.0,12.0,26.0,27.0,28.1,64.7,2,vehicle_exhaust
2262.0,2890.0,12.0,27.0,27.0,28.1,65.1,2,vehicle_exhaust
2271.0,2891.0,12.0,27.0,27.0,28.1,65.1,2,vehicle_exhaust
2263.0,2889.0,12.0,27.0,27.0,28.1,65.1,2,vehicle_exhaust
2272.0,2890.0,12.0,27.0,27.0,28.1,65.5,2,vehicle_exhaust
2148.0,2741.0,43.0,62.0,73.0,22.5,62.5,3,cigarette_smoke
2154.0,2741.0,43.0,62.0,72.0,22.5,62.5,3,cigarette_smoke
2149.0,2741.0,43.0,61.0,71.0,22.5,62.5,3,cigarette_smoke
2154.0,2738.0,41.0,60.0,71.0,22.5,62.5,3,cigarette_smoke
2160.0,2740.0,42.0,59.0,71.0,22.5,62.7,3,cigarette_smoke
2149.0,2742.0,41.0,59.0,70.0,22.5,62.7,3,cigarette_smoke
2155.0,2742.0,40.0,59.0,70.0,22.5,62.7,3,cigarette_smoke
2156.0,2741.0,39.0,57.0,69.0,22.5,62.7,3,cigarette_smoke
2163.0,2742.0,40.0,58.0,69.0,22.5,62.6,3,cigarette_smoke
2149.0,2743.0,40.0,58.0,69.0,22.5,62.6,3,cigarette_smoke
2153.0,2742.0,39.0,58.0,69.0,22.5,62.6,3,cigarette_smoke
2149.0,2742.0,39.0,58.0,70.0,22.5,63.0,3,cigarette_smoke
2150.0,2741.0,43.0,64.0,74.0,22.5,63.0,3,cigarette_smoke
2164.0,2742.0,48.0,75.0,80.0,22.5,62.9,3,cigarette_smoke
2150.0,2742.0,53.0,87.0,90.0,22.5,62.9,3,cigarette_smoke
2154.0,2740.0,36.0,53.0,65.0,21.1,59.7,3,cigarette_smoke
2154.0,2744.0,35.0,53.0,64.0,21.1,59.7,3,cigarette_smoke
2172.0,2767.0,36.0,54.0,65.0,21.1,59.7,3,cigarette_smoke
2173.0,2747.0,36.0,54.0,65.0,21.1,59.7,3,cigarette_smoke
2171.0,2765.0,36.0,54.0,65.0,21.1,59.7,3,cigarette_smoke
2171.0,2764.0,35.0,53.0,64.0,21.1,59.6,3,cigarette_smoke
2170.0,2762.0,35.0,53.0,65.0,21.1,59.5,3,cigarette_smoke
2169.0,2762.0,35.0,53.0,65.0,21.1,59.5,3,cigarette_smoke
2172.0,2764.0,35.0,53.0,65.0,21.1,59.5,3,cigarette_smoke
2162.0,2764.0,36.0,54.0,67.0,21.1,59.4,3,cigarette_smoke
2153.0,2756.0,36.0,54.0,67.0,21.1,59.4,3,cigarette_smoke
2153.0,2739.0,35.0,53.0,66.0,21.1,59.3,3,cigarette_smoke
2151.0,2743.0,35.0,53.0,66.0,21.1,59.3,3,cigarette_smoke
2154.0,2739.0,36.0,53.0,66.0,21.1,59.2,3,cigarette_smoke
2154.0,2741.0,37.0,53.0,66.0,21.1,59.2,3,cigarette_smoke
2152.0,2741.0,37.0,54.0,66.0,21.1,59.2,3,cigarette_smoke
2153.0,2742.0,37.0,54.0,66.0,21.1,59.0,3,cigarette_smoke
2146.0,2739.0,36.0,54.0,65.0,21.1,59.0,3,cigarette_smoke
2127.0,2712.0,35.0,54.0,65.0,21.1,59.0,3,cigarette_smoke
2154.0,2737.0,36.0,55.0,66.0,21.1,59.0,3,cigarette_smoke
2149.0,2740.0,36.0,55.0,66.0,21.1,58.9,3,cigarette_smoke
2129.0,2740.0,36.0,53.0,65.0,21.1,58.9,3,cigarette_smoke
2147.0,2729.0,36.0,53.0,65.0,21.1,58.9,3,cigarette_smoke
2139.0,2740.0,36.0,53.0,65.0,21.1,58.9,3,cigarette_smoke
2153.0,2735.0,36.0,53.0,65.0,21.1,58.9,3,cigarette_smoke
2138.0,2737.0,36.0,53.0,63.0,21.1,58.8,3,cigarette_smoke
2141.0,2739.0,36.0,54.0,64.0,21.1,58.8,3,cigarette_smoke
2154.0,2739.0,36.0,54.0,64.0,21.1,58.7,3,cigarette_smoke
2148.0,2740.0,36.0,54.0,64.0,21.1,58.7,3,cigarette_smoke
2156.0,2745.0,36.0,53.0,63.0,21.1,58.7,3,cigarette_smoke
2149.0,2743.0,35.0,53.0,63.0,21.1,58.7,3,cigarette_smoke
2161.0,2745.0,35.0,53.0,63.0,21.1,58.7,3,cigarette_smoke
2150.0,2743.0,35.0,53.0,63.0,21.1,58.7,3,cigarette_smoke
2151.0,2745.0,35.0,54.0,64.0,21.1,58.7,3,cigarette_smoke
2157.0,2746.0,36.0,54.0,64.0,21.1,58.7,3,cigarette_smoke
2154.0,2744.0,38.0,55.0,65.0,21.1,58.7,3,cigarette_smoke
2164.0,2743.0,38.0,55.0,68.0,21.1,58.6,3,cigarette_smoke
2157.0,2747.0,40.0,59.0,71.0,21.1,58.6,3,cigarette_smoke
2151.0,2744.0,41.0,61.0,75.0,21.1,58.4,3,cigarette_smoke
2159.0,2743.0,45.0,64.0,78.0,21.1,58.4,3,cigarette_smoke
2151.0,2744.0,48.0,76.0,84.0,21.1,58.4,3,cigarette_smoke
2154.0,2748.0,60.0,108.0,113.0,21.1,58.0,3,cigarette_smoke
2155.0,2747.0,57.0,101.0,106.0,21.1,58.0,3,cigarette_smoke
2168.0,2747.0,58.0,101.0,105.0,21.1,58.0,3,cigarette_smoke
2155.0,2748.0,56.0,99.0,103.0,21.1,58.0,3,cigarette_smoke
2155.0,2745.0,53.0,90.0,95.0,21.1,58.0,3,cigarette_smoke
2160.0,2746.0,50.0,88.0,92.0,21.1,58.0,3,cigarette_smoke
2156.0,2748.0,49.0,84.0,89.0,21.1,58.0,3,cigarette_smoke
2168.0,2746.0,48.0,81.0,87.0,21.1,57.9,3,cigarette_smoke
2159.0,2747.0,47.0,78.0,86.0,21.1,57.9,3,cigarette_smoke
2154.0,2747.0,45.0,75.0,84.0,21.1,57.9,3,cigarette_smoke
2160.0,2745.0,45.0,74.0,83.0,21.1,57.9,3,cigarette_smoke
2155.0,2747.0,44.0,73.0,83.0,21.1,57.9,3,cigarette_smoke
2155.0,2747.0,43.0,68.0,81.0,21.1,58.0,3,cigarette_smoke
2156.0,2747.0,41.0,66.0,78.0,21.1,58.1,3,cigarette_smoke
2161.0,2744.0,41.0,66.0,78.0,21.1,58.1,3,cigarette_smoke
2155.0,2747.0,44.0,68.0,81.0,21.1,58.1,3,cigarette_smoke
2156.0,2749.0,45.0,70.0,81.0,21.1,58.2,3,cigarette_smoke
2159.0,2750.0,46.0,71.0,82.0,21.1,58.2,3,cigarette_smoke
2154.0,2747.0,47.0,73.0,82.0,21.1,58.2,3,cigarette_smoke
2161.0,2746.0,48.0,74.0,84.0,21.1,58.2,3,cigarette_smoke
2170.0,2747.0,50.0,78.0,87.0,21.1,58.3,3,cigarette_smoke
2154.0,2747.0,50.0,78.0,86.0,21.1,58.3,3,cigarette_smoke
2162.0,2745.0,50.0,79.0,88.0,21.1,58.3,3,cigarette_smoke
2156.0,2747.0,50.0,81.0,89.0,21.1,58.4,3,cigarette_smoke
2155.0,2747.0,55.0,85.0,90.0,21.1,58.4,3,cigarette_smoke
2167.0,2746.0,56.0,87.0,92.0,21.1,58.5,3,cigarette_smoke
2158.0,2747.0,60.0,93.0,98.0,21.1,58.5,3,cigarette_smoke
2155.0,2746.0,61.0,95.0,99.0,21.1,58.8,3,cigarette_smoke
2156.0,2746.0,60.0,91.0,95.0,21.1,58.8,3,cigarette_smoke
2168.0,2746.0,60.0,92.0,95.0,21.1,59.0,3,cigarette_smoke
2154.0,2748.0,60.0,92.0,95.0,21.1,59.0,3,cigarette_smoke
2159.0,2748.0,60.0,93.0,98.0,21.1,59.0,3,cigarette_smoke
2162.0,2748.0,62.0,96.0,101.0,21.1,59.0,3,cigarette_smoke
2154.0,2747.0,63.0,97.0,102.0,21.1,59.0,3,cigarette_smoke
2168.0,2746.0,63.0,93.0,99.0,21.1,59.9,3,cigarette_smoke
2157.0,2750.0,62.0,92.0,98.0,21.1,59.9,3,cigarette_smoke
2155.0,2746.0,60.0,91.0,97.0,21.2,60.0,3,cigarette_smoke
2162.0,2748.0,60.0,90.0,96.0,21.2,60.0,3,cigarette_smoke
2168.0,2747.0,58.0,88.0,93.0,21.1,60.1,3,cigarette_smoke
2155.0,2745.0,57.0,85.0,92.0,21.1,60.1,3,cigarette_smoke
2155.0,2748.0,55.0,82.0,90.0,21.2,60.0,3,cigarette_smoke
2160.0,2746.0,53.0,79.0,89.0,21.2,60.0,3,cigarette_smoke
2154.0,2742.0,53.0,79.0,88.0,21.2,60.0,3,cigarette_smoke
2170.0,2744.0,51.0,77.0,87.0,21.2,60.2,3,cigarette_smoke
2159.0,2748.0,48.0,73.0,84.0,21.2,60.2,3,cigarette_smoke
2152.0,2744.0,47.0,73.0,83.0,21.2,60.2,3,cigarette_smoke
2158.0,2742.0,50.0,77.0,87.0,21.2,60.2,3,cigarette_smoke
2154.0,2747.0,51.0,78.0,87.0,21.2,60.2,3,cigarette_smoke
2154.0,2746.0,53.0,79.0,87.0,21.2,60.3,3,cigarette_smoke
2160.0,2745.0,55.0,80.0,88.0,21.2,60.3,3,cigarette_smoke
2154.0,2745.0,55.0,82.0,88.0,21.2,60.5,3,cigarette_smoke
2154.0,2743.0,59.0,88.0,91.0,21.2,60.5,3,cigarette_smoke
2152.0,2744.0,90.0,141.0,144.0,21.2,61.0,3,cigarette_smoke
2158.0,2745.0,89.0,139.0,141.0,21.2,61.0,3,cigarette_smoke
2153.0,2745.0,90.0,138.0,139.0,21.2,61.0,3,cigarette_smoke
2153.0,2743.0,85.0,130.0,133.0,21.3,62.0,3,cigarette_smoke
2153.0,2744.0,85.0,132.0,135.0,21.3,62.0,3,cigarette_smoke
2154.0,2744.0,84.0,130.0,134.0,21.3,62.0,3,cigarette_smoke
2157.0,2746.0,83.0,128.0,131.0,21.3,62.0,3,cigarette_smoke
2153.0,2742.0,81.0,126.0,129.0,21.3,62.0,3,cigarette_smoke
2166.0,2745.0,61.0,92.0,95.0,21.5,63.1,3,cigarette_smoke
2153.0,2748.0,62.0,92.0,96.0,21.5,63.1,3,cigarette_smoke
2158.0,2746.0,64.0,93.0,97.0,21.5,63.1,3,cigarette_smoke
2154.0,2744.0,65.0,95.0,98.0,21.4,63.1,3,cigarette_smoke
2166.0,2746.0,62.0,93.0,95.0,21.5,63.3,3,cigarette_smoke
2154.0,2747.0,61.0,92.0,94.0,21.5,63.3,3,cigarette_smoke
2159.0,2747.0,61.0,91.0,93.0,21.5,63.3,3,cigarette_smoke
2154.0,2746.0,61.0,91.0,93.0,21.5,63.4,3,cigarette_smoke
2152.0,2746.0,61.0,90.0,93.0,21.5,63.4,3,cigarette_smoke
2166.0,2746.0,61.0,90.0,93.0,21.6,63.4,3,cigarette_smoke
2155.0,2749.0,60.0,90.0,92.0,21.6,63.4,3,cigarette_smoke
2157.0,2745.0,59.0,90.0,92.0,21.6,63.4,3,cigarette_smoke
2159.0,2746.0,59.0,90.0,93.0,21.6,63.4,3,cigarette_smoke
2153.0,2745.0,59.0,90.0,92.0,21.6,63.4,3,cigarette_smoke
2167.0,2748.0,59.0,89.0,91.0,21.6,63.5,3,cigarette_smoke
2152.0,2746.0,58.0,87.0,91.0,21.6,63.5,3,cigarette_smoke
2159.0,2746.0,54.0,83.0,86.0,21.6,63.4,3,cigarette_smoke
2153.0,2746.0,53.0,82.0,84.0,21.6,63.4,3,cigarette_smoke
2167.0,2746.0,52.0,80.0,83.0,21.6,63.5,3,cigarette_smoke
2151.0,2746.0,52.0,80.0,83.0,21.6,63.5,3,cigarette_smoke
2155.0,2747.0,60.0,96.0,98.0,21.7,63.7,3,cigarette_smoke
2157.0,2744.0,61.0,95.0,96.0,21.7,63.7,3,cigarette_smoke
2152.0,2746.0,59.0,92.0,94.0,21.7,63.7,3,cigarette_smoke
2165.0,2742.0,59.0,91.0,92.0,21.8,63.8,3,cigarette_smoke
2158.0,2740.0,58.0,90.0,91.0,21.8,63.8,3,cigarette_smoke
2152.0,2744.0,60.0,91.0,93.0,21.7,63.8,3,cigarette_smoke
2158.0,2745.0,61.0,92.0,93.0,21.7,63.8,3,cigarette_smoke
2153.0,2748.0,61.0,92.0,94.0,21.7,63.8,3,cigarette_smoke
2160.0,2746.0,63.0,93.0,96.0,21.8,63.8,3,cigarette_smoke
2152.0,2744.0,65.0,95.0,98.0,21.8,63.9,3,cigarette_smoke
2166.0,2748.0,65.0,97.0,99.0,21.8,63.8,3,cigarette_smoke
2155.0,2746.0,65.0,95.0,99.0,21.8,63.8,3,cigarette_smoke
2154.0,2747.0,63.0,92.0,94.0,21.8,63.9,3,cigarette_smoke
2158.0,2744.0,61.0,90.0,92.0,21.8,63.9,3,cigarette_smoke
2152.0,2747.0,60.0,89.0,90.0,21.8,63.9,3,cigarette_smoke
2162.0,2741.0,58.0,87.0,88.0,21.8,63.9,3,cigarette_smoke
2158.0,2741.0,57.0,85.0,87.0,21.8,63.9,3,cigarette_smoke
2154.0,2745.0,59.0,88.0,89.0,21.8,63.9,3,cigarette_smoke
2159.0,2747.0,61.0,90.0,91.0,21.8,63.9,3,cigarette_smoke
2151.0,2745.0,62.0,92.0,92.0,21.8,63.9,3,cigarette_smoke
2158.0,2746.0,68.0,98.0,101.0,21.8,64.0,3,cigarette_smoke
2153.0,2745.0,69.0,101.0,103.0,21.8,64.0,3,cigarette_smoke
2157.0,2743.0,71.0,103.0,104.0,21.8,64.0,3,cigarette_smoke
2153.0,2744.0,72.0,104.0,105.0,21.8,64.0,3,cigarette_smoke
2157.0,2747.0,73.0,126.0,130.0,21.8,64.0,3,cigarette_smoke
2153.0,2745.0,77.0,155.0,162.0,21.8,64.0,3,cigarette_smoke
2143.0,2739.0,192.0,475.0,511.0,22.0,64.0,3,cigarette_smoke
2146.0,2739.0,195.0,483.0,519.0,22.0,64.0,3,cigarette_smoke
2141.0,2738.0,252.0,906.0,1020.0,22.0,64.0,3,cigarette_smoke
2147.0,2739.0,254.0,913.0,1026.0,22.0,64.0,3,cigarette_smoke
2137.0,2737.0,257.0,914.0,1023.0,22.0,64.0,3,cigarette_smoke
2152.0,2739.0,260.0,918.0,1025.0,22.0,64.0,3,cigarette_smoke
2146.0,2740.0,266.0,931.0,1034.0,22.0,64.0,3,cigarette_smoke
2141.0,2741.0,267.0,953.0,1059.0,22.0,64.0,3,cigarette_smoke
2146.0,2739.0,266.0,963.0,1072.0,22.0,64.0,3,cigarette_smoke
2139.0,2743.0,36.0,53.0,65.0,22.2,64.4,3,cigarette_smoke
2139.0,2742.0,35.0,52.0,63.0,22.1,64.4,3,cigarette_smoke
2139.0,2742.0,35.0,52.0,63.0,22.1,64.4,3,cigarette_smoke
2140.0,2740.0,35.0,52.0,62.0,22.1,64.4,3,cigarette_smoke
2138.0,2741.0,35.0,51.0,62.0,22.2,64.3,3,cigarette_smoke
2140.0,2741.0,35.0,50.0,61.0,22.2,64.3,3,cigarette_smoke
2150.0,2742.0,35.0,50.0,61.0,22.2,64.3,3,cigarette_smoke
2138.0,2741.0,34.0,50.0,60.0,22.2,64.3,3,cigarette_smoke
2145.0,2736.0,35.0,51.0,62.0,22.2,64.3,3,cigarette_smoke
2145.0,2740.0,40.0,56.0,70.0,22.2,64.4,3,cigarette_smoke
2138.0,2743.0,42.0,63.0,73.0,22.2,64.4,3,cigarette_smoke
2136.0,2742.0,52.0,89.0,95.0,22.2,64.5,3,cigarette_smoke
2141.0,2753.0,74.0,110.0,114.0,22.3,64.0,3,cigarette_smoke
2160.0,2766.0,74.0,124.0,130.0,22.3,64.0,3,cigarette_smoke
2142.0,2742.0,89.0,193.0,209.0,22.3,64.0,3,cigarette_smoke
2139.0,2743.0,97.0,217.0,233.0,22.3,64.0,3,cigarette_smoke
2154.0,2743.0,87.0,175.0,186.0,22.3,64.0,3,cigarette_smoke
2147.0,2744.0,85.0,164.0,175.0,22.3,64.0,3,cigarette_smoke
2154.0,2741.0,93.0,202.0,217.0,22.3,64.0,3,cigarette_smoke
2140.0,2742.0,98.0,212.0,228.0,22.3,64.0,3,cigarette_smoke
2157.0,2739.0,80.0,164.0,175.0,22.3,64.0,3,cigarette_smoke
2144.0,2743.0,75.0,149.0,159.0,22.3,64.0,3,cigarette_smoke
2140.0,2741.0,69.0,127.0,135.0,22.3,64.0,3,cigarette_smoke
2135.0,2741.0,71.0,129.0,137.0,22.3,64.0,3,cigarette_smoke
2140.0,2741.0,73.0,129.0,138.0,22.3,64.0,3,cigarette_smoke
2140.0,2740.0,72.0,124.0,131.0,22.3,64.0,3,cigarette_smoke
2140.0,2741.0,60.0,95.0,98.0,22.4,63.7,3,cigarette_smoke
2146.0,2737.0,58.0,91.0,94.0,22.4,63.7,3,cigarette_smoke
2138.0,2741.0,56.0,89.0,91.0,22.4,63.7,3,cigarette_smoke
2139.0,2741.0,53.0,82.0,84.0,22.4,63.5,3,cigarette_smoke
2145.0,2739.0,51.0,80.0,81.0,22.4,63.5,3,cigarette_smoke
2140.0,2741.0,50.0,78.0,80.0,22.4,63.7,3,cigarette_smoke
2141.0,2741.0,49.0,75.0,78.0,22.4,63.7,3,cigarette_smoke
2151.0,2741.0,46.0,71.0,76.0,22.4,63.6,3,cigarette_smoke
2140.0,2741.0,47.0,70.0,77.0,22.4,63.6,3,cigarette_smoke
2148.0,2739.0,45.0,69.0,76.0,22.4,63.6,3,cigarette_smoke
2145.0,2742.0,44.0,66.0,74.0,22.4,63.6,3,cigarette_smoke
2152.0,2740.0,42.0,63.0,72.0,22.4,63.5,3,cigarette_smoke
2139.0,2740.0,40.0,61.0,71.0,22.4,63.5,3,cigarette_smoke
2145.0,2741.0,40.0,61.0,71.0,22.4,63.5,3,cigarette_smoke
2140.0,2740.0,43.0,66.0,74.0,22.4,63.6,3,cigarette_smoke
2138.0,2742.0,48.0,72.0,77.0,22.4,63.6,3,cigarette_smoke
2153.0,2741.0,51.0,76.0,79.0,22.4,63.5,3,cigarette_smoke
2137.0,2741.0,53.0,80.0,81.0,22.4,63.5,3,cigarette_smoke
2142.0,2741.0,55.0,83.0,85.0,22.4,63.5,3,cigarette_smoke
2145.0,2739.0,59.0,90.0,91.0,22.4,63.5,3,cigarette_smoke
2139.0,2740.0,61.0,92.0,94.0,22.4,63.5,3,cigarette_smoke
2150.0,2741.0,61.0,92.0,94.0,22.4,63.5,3,cigarette_smoke
2145.0,2742.0,59.0,89.0,90.0,22.4,63.5,3,cigarette_smoke
2140.0,2743.0,55.0,83.0,85.0,22.4,63.6,3,cigarette_smoke
2136.0,2742.0,53.0,81.0,82.0,22.4,63.6,3,cigarette_smoke
2150.0,2738.0,51.0,78.0,80.0,22.4,63.5,3,cigarette_smoke
2137.0,2740.0,49.0,76.0,79.0,22.4,63.5,3,cigarette_smoke
2136.0,2741.0,44.0,70.0,75.0,22.4,63.4,3,cigarette_smoke
2145.0,2741.0,43.0,68.0,74.0,22.4,63.4,3,cigarette_smoke
2140.0,2740.0,43.0,66.0,74.0,22.4,63.4,3,cigarette_smoke
2148.0,2741.0,41.0,64.0,72.0,22.4,63.5,3,cigarette_smoke
2145.0,2739.0,39.0,59.0,69.0,22.4,63.5,3,cigarette_smoke
2138.0,2740.0,39.0,58.0,68.0,22.4,63.3,3,cigarette_smoke
2144.0,2738.0,37.0,56.0,67.0,22.4,63.3,3,cigarette_smoke
2139.0,2739.0,36.0,54.0,67.0,22.4,63.3,3,cigarette_smoke
2142.0,2741.0,34.0,52.0,63.0,22.4,63.4,3,cigarette_smoke
2139.0,2741.0,34.0,52.0,63.0,22.4,63.2,3,cigarette_smoke
2142.0,2741.0,33.0,51.0,63.0,22.4,63.2,3,cigarette_smoke
2140.0,2742.0,33.0,51.0,62.0,22.4,63.2,3,cigarette_smoke
2137.0,2741.0,33.0,49.0,61.0,22.4,63.4,3,cigarette_smoke
2144.0,2739.0,32.0,49.0,60.0,22.4,63.4,3,cigarette_smoke
2141.0,2739.0,32.0,48.0,59.0,22.4,63.3,3,cigarette_smoke
2144.0,2741.0,31.0,48.0,58.0,22.4,63.3,3,cigarette_smoke
2156.0,2741.0,31.0,47.0,57.0,22.4,63.3,3,cigarette_smoke
2145.0,2743.0,58.0,90.0,92.0,22.3,58.0,3,cigarette_smoke
2149.0,2744.0,59.0,94.0,96.0,22.3,58.1,3,cigarette_smoke
2156.0,2743.0,59.0,96.0,98.0,22.3,58.4,3,cigarette_smoke
2146.0,2744.0,53.0,85.0,87.0,22.2,58.4,3,cigarette_smoke
2164.0,2742.0,51.0,83.0,85.0,22.2,58.4,3,cigarette_smoke
2149.0,2742.0,50.0,80.0,83.0,22.2,58.4,3,cigarette_smoke
2154.0,2744.0,48.0,78.0,81.0,22.2,58.4,3,cigarette_smoke
2154.0,2743.0,45.0,73.0,79.0,22.3,58.6,3,cigarette_smoke
2147.0,2741.0,44.0,72.0,80.0,22.3,58.6,3,cigarette_smoke
2163.0,2741.0,44.0,72.0,78.0,22.3,58.6,3,cigarette_smoke
2148.0,2742.0,44.0,70.0,77.0,22.3,58.6,3,cigarette_smoke
2145.0,2743.0,44.0,69.0,77.0,22.3,58.6,3,cigarette_smoke
2156.0,2738.0,44.0,70.0,77.0,22.3,58.6,3,cigarette_smoke
2148.0,2742.0,45.0,71.0,78.0,22.3,58.6,3,cigarette_smoke
2164.0,2743.0,46.0,72.0,80.0,22.3,58.7,3,cigarette_smoke
2150.0,2742.0,50.0,77.0,82.0,22.2,58.8,3,cigarette_smoke
2155.0,2745.0,52.0,79.0,84.0,22.2,58.8,3,cigarette_smoke
2150.0,2742.0,52.0,79.0,85.0,22.2,58.8,3,cigarette_smoke
2161.0,2740.0,53.0,80.0,85.0,22.2,58.7,3,cigarette_smoke
2155.0,2744.0,51.0,77.0,82.0,22.2,58.7,3,cigarette_smoke
2148.0,2742.0,50.0,74.0,81.0,22.3,58.8,3,cigarette_smoke
2152.0,2742.0,49.0,72.0,80.0,22.3,58.8,3,cigarette_smoke
2149.0,2744.0,49.0,71.0,79.0,22.3,58.8,3,cigarette_smoke
2149.0,2744.0,46.0,68.0,77.0,22.2,58.9,3,cigarette_smoke
2152.0,2744.0,46.0,67.0,76.0,22.2,58.9,3,cigarette_smoke
2148.0,2743.0,45.0,67.0,76.0,22.2,59.0,3,cigarette_smoke
2153.0,2741.0,49.0,75.0,83.0,22.2,59.0,3,cigarette_smoke
2160.0,2743.0,55.0,99.0,107.0,22.2,59.0,3,cigarette_smoke
2153.0,2743.0,63.0,118.0,130.0,22.2,59.0,3,cigarette_smoke
2292.0,2923.0,32.0,48.0,59.0,22.1,58.7,3,cigarette_smoke
2286.0,2925.0,32.0,48.0,59.0,22.1,58.7,3,cigarette_smoke
2290.0,2923.0,32.0,48.0,59.0,22.1,58.8,3,cigarette_smoke
2295.0,2927.0,32.0,48.0,58.0,22.1,58.8,3,cigarette_smoke
2289.0,2923.0,32.0,48.0,58.0,22.1,58.7,3,cigarette_smoke
2292.0,2923.0,33.0,48.0,59.0,22.1,58.7,3,cigarette_smoke
2300.0,2924.0,33.0,48.0,58.0,22.1,58.7,3,cigarette_smoke
2289.0,2925.0,33.0,48.0,58.0,22.1,58.7,3,cigarette_smoke
2295.0,2925.0,33.0,48.0,58.0,22.1,58.7,3,cigarette_smoke
2288.0,2924.0,33.0,48.0,58.0,22.1,58.7,3,cigarette_smoke
2290.0,2923.0,32.0,47.0,57.0,22.1,58.7,3,cigarette_smoke
2288.0,2925.0,32.0,46.0,57.0,22.1,58.6,3,cigarette_smoke
2294.0,2925.0,32.0,46.0,57.0,22.1,58.6,3,cigarette_smoke
2287.0,2926.0,32.0,46.0,57.0,22.2,58.8,3,cigarette_smoke
2287.0,2925.0,31.0,46.0,57.0,22.2,58.8,3,cigarette_smoke
2300.0,2923.0,32.0,47.0,58.0,22.1,58.7,3,cigarette_smoke
2287.0,2927.0,32.0,47.0,58.0,22.1,58.7,3,cigarette_smoke
2295.0,2924.0,32.0,47.0,58.0,22.1,58.7,3,cigarette_smoke
2296.0,2928.0,32.0,47.0,57.0,22.1,58.6,3,cigarette_smoke
2288.0,2924.0,32.0,47.0,57.0,22.1,58.6,3,cigarette_smoke
2302.0,2923.0,31.0,46.0,56.0,22.1,58.6,3,cigarette_smoke
2289.0,2924.0,31.0,46.0,56.0,22.1,58.6,3,cigarette_smoke
2289.0,2924.0,31.0,47.0,57.0,22.1,58.5,3,cigarette_smoke
2296.0,2924.0,31.0,47.0,57.0,22.1,58.5,3,cigarette_smoke
2304.0,2924.0,31.0,47.0,57.0,22.2,58.6,3,cigarette_smoke
2287.0,2925.0,31.0,47.0,57.0,22.2,58.6,3,cigarette_smoke
2288.0,2923.0,30.0,46.0,56.0,22.1,58.5,3,cigarette_smoke
2293.0,2926.0,30.0,46.0,56.0,22.1,58.5,3,cigarette_smoke
2287.0,2922.0,31.0,47.0,57.0,22.1,58.5,3,cigarette_smoke
2302.0,2922.0,31.0,47.0,57.0,22.2,58.4,3,cigarette_smoke
2293.0,2922.0,32.0,47.0,57.0,22.2,58.4,3,cigarette_smoke
2287.0,2924.0,32.0,47.0,57.0,22.2,58.5,3,cigarette_smoke
2295.0,2923.0,31.0,47.0,57.0,22.2,58.5,3,cigarette_smoke
2287.0,2924.0,30.0,45.0,56.0,22.2,58.5,3,cigarette_smoke
2288.0,2926.0,30.0,45.0,55.0,22.2,58.5,3,cigarette_smoke
2296.0,2922.0,30.0,45.0,55.0,22.2,58.5,3,cigarette_smoke
2296.0,2924.0,30.0,45.0,55.0,22.2,58.5,3,cigarette_smoke
2289.0,2924.0,30.0,45.0,54.0,22.2,58.5,3,cigarette_smoke
2288.0,2924.0,30.0,45.0,54.0,22.2,58.4,3,cigarette_smoke
2294.0,2925.0,31.0,46.0,55.0,22.2,58.4,3,cigarette_smoke
2289.0,2925.0,31.0,46.0,55.0,22.2,58.4,3,cigarette_smoke
2295.0,2923.0,31.0,46.0,55.0,22.2,58.4,3,cigarette_smoke
2302.0,2924.0,31.0,46.0,55.0,22.2,58.3,3,cigarette_smoke
2288.0,2924.0,31.0,46.0,55.0,22.2,58.3,3,cigarette_smoke
2295.0,2926.0,31.0,46.0,55.0,22.2,58.3,3,cigarette_smoke
2289.0,2929.0,31.0,46.0,56.0,22.2,58.3,3,cigarette_smoke
2286.0,2924.0,31.0,46.0,56.0,22.2,58.3,3,cigarette_smoke
2300.0,2925.0,31.0,46.0,56.0,22.2,58.3,3,cigarette_smoke
2288.0,2923.0,30.0,45.0,55.0,22.2,58.3,3,cigarette_smoke
2290.0,2924.0,30.0,45.0,55.0,22.2,58.4,3,cigarette_smoke
2291.0,2924.0,30.0,45.0,55.0,22.2,58.4,3,cigarette_smoke
2302.0,2920.0,30.0,45.0,55.0,22.2,58.3,3,cigarette_smoke
2289.0,2926.0,31.0,46.0,56.0,22.2,58.3,3,cigarette_smoke
2295.0,2927.0,31.0,46.0,56.0,22.2,58.3,3,cigarette_smoke
2291.0,2922.0,30.0,45.0,55.0,22.2,58.2,3,cigarette_smoke
2288.0,2925.0,30.0,45.0,55.0,22.2,58.2,3,cigarette_smoke
2301.0,2921.0,30.0,45.0,55.0,22.2,58.2,3,cigarette_smoke
2289.0,2923.0,31.0,46.0,56.0,22.2,58.2,3,cigarette_smoke
2288.0,2921.0,29.0,45.0,55.0,22.3,58.3,3,cigarette_smoke
2294.0,2921.0,29.0,45.0,55.0,22.3,58.3,3,cigarette_smoke
2289.0,2926.0,29.0,45.0,55.0,22.3,58.3,3,cigarette_smoke
2301.0,2924.0,29.0,45.0,55.0,22.2,58.3,3,cigarette_smoke
2290.0,2925.0,36.0,64.0,74.0,22.3,58.1,3,cigarette_smoke
2294.0,2923.0,41.0,77.0,84.0,22.3,58.1,3,cigarette_smoke
2289.0,2924.0,47.0,90.0,98.0,22.3,58.1,3,cigarette_smoke
2286.0,2921.0,62.0,119.0,127.0,22.3,58.0,3,cigarette_smoke
2289.0,2925.0,68.0,129.0,137.0,22.3,58.0,3,cigarette_smoke
2301.0,2925.0,83.0,153.0,162.0,22.3,58.0,3,cigarette_smoke
2285.0,2923.0,83.0,149.0,157.0,22.3,58.0,3,cigarette_smoke
2293.0,2925.0,81.0,146.0,153.0,22.3,58.0,3,cigarette_smoke
2292.0,2924.0,71.0,123.0,128.0,22.3,58.0,3,cigarette_smoke
2296.0,2926.0,70.0,121.0,126.0,22.3,58.0,3,cigarette_smoke
2269.0,2919.0,66.0,94.0,96.0,22.3,57.5,3,cigarette_smoke
2266.0,2916.0,62.0,91.0,94.0,22.3,57.5,3,cigarette_smoke
2270.0,2918.0,56.0,80.0,83.0,22.3,57.5,3,cigarette_smoke
2265.0,2918.0,54.0,78.0,80.0,22.3,57.3,3,cigarette_smoke
2271.0,2918.0,52.0,76.0,79.0,22.3,57.3,3,cigarette_smoke
2268.0,2921.0,49.0,73.0,77.0,22.3,57.3,3,cigarette_smoke
2263.0,2919.0,47.0,68.0,74.0,22.3,57.2,3,cigarette_smoke
2274.0,2901.0,46.0,67.0,74.0,22.3,57.2,3,cigarette_smoke
2269.0,2897.0,44.0,65.0,73.0,22.3,57.1,3,cigarette_smoke
2286.0,2918.0,43.0,64.0,72.0,22.3,57.1,3,cigarette_smoke
2295.0,2914.0,42.0,61.0,71.0,22.3,56.9,3,cigarette_smoke
2283.0,2915.0,41.0,61.0,70.0,22.3,56.9,3,cigarette_smoke
2286.0,2915.0,41.0,61.0,70.0,22.3,56.9,3,cigarette_smoke
2286.0,2918.0,41.0,64.0,72.0,22.3,56.9,3,cigarette_smoke
2294.0,2918.0,50.0,88.0,91.0,22.4,56.6,3,cigarette_smoke
2289.0,2922.0,176.0,413.0,450.0,22.0,54.0,3,cigarette_smoke
2279.0,2918.0,179.0,415.0,450.0,22.0,54.0,3,cigarette_smoke
2283.0,2920.0,182.0,418.0,453.0,22.0,54.0,3,cigarette_smoke
2281.0,2916.0,192.0,438.0,475.0,22.0,54.0,3,cigarette_smoke
2277.0,2918.0,199.0,452.0,489.0,22.0,54.0,3,cigarette_smoke
2297.0,2917.0,88.0,167.0,176.0,22.4,56.0,3,cigarette_smoke
2286.0,2922.0,83.0,158.0,165.0,22.4,56.0,3,cigarette_smoke
2286.0,2915.0,56.0,92.0,98.0,22.3,55.5,3,cigarette_smoke
2291.0,2922.0,53.0,88.0,94.0,22.3,55.5,3,cigarette_smoke
2285.0,2917.0,51.0,85.0,90.0,22.3,55.4,3,cigarette_smoke
2291.0,2919.0,50.0,81.0,87.0,22.3,55.4,3,cigarette_smoke
2284.0,2914.0,44.0,72.0,78.0,22.3,55.3,3,cigarette_smoke
2292.0,2921.0,42.0,69.0,77.0,22.3,55.3,3,cigarette_smoke
2285.0,2917.0,41.0,67.0,75.0,22.3,55.2,3,cigarette_smoke
2290.0,2915.0,40.0,65.0,73.0,22.3,55.2,3,cigarette_smoke
2298.0,2918.0,39.0,64.0,72.0,22.3,55.3,3,cigarette_smoke
2286.0,2917.0,40.0,64.0,73.0,22.3,55.3,3,cigarette_smoke
2288.0,2918.0,41.0,65.0,73.0,22.3,55.3,3,cigarette_smoke
2285.0,2919.0,41.0,65.0,73.0,22.3,55.1,3,cigarette_smoke
2283.0,2914.0,43.0,67.0,75.0,22.3,55.1,3,cigarette_smoke
2301.0,2919.0,44.0,68.0,75.0,22.3,55.0,3,cigarette_smoke
2283.0,2918.0,46.0,70.0,77.0,22.3,55.0,3,cigarette_smoke
2292.0,2921.0,47.0,72.0,77.0,22.3,55.0,3,cigarette_smoke
2292.0,2918.0,48.0,73.0,77.0,22.3,55.0,3,cigarette_smoke
2297.0,2919.0,51.0,75.0,79.0,22.3,54.9,3,cigarette_smoke
2285.0,2921.0,52.0,76.0,79.0,22.3,54.9,3,cigarette_smoke
2291.0,2918.0,52.0,76.0,79.0,22.3,54.9,3,cigarette_smoke
2291.0,2920.0,53.0,76.0,79.0,22.3,54.9,3,cigarette_smoke
2285.0,2920.0,52.0,76.0,79.0,22.3,54.9,3,cigarette_smoke
2296.0,2918.0,52.0,74.0,78.0,22.3,54.6,3,cigarette_smoke
2286.0,2916.0,50.0,72.0,77.0,22.3,54.6,3,cigarette_smoke
2285.0,2915.0,47.0,67.0,74.0,22.3,54.5,3,cigarette_smoke
2291.0,2919.0,45.0,65.0,73.0,22.3,54.5,3,cigarette_smoke
2285.0,2920.0,44.0,65.0,73.0,22.3,54.5,3,cigarette_smoke
2301.0,2918.0,44.0,62.0,72.0,22.3,54.4,3,cigarette_smoke
2290.0,2920.0,42.0,61.0,71.0,22.3,54.4,3,cigarette_smoke
2285.0,2918.0,43.0,62.0,72.0,22.3,54.3,3,cigarette_smoke
2286.0,2918.0,44.0,65.0,73.0,22.3,54.3,3,cigarette_smoke
2302.0,2918.0,46.0,66.0,74.0,22.3,54.4,3,cigarette_smoke
2290.0,2909.0,49.0,73.0,77.0,22.3,54.4,3,cigarette_smoke
2284.0,2917.0,54.0,79.0,82.0,22.3,54.2,3,cigarette_smoke
2288.0,2918.0,58.0,85.0,88.0,22.3,54.2,3,cigarette_smoke
2288.0,2918.0,63.0,94.0,97.0,22.3,54.2,3,cigarette_smoke
2291.0,2919.0,85.0,139.0,142.0,22.0,53.0,3,cigarette_smoke
2285.0,2920.0,84.0,136.0,140.0,22.0,53.0,3,cigarette_smoke
2303.0,2921.0,84.0,137.0,139.0,22.1,53.0,3,cigarette_smoke
2287.0,2921.0,82.0,134.0,137.0,22.1,53.0,3,cigarette_smoke
2285.0,2916.0,79.0,131.0,133.0,22.0,52.9,3,cigarette_smoke
2294.0,2920.0,78.0,129.0,131.0,22.0,52.9,3,cigarette_smoke
2300.0,2919.0,73.0,119.0,121.0,22.0,52.9,3,cigarette_smoke
2286.0,2917.0,69.0,114.0,116.0,22.0,52.9,3,cigarette_smoke
2288.0,2919.0,70.0,116.0,118.0,22.0,52.9,3,cigarette_smoke
2293.0,2917.0,71.0,118.0,120.0,22.0,52.9,3,cigarette_smoke
2287.0,2920.0,72.0,118.0,121.0,22.0,52.9,3,cigarette_smoke
2298.0,2921.0,73.0,120.0,123.0,22.0,52.9,3,cigarette_smoke
2293.0,2919.0,77.0,124.0,128.0,22.0,52.9,3,cigarette_smoke
2298.0,2921.0,79.0,124.0,129.0,22.0,52.9,3,cigarette_smoke
2286.0,2919.0,78.0,122.0,126.0,22.0,52.9,3,cigarette_smoke
2294.0,2916.0,76.0,120.0,123.0,22.0,52.9,3,cigarette_smoke
2294.0,2919.0,72.0,111.0,115.0,22.0,52.9,3,cigarette_smoke
2287.0,2919.0,70.0,106.0,110.0,22.0,52.9,3,cigarette_smoke
2293.0,2919.0,63.0,95.0,97.0,21.9,53.1,3,cigarette_smoke
2296.0,2913.0,59.0,88.0,91.0,21.9,53.2,3,cigarette_smoke
2300.0,2917.0,55.0,82.0,85.0,21.9,53.3,3,cigarette_smoke
2286.0,2920.0,54.0,80.0,83.0,21.9,53.3,3,cigarette_smoke
2291.0,2919.0,52.0,77.0,80.0,21.9,53.3,3,cigarette_smoke
2287.0,2917.0,51.0,75.0,78.0,21.9,53.3,3,cigarette_smoke
2287.0,2921.0,48.0,70.0,76.0,21.9,53.3,3,cigarette_smoke
2302.0,2921.0,47.0,68.0,75.0,21.9,53.5,3,cigarette_smoke
2284.0,2918.0,45.0,65.0,72.0,21.9,53.5,3,cigarette_smoke
2292.0,2920.0,43.0,63.0,71.0,21.9,53.5,3,cigarette_smoke
2294.0,2918.0,42.0,60.0,70.0,21.9,53.5,3,cigarette_smoke
2285.0,2918.0,41.0,60.0,69.0,21.9,53.5,3,cigarette_smoke
2302.0,2916.0,40.0,58.0,69.0,21.9,53.6,3,cigarette_smoke
2290.0,2920.0,39.0,56.0,67.0,21.9,53.6,3,cigarette_smoke
2294.0,2921.0,38.0,55.0,67.0,21.8,53.7,3,cigarette_smoke
2286.0,2917.0,36.0,54.0,66.0,21.8,53.7,3,cigarette_smoke
2299.0,2919.0,36.0,53.0,66.0,21.8,53.8,3,cigarette_smoke
2287.0,2918.0,35.0,53.0,65.0,21.8,53.8,3,cigarette_smoke
2286.0,2914.0,34.0,51.0,63.0,21.8,53.9,3,cigarette_smoke
2292.0,2917.0,33.0,51.0,62.0,21.8,53.9,3,cigarette_smoke
2286.0,2919.0,33.0,50.0,62.0,21.8,53.9,3,cigarette_smoke
2301.0,2919.0,34.0,51.0,62.0,21.8,54.1,3,cigarette_smoke
2293.0,2918.0,34.0,51.0,62.0,21.8,54.1,3,cigarette_smoke
2289.0,2920.0,33.0,50.0,61.0,21.8,54.2,3,cigarette_smoke
2292.0,2915.0,32.0,50.0,61.0,21.8,54.2,3,cigarette_smoke
2286.0,2918.0,32.0,50.0,61.0,21.8,54.2,3,cigarette_smoke
2289.0,2917.0,33.0,50.0,62.0,21.8,54.4,3,cigarette_smoke
2287.0,2917.0,33.0,50.0,61.0,21.8,54.5,3,cigarette_smoke
2293.0,2920.0,33.0,50.0,61.0,21.8,54.5,3,cigarette_smoke
2287.0,2917.0,33.0,50.0,61.0,21.8,54.5,3,cigarette_smoke
2290.0,2919.0,33.0,50.0,61.0,21.8,54.5,3,cigarette_smoke
2291.0,2919.0,33.0,49.0,60.0,21.8,54.5,3,cigarette_smoke
2288.0,2915.0,31.0,48.0,59.0,21.8,54.6,3,cigarette_smoke
2293.0,2920.0,31.0,47.0,59.0,21.8,54.6,3,cigarette_smoke
2302.0,2918.0,30.0,47.0,59.0,21.8,54.7,3,cigarette_smoke
2285.0,2917.0,30.0,47.0,58.0,21.8,54.7,3,cigarette_smoke
2294.0,2919.0,30.0,47.0,58.0,21.8,54.7,3,cigarette_smoke
2288.0,2915.0,30.0,47.0,57.0,21.8,54.9,3,cigarette_smoke
2300.0,2921.0,31.0,47.0,57.0,21.8,55.0,3,cigarette_smoke
2288.0,2919.0,31.0,47.0,57.0,21.8,55.0,3,cigarette_smoke
2291.0,2918.0,31.0,47.0,57.0,21.8,55.0,3,cigarette_smoke
2286.0,2917.0,31.0,47.0,57.0,21.8,55.2,3,cigarette_smoke
2285.0,2920.0,30.0,46.0,55.0,21.8,55.2,3,cigarette_smoke
2301.0,2920.0,30.0,46.0,55.0,21.8,55.2,3,cigarette_smoke
2287.0,2915.0,30.0,46.0,55.0,21.8,55.2,3,cigarette_smoke
2292.0,2919.0,31.0,47.0,56.0,21.8,55.2,3,cigarette_smoke
2293.0,2917.0,31.0,47.0,56.0,21.7,55.3,3,cigarette_smoke
2287.0,2917.0,31.0,47.0,56.0,21.7,55.3,3,cigarette_smoke
2302.0,2917.0,31.0,46.0,56.0,21.8,55.3,3,cigarette_smoke
2288.0,2919.0,29.0,45.0,55.0,21.8,55.3,3,cigarette_smoke
2293.0,2919.0,30.0,46.0,56.0,21.8,55.5,3,cigarette_smoke
2286.0,2918.0,31.0,46.0,56.0,21.8,55.5,3,cigarette_smoke
2301.0,2920.0,31.0,46.0,56.0,21.7,55.5,3,cigarette_smoke
2287.0,2920.0,31.0,47.0,57.0,21.7,55.5,3,cigarette_smoke
2287.0,2917.0,31.0,47.0,57.0,21.7,55.7,3,cigarette_smoke
2293.0,2921.0,31.0,48.0,57.0,21.7,55.7,3,cigarette_smoke
2285.0,2919.0,32.0,48.0,57.0,21.7,55.7,3,cigarette_smoke
2302.0,2917.0,33.0,48.0,58.0,21.7,55.8,3,cigarette_smoke
2293.0,2917.0,32.0,48.0,58.0,21.7,55.8,3,cigarette_smoke
2287.0,2920.0,32.0,47.0,58.0,21.7,55.8,3,cigarette_smoke
2291.0,2921.0,33.0,48.0,59.0,21.7,55.8,3,cigarette_smoke
2286.0,2917.0,33.0,48.0,59.0,21.7,55.8,3,cigarette_smoke
2285.0,2918.0,33.0,48.0,58.0,21.7,55.9,3,cigarette_smoke
2282.0,2919.0,31.0,47.0,57.0,21.7,56.2,3,cigarette_smoke
2295.0,2920.0,30.0,47.0,56.0,21.7,56.2,3,cigarette_smoke
2286.0,2918.0,30.0,46.0,56.0,21.7,56.2,3,cigarette_smoke
2286.0,2918.0,30.0,46.0,56.0,21.7,56.1,3,cigarette_smoke
2292.0,2920.0,30.0,46.0,56.0,21.7,56.1,3,cigarette_smoke
2286.0,2920.0,30.0,46.0,56.0,21.7,56.3,3,cigarette_smoke
2294.0,2920.0,30.0,46.0,56.0,21.7,56.3,3,cigarette_smoke
2303.0,2918.0,31.0,47.0,57.0,21.7,56.3,3,cigarette_smoke
2288.0,2919.0,32.0,47.0,57.0,21.7,56.3,3,cigarette_smoke
2293.0,2920.0,32.0,48.0,57.0,21.7,56.3,3,cigarette_smoke
2288.0,2918.0,32.0,48.0,57.0,21.7,56.5,3,cigarette_smoke
2286.0,2920.0,32.0,48.0,58.0,21.7,56.5,3,cigarette_smoke
2287.0,2919.0,32.0,47.0,57.0,21.7,56.4,3,cigarette_smoke
2292.0,2919.0,31.0,47.0,57.0,21.7,56.4,3,cigarette_smoke
2285.0,2917.0,31.0,47.0,57.0,21.7,56.6,3,cigarette_smoke
2284.0,2915.0,30.0,45.0,55.0,21.7,56.6,3,cigarette_smoke
2298.0,2917.0,30.0,45.0,55.0,21.7,56.7,3,cigarette_smoke
2286.0,2920.0,30.0,45.0,54.0,21.7,56.7,3,cigarette_smoke
2291.0,2918.0,30.0,45.0,54.0,21.7,56.7,3,cigarette_smoke
2290.0,2917.0,30.0,44.0,53.0,21.7,56.7,3,cigarette_smoke
2286.0,2918.0,30.0,45.0,54.0,21.7,56.7,3,cigarette_smoke
2298.0,2918.0,30.0,45.0,54.0,21.7,56.8,3,cigarette_smoke
2285.0,2912.0,30.0,45.0,54.0,21.7,56.8,3,cigarette_smoke
2286.0,2917.0,29.0,44.0,53.0,21.7,56.9,3,cigarette_smoke
2293.0,2919.0,29.0,44.0,53.0,21.7,56.9,3,cigarette_smoke
2300.0,2919.0,29.0,45.0,54.0,21.7,57.0,3,cigarette_smoke
2287.0,2917.0,30.0,45.0,55.0,21.7,57.0,3,cigarette_smoke
2277.0,2917.0,30.0,47.0,56.0,21.7,57.0,3,cigarette_smoke
2292.0,2920.0,30.0,47.0,56.0,21.7,57.0,3,cigarette_smoke
2286.0,2916.0,32.0,48.0,58.0,21.7,57.0,3,cigarette_smoke
2300.0,2919.0,33.0,48.0,59.0,21.7,56.9,3,cigarette_smoke
2291.0,2918.0,32.0,49.0,59.0,21.7,56.9,3,cigarette_smoke
2285.0,2919.0,32.0,49.0,59.0,21.7,57.2,3,cigarette_smoke
2292.0,2918.0,33.0,50.0,60.0,21.7,57.2,3,cigarette_smoke
2287.0,2919.0,33.0,49.0,60.0,21.7,57.2,3,cigarette_smoke
2274.0,2918.0,33.0,48.0,58.0,21.7,57.2,3,cigarette_smoke
2287.0,2913.0,33.0,48.0,58.0,21.7,57.2,3,cigarette_smoke
2291.0,2918.0,31.0,47.0,56.0,21.7,57.3,3,cigarette_smoke
2287.0,2918.0,31.0,46.0,56.0,21.7,57.3,3,cigarette_smoke
2286.0,2916.0,31.0,47.0,56.0,21.7,57.4,3,cigarette_smoke
2292.0,2918.0,31.0,47.0,56.0,21.7,57.4,3,cigarette_smoke
2285.0,2917.0,31.0,47.0,56.0,21.7,57.5,3,cigarette_smoke
2292.0,2917.0,30.0,46.0,55.0,21.7,57.5,3,cigarette_smoke
2299.0,2922.0,30.0,46.0,55.0,21.7,57.5,3,cigarette_smoke
2287.0,2918.0,31.0,46.0,56.0,21.7,57.5,3,cigarette_smoke
2292.0,2915.0,31.0,46.0,56.0,21.7,57.5,3,cigarette_smoke
2289.0,2915.0,31.0,46.0,56.0,21.6,57.7,3,cigarette_smoke
2286.0,2919.0,31.0,46.0,56.0,21.6,57.7,3,cigarette_smoke
2301.0,2918.0,30.0,45.0,54.0,21.7,57.5,3,cigarette_smoke
2286.0,2918.0,30.0,45.0,54.0,21.7,57.5,3,cigarette_smoke
2288.0,2918.0,31.0,46.0,55.0,21.7,57.7,3,cigarette_smoke
2287.0,2916.0,32.0,46.0,55.0,21.7,57.7,3,cigarette_smoke
2300.0,2918.0,31.0,46.0,55.0,21.7,57.6,3,cigarette_smoke
2286.0,2919.0,31.0,46.0,55.0,21.7,57.6,3,cigarette_smoke
2292.0,2917.0,31.0,46.0,55.0,21.7,57.6,3,cigarette_smoke
2292.0,2918.0,30.0,44.0,54.0,21.7,57.8,3,cigarette_smoke
2285.0,2915.0,30.0,44.0,54.0,21.7,57.8,3,cigarette_smoke
2298.0,2915.0,31.0,45.0,55.0,21.7,57.8,3,cigarette_smoke
2286.0,2916.0,31.0,45.0,55.0,21.7,57.8,3,cigarette_smoke
2287.0,2919.0,30.0,44.0,54.0,21.7,58.0,3,cigarette_smoke
2293.0,2919.0,30.0,45.0,54.0,21.7,58.0,3,cigarette_smoke
2284.0,2920.0,30.0,45.0,54.0,21.7,58.0,3,cigarette_smoke
2301.0,2920.0,30.0,45.0,54.0,21.7,58.0,3,cigarette_smoke
2288.0,2919.0,31.0,46.0,55.0,21.7,58.0,3,cigarette_smoke
2292.0,2919.0,31.0,46.0,55.0,21.7,58.0,3,cigarette_smoke
2285.0,2918.0,30.0,45.0,53.0,21.7,58.0,3,cigarette_smoke
2300.0,2920.0,30.0,45.0,53.0,21.7,58.1,3,cigarette_smoke
2291.0,2919.0,31.0,45.0,54.0,21.7,58.1,3,cigarette_smoke
2283.0,2919.0,31.0,45.0,54.0,21.7,58.1,3,cigarette_smoke
2292.0,2917.0,31.0,45.0,54.0,21.7,58.1,3,cigarette_smoke
2288.0,2915.0,31.0,45.0,54.0,21.7,58.1,3,cigarette_smoke
2287.0,2919.0,30.0,45.0,53.0,21.7,58.3,3,cigarette_smoke
2294.0,2916.0,30.0,45.0,53.0,21.7,58.3,3,cigarette_smoke
2287.0,2917.0,30.0,45.0,53.0,21.7,58.2,3,cigarette_smoke
2290.0,2915.0,30.0,45.0,53.0,21.7,58.2,3,cigarette_smoke
2287.0,2919.0,30.0,45.0,53.0,21.7,58.4,3,cigarette_smoke
2291.0,2918.0,30.0,45.0,53.0,21.7,58.4,3,cigarette_smoke
2286.0,2916.0,30.0,45.0,53.0,21.7,58.4,3,cigarette_smoke
2291.0,2918.0,29.0,44.0,53.0,21.7,58.4,3,cigarette_smoke
2300.0,2919.0,29.0,44.0,53.0,21.7,58.3,3,cigarette_smoke
2284.0,2917.0,30.0,45.0,54.0,21.7,58.3,3,cigarette_smoke
2292.0,2917.0,30.0,45.0,54.0,21.7,58.3,3,cigarette_smoke
2287.0,2919.0,30.0,45.0,54.0,21.7,58.4,3,cigarette_smoke
2284.0,2919.0,30.0,45.0,55.0,21.7,58.4,3,cigarette_smoke
2300.0,2919.0,30.0,45.0,55.0,21.7,58.5,3,cigarette_smoke
2286.0,2917.0,29.0,44.0,54.0,21.7,58.5,3,cigarette_smoke
2291.0,2915.0,29.0,44.0,54.0,21.7,58.5,3,cigarette_smoke
2289.0,2916.0,29.0,44.0,54.0,21.7,58.5,3,cigarette_smoke
2299.0,2917.0,29.0,43.0,54.0,21.7,58.6,3,cigarette_smoke
2287.0,2915.0,29.0,43.0,54.0,21.7,58.6,3,cigarette_smoke
2293.0,2921.0,29.0,43.0,54.0,21.7,58.6,3,cigarette_smoke
2292.0,2918.0,30.0,44.0,55.0,21.7,58.6,3,cigarette_smoke
2287.0,2918.0,30.0,44.0,55.0,21.7,58.6,3,cigarette_smoke
2302.0,2919.0,29.0,43.0,54.0,21.7,58.5,3,cigarette_smoke
2285.0,2914.0,29.0,43.0,54.0,21.7,58.5,3,cigarette_smoke
2286.0,2916.0,30.0,44.0,54.0,21.7,58.7,3,cigarette_smoke
2293.0,2921.0,30.0,44.0,54.0,21.7,58.7,3,cigarette_smoke
2285.0,2919.0,30.0,44.0,54.0,21.7,58.7,3,cigarette_smoke
2299.0,2922.0,29.0,43.0,53.0,21.7,58.7,3,cigarette_smoke
2286.0,2915.0,30.0,44.0,54.0,21.7,58.7,3,cigarette_smoke
2293.0,2915.0,30.0,44.0,54.0,21.7,58.7,3,cigarette_smoke
2285.0,2920.0,30.0,44.0,54.0,21.7,58.7,3,cigarette_smoke
2297.0,2920.0,30.0,45.0,55.0,21.7,58.7,3,cigarette_smoke
2293.0,2921.0,30.0,45.0,55.0,21.7,58.7,3,cigarette_smoke
2287.0,2920.0,30.0,45.0,55.0,21.7,58.8,3,cigarette_smoke
2291.0,2916.0,30.0,45.0,55.0,21.7,58.8,3,cigarette_smoke
2286.0,2916.0,29.0,44.0,54.0,21.7,58.8,3,cigarette_smoke
2288.0,2922.0,29.0,44.0,54.0,21.7,58.9,3,cigarette_smoke
2288.0,2921.0,30.0,45.0,55.0,21.7,58.9,3,cigarette_smoke
2285.0,2920.0,30.0,45.0,55.0,21.7,58.9,3,cigarette_smoke
2289.0,2917.0,30.0,45.0,55.0,21.7,58.9,3,cigarette_smoke
2300.0,2918.0,29.0,44.0,54.0,21.7,58.9,3,cigarette_smoke
2293.0,2919.0,30.0,44.0,54.0,21.7,58.9,3,cigarette_smoke
2286.0,2918.0,30.0,44.0,54.0,21.7,58.9,3,cigarette_smoke
2292.0,2915.0,30.0,45.0,54.0,21.7,58.9,3,cigarette_smoke
2299.0,2920.0,30.0,45.0,54.0,21.7,58.9,3,cigarette_smoke
2286.0,2915.0,30.0,45.0,54.0,21.7,58.9,3,cigarette_smoke
2291.0,2915.0,30.0,45.0,54.0,21.7,58.9,3,cigarette_smoke
2285.0,2919.0,30.0,45.0,54.0,21.7,59.1,3,cigarette_smoke
2285.0,2920.0,30.0,44.0,54.0,21.7,59.1,3,cigarette_smoke
2299.0,2919.0,30.0,44.0,54.0,21.7,59.0,3,cigarette_smoke
2287.0,2920.0,31.0,45.0,55.0,21.7,59.0,3,cigarette_smoke
2291.0,2920.0,31.0,45.0,55.0,21.7,59.0,3,cigarette_smoke
2292.0,2918.0,31.0,45.0,55.0,21.7,59.0,3,cigarette_smoke
2300.0,2919.0,31.0,45.0,54.0,21.7,59.1,3,cigarette_smoke
2285.0,2919.0,30.0,43.0,53.0,21.7,59.1,3,cigarette_smoke
2290.0,2919.0,30.0,43.0,52.0,21.7,59.1,3,cigarette_smoke
2292.0,2919.0,30.0,43.0,52.0,21.7,59.1,3,cigarette_smoke
2282.0,2914.0,30.0,44.0,52.0,21.7,59.1,3,cigarette_smoke
2299.0,2919.0,30.0,44.0,53.0,21.7,59.1,3,cigarette_smoke
2285.0,2920.0,31.0,45.0,54.0,21.7,59.1,3,cigarette_smoke
2286.0,2920.0,31.0,45.0,54.0,21.7,59.2,3,cigarette_smoke
2288.0,2918.0,31.0,46.0,55.0,21.7,59.2,3,cigarette_smoke
2286.0,2917.0,31.0,46.0,55.0,21.7,59.2,3,cigarette_smoke
2301.0,2922.0,31.0,46.0,55.0,21.7,59.2,3,cigarette_smoke
2291.0,2920.0,30.0,45.0,54.0,21.7,59.2,3,cigarette_smoke
2284.0,2918.0,31.0,46.0,55.0,21.7,59.1,3,cigarette_smoke
2285.0,2918.0,31.0,46.0,55.0,21.7,59.1,3,cigarette_smoke
2301.0,2920.0,30.0,45.0,54.0,21.7,59.2,3,cigarette_smoke
2290.0,2915.0,30.0,44.0,53.0,21.7,59.2,3,cigarette_smoke
2287.0,2913.0,31.0,45.0,54.0,21.7,59.4,3,cigarette_smoke
2290.0,2915.0,31.0,45.0,54.0,21.7,59.4,3,cigarette_smoke
2287.0,2915.0,31.0,45.0,54.0,21.7,59.4,3,cigarette_smoke
2286.0,2919.0,31.0,46.0,55.0,21.7,59.2,3,cigarette_smoke
2293.0,2917.0,31.0,46.0,55.0,21.7,59.2,3,cigarette_smoke
2285.0,2918.0,30.0,45.0,54.0,21.7,59.2,3,cigarette_smoke
2291.0,2918.0,30.0,45.0,54.0,21.7,59.2,3,cigarette_smoke
2299.0,2917.0,30.0,45.0,54.0,21.7,59.3,3,cigarette_smoke
2285.0,2914.0,30.0,45.0,54.0,21.7,59.3,3,cigarette_smoke
2291.0,2914.0,30.0,45.0,54.0,21.7,59.3,3,cigarette_smoke
2290.0,2921.0,31.0,46.0,56.0,21.7,59.5,3,cigarette_smoke
2301.0,2916.0,31.0,46.0,56.0,21.7,59.3,3,cigarette_smoke
2285.0,2914.0,31.0,46.0,56.0,21.7,59.3,3,cigarette_smoke
2291.0,2919.0,30.0,45.0,55.0,21.7,59.3,3,cigarette_smoke
2287.0,2920.0,30.0,45.0,55.0,21.7,59.3,3,cigarette_smoke
2287.0,2915.0,30.0,45.0,55.0,21.7,59.3,3,cigarette_smoke
2298.0,2919.0,30.0,45.0,55.0,21.7,59.4,3,cigarette_smoke
2284.0,2916.0,29.0,45.0,55.0,21.7,59.4,3,cigarette_smoke
2290.0,2915.0,30.0,46.0,56.0,21.7,59.4,3,cigarette_smoke
2289.0,2910.0,30.0,46.0,56.0,21.7,59.4,3,cigarette_smoke
2285.0,2916.0,29.0,45.0,55.0,21.7,59.4,3,cigarette_smoke
2297.0,2915.0,29.0,45.0,54.0,21.7,59.4,3,cigarette_smoke
2290.0,2917.0,30.0,46.0,55.0,21.7,59.4,3,cigarette_smoke
2289.0,2914.0,30.0,46.0,55.0,21.8,59.4,3,cigarette_smoke
2283.0,2916.0,30.0,46.0,55.0,21.8,59.4,3,cigarette_smoke
2298.0,2919.0,30.0,46.0,55.0,21.7,59.5,3,cigarette_smoke
2284.0,2919.0,30.0,46.0,56.0,21.7,59.5,3,cigarette_smoke
2287.0,2920.0,30.0,46.0,56.0,21.7,59.4,3,cigarette_smoke
2292.0,2913.0,30.0,45.0,55.0,21.7,59.4,3,cigarette_smoke
2283.0,2916.0,30.0,45.0,55.0,21.7,59.4,3,cigarette_smoke
2295.0,2918.0,30.0,45.0,55.0,21.8,59.4,3,cigarette_smoke
2290.0,2915.0,30.0,45.0,54.0,21.8,59.4,3,cigarette_smoke
2285.0,2915.0,30.0,45.0,54.0,21.8,59.3,3,cigarette_smoke
2293.0,2917.0,31.0,46.0,55.0,21.8,59.3,3,cigarette_smoke
2284.0,2917.0,31.0,46.0,55.0,21.8,59.3,3,cigarette_smoke
2289.0,2915.0,31.0,46.0,55.0,21.8,59.5,3,cigarette_smoke
2285.0,2917.0,31.0,46.0,55.0,21.7,59.6,3,cigarette_smoke
2290.0,2919.0,31.0,46.0,54.0,21.7,59.6,3,cigarette_smoke
2283.0,2917.0,31.0,46.0,54.0,21.7,59.6,3,cigarette_smoke
2287.0,2917.0,31.0,46.0,54.0,21.7,59.3,3,cigarette_smoke
2290.0,2916.0,31.0,45.0,54.0,21.7,59.3,3,cigarette_smoke
2284.0,2918.0,30.0,44.0,52.0,21.7,59.4,3,cigarette_smoke
2290.0,2921.0,30.0,44.0,52.0,21.7,59.4,3,cigarette_smoke
2299.0,2917.0,30.0,44.0,52.0,21.8,59.4,3,cigarette_smoke
2285.0,2919.0,30.0,44.0,52.0,21.8,59.4,3,cigarette_smoke
2292.0,2918.0,30.0,44.0,52.0,21.8,59.4,3,cigarette_smoke
2284.0,2915.0,31.0,45.0,53.0,21.8,59.4,3,cigarette_smoke
2299.0,2916.0,29.0,44.0,52.0,21.8,59.4,3,cigarette_smoke
2286.0,2915.0,29.0,44.0,52.0,21.8,59.4,3,cigarette_smoke
2292.0,2917.0,29.0,44.0,52.0,21.8,59.4,3,cigarette_smoke
2284.0,2913.0,29.0,44.0,52.0,21.8,59.4,3,cigarette_smoke
2285.0,2918.0,29.0,44.0,52.0,21.8,59.4,3,cigarette_smoke
2298.0,2915.0,29.0,44.0,52.0,21.8,59.3,3,cigarette_smoke
2284.0,2915.0,29.0,44.0,52.0,21.8,59.3,3,cigarette_smoke
2289.0,2918.0,29.0,44.0,52.0,21.8,59.3,3,cigarette_smoke
2292.0,2917.0,31.0,46.0,54.0,21.8,59.4,3,cigarette_smoke
2269.0,2920.0,30.0,45.0,53.0,21.8,59.4,3,cigarette_smoke
2299.0,2920.0,30.0,45.0,54.0,21.8,59.3,3,cigarette_smoke
2285.0,2917.0,30.0,45.0,54.0,21.8,59.3,3,cigarette_smoke
2290.0,2919.0,30.0,45.0,54.0,21.8,59.3,3,cigarette_smoke
2288.0,2919.0,31.0,46.0,55.0,21.8,59.3,3,cigarette_smoke
2297.0,2918.0,31.0,46.0,55.0,21.8,59.3,3,cigarette_smoke
2287.0,2915.0,31.0,46.0,55.0,21.8,59.3,3,cigarette_smoke
2284.0,2919.0,31.0,46.0,55.0,21.8,59.3,3,cigarette_smoke
2292.0,2920.0,31.0,46.0,55.0,21.8,59.3,3,cigarette_smoke
2285.0,2914.0,30.0,45.0,54.0,21.8,59.3,3,cigarette_smoke
2297.0,2920.0,30.0,45.0,54.0,21.8,59.4,3,cigarette_smoke
2291.0,2916.0,30.0,46.0,55.0,21.8,59.4,3,cigarette_smoke
2287.0,2918.0,30.0,46.0,55.0,21.8,59.2,3,cigarette_smoke
2291.0,2917.0,30.0,46.0,55.0,21.8,59.2,3,cigarette_smoke
2286.0,2915.0,29.0,45.0,54.0,21.8,59.2,3,cigarette_smoke
2285.0,2918.0,29.0,45.0,54.0,21.8,59.3,3,cigarette_smoke
2286.0,2916.0,29.0,45.0,54.0,21.8,59.2,3,cigarette_smoke
2288.0,2917.0,30.0,46.0,55.0,21.8,59.2,3,cigarette_smoke
2284.0,2917.0,31.0,46.0,55.0,21.8,59.2,3,cigarette_smoke
2284.0,2920.0,30.0,45.0,54.0,21.8,59.1,3,cigarette_smoke
2290.0,2917.0,30.0,45.0,54.0,21.8,59.1,3,cigarette_smoke
2286.0,2917.0,30.0,45.0,54.0,21.8,59.3,3,cigarette_smoke
2289.0,2917.0,31.0,46.0,55.0,21.8,59.3,3,cigarette_smoke
2299.0,2916.0,31.0,46.0,55.0,21.8,59.3,3,cigarette_smoke
2286.0,2914.0,30.0,45.0,54.0,21.8,59.3,3,cigarette_smoke
2291.0,2916.0,30.0,45.0,54.0,21.8,59.3,3,cigarette_smoke
2284.0,2917.0,30.0,45.0,54.0,21.8,59.2,3,cigarette_smoke
2284.0,2918.0,30.0,44.0,54.0,21.8,59.2,3,cigarette_smoke
2286.0,2920.0,31.0,45.0,55.0,21.8,59.1,3,cigarette_smoke
2294.0,2918.0,31.0,45.0,55.0,21.8,59.1,3,cigarette_smoke
2286.0,2917.0,30.0,44.0,54.0,21.8,59.1,3,cigarette_smoke
2287.0,2922.0,30.0,44.0,54.0,21.8,59.1,3,cigarette_smoke
2297.0,2899.0,31.0,45.0,55.0,21.8,59.1,3,cigarette_smoke
2284.0,2918.0,31.0,45.0,55.0,21.8,59.1,3,cigarette_smoke
2290.0,2901.0,31.0,45.0,55.0,21.8,59.1,3,cigarette_smoke
2291.0,2916.0,30.0,44.0,54.0,21.9,59.0,3,cigarette_smoke
2284.0,2914.0,30.0,44.0,54.0,21.9,59.0,3,cigarette_smoke
2297.0,2915.0,31.0,45.0,55.0,21.8,59.1,3,cigarette_smoke
2285.0,2918.0,31.0,45.0,55.0,21.8,59.1,3,cigarette_smoke
2285.0,2918.0,31.0,45.0,55.0,21.8,59.0,3,cigarette_smoke
2290.0,2917.0,31.0,45.0,55.0,21.8,59.0,3,cigarette_smoke
2297.0,2915.0,30.0,44.0,54.0,21.8,59.1,3,cigarette_smoke
2285.0,2919.0,30.0,43.0,53.0,21.8,59.1,3,cigarette_smoke
2287.0,2918.0,29.0,43.0,53.0,21.9,58.8,3,cigarette_smoke
2289.0,2913.0,29.0,43.0,52.0,21.9,58.8,3,cigarette_smoke
2283.0,2916.0,30.0,44.0,53.0,21.9,58.8,3,cigarette_smoke
2285.0,2914.0,30.0,44.0,53.0,21.8,58.9,3,cigarette_smoke
2290.0,2915.0,29.0,43.0,52.0,21.8,58.9,3,cigarette_smoke
2285.0,2918.0,29.0,43.0,52.0,21.8,58.9,3,cigarette_smoke
2292.0,2919.0,29.0,43.0,53.0,21.8,58.9,3,cigarette_smoke
2285.0,2918.0,30.0,44.0,54.0,21.8,58.9,3,cigarette_smoke
2286.0,2918.0,30.0,44.0,54.0,21.9,59.0,3,cigarette_smoke
2289.0,2915.0,29.0,43.0,53.0,21.9,59.0,3,cigarette_smoke
2291.0,2916.0,29.0,43.0,53.0,21.9,58.8,3,cigarette_smoke
2284.0,2912.0,30.0,44.0,54.0,21.9,58.8,3,cigarette_smoke
2282.0,2916.0,30.0,44.0,53.0,21.9,58.8,3,cigarette_smoke
2286.0,2920.0,30.0,44.0,53.0,21.9,58.8,3,cigarette_smoke
2287.0,2920.0,30.0,44.0,53.0,21.9,58.9,3,cigarette_smoke
2290.0,2916.0,30.0,44.0,53.0,21.9,58.9,3,cigarette_smoke
2297.0,2916.0,30.0,44.0,53.0,21.9,58.9,3,cigarette_smoke
2284.0,2919.0,30.0,44.0,53.0,21.9,58.9,3,cigarette_smoke
2288.0,2920.0,30.0,44.0,53.0,21.9,58.9,3,cigarette_smoke
2284.0,2919.0,30.0,44.0,53.0,21.9,59.0,3,cigarette_smoke
2286.0,2919.0,29.0,44.0,52.0,21.9,59.0,3,cigarette_smoke
2297.0,2916.0,29.0,44.0,52.0,21.9,58.9,3,cigarette_smoke
2282.0,2916.0,29.0,44.0,52.0,21.9,58.9,3,cigarette_smoke
2283.0,2913.0,29.0,44.0,52.0,21.9,58.9,3,cigarette_smoke
2282.0,2912.0,30.0,45.0,53.0,21.9,58.9,3,cigarette_smoke
2296.0,2914.0,30.0,45.0,53.0,21.9,58.8,3,cigarette_smoke
2281.0,2915.0,29.0,44.0,52.0,21.9,58.8,3,cigarette_smoke
2286.0,2915.0,29.0,44.0,52.0,21.9,58.8,3,cigarette_smoke
2289.0,2914.0,29.0,43.0,52.0,21.9,58.8,3,cigarette_smoke
2281.0,2913.0,29.0,43.0,52.0,21.9,58.8,3,cigarette_smoke
2293.0,2912.0,29.0,43.0,52.0,21.9,58.8,3,cigarette_smoke
2281.0,2914.0,29.0,43.0,52.0,21.9,58.8,3,cigarette_smoke
2282.0,2917.0,30.0,44.0,53.0,21.9,58.8,3,cigarette_smoke
2289.0,2918.0,30.0,44.0,53.0,21.9,58.8,3,cigarette_smoke
2282.0,2919.0,30.0,43.0,53.0,21.9,58.8,3,cigarette_smoke
2294.0,2912.0,30.0,43.0,53.0,21.9,58.7,3,cigarette_smoke
2281.0,2919.0,29.0,43.0,53.0,21.9,58.7,3,cigarette_smoke
2286.0,2914.0,29.0,43.0,53.0,21.9,58.7,3,cigarette_smoke
2283.0,2914.0,29.0,43.0,52.0,21.9,58.7,3,cigarette_smoke
2295.0,2918.0,28.0,42.0,51.0,22.0,58.7,3,cigarette_smoke
2287.0,2920.0,28.0,42.0,51.0,22.0,58.7,3,cigarette_smoke
2282.0,2911.0,28.0,42.0,51.0,21.9,58.7,3,cigarette_smoke
2288.0,2914.0,28.0,42.0,51.0,21.9,58.7,3,cigarette_smoke
2284.0,2921.0,28.0,42.0,51.0,21.9,58.7,3,cigarette_smoke
2285.0,2917.0,28.0,42.0,52.0,22.0,58.6,3,cigarette_smoke
2289.0,2919.0,28.0,42.0,52.0,22.0,58.6,3,cigarette_smoke
2283.0,2915.0,29.0,44.0,53.0,21.9,58.5,3,cigarette_smoke
2289.0,2918.0,29.0,44.0,53.0,21.9,58.5,3,cigarette_smoke
2284.0,2920.0,29.0,44.0,53.0,22.0,58.5,3,cigarette_smoke
2288.0,2913.0,28.0,43.0,52.0,22.0,58.5,3,cigarette_smoke
2286.0,2920.0,28.0,43.0,52.0,21.9,58.6,3,cigarette_smoke
2291.0,2917.0,28.0,43.0,52.0,21.9,58.6,3,cigarette_smoke
2297.0,2916.0,28.0,43.0,52.0,22.0,58.4,3,cigarette_smoke
2284.0,2919.0,28.0,43.0,52.0,22.0,58.4,3,cigarette_smoke
2289.0,2917.0,28.0,43.0,52.0,22.0,58.4,3,cigarette_smoke
2283.0,2917.0,28.0,43.0,52.0,22.0,58.4,3,cigarette_smoke
2282.0,2918.0,30.0,46.0,55.0,22.0,58.4,3,cigarette_smoke
2300.0,2916.0,32.0,50.0,61.0,22.0,58.4,3,cigarette_smoke
2284.0,2914.0,35.0,53.0,66.0,22.0,58.4,3,cigarette_smoke
2287.0,2918.0,39.0,60.0,70.0,22.0,58.4,3,cigarette_smoke
2282.0,2916.0,50.0,79.0,82.0,22.0,58.3,3,cigarette_smoke
2296.0,2917.0,54.0,85.0,87.0,22.0,58.3,3,cigarette_smoke
2279.0,2916.0,57.0,89.0,93.0,22.0,58.3,3,cigarette_smoke
2288.0,2915.0,60.0,95.0,98.0,22.0,58.3,3,cigarette_smoke
2295.0,2914.0,58.0,90.0,94.0,22.0,58.4,3,cigarette_smoke
2274.0,2910.0,56.0,87.0,90.0,22.0,58.4,3,cigarette_smoke
2287.0,2912.0,53.0,84.0,88.0,22.0,58.4,3,cigarette_smoke
2281.0,2915.0,51.0,80.0,84.0,22.0,58.3,3,cigarette_smoke
2272.0,2913.0,8.0,12.0,13.0,22.6,51.7,3,cigarette_smoke
2283.0,2910.0,8.0,13.0,14.0,22.5,51.7,3,cigarette_smoke
2273.0,2907.0,9.0,15.0,16.0,22.5,51.7,3,cigarette_smoke
2279.0,2911.0,11.0,16.0,18.0,22.5,51.7,3,cigarette_smoke
2274.0,2909.0,14.0,22.0,23.0,22.5,51.6,3,cigarette_smoke
2286.0,2912.0,17.0,27.0,28.0,22.5,51.7,3,cigarette_smoke
2274.0,2908.0,21.0,32.0,35.0,22.5,51.7,3,cigarette_smoke
2279.0,2909.0,23.0,35.0,41.0,22.5,51.7,3,cigarette_smoke
2281.0,2910.0,27.0,40.0,48.0,22.5,51.6,3,cigarette_smoke
2274.0,2909.0,28.0,42.0,51.0,22.5,51.6,3,cigarette_smoke
2286.0,2907.0,29.0,44.0,53.0,22.5,51.5,3,cigarette_smoke
2273.0,2911.0,30.0,45.0,54.0,22.5,51.5,3,cigarette_smoke
2274.0,2911.0,32.0,47.0,57.0,22.5,51.5,3,cigarette_smoke
2280.0,2912.0,33.0,48.0,57.0,22.5,51.5,3,cigarette_smoke
2273.0,2910.0,32.0,47.0,56.0,22.5,51.5,3,cigarette_smoke
2284.0,2913.0,31.0,46.0,55.0,22.5,51.5,3,cigarette_smoke
2277.0,2905.0,30.0,44.0,52.0,22.5,51.5,3,cigarette_smoke
2277.0,2909.0,29.0,42.0,49.0,22.5,51.5,3,cigarette_smoke
2275.0,2910.0,28.0,41.0,48.0,22.5,51.5,3,cigarette_smoke
2288.0,2909.0,28.0,40.0,47.0,22.4,51.4,3,cigarette_smoke
2279.0,2910.0,27.0,39.0,45.0,22.4,51.4,3,cigarette_smoke
2275.0,2912.0,25.0,37.0,42.0,22.4,51.6,3,cigarette_smoke
2282.0,2910.0,25.0,36.0,41.0,22.4,51.6,3,cigarette_smoke
2273.0,2914.0,25.0,35.0,40.0,22.4,51.6,3,cigarette_smoke
2274.0,2910.0,25.0,35.0,39.0,22.4,51.6,3,cigarette_smoke
2281.0,2913.0,24.0,35.0,38.0,22.4,51.6,3,cigarette_smoke
2274.0,2906.0,24.0,34.0,37.0,22.4,51.9,3,cigarette_smoke
2281.0,2914.0,24.0,34.0,37.0,22.4,51.9,3,cigarette_smoke
2286.0,2908.0,24.0,35.0,39.0,22.4,51.8,3,cigarette_smoke
2280.0,2911.0,26.0,38.0,44.0,22.4,51.8,3,cigarette_smoke
2273.0,2908.0,28.0,41.0,47.0,22.4,52.0,3,cigarette_smoke
2279.0,2909.0,28.0,42.0,49.0,22.4,52.0,3,cigarette_smoke
2285.0,2910.0,29.0,44.0,52.0,22.4,52.1,3,cigarette_smoke
2274.0,2906.0,30.0,45.0,54.0,22.4,52.1,3,cigarette_smoke
2280.0,2913.0,31.0,46.0,55.0,22.4,52.1,3,cigarette_smoke
2275.0,2909.0,31.0,46.0,55.0,22.4,52.2,3,cigarette_smoke
2271.0,2909.0,30.0,44.0,52.0,22.4,52.2,3,cigarette_smoke
2289.0,2915.0,29.0,44.0,52.0,22.4,52.2,3,cigarette_smoke
2278.0,2910.0,29.0,43.0,50.0,22.4,52.2,3,cigarette_smoke
2279.0,2909.0,28.0,42.0,49.0,22.4,52.2,3,cigarette_smoke
2277.0,2907.0,30.0,45.0,54.0,22.3,52.4,3,cigarette_smoke
2277.0,2914.0,34.0,50.0,60.0,22.3,52.4,3,cigarette_smoke
2274.0,2912.0,41.0,58.0,68.0,22.3,52.5,3,cigarette_smoke
2279.0,2906.0,47.0,66.0,73.0,22.3,52.5,3,cigarette_smoke
2279.0,2909.0,62.0,90.0,90.0,22.4,52.7,3,cigarette_smoke
2274.0,2912.0,69.0,99.0,99.0,22.4,52.7,3,cigarette_smoke
2285.0,2909.0,76.0,109.0,109.0,22.3,52.8,3,cigarette_smoke
2276.0,2910.0,80.0,117.0,117.0,22.3,52.8,3,cigarette_smoke
2275.0,2915.0,83.0,121.0,122.0,22.3,52.9,3,cigarette_smoke
2280.0,2912.0,85.0,124.0,124.0,22.3,52.9,3,cigarette_smoke
2276.0,2912.0,84.0,123.0,123.0,22.3,52.9,3,cigarette_smoke
2288.0,2907.0,83.0,122.0,122.0,22.3,53.0,3,cigarette_smoke
2279.0,2914.0,75.0,111.0,111.0,22.3,53.0,3,cigarette_smoke
2275.0,2911.0,72.0,107.0,107.0,22.3,53.0,3,cigarette_smoke
2278.0,2908.0,69.0,104.0,104.0,22.3,53.0,3,cigarette_smoke
2286.0,2906.0,64.0,96.0,96.0,22.3,53.2,3,cigarette_smoke
2281.0,2913.0,60.0,89.0,89.0,22.3,53.2,3,cigarette_smoke
2276.0,2915.0,58.0,86.0,86.0,22.3,53.2,3,cigarette_smoke
2279.0,2914.0,56.0,82.0,83.0,22.3,53.2,3,cigarette_smoke
2275.0,2911.0,52.0,78.0,79.0,22.3,53.2,3,cigarette_smoke
2275.0,2914.0,47.0,70.0,75.0,22.3,53.4,3,cigarette_smoke
2282.0,2909.0,44.0,66.0,73.0,22.3,53.4,3,cigarette_smoke
2274.0,2914.0,41.0,61.0,70.0,22.3,53.4,3,cigarette_smoke
2282.0,2908.0,39.0,59.0,68.0,22.3,53.4,3,cigarette_smoke
2287.0,2913.0,36.0,54.0,65.0,22.3,53.7,3,cigarette_smoke
2273.0,2909.0,35.0,52.0,63.0,22.3,53.7,3,cigarette_smoke
2282.0,2913.0,34.0,51.0,62.0,22.3,53.7,3,cigarette_smoke
2279.0,2912.0,32.0,47.0,56.0,22.3,53.8,3,cigarette_smoke
2288.0,2909.0,30.0,45.0,54.0,22.3,53.8,3,cigarette_smoke
2274.0,2907.0,30.0,45.0,53.0,22.3,53.8,3,cigarette_smoke
2277.0,2913.0,30.0,45.0,54.0,22.3,53.8,3,cigarette_smoke
2276.0,2911.0,30.0,45.0,54.0,22.2,54.0,3,cigarette_smoke
2272.0,2910.0,31.0,46.0,55.0,22.2,54.0,3,cigarette_smoke
2289.0,2911.0,33.0,48.0,57.0,22.3,54.1,3,cigarette_smoke
2274.0,2908.0,33.0,48.0,58.0,22.3,54.1,3,cigarette_smoke
2280.0,2912.0,34.0,50.0,61.0,22.3,54.1,3,cigarette_smoke
2280.0,2912.0,39.0,54.0,65.0,22.2,54.2,3,cigarette_smoke
2275.0,2907.0,41.0,56.0,66.0,22.2,54.2,3,cigarette_smoke
2282.0,2909.0,42.0,57.0,67.0,22.2,54.2,3,cigarette_smoke
2276.0,2912.0,43.0,58.0,68.0,22.2,54.2,3,cigarette_smoke
2282.0,2913.0,49.0,65.0,73.0,22.2,54.4,3,cigarette_smoke
2273.0,2910.0,49.0,65.0,72.0,22.2,54.4,3,cigarette_smoke
2291.0,2911.0,49.0,65.0,72.0,22.2,54.5,3,cigarette_smoke
2274.0,2912.0,47.0,63.0,71.0,22.2,54.5,3,cigarette_smoke
2271.0,2911.0,46.0,60.0,70.0,22.2,54.5,3,cigarette_smoke
2281.0,2910.0,46.0,61.0,70.0,22.2,54.5,3,cigarette_smoke
2274.0,2912.0,48.0,64.0,73.0,22.2,54.5,3,cigarette_smoke
2289.0,2912.0,50.0,68.0,74.0,22.2,54.6,3,cigarette_smoke
2278.0,2907.0,53.0,73.0,76.0,22.2,54.6,3,cigarette_smoke
2277.0,2913.0,55.0,75.0,77.0,22.2,54.9,3,cigarette_smoke
2275.0,2909.0,57.0,77.0,79.0,22.2,54.9,3,cigarette_smoke
2277.0,2912.0,61.0,83.0,84.0,22.2,54.9,3,cigarette_smoke
2279.0,2914.0,69.0,93.0,94.0,22.2,55.0,3,cigarette_smoke
2277.0,2913.0,69.0,92.0,93.0,22.2,55.0,3,cigarette_smoke
2279.0,2911.0,69.0,91.0,91.0,22.2,55.0,3,cigarette_smoke
2275.0,2912.0,68.0,90.0,90.0,22.2,55.0,3,cigarette_smoke
2277.0,2913.0,66.0,86.0,86.0,22.2,55.2,3,cigarette_smoke
2281.0,2909.0,65.0,84.0,84.0,22.2,55.2,3,cigarette_smoke
2274.0,2911.0,63.0,81.0,81.0,22.2,55.2,3,cigarette_smoke
2279.0,2911.0,59.0,77.0,78.0,22.2,55.2,3,cigarette_smoke
2284.0,2910.0,54.0,69.0,74.0,22.2,55.3,3,cigarette_smoke
2277.0,2912.0,55.0,73.0,76.0,22.2,55.3,3,cigarette_smoke
2280.0,2913.0,56.0,76.0,78.0,22.2,55.3,3,cigarette_smoke
2273.0,2908.0,59.0,84.0,84.0,22.2,55.2,3,cigarette_smoke
2287.0,2910.0,70.0,105.0,106.0,22.2,55.4,3,cigarette_smoke
2274.0,2913.0,74.0,112.0,113.0,22.2,55.4,3,cigarette_smoke
2277.0,2912.0,77.0,119.0,120.0,22.2,55.4,3,cigarette_smoke
2273.0,2910.0,83.0,126.0,128.0,22.2,55.5,3,cigarette_smoke
2274.0,2913.0,87.0,134.0,134.0,22.2,55.5,3,cigarette_smoke
2289.0,2911.0,85.0,131.0,132.0,22.2,55.7,3,cigarette_smoke
2274.0,2911.0,85.0,129.0,129.0,22.2,55.7,3,cigarette_smoke
2281.0,2910.0,83.0,127.0,127.0,22.2,55.7,3,cigarette_smoke
2282.0,2912.0,80.0,120.0,120.0,22.1,55.7,3,cigarette_smoke
2276.0,2915.0,79.0,117.0,117.0,22.1,55.7,3,cigarette_smoke
2285.0,2911.0,78.0,115.0,115.0,22.2,55.8,3,cigarette_smoke
2271.0,2912.0,76.0,111.0,111.0,22.2,55.8,3,cigarette_smoke
2274.0,2913.0,73.0,106.0,106.0,22.1,56.0,3,cigarette_smoke
2273.0,2908.0,68.0,98.0,98.0,22.1,56.0,3,cigarette_smoke
2286.0,2907.0,63.0,91.0,91.0,22.2,56.0,3,cigarette_smoke
2273.0,2908.0,59.0,86.0,86.0,22.2,56.0,3,cigarette_smoke
2273.0,2907.0,54.0,78.0,79.0,22.2,56.1,3,cigarette_smoke
2277.0,2910.0,52.0,74.0,77.0,22.2,56.1,3,cigarette_smoke
2275.0,2915.0,50.0,70.0,75.0,22.2,56.1,3,cigarette_smoke
2285.0,2909.0,47.0,67.0,73.0,22.1,56.2,3,cigarette_smoke
2281.0,2908.0,43.0,60.0,69.0,22.1,56.2,3,cigarette_smoke
2273.0,2911.0,41.0,58.0,68.0,22.1,56.1,3,cigarette_smoke
2278.0,2912.0,40.0,56.0,66.0,22.1,56.1,3,cigarette_smoke
2273.0,2912.0,38.0,53.0,64.0,22.1,56.1,3,cigarette_smoke
2274.0,2914.0,35.0,51.0,61.0,22.1,56.3,3,cigarette_smoke
2272.0,2907.0,32.0,47.0,56.0,22.1,56.3,3,cigarette_smoke
2279.0,2912.0,32.0,46.0,55.0,22.1,56.3,3,cigarette_smoke
2274.0,2913.0,31.0,46.0,55.0,22.1,56.3,3,cigarette_smoke
2274.0,2907.0,30.0,44.0,52.0,22.2,56.4,3,cigarette_smoke
2277.0,2906.0,29.0,43.0,50.0,22.2,56.4,3,cigarette_smoke
2273.0,2911.0,29.0,42.0,49.0,22.1,56.5,3,cigarette_smoke
2277.0,2909.0,29.0,42.0,49.0,22.1,56.5,3,cigarette_smoke
2284.0,2906.0,29.0,42.0,49.0,22.1,56.6,3,cigarette_smoke
2275.0,2911.0,29.0,42.0,49.0,22.1,56.6,3,cigarette_smoke
2275.0,2911.0,29.0,42.0,49.0,22.1,56.6,3,cigarette_smoke
2275.0,2910.0,29.0,42.0,49.0,22.1,56.6,3,cigarette_smoke
2272.0,2910.0,30.0,43.0,50.0,22.1,56.6,3,cigarette_smoke
2286.0,2914.0,30.0,43.0,50.0,22.1,56.7,3,cigarette_smoke
2279.0,2911.0,31.0,44.0,51.0,22.1,56.7,3,cigarette_smoke
2272.0,2912.0,31.0,44.0,51.0,22.2,56.8,3,cigarette_smoke
2272.0,2910.0,30.0,42.0,49.0,22.2,56.8,3,cigarette_smoke
2288.0,2909.0,29.0,42.0,49.0,22.1,56.9,3,cigarette_smoke
2275.0,2914.0,29.0,41.0,48.0,22.1,56.9,3,cigarette_smoke
2280.0,2914.0,29.0,41.0,48.0,22.1,56.9,3,cigarette_smoke
2280.0,2912.0,29.0,41.0,47.0,22.1,56.8,3,cigarette_smoke
2275.0,2913.0,28.0,40.0,46.0,22.1,56.8,3,cigarette_smoke
2278.0,2914.0,28.0,39.0,45.0,22.1,57.0,3,cigarette_smoke
2274.0,2907.0,28.0,39.0,45.0,22.1,57.0,3,cigarette_smoke
2273.0,2908.0,28.0,39.0,45.0,22.1,57.0,3,cigarette_smoke
2281.0,2916.0,28.0,39.0,45.0,22.1,57.0,3,cigarette_smoke
2282.0,2911.0,28.0,40.0,47.0,22.1,57.1,3,cigarette_smoke
2270.0,2906.0,30.0,42.0,50.0,22.1,57.1,3,cigarette_smoke
2274.0,2908.0,32.0,47.0,56.0,22.1,57.2,3,cigarette_smoke
2274.0,2908.0,33.0,49.0,59.0,22.1,57.2,3,cigarette_smoke
2269.0,2906.0,34.0,50.0,61.0,22.1,57.2,3,cigarette_smoke
2283.0,2905.0,36.0,52.0,63.0,22.1,57.2,3,cigarette_smoke
2275.0,2906.0,39.0,55.0,66.0,22.1,57.2,3,cigarette_smoke
2269.0,2904.0,40.0,56.0,67.0,22.1,57.3,3,cigarette_smoke
2273.0,2906.0,39.0,56.0,67.0,22.1,57.3,3,cigarette_smoke
2273.0,2908.0,38.0,53.0,65.0,22.1,57.3,3,cigarette_smoke
2268.0,2907.0,34.0,50.0,61.0,22.1,57.4,3,cigarette_smoke
2279.0,2907.0,33.0,49.0,60.0,22.1,57.4,3,cigarette_smoke
2273.0,2907.0,35.0,53.0,64.0,22.1,57.4,3,cigarette_smoke
2270.0,2908.0,41.0,67.0,73.0,22.1,57.4,3,cigarette_smoke
2270.0,2909.0,48.0,80.0,80.0,22.1,57.5,3,cigarette_smoke
2277.0,2909.0,50.0,86.0,86.0,22.1,57.5,3,cigarette_smoke
2271.0,2906.0,52.0,91.0,92.0,22.1,57.6,3,cigarette_smoke
2277.0,2907.0,56.0,96.0,97.0,22.1,57.6,3,cigarette_smoke
2281.0,2902.0,60.0,106.0,107.0,22.1,57.5,3,cigarette_smoke
2270.0,2908.0,60.0,104.0,105.0,22.1,57.5,3,cigarette_smoke
2275.0,2903.0,59.0,99.0,101.0,22.1,57.5,3,cigarette_smoke
2270.0,2907.0,57.0,95.0,97.0,22.1,57.7,3,cigarette_smoke
2270.0,2907.0,53.0,88.0,89.0,22.1,57.7,3,cigarette_smoke
2281.0,2909.0,51.0,85.0,86.0,22.1,57.7,3,cigarette_smoke
2271.0,2908.0,50.0,82.0,83.0,22.1,57.7,3,cigarette_smoke
2276.0,2906.0,48.0,79.0,79.0,22.1,57.7,3,cigarette_smoke
2269.0,2905.0,44.0,70.0,75.0,22.1,57.8,3,cigarette_smoke
2280.0,2907.0,42.0,66.0,73.0,22.1,57.7,3,cigarette_smoke
2270.0,2909.0,39.0,63.0,71.0,22.1,57.7,3,cigarette_smoke
2277.0,2909.0,38.0,61.0,69.0,22.1,57.7,3,cigarette_smoke
2274.0,2904.0,38.0,60.0,69.0,22.1,57.9,3,cigarette_smoke
2269.0,2906.0,39.0,60.0,70.0,22.1,57.9,3,cigarette_smoke
2284.0,2906.0,40.0,62.0,70.0,22.1,57.9,3,cigarette_smoke
2271.0,2907.0,40.0,62.0,71.0,22.1,57.9,3,cigarette_smoke
2270.0,2906.0,44.0,70.0,75.0,22.1,58.1,3,cigarette_smoke
2276.0,2908.0,47.0,77.0,78.0,22.1,58.1,3,cigarette_smoke
2271.0,2905.0,50.0,83.0,85.0,22.1,58.1,3,cigarette_smoke
2280.0,2906.0,53.0,89.0,91.0,22.1,57.9,3,cigarette_smoke
2274.0,2909.0,59.0,103.0,105.0,22.1,58.1,3,cigarette_smoke
2274.0,2906.0,60.0,104.0,106.0,22.1,58.1,3,cigarette_smoke
2272.0,2904.0,60.0,106.0,107.0,22.1,58.1,3,cigarette_smoke
2284.0,2906.0,60.0,107.0,109.0,22.1,58.0,3,cigarette_smoke
2276.0,2904.0,56.0,97.0,99.0,22.1,58.0,3,cigarette_smoke
2272.0,2907.0,53.0,93.0,94.0,22.1,58.1,3,cigarette_smoke
2278.0,2910.0,51.0,87.0,89.0,22.1,58.1,3,cigarette_smoke
2273.0,2910.0,48.0,83.0,84.0,22.1,58.1,3,cigarette_smoke
2273.0,2903.0,43.0,75.0,77.0,22.1,58.2,3,cigarette_smoke
2276.0,2908.0,41.0,72.0,76.0,22.1,58.2,3,cigarette_smoke
2272.0,2910.0,41.0,68.0,74.0,22.1,58.3,3,cigarette_smoke
2278.0,2909.0,39.0,66.0,72.0,22.1,58.3,3,cigarette_smoke
2269.0,2909.0,35.0,56.0,67.0,22.1,58.3,3,cigarette_smoke
2276.0,2908.0,34.0,54.0,65.0,22.1,58.3,3,cigarette_smoke
2271.0,2903.0,32.0,51.0,62.0,22.1,58.2,3,cigarette_smoke
2277.0,2907.0,32.0,50.0,61.0,22.1,58.2,3,cigarette_smoke
2282.0,2908.0,31.0,48.0,59.0,22.1,58.3,3,cigarette_smoke
2273.0,2905.0,30.0,48.0,57.0,22.1,58.3,3,cigarette_smoke
2276.0,2909.0,29.0,46.0,56.0,22.1,58.3,3,cigarette_smoke
2272.0,2907.0,27.0,45.0,53.0,22.1,58.3,3,cigarette_smoke
2271.0,2909.0,28.0,45.0,53.0,22.1,58.3,3,cigarette_smoke
2283.0,2907.0,29.0,45.0,54.0,22.2,58.3,3,cigarette_smoke
2271.0,2909.0,30.0,46.0,55.0,22.2,58.3,3,cigarette_smoke
2278.0,2908.0,31.0,48.0,57.0,22.2,58.3,3,cigarette_smoke
2273.0,2909.0,34.0,50.0,60.0,22.1,58.4,3,cigarette_smoke
2283.0,2908.0,34.0,50.0,61.0,22.1,58.5,3,cigarette_smoke
2271.0,2907.0,35.0,51.0,62.0,22.1,58.5,3,cigarette_smoke
2275.0,2907.0,34.0,50.0,61.0,22.1,58.5,3,cigarette_smoke
2276.0,2904.0,33.0,47.0,58.0,22.2,58.3,3,cigarette_smoke
2272.0,2907.0,33.0,48.0,57.0,22.2,58.3,3,cigarette_smoke
2284.0,2906.0,32.0,46.0,56.0,22.2,58.4,3,cigarette_smoke
2271.0,2909.0,31.0,46.0,54.0,22.2,58.4,3,cigarette_smoke
2271.0,2906.0,30.0,44.0,52.0,22.1,58.4,3,cigarette_smoke
2272.0,2906.0,30.0,43.0,50.0,22.1,58.4,3,cigarette_smoke
2270.0,2905.0,28.0,41.0,49.0,22.1,58.4,3,cigarette_smoke
2281.0,2905.0,28.0,41.0,48.0,22.1,58.4,3,cigarette_smoke
2276.0,2906.0,27.0,40.0,47.0,22.1,58.4,3,cigarette_smoke
2278.0,2911.0,28.0,40.0,47.0,22.2,58.6,3,cigarette_smoke
2272.0,2911.0,28.0,40.0,47.0,22.2,58.6,3,cigarette_smoke
2285.0,2909.0,27.0,39.0,46.0,22.2,58.6,3,cigarette_smoke
2276.0,2906.0,27.0,40.0,47.0,22.2,58.6,3,cigarette_smoke
2271.0,2908.0,27.0,41.0,49.0,22.2,58.6,3,cigarette_smoke
2276.0,2911.0,30.0,45.0,54.0,22.2,58.6,3,cigarette_smoke
2272.0,2906.0,31.0,47.0,57.0,22.2,58.6,3,cigarette_smoke
2272.0,2910.0,34.0,52.0,63.0,22.1,58.6,3,cigarette_smoke
2277.0,2907.0,38.0,56.0,67.0,22.1,58.6,3,cigarette_smoke
2269.0,2907.0,41.0,62.0,71.0,22.1,58.6,3,cigarette_smoke
2277.0,2907.0,44.0,68.0,74.0,22.1,58.6,3,cigarette_smoke
2282.0,2911.0,50.0,76.0,78.0,22.2,58.6,3,cigarette_smoke
2280.0,2908.0,53.0,79.0,81.0,22.2,58.6,3,cigarette_smoke
2269.0,2906.0,55.0,81.0,83.0,22.2,58.6,3,cigarette_smoke
2277.0,2908.0,60.0,88.0,90.0,22.2,58.6,3,cigarette_smoke
2284.0,2908.0,66.0,100.0,102.0,22.2,58.6,3,cigarette_smoke
2273.0,2905.0,68.0,106.0,108.0,22.2,58.6,3,cigarette_smoke
2277.0,2907.0,70.0,110.0,112.0,22.2,58.6,3,cigarette_smoke
2271.0,2906.0,73.0,115.0,117.0,22.2,58.6,3,cigarette_smoke
2273.0,2909.0,76.0,121.0,124.0,22.2,58.6,3,cigarette_smoke
2285.0,2911.0,77.0,124.0,126.0,22.1,58.6,3,cigarette_smoke
2273.0,2905.0,76.0,124.0,128.0,22.1,58.6,3,cigarette_smoke
2278.0,2909.0,74.0,120.0,122.0,22.1,58.6,3,cigarette_smoke
2277.0,2907.0,66.0,108.0,110.0,22.1,58.6,3,cigarette_smoke
2269.0,2908.0,62.0,102.0,104.0,22.1,58.6,3,cigarette_smoke
2271.0,2910.0,55.0,90.0,92.0,22.1,58.5,3,cigarette_smoke
2280.0,2912.0,52.0,85.0,87.0,22.1,58.5,3,cigarette_smoke
2275.0,2911.0,49.0,78.0,80.0,22.2,58.6,3,cigarette_smoke
2271.0,2910.0,48.0,79.0,80.0,22.2,58.6,3,cigarette_smoke
2284.0,2908.0,49.0,79.0,80.0,22.2,58.7,3,cigarette_smoke
2271.0,2908.0,50.0,79.0,81.0,22.2,58.7,3,cigarette_smoke
2269.0,2906.0,50.0,79.0,80.0,22.1,58.6,3,cigarette_smoke
2275.0,2907.0,51.0,79.0,81.0,22.1,58.6,3,cigarette_smoke
2272.0,2909.0,51.0,79.0,82.0,22.1,58.6,3,cigarette_smoke
2283.0,2908.0,52.0,80.0,82.0,22.2,58.6,3,cigarette_smoke
2276.0,2909.0,52.0,80.0,82.0,22.2,58.6,3,cigarette_smoke
2272.0,2908.0,51.0,78.0,79.0,22.2,58.6,3,cigarette_smoke
2280.0,2908.0,49.0,75.0,77.0,22.2,58.6,3,cigarette_smoke
2284.0,2908.0,48.0,72.0,76.0,22.2,58.6,3,cigarette_smoke
2274.0,2907.0,48.0,72.0,76.0,22.2,58.6,3,cigarette_smoke
2270.0,2903.0,48.0,73.0,76.0,22.2,58.6,3,cigarette_smoke
2276.0,2908.0,49.0,73.0,77.0,22.2,58.6,3,cigarette_smoke
2271.0,2906.0,50.0,74.0,76.0,22.2,58.6,3,cigarette_smoke
2274.0,2907.0,54.0,78.0,79.0,22.2,58.6,3,cigarette_smoke
2276.0,2906.0,55.0,79.0,80.0,22.2,58.6,3,cigarette_smoke
2273.0,2913.0,58.0,83.0,85.0,22.2,58.5,3,cigarette_smoke
2277.0,2908.0,59.0,84.0,86.0,22.2,58.5,3,cigarette_smoke
2280.0,2907.0,60.0,84.0,86.0,22.2,58.6,3,cigarette_smoke
2271.0,2909.0,60.0,85.0,86.0,22.2,58.6,3,cigarette_smoke
2278.0,2909.0,64.0,88.0,90.0,22.2,58.6,3,cigarette_smoke
2248.0,2907.0,67.0,94.0,95.0,22.2,58.6,3,cigarette_smoke
2253.0,2911.0,71.0,100.0,101.0,22.2,58.5,3,cigarette_smoke
2236.0,2905.0,72.0,101.0,103.0,22.2,58.5,3,cigarette_smoke
2243.0,2907.0,73.0,103.0,103.0,22.2,58.5,3,cigarette_smoke
2240.0,2906.0,75.0,114.0,117.0,22.2,58.7,3,cigarette_smoke
2235.0,2906.0,82.0,141.0,149.0,22.2,58.7,3,cigarette_smoke
2248.0,2903.0,83.0,150.0,160.0,22.2,58.5,3,cigarette_smoke
2235.0,2908.0,83.0,156.0,168.0,22.2,58.5,3,cigarette_smoke
2244.0,2908.0,83.0,163.0,178.0,22.2,58.5,3,cigarette_smoke
2246.0,2905.0,85.0,177.0,196.0,22.2,58.6,3,cigarette_smoke
2233.0,2906.0,87.0,184.0,203.0,22.2,58.6,3,cigarette_smoke
2251.0,2905.0,87.0,189.0,210.0,22.2,58.6,3,cigarette_smoke
2238.0,2908.0,87.0,184.0,204.0,22.2,58.6,3,cigarette_smoke
2242.0,2909.0,80.0,163.0,179.0,22.2,58.6,3,cigarette_smoke
2237.0,2909.0,78.0,156.0,170.0,22.2,58.6,3,cigarette_smoke
2248.0,2908.0,75.0,148.0,161.0,22.2,58.7,3,cigarette_smoke
2241.0,2911.0,73.0,142.0,154.0,22.2,58.7,3,cigarette_smoke
2235.0,2908.0,66.0,126.0,138.0,22.2,58.6,3,cigarette_smoke
2245.0,2911.0,62.0,120.0,130.0,22.2,58.6,3,cigarette_smoke
2237.0,2905.0,60.0,113.0,122.0,22.2,58.6,3,cigarette_smoke
2253.0,2908.0,55.0,106.0,115.0,22.2,58.5,3,cigarette_smoke
2243.0,2911.0,50.0,95.0,103.0,22.2,58.5,3,cigarette_smoke
2238.0,2911.0,48.0,90.0,98.0,22.2,58.4,3,cigarette_smoke
2245.0,2913.0,46.0,85.0,92.0,22.2,58.4,3,cigarette_smoke
2239.0,2910.0,43.0,79.0,86.0,22.2,58.4,3,cigarette_smoke
2238.0,2908.0,38.0,68.0,76.0,22.2,58.6,3,cigarette_smoke
2241.0,2909.0,35.0,65.0,74.0,22.2,58.6,3,cigarette_smoke
2245.0,2907.0,34.0,61.0,72.0,22.2,58.6,3,cigarette_smoke
2239.0,2907.0,34.0,59.0,70.0,22.2,58.6,3,cigarette_smoke
2240.0,2908.0,32.0,55.0,67.0,22.2,58.6,3,cigarette_smoke
2244.0,2910.0,33.0,53.0,66.0,22.2,58.6,3,cigarette_smoke
2236.0,2902.0,32.0,52.0,64.0,22.2,58.6,3,cigarette_smoke
2247.0,2910.0,31.0,51.0,62.0,22.2,58.6,3,cigarette_smoke
2253.0,2909.0,29.0,48.0,59.0,22.2,58.5,3,cigarette_smoke
2232.0,2907.0,29.0,47.0,57.0,22.2,58.5,3,cigarette_smoke
2249.0,2911.0,28.0,46.0,55.0,22.2,58.5,3,cigarette_smoke
2239.0,2910.0,28.0,45.0,54.0,22.3,58.6,3,cigarette_smoke
2255.0,2913.0,27.0,42.0,50.0,22.3,58.5,3,cigarette_smoke
2246.0,2909.0,26.0,41.0,49.0,22.3,58.5,3,cigarette_smoke
2249.0,2909.0,25.0,40.0,48.0,22.3,58.5,3,cigarette_smoke
2242.0,2908.0,25.0,40.0,47.0,22.2,58.5,3,cigarette_smoke
2250.0,2909.0,23.0,38.0,45.0,22.2,58.5,3,cigarette_smoke
2262.0,2904.0,25.0,43.0,52.0,22.2,58.4,3,cigarette_smoke
2251.0,2905.0,27.0,49.0,60.0,22.2,58.4,3,cigarette_smoke
2256.0,2909.0,29.0,55.0,66.0,22.2,58.4,3,cigarette_smoke
2260.0,2908.0,32.0,75.0,78.0,22.2,58.5,3,cigarette_smoke
2252.0,2911.0,34.0,83.0,87.0,22.2,58.5,3,cigarette_smoke
2261.0,2908.0,37.0,90.0,96.0,22.3,58.6,3,cigarette_smoke
2251.0,2904.0,40.0,99.0,105.0,22.3,58.6,3,cigarette_smoke
2255.0,2906.0,44.0,112.0,118.0,22.2,58.4,3,cigarette_smoke
2254.0,2909.0,43.0,106.0,112.0,22.2,58.4,3,cigarette_smoke
2265.0,2904.0,42.0,100.0,106.0,22.3,58.5,3,cigarette_smoke
2254.0,2904.0,40.0,95.0,100.0,22.3,58.5,3,cigarette_smoke
2255.0,2910.0,36.0,86.0,89.0,22.3,58.3,3,cigarette_smoke
2254.0,2909.0,35.0,81.0,85.0,22.3,58.3,3,cigarette_smoke
2252.0,2909.0,34.0,77.0,80.0,22.3,58.3,3,cigarette_smoke
2263.0,2906.0,33.0,73.0,77.0,22.3,58.3,3,cigarette_smoke
2255.0,2904.0,32.0,66.0,73.0,22.3,58.3,3,cigarette_smoke
2252.0,2900.0,31.0,63.0,72.0,22.3,58.4,3,cigarette_smoke
2258.0,2907.0,30.0,61.0,70.0,22.3,58.4,3,cigarette_smoke
2254.0,2908.0,30.0,58.0,68.0,22.3,58.4,3,cigarette_smoke
2255.0,2908.0,30.0,55.0,67.0,22.3,58.5,3,cigarette_smoke
2251.0,2904.0,29.0,51.0,62.0,22.3,58.4,3,cigarette_smoke
2257.0,2907.0,28.0,50.0,61.0,22.3,58.4,3,cigarette_smoke
2254.0,2909.0,28.0,49.0,60.0,22.3,58.4,3,cigarette_smoke
2254.0,2908.0,28.0,48.0,57.0,22.3,58.5,3,cigarette_smoke
2257.0,2910.0,28.0,47.0,56.0,22.3,58.5,3,cigarette_smoke
2252.0,2909.0,28.0,46.0,55.0,22.3,58.4,3,cigarette_smoke
2259.0,2908.0,28.0,45.0,54.0,22.3,58.4,3,cigarette_smoke
2266.0,2913.0,26.0,43.0,51.0,22.3,58.3,3,cigarette_smoke
2255.0,2907.0,26.0,42.0,50.0,22.3,58.3,3,cigarette_smoke
2260.0,2908.0,26.0,41.0,49.0,22.3,58.3,3,cigarette_smoke
2253.0,2909.0,25.0,41.0,48.0,22.3,58.3,3,cigarette_smoke
2250.0,2908.0,26.0,41.0,48.0,22.3,58.3,3,cigarette_smoke
2262.0,2906.0,26.0,40.0,47.0,22.3,58.3,3,cigarette_smoke
2260.0,2909.0,25.0,39.0,46.0,22.3,58.3,3,cigarette_smoke
2255.0,2906.0,25.0,39.0,46.0,22.3,58.1,3,cigarette_smoke
2253.0,2911.0,28.0,41.0,49.0,22.3,58.1,3,cigarette_smoke
2263.0,2909.0,28.0,42.0,49.0,22.3,58.1,3,cigarette_smoke
2255.0,2907.0,28.0,42.0,49.0,22.3,58.1,3,cigarette_smoke
2259.0,2906.0,28.0,42.0,50.0,22.3,58.1,3,cigarette_smoke
2252.0,2909.0,29.0,43.0,51.0,22.3,58.1,3,cigarette_smoke
2254.0,2910.0,27.0,42.0,50.0,22.3,58.1,3,cigarette_smoke
2266.0,2910.0,27.0,41.0,49.0,22.3,57.8,3,cigarette_smoke
2252.0,2907.0,28.0,42.0,51.0,22.3,57.8,3,cigarette_smoke
2254.0,2911.0,27.0,41.0,50.0,22.3,57.8,3,cigarette_smoke
2261.0,2909.0,26.0,40.0,47.0,22.3,57.8,3,cigarette_smoke
2267.0,2909.0,25.0,39.0,46.0,22.3,57.6,3,cigarette_smoke
2252.0,2909.0,25.0,39.0,46.0,22.3,57.6,3,cigarette_smoke
2252.0,2911.0,25.0,38.0,45.0,22.3,57.6,3,cigarette_smoke
2258.0,2908.0,26.0,39.0,46.0,22.3,57.6,3,cigarette_smoke
2256.0,2911.0,26.0,39.0,45.0,22.3,57.6,3,cigarette_smoke
2264.0,2907.0,26.0,38.0,45.0,22.3,57.4,3,cigarette_smoke
2258.0,2909.0,25.0,38.0,44.0,22.3,57.4,3,cigarette_smoke
2251.0,2907.0,26.0,38.0,44.0,22.3,57.4,3,cigarette_smoke
2259.0,2912.0,26.0,38.0,44.0,22.3,57.4,3,cigarette_smoke
2254.0,2910.0,26.0,38.0,44.0,22.3,57.4,3,cigarette_smoke
2254.0,2906.0,27.0,38.0,44.0,22.3,57.2,3,cigarette_smoke
2257.0,2907.0,27.0,38.0,44.0,22.3,57.2,3,cigarette_smoke
2250.0,2906.0,27.0,38.0,44.0,22.3,57.2,3,cigarette_smoke
2252.0,2906.0,27.0,38.0,44.0,22.3,57.2,3,cigarette_smoke
2252.0,2907.0,28.0,38.0,43.0,22.4,57.1,3,cigarette_smoke
2254.0,2906.0,27.0,37.0,42.0,22.4,57.1,3,cigarette_smoke
2254.0,2909.0,26.0,36.0,41.0,22.3,56.8,3,cigarette_smoke
2256.0,2908.0,25.0,35.0,40.0,22.3,56.8,3,cigarette_smoke
2265.0,2911.0,25.0,35.0,39.0,22.3,56.9,3,cigarette_smoke
2254.0,2908.0,25.0,34.0,39.0,22.3,56.9,3,cigarette_smoke
2260.0,2912.0,24.0,34.0,38.0,22.3,56.9,3,cigarette_smoke
2252.0,2911.0,25.0,35.0,38.0,22.3,56.8,3,cigarette_smoke
2254.0,2909.0,24.0,34.0,37.0,22.3,56.8,3,cigarette_smoke
2266.0,2910.0,24.0,33.0,37.0,22.4,56.7,3,cigarette_smoke
2254.0,2911.0,24.0,33.0,36.0,22.4,56.7,3,cigarette_smoke
2260.0,2910.0,24.0,33.0,36.0,22.4,56.7,3,cigarette_smoke
2252.0,2911.0,23.0,32.0,35.0,22.3,56.6,3,cigarette_smoke
2264.0,2908.0,24.0,33.0,37.0,22.3,56.7,3,cigarette_smoke
2251.0,2910.0,25.0,34.0,39.0,22.3,56.7,3,cigarette_smoke
2258.0,2909.0,27.0,37.0,43.0,22.3,56.7,3,cigarette_smoke
2258.0,2910.0,29.0,42.0,49.0,22.3,56.5,3,cigarette_smoke
2254.0,2909.0,30.0,43.0,50.0,22.3,56.5,3,cigarette_smoke
2263.0,2910.0,31.0,45.0,53.0,22.3,56.3,3,cigarette_smoke
2255.0,2910.0,32.0,46.0,55.0,22.3,56.3,3,cigarette_smoke
2253.0,2909.0,35.0,50.0,60.0,22.3,56.4,3,cigarette_smoke
2258.0,2908.0,35.0,50.0,60.0,22.3,56.4,3,cigarette_smoke
2255.0,2911.0,34.0,49.0,59.0,22.3,56.4,3,cigarette_smoke
2265.0,2911.0,34.0,49.0,59.0,22.3,56.2,3,cigarette_smoke
2253.0,2913.0,35.0,49.0,59.0,22.4,56.2,3,cigarette_smoke
2258.0,2914.0,36.0,50.0,60.0,22.4,56.2,3,cigarette_smoke
2254.0,2910.0,36.0,50.0,61.0,22.4,56.2,3,cigarette_smoke
2267.0,2913.0,38.0,51.0,62.0,22.3,56.2,3,cigarette_smoke
2259.0,2913.0,40.0,52.0,63.0,22.3,56.2,3,cigarette_smoke
2253.0,2911.0,40.0,52.0,63.0,22.3,55.9,3,cigarette_smoke
2260.0,2910.0,41.0,52.0,64.0,22.3,55.9,3,cigarette_smoke
2254.0,2911.0,42.0,53.0,64.0,22.3,55.9,3,cigarette_smoke
2252.0,2907.0,40.0,51.0,63.0,22.3,56.0,3,cigarette_smoke
2257.0,2912.0,39.0,50.0,61.0,22.3,56.0,3,cigarette_smoke
2253.0,2907.0,37.0,49.0,61.0,22.3,56.0,3,cigarette_smoke
2260.0,2908.0,36.0,50.0,60.0,22.3,56.0,3,cigarette_smoke
2253.0,2908.0,32.0,46.0,55.0,22.3,55.8,3,cigarette_smoke
2256.0,2908.0,32.0,45.0,55.0,22.3,55.8,3,cigarette_smoke
2253.0,2912.0,31.0,44.0,54.0,22.3,55.7,3,cigarette_smoke
2257.0,2913.0,31.0,45.0,53.0,22.3,55.7,3,cigarette_smoke
2264.0,2910.0,30.0,43.0,51.0,22.3,55.6,3,cigarette_smoke
2253.0,2907.0,30.0,42.0,50.0,22.3,55.6,3,cigarette_smoke
2257.0,2912.0,29.0,42.0,49.0,22.3,55.6,3,cigarette_smoke
2250.0,2909.0,29.0,41.0,49.0,22.3,55.5,3,cigarette_smoke
2251.0,2910.0,28.0,40.0,47.0,22.3,55.5,3,cigarette_smoke
2264.0,2908.0,28.0,40.0,47.0,22.3,55.5,3,cigarette_smoke
2255.0,2911.0,28.0,40.0,47.0,22.3,55.5,3,cigarette_smoke
2259.0,2909.0,28.0,39.0,46.0,22.3,55.5,3,cigarette_smoke
2253.0,2912.0,26.0,38.0,45.0,22.3,55.5,3,cigarette_smoke
2260.0,2908.0,26.0,38.0,43.0,22.3,55.4,3,cigarette_smoke
2255.0,2914.0,26.0,37.0,43.0,22.3,55.4,3,cigarette_smoke
2260.0,2911.0,26.0,36.0,42.0,22.3,55.4,3,cigarette_smoke
2259.0,2911.0,23.0,35.0,39.0,22.3,55.3,3,cigarette_smoke
2253.0,2912.0,25.0,37.0,42.0,22.3,55.3,3,cigarette_smoke
2265.0,2912.0,28.0,40.0,46.0,22.3,55.3,3,cigarette_smoke
2254.0,2912.0,28.0,42.0,49.0,22.3,55.3,3,cigarette_smoke
2252.0,2912.0,30.0,45.0,53.0,22.2,55.3,3,cigarette_smoke
2258.0,2910.0,31.0,46.0,55.0,22.2,55.3,3,cigarette_smoke
2255.0,2913.0,33.0,48.0,58.0,22.2,55.3,3,cigarette_smoke
2265.0,2910.0,34.0,50.0,61.0,22.3,55.0,3,cigarette_smoke
2256.0,2908.0,35.0,52.0,63.0,22.3,55.0,3,cigarette_smoke
2255.0,2896.0,35.0,51.0,63.0,22.3,55.1,3,cigarette_smoke
2254.0,2912.0,35.0,51.0,62.0,22.3,55.1,3,cigarette_smoke
2264.0,2907.0,34.0,50.0,61.0,22.3,54.9,3,cigarette_smoke
2258.0,2909.0,34.0,50.0,60.0,22.3,54.9,3,cigarette_smoke
2254.0,2908.0,33.0,49.0,59.0,22.3,54.9,3,cigarette_smoke
2257.0,2909.0,32.0,47.0,57.0,22.3,54.9,3,cigarette_smoke
2252.0,2908.0,33.0,47.0,57.0,22.3,54.9,3,cigarette_smoke
2252.0,2908.0,31.0,46.0,54.0,22.2,54.8,3,cigarette_smoke
2258.0,2910.0,31.0,45.0,53.0,22.2,54.8,3,cigarette_smoke
2251.0,2910.0,30.0,44.0,51.0,22.2,54.7,3,cigarette_smoke
2257.0,2908.0,30.0,43.0,50.0,22.2,54.7,3,cigarette_smoke
2264.0,2910.0,30.0,46.0,54.0,22.2,54.7,3,cigarette_smoke
2255.0,2911.0,33.0,53.0,65.0,22.2,54.7,3,cigarette_smoke
2252.0,2912.0,37.0,60.0,69.0,22.2,54.9,3,cigarette_smoke
2257.0,2906.0,41.0,69.0,75.0,22.2,54.9,3,cigarette_smoke
2265.0,2911.0,49.0,84.0,86.0,22.2,54.6,3,cigarette_smoke
2250.0,2909.0,52.0,90.0,92.0,22.2,54.6,3,cigarette_smoke
2256.0,2910.0,56.0,97.0,98.0,22.2,54.6,3,cigarette_smoke
2250.0,2913.0,58.0,102.0,104.0,22.2,54.6,3,cigarette_smoke
2252.0,2908.0,58.0,99.0,100.0,22.2,54.6,3,cigarette_smoke
2265.0,2910.0,56.0,95.0,97.0,22.2,54.4,3,cigarette_smoke
2252.0,2910.0,53.0,90.0,92.0,22.2,54.4,3,cigarette_smoke
2256.0,2909.0,50.0,86.0,87.0,22.2,54.4,3,cigarette_smoke
2256.0,2907.0,46.0,77.0,79.0,22.2,54.5,3,cigarette_smoke
2251.0,2908.0,43.0,73.0,77.0,22.2,54.5,3,cigarette_smoke
2251.0,2912.0,40.0,67.0,73.0,22.2,54.4,3,cigarette_smoke
2259.0,2912.0,39.0,64.0,71.0,22.2,54.4,3,cigarette_smoke
2257.0,2911.0,38.0,60.0,69.0,22.2,54.4,3,cigarette_smoke
2253.0,2912.0,36.0,57.0,67.0,22.2,54.4,3,cigarette_smoke
2264.0,2912.0,35.0,55.0,66.0,22.2,54.2,3,cigarette_smoke
2251.0,2912.0,34.0,53.0,64.0,22.2,54.2,3,cigarette_smoke
2253.0,2909.0,34.0,51.0,62.0,22.2,54.2,3,cigarette_smoke
2256.0,2912.0,33.0,51.0,62.0,22.2,54.2,3,cigarette_smoke
2253.0,2907.0,33.0,50.0,61.0,22.2,54.2,3,cigarette_smoke
2262.0,2908.0,33.0,50.0,61.0,22.2,54.2,3,cigarette_smoke
2257.0,2907.0,33.0,49.0,60.0,22.2,54.2,3,cigarette_smoke
2253.0,2906.0,33.0,48.0,60.0,22.1,54.1,3,cigarette_smoke
2254.0,2908.0,33.0,49.0,60.0,22.1,54.1,3,cigarette_smoke
2264.0,2908.0,34.0,50.0,62.0,22.1,54.1,3,cigarette_smoke
2205.0,2910.0,34.0,51.0,62.0,22.1,54.1,3,cigarette_smoke
2200.0,2911.0,35.0,51.0,62.0,22.1,54.1,3,cigarette_smoke
2253.0,2915.0,35.0,51.0,62.0,22.1,54.1,3,cigarette_smoke
2245.0,2913.0,35.0,51.0,62.0,22.1,54.1,3,cigarette_smoke
2257.0,2910.0,36.0,51.0,63.0,22.1,54.1,3,cigarette_smoke
2262.0,2912.0,38.0,52.0,64.0,22.1,54.1,3,cigarette_smoke
2260.0,2910.0,39.0,55.0,67.0,22.1,54.0,3,cigarette_smoke
2264.0,2909.0,40.0,57.0,68.0,22.1,54.0,3,cigarette_smoke
2272.0,2910.0,41.0,59.0,69.0,22.1,53.9,3,cigarette_smoke
2260.0,2911.0,42.0,61.0,71.0,22.1,53.9,3,cigarette_smoke
2264.0,2908.0,44.0,64.0,72.0,22.1,53.9,3,cigarette_smoke
2264.0,2909.0,46.0,68.0,74.0,22.1,53.9,3,cigarette_smoke
2272.0,2912.0,46.0,66.0,74.0,22.1,53.9,3,cigarette_smoke
2259.0,2907.0,44.0,64.0,72.0,22.1,53.9,3,cigarette_smoke
2265.0,2909.0,42.0,60.0,70.0,22.1,53.9,3,cigarette_smoke
2260.0,2912.0,40.0,58.0,69.0,22.0,53.9,3,cigarette_smoke
2260.0,2912.0,38.0,55.0,67.0,22.0,53.9,3,cigarette_smoke
2273.0,2910.0,38.0,53.0,66.0,22.0,53.9,3,cigarette_smoke
2258.0,2914.0,36.0,52.0,65.0,22.0,53.9,3,cigarette_smoke
2266.0,2915.0,36.0,52.0,64.0,22.0,53.9,3,cigarette_smoke
2266.0,2911.0,35.0,51.0,63.0,22.0,53.8,3,cigarette_smoke
2259.0,2910.0,35.0,51.0,62.0,22.0,53.8,3,cigarette_smoke
2269.0,2910.0,35.0,51.0,62.0,22.0,53.7,3,cigarette_smoke
2260.0,2913.0,35.0,51.0,62.0,22.0,53.7,3,cigarette_smoke
2267.0,2912.0,33.0,48.0,58.0,22.0,53.6,3,cigarette_smoke
2262.0,2914.0,33.0,47.0,57.0,22.0,53.6,3,cigarette_smoke
2271.0,2909.0,31.0,46.0,56.0,22.0,53.6,3,cigarette_smoke
2261.0,2911.0,31.0,46.0,55.0,22.0,53.6,3,cigarette_smoke
2259.0,2910.0,30.0,44.0,52.0,22.0,53.7,3,cigarette_smoke
2266.0,2910.0,29.0,43.0,50.0,22.0,53.7,3,cigarette_smoke
2258.0,2911.0,28.0,42.0,49.0,22.0,53.7,3,cigarette_smoke
2272.0,2912.0,28.0,41.0,49.0,22.0,53.6,3,cigarette_smoke
2267.0,2911.0,27.0,40.0,47.0,22.0,53.6,3,cigarette_smoke
2260.0,2907.0,27.0,39.0,46.0,22.0,53.7,3,cigarette_smoke
2268.0,2909.0,26.0,38.0,45.0,22.0,53.7,3,cigarette_smoke
2259.0,2912.0,26.0,37.0,43.0,22.0,53.7,3,cigarette_smoke
2266.0,2912.0,30.0,45.0,54.0,22.0,53.6,3,cigarette_smoke
2260.0,2917.0,31.0,46.0,56.0,21.9,53.8,3,cigarette_smoke
2266.0,2897.0,33.0,48.0,58.0,21.9,53.8,3,cigarette_smoke
2259.0,2910.0,33.0,50.0,61.0,21.9,53.8,3,cigarette_smoke
2260.0,2910.0,35.0,52.0,64.0,21.9,53.8,3,cigarette_smoke
2265.0,2912.0,36.0,53.0,66.0,21.9,53.8,3,cigarette_smoke
2259.0,2911.0,38.0,55.0,67.0,21.9,53.8,3,cigarette_smoke
2265.0,2913.0,36.0,53.0,66.0,21.9,53.8,3,cigarette_smoke
2272.0,2909.0,34.0,51.0,62.0,21.9,54.0,3,cigarette_smoke
2261.0,2913.0,34.0,50.0,61.0,21.9,54.0,3,cigarette_smoke
2266.0,2911.0,33.0,48.0,59.0,21.9,54.0,3,cigarette_smoke
2262.0,2912.0,33.0,47.0,57.0,21.9,54.1,3,cigarette_smoke
2271.0,2912.0,31.0,44.0,53.0,21.9,54.2,3,cigarette_smoke
2258.0,2913.0,30.0,43.0,53.0,21.9,54.2,3,cigarette_smoke
2266.0,2909.0,30.0,43.0,51.0,21.9,54.2,3,cigarette_smoke
2260.0,2912.0,29.0,42.0,50.0,21.9,54.3,3,cigarette_smoke
2259.0,2906.0,29.0,41.0,49.0,21.9,54.3,3,cigarette_smoke
2293.0,2906.0,28.0,40.0,49.0,21.9,54.5,3,cigarette_smoke
2280.0,2904.0,29.0,43.0,53.0,21.9,54.5,3,cigarette_smoke
2287.0,2906.0,30.0,47.0,59.0,21.9,54.5,3,cigarette_smoke
2286.0,2908.0,33.0,54.0,68.0,21.9,54.6,3,cigarette_smoke
2281.0,2911.0,34.0,59.0,72.0,21.9,54.6,3,cigarette_smoke
2293.0,2910.0,36.0,66.0,75.0,21.9,54.8,3,cigarette_smoke
2283.0,2913.0,40.0,72.0,79.0,21.9,54.8,3,cigarette_smoke
2279.0,2913.0,46.0,85.0,91.0,21.9,54.8,3,cigarette_smoke
2284.0,2911.0,49.0,89.0,95.0,21.9,54.8,3,cigarette_smoke
2295.0,2913.0,49.0,87.0,92.0,21.8,55.0,3,cigarette_smoke
2282.0,2912.0,48.0,84.0,89.0,21.8,55.0,3,cigarette_smoke
2283.0,2910.0,48.0,79.0,84.0,21.9,55.0,3,cigarette_smoke
2290.0,2916.0,46.0,76.0,79.0,21.9,55.0,3,cigarette_smoke
2279.0,2914.0,44.0,72.0,78.0,21.9,55.0,3,cigarette_smoke
2297.0,2913.0,42.0,69.0,76.0,21.8,55.1,3,cigarette_smoke
2288.0,2914.0,40.0,62.0,73.0,21.8,55.1,3,cigarette_smoke
2282.0,2914.0,38.0,60.0,71.0,21.8,55.3,3,cigarette_smoke
2288.0,2914.0,38.0,59.0,70.0,21.8,55.3,3,cigarette_smoke
2281.0,2912.0,36.0,57.0,69.0,21.8,55.3,3,cigarette_smoke
2283.0,2914.0,34.0,52.0,65.0,21.8,55.3,3,cigarette_smoke
2284.0,2911.0,33.0,51.0,63.0,21.8,55.4,3,cigarette_smoke
2290.0,2912.0,33.0,50.0,62.0,21.8,55.4,3,cigarette_smoke
2282.0,2912.0,32.0,49.0,61.0,21.8,55.4,3,cigarette_smoke
2282.0,2915.0,31.0,47.0,58.0,21.8,55.6,3,cigarette_smoke
2288.0,2913.0,31.0,46.0,57.0,21.8,55.6,3,cigarette_smoke
2282.0,2916.0,30.0,45.0,57.0,21.8,55.6,3,cigarette_smoke
2289.0,2912.0,30.0,45.0,56.0,21.8,55.6,3,cigarette_smoke
2297.0,2914.0,30.0,44.0,53.0,21.8,55.7,3,cigarette_smoke
2282.0,2914.0,30.0,44.0,53.0,21.8,55.7,3,cigarette_smoke
2289.0,2915.0,31.0,45.0,55.0,21.8,55.7,3,cigarette_smoke
2282.0,2913.0,33.0,47.0,58.0,21.8,55.8,3,cigarette_smoke
2284.0,2915.0,39.0,52.0,64.0,21.8,55.8,3,cigarette_smoke
2298.0,2915.0,42.0,56.0,67.0,21.8,55.9,3,cigarette_smoke
2278.0,2911.0,48.0,62.0,71.0,21.8,55.9,3,cigarette_smoke
2274.0,2916.0,49.0,65.0,72.0,21.8,56.0,3,cigarette_smoke
2274.0,2913.0,52.0,68.0,74.0,21.8,56.0,3,cigarette_smoke
2282.0,2912.0,53.0,69.0,75.0,21.8,56.1,3,cigarette_smoke
2273.0,2914.0,52.0,68.0,74.0,21.8,56.1,3,cigarette_smoke
2277.0,2911.0,50.0,66.0,72.0,21.8,56.1,3,cigarette_smoke
2276.0,2911.0,47.0,60.0,69.0,21.8,56.2,3,cigarette_smoke
2271.0,2916.0,44.0,58.0,68.0,21.8,56.2,3,cigarette_smoke
2285.0,2909.0,43.0,56.0,67.0,21.8,56.4,3,cigarette_smoke
2274.0,2911.0,41.0,53.0,65.0,21.8,56.4,3,cigarette_smoke
2270.0,2911.0,38.0,52.0,63.0,21.8,56.4,3,cigarette_smoke
2275.0,2911.0,38.0,51.0,62.0,21.8,56.4,3,cigarette_smoke
2284.0,2911.0,35.0,51.0,62.0,21.8,56.4,3,cigarette_smoke
2275.0,2912.0,35.0,50.0,62.0,21.8,56.4,3,cigarette_smoke
2271.0,2912.0,34.0,50.0,61.0,21.7,56.6,3,cigarette_smoke
2277.0,2916.0,34.0,50.0,61.0,21.7,56.6,3,cigarette_smoke
2270.0,2915.0,33.0,50.0,60.0,21.7,56.6,3,cigarette_smoke
2283.0,2916.0,33.0,49.0,60.0,21.8,56.7,3,cigarette_smoke
2277.0,2913.0,33.0,48.0,57.0,21.8,56.7,3,cigarette_smoke
2270.0,2914.0,31.0,47.0,56.0,21.8,56.7,3,cigarette_smoke
2276.0,2916.0,31.0,46.0,55.0,21.8,56.7,3,cigarette_smoke
2273.0,2912.0,31.0,45.0,53.0,21.8,56.7,3,cigarette_smoke
2271.0,2915.0,30.0,43.0,51.0,21.7,56.8,3,cigarette_smoke
2276.0,2919.0,29.0,43.0,50.0,21.7,56.8,3,cigarette_smoke
2273.0,2911.0,29.0,42.0,49.0,21.7,57.0,3,cigarette_smoke
2271.0,2919.0,28.0,40.0,47.0,21.7,57.0,3,cigarette_smoke
2271.0,2916.0,28.0,40.0,46.0,21.7,57.0,3,cigarette_smoke
2279.0,2914.0,28.0,40.0,46.0,21.7,57.0,3,cigarette_smoke
2271.0,2915.0,28.0,40.0,47.0,21.7,57.1,3,cigarette_smoke
2276.0,2913.0,28.0,40.0,47.0,21.7,57.1,3,cigarette_smoke
2283.0,2914.0,28.0,41.0,47.0,21.7,57.1,3,cigarette_smoke
2270.0,2913.0,29.0,41.0,48.0,21.7,57.1,3,cigarette_smoke
2275.0,2912.0,29.0,41.0,48.0,21.7,57.1,3,cigarette_smoke
2272.0,2914.0,29.0,41.0,48.0,21.7,57.4,3,cigarette_smoke
2272.0,2914.0,29.0,41.0,48.0,21.7,57.4,3,cigarette_smoke
2284.0,2915.0,28.0,41.0,47.0,21.7,57.3,3,cigarette_smoke
2273.0,2914.0,28.0,40.0,47.0,21.7,57.3,3,cigarette_smoke
2279.0,2916.0,28.0,39.0,46.0,21.7,57.3,3,cigarette_smoke
2274.0,2915.0,29.0,59.0,74.0,21.7,57.4,3,cigarette_smoke
2286.0,2915.0,31.0,78.0,92.0,21.7,57.3,3,cigarette_smoke
2273.0,2916.0,33.0,97.0,115.0,21.7,57.3,3,cigarette_smoke
2278.0,2914.0,35.0,115.0,136.0,21.7,57.3,3,cigarette_smoke
2288.0,2940.0,50.0,184.0,217.0,21.7,57.5,3,cigarette_smoke
2292.0,2940.0,50.0,179.0,209.0,21.7,57.6,3,cigarette_smoke
2289.0,2940.0,43.0,119.0,137.0,21.7,57.8,3,cigarette_smoke
2288.0,2940.0,42.0,114.0,131.0,21.7,57.9,3,cigarette_smoke
2291.0,2941.0,40.0,104.0,119.0,21.7,57.9,3,cigarette_smoke
2288.0,2938.0,43.0,103.0,117.0,21.7,57.9,3,cigarette_smoke
2287.0,2938.0,45.0,103.0,116.0,21.7,57.9,3,cigarette_smoke
2287.0,2939.0,48.0,103.0,117.0,21.7,57.9,3,cigarette_smoke
2275.0,2928.0,54.0,102.0,113.0,21.7,58.0,3,cigarette_smoke
2274.0,2919.0,56.0,101.0,112.0,21.8,58.2,3,cigarette_smoke
2271.0,2918.0,57.0,100.0,111.0,21.8,58.2,3,cigarette_smoke
2271.0,2916.0,57.0,99.0,107.0,21.8,58.2,3,cigarette_smoke
2272.0,2913.0,56.0,93.0,100.0,21.7,58.1,3,cigarette_smoke
2271.0,2909.0,55.0,90.0,97.0,21.7,58.1,3,cigarette_smoke
2273.0,2912.0,52.0,86.0,92.0,21.7,58.2,3,cigarette_smoke
2273.0,2915.0,50.0,82.0,88.0,21.7,58.2,3,cigarette_smoke
2270.0,2913.0,46.0,74.0,79.0,21.8,58.4,3,cigarette_smoke
2272.0,2915.0,44.0,70.0,77.0,21.8,58.4,3,cigarette_smoke
2278.0,2916.0,44.0,70.0,78.0,21.8,58.4,3,cigarette_smoke
2272.0,2918.0,44.0,72.0,78.0,21.7,58.3,3,cigarette_smoke
2274.0,2912.0,50.0,84.0,88.0,21.7,58.4,3,cigarette_smoke
2261.0,2916.0,56.0,94.0,99.0,21.7,58.4,3,cigarette_smoke
2263.0,2913.0,62.0,105.0,110.0,21.7,58.4,3,cigarette_smoke
2265.0,2917.0,68.0,116.0,120.0,21.7,58.4,3,cigarette_smoke
2262.0,2915.0,79.0,134.0,139.0,21.7,58.4,3,cigarette_smoke
2273.0,2918.0,82.0,138.0,144.0,21.7,58.5,3,cigarette_smoke
2259.0,2917.0,84.0,144.0,148.0,21.7,58.5,3,cigarette_smoke
2266.0,2912.0,86.0,147.0,151.0,21.7,58.5,3,cigarette_smoke
2267.0,2914.0,87.0,146.0,150.0,21.7,58.5,3,cigarette_smoke
2260.0,2916.0,85.0,140.0,144.0,21.7,58.5,3,cigarette_smoke
2274.0,2913.0,81.0,134.0,137.0,21.7,58.7,3,cigarette_smoke
2260.0,2918.0,76.0,126.0,130.0,21.7,58.7,3,cigarette_smoke
2266.0,2915.0,67.0,107.0,110.0,21.7,58.7,3,cigarette_smoke
2260.0,2914.0,65.0,103.0,105.0,21.7,58.7,3,cigarette_smoke
2273.0,2915.0,65.0,102.0,104.0,21.7,58.6,3,cigarette_smoke
2260.0,2914.0,64.0,100.0,102.0,21.7,58.6,3,cigarette_smoke
2263.0,2917.0,64.0,96.0,98.0,21.7,58.6,3,cigarette_smoke
2267.0,2915.0,64.0,96.0,98.0,21.7,58.6,3,cigarette_smoke
2264.0,2913.0,64.0,96.0,98.0,21.7,58.6,3,cigarette_smoke
2274.0,2915.0,65.0,96.0,98.0,21.8,58.7,3,cigarette_smoke
2265.0,2915.0,66.0,96.0,97.0,21.8,58.7,3,cigarette_smoke
2259.0,2915.0,66.0,96.0,96.0,21.8,58.8,3,cigarette_smoke
2267.0,2916.0,65.0,94.0,94.0,21.8,58.8,3,cigarette_smoke
2261.0,2915.0,64.0,91.0,92.0,21.8,58.8,3,cigarette_smoke
2260.0,2918.0,61.0,86.0,87.0,21.7,58.8,3,cigarette_smoke
2264.0,2910.0,55.0,78.0,79.0,21.7,58.8,3,cigarette_smoke
2268.0,2915.0,53.0,75.0,77.0,21.7,58.8,3,cigarette_smoke
2262.0,2911.0,52.0,72.0,76.0,21.7,58.8,3,cigarette_smoke
2267.0,2914.0,48.0,66.0,73.0,21.7,59.1,3,cigarette_smoke
2270.0,2913.0,46.0,64.0,72.0,21.7,59.1,3,cigarette_smoke
2262.0,2913.0,43.0,60.0,69.0,21.7,59.0,3,cigarette_smoke
2269.0,2912.0,44.0,60.0,69.0,21.7,59.0,3,cigarette_smoke
2276.0,2916.0,46.0,62.0,71.0,21.7,59.0,3,cigarette_smoke
2263.0,2916.0,49.0,66.0,73.0,21.7,59.0,3,cigarette_smoke
2267.0,2913.0,53.0,71.0,76.0,21.7,59.0,3,cigarette_smoke
2262.0,2914.0,58.0,77.0,79.0,21.7,59.1,3,cigarette_smoke
2262.0,2916.0,67.0,88.0,89.0,21.7,59.1,3,cigarette_smoke
2262.0,2913.0,75.0,98.0,98.0,21.7,59.1,3,cigarette_smoke
2268.0,2915.0,76.0,100.0,100.0,21.7,59.1,3,cigarette_smoke
2263.0,2914.0,77.0,100.0,101.0,21.7,59.2,3,cigarette_smoke
2262.0,2914.0,75.0,97.0,98.0,21.7,59.2,3,cigarette_smoke
2278.0,2917.0,72.0,93.0,94.0,21.7,59.2,3,cigarette_smoke
2263.0,2914.0,69.0,90.0,90.0,21.7,59.2,3,cigarette_smoke
2266.0,2911.0,66.0,86.0,86.0,21.7,59.2,3,cigarette_smoke
2267.0,2914.0,61.0,79.0,79.0,21.7,59.2,3,cigarette_smoke
2264.0,2914.0,59.0,77.0,78.0,21.7,59.2,3,cigarette_smoke
2275.0,2916.0,57.0,74.0,77.0,21.7,59.3,3,cigarette_smoke
2260.0,2913.0,56.0,72.0,76.0,21.7,59.3,3,cigarette_smoke
2263.0,2913.0,53.0,68.0,74.0,21.7,59.3,3,cigarette_smoke
2268.0,2909.0,53.0,68.0,74.0,21.7,59.3,3,cigarette_smoke
2274.0,2916.0,52.0,67.0,73.0,21.7,59.2,3,cigarette_smoke
2262.0,2914.0,51.0,66.0,73.0,21.7,59.2,3,cigarette_smoke
2262.0,2914.0,51.0,65.0,73.0,21.7,59.4,3,cigarette_smoke
2264.0,2911.0,53.0,68.0,75.0,21.7,59.4,3,cigarette_smoke
2260.0,2916.0,57.0,73.0,77.0,21.7,59.4,3,cigarette_smoke
2275.0,2913.0,60.0,76.0,79.0,21.7,59.5,3,cigarette_smoke
2269.0,2913.0,64.0,83.0,84.0,21.7,59.5,3,cigarette_smoke
2263.0,2915.0,65.0,84.0,85.0,21.7,59.4,3,cigarette_smoke
2270.0,2916.0,67.0,86.0,87.0,21.7,59.4,3,cigarette_smoke
2261.0,2915.0,68.0,87.0,89.0,21.7,59.4,3,cigarette_smoke
2264.0,2917.0,70.0,89.0,90.0,21.8,59.5,3,cigarette_smoke
2268.0,2916.0,68.0,87.0,88.0,21.8,59.5,3,cigarette_smoke
2263.0,2913.0,66.0,84.0,86.0,21.8,59.5,3,cigarette_smoke
2260.0,2913.0,64.0,81.0,83.0,21.8,59.5,3,cigarette_smoke
2261.0,2917.0,62.0,79.0,80.0,21.7,59.6,3,cigarette_smoke
2264.0,2913.0,61.0,78.0,79.0,21.7,59.6,3,cigarette_smoke
2263.0,2915.0,60.0,76.0,78.0,21.8,59.6,3,cigarette_smoke
2268.0,2913.0,60.0,77.0,79.0,21.8,59.6,3,cigarette_smoke
2277.0,2913.0,59.0,77.0,78.0,21.8,59.6,3,cigarette_smoke
2264.0,2915.0,59.0,76.0,78.0,21.8,59.6,3,cigarette_smoke
2269.0,2916.0,58.0,75.0,77.0,21.8,59.6,3,cigarette_smoke
2264.0,2914.0,58.0,77.0,79.0,21.8,59.5,3,cigarette_smoke
2263.0,2913.0,57.0,75.0,77.0,21.8,59.5,3,cigarette_smoke
2273.0,2914.0,57.0,75.0,77.0,21.7,59.7,3,cigarette_smoke
2262.0,2915.0,57.0,76.0,77.0,21.7,59.7,3,cigarette_smoke
2260.0,2913.0,58.0,81.0,81.0,21.8,59.6,3,cigarette_smoke
2261.0,2917.0,64.0,95.0,96.0,21.8,59.6,3,cigarette_smoke
2273.0,2911.0,67.0,103.0,103.0,21.8,59.6,3,cigarette_smoke
2264.0,2913.0,73.0,112.0,113.0,21.8,59.6,3,cigarette_smoke
2268.0,2913.0,78.0,123.0,123.0,21.8,59.6,3,cigarette_smoke
2267.0,2915.0,90.0,143.0,145.0,21.8,59.8,3,cigarette_smoke
2261.0,2914.0,97.0,153.0,155.0,21.8,59.8,3,cigarette_smoke
2275.0,2916.0,103.0,162.0,164.0,21.7,59.7,3,cigarette_smoke
2258.0,2914.0,106.0,164.0,166.0,21.7,59.7,3,cigarette_smoke
2263.0,2915.0,108.0,165.0,166.0,21.7,59.8,3,cigarette_smoke
2265.0,2912.0,108.0,163.0,164.0,21.7,59.8,3,cigarette_smoke
2262.0,2915.0,104.0,155.0,157.0,21.7,59.8,3,cigarette_smoke
2273.0,2912.0,100.0,149.0,150.0,21.8,59.9,3,cigarette_smoke
2262.0,2918.0,93.0,137.0,138.0,21.8,59.9,3,cigarette_smoke
2267.0,2911.0,88.0,130.0,131.0,21.8,59.9,3,cigarette_smoke
2265.0,2912.0,83.0,122.0,123.0,21.8,59.9,3,cigarette_smoke
2275.0,2912.0,78.0,116.0,117.0,21.8,59.8,3,cigarette_smoke
2267.0,2913.0,72.0,106.0,107.0,21.8,59.8,3,cigarette_smoke
2260.0,2908.0,70.0,102.0,102.0,21.8,59.8,3,cigarette_smoke
2267.0,2916.0,68.0,98.0,99.0,21.8,59.8,3,cigarette_smoke
2260.0,2914.0,66.0,94.0,96.0,21.8,59.8,3,cigarette_smoke
2261.0,2915.0,61.0,88.0,89.0,21.8,59.9,3,cigarette_smoke
2267.0,2913.0,60.0,85.0,86.0,21.8,59.9,3,cigarette_smoke
2263.0,2916.0,58.0,82.0,84.0,21.8,59.8,3,cigarette_smoke
2268.0,2915.0,56.0,79.0,80.0,21.8,59.8,3,cigarette_smoke
2263.0,2915.0,52.0,73.0,76.0,21.8,59.9,3,cigarette_smoke
2265.0,2914.0,52.0,73.0,76.0,21.8,59.9,3,cigarette_smoke
2262.0,2913.0,55.0,76.0,78.0,21.8,59.9,3,cigarette_smoke
2268.0,2910.0,56.0,78.0,80.0,21.8,59.9,3,cigarette_smoke
2273.0,2915.0,58.0,84.0,85.0,21.8,59.9,3,cigarette_smoke
2262.0,2915.0,59.0,86.0,87.0,21.8,59.9,3,cigarette_smoke
2270.0,2916.0,60.0,87.0,89.0,21.8,59.9,3,cigarette_smoke
2263.0,2917.0,61.0,89.0,91.0,21.8,60.0,3,cigarette_smoke
2260.0,2915.0,65.0,95.0,97.0,21.8,60.0,3,cigarette_smoke
2274.0,2913.0,65.0,95.0,98.0,21.8,60.0,3,cigarette_smoke
2265.0,2916.0,65.0,95.0,97.0,21.8,60.0,3,cigarette_smoke
2267.0,2917.0,65.0,93.0,95.0,21.8,60.0,3,cigarette_smoke
2265.0,2917.0,69.0,96.0,98.0,21.8,60.1,3,cigarette_smoke
2276.0,2918.0,69.0,97.0,98.0,21.8,60.1,3,cigarette_smoke
2262.0,2913.0,70.0,97.0,98.0,21.8,60.1,3,cigarette_smoke
2265.0,2913.0,69.0,96.0,97.0,21.8,60.1,3,cigarette_smoke
2268.0,2917.0,69.0,95.0,96.0,21.8,60.0,3,cigarette_smoke
2260.0,2915.0,68.0,93.0,94.0,21.8,60.0,3,cigarette_smoke
2277.0,2914.0,67.0,93.0,93.0,21.8,60.2,3,cigarette_smoke
2262.0,2913.0,66.0,89.0,90.0,21.8,60.2,3,cigarette_smoke
2263.0,2915.0,62.0,84.0,84.0,21.8,60.1,3,cigarette_smoke
2266.0,2914.0,60.0,80.0,80.0,21.8,60.1,3,cigarette_smoke
2261.0,2912.0,58.0,77.0,79.0,21.8,60.1,3,cigarette_smoke
2274.0,2914.0,56.0,74.0,77.0,21.8,60.1,3,cigarette_smoke
2264.0,2911.0,52.0,69.0,75.0,21.8,60.1,3,cigarette_smoke
2263.0,2910.0,50.0,65.0,72.0,21.8,60.1,3,cigarette_smoke
2261.0,2910.0,47.0,63.0,71.0,21.8,60.1,3,cigarette_smoke
2272.0,2913.0,47.0,61.0,69.0,21.8,60.0,3,cigarette_smoke
2264.0,2913.0,43.0,57.0,67.0,21.8,60.0,3,cigarette_smoke
2257.0,2910.0,43.0,56.0,66.0,21.8,60.2,3,cigarette_smoke
2267.0,2914.0,45.0,59.0,68.0,21.8,60.2,3,cigarette_smoke
2259.0,2911.0,48.0,65.0,72.0,21.8,60.2,3,cigarette_smoke
2259.0,2908.0,53.0,73.0,76.0,21.8,60.1,3,cigarette_smoke
2265.0,2908.0,56.0,77.0,78.0,21.8,60.1,3,cigarette_smoke
2262.0,2913.0,58.0,81.0,81.0,21.8,60.1,3,cigarette_smoke
2265.0,2912.0,62.0,86.0,86.0,21.8,60.1,3,cigarette_smoke
2274.0,2916.0,66.0,92.0,93.0,21.8,60.0,3,cigarette_smoke
2266.0,2912.0,66.0,92.0,93.0,21.8,60.0,3,cigarette_smoke
2259.0,2911.0,64.0,88.0,89.0,21.9,60.2,3,cigarette_smoke
2266.0,2910.0,61.0,85.0,85.0,21.9,60.2,3,cigarette_smoke
2273.0,2912.0,57.0,78.0,79.0,21.9,60.2,3,cigarette_smoke
2263.0,2911.0,55.0,75.0,77.0,21.9,60.2,3,cigarette_smoke
2266.0,2914.0,54.0,73.0,76.0,21.9,60.2,3,cigarette_smoke
2259.0,2910.0,54.0,73.0,76.0,21.8,60.3,3,cigarette_smoke
2261.0,2912.0,57.0,76.0,78.0,21.8,60.3,3,cigarette_smoke
2273.0,2910.0,58.0,78.0,79.0,21.9,60.1,3,cigarette_smoke
2260.0,2915.0,59.0,79.0,80.0,21.9,60.1,3,cigarette_smoke
2265.0,2913.0,60.0,80.0,81.0,21.9,60.1,3,cigarette_smoke
2267.0,2913.0,61.0,81.0,83.0,21.8,60.2,3,cigarette_smoke
2260.0,2913.0,61.0,83.0,83.0,21.8,60.2,3,cigarette_smoke
2260.0,2907.0,62.0,82.0,83.0,21.8,60.1,3,cigarette_smoke
2266.0,2915.0,60.0,79.0,80.0,21.8,60.1,3,cigarette_smoke
2264.0,2913.0,56.0,75.0,78.0,21.8,60.1,3,cigarette_smoke
2263.0,2912.0,55.0,74.0,77.0,21.8,60.1,3,cigarette_smoke
2274.0,2915.0,56.0,74.0,77.0,21.9,60.2,3,cigarette_smoke
2261.0,2916.0,57.0,77.0,79.0,21.9,60.2,3,cigarette_smoke
2260.0,2908.0,65.0,87.0,87.0,21.9,60.1,3,cigarette_smoke
2265.0,2913.0,70.0,94.0,94.0,21.9,60.1,3,cigarette_smoke
2260.0,2916.0,75.0,100.0,100.0,21.9,60.1,3,cigarette_smoke
2270.0,2912.0,80.0,107.0,107.0,21.9,60.2,3,cigarette_smoke
2265.0,2910.0,89.0,117.0,117.0,21.9,60.2,3,cigarette_smoke
2264.0,2915.0,95.0,123.0,124.0,21.9,60.1,3,cigarette_smoke
2263.0,2914.0,100.0,130.0,130.0,21.9,60.1,3,cigarette_smoke
2276.0,2915.0,100.0,130.0,130.0,21.9,60.1,3,cigarette_smoke
2266.0,2913.0,99.0,127.0,127.0,21.9,60.1,3,cigarette_smoke
2262.0,2912.0,97.0,124.0,124.0,21.9,60.2,3,cigarette_smoke
2269.0,2913.0,95.0,122.0,122.0,21.9,60.2,3,cigarette_smoke
2261.0,2914.0,95.0,122.0,123.0,21.9,60.2,3,cigarette_smoke
2259.0,2915.0,90.0,116.0,116.0,21.9,60.0,3,cigarette_smoke
2268.0,2915.0,84.0,110.0,110.0,21.9,60.0,3,cigarette_smoke
2262.0,2914.0,83.0,107.0,108.0,21.9,60.2,3,cigarette_smoke
2267.0,2913.0,82.0,106.0,106.0,21.9,60.2,3,cigarette_smoke
2276.0,2916.0,85.0,110.0,110.0,21.9,60.0,3,cigarette_smoke
2260.0,2921.0,87.0,115.0,115.0,21.9,60.0,3,cigarette_smoke
2265.0,2914.0,92.0,121.0,121.0,21.9,60.0,3,cigarette_smoke
2269.0,2910.0,99.0,132.0,132.0,21.9,60.0,3,cigarette_smoke
2277.0,2913.0,107.0,144.0,144.0,21.9,60.1,3,cigarette_smoke
2260.0,2915.0,111.0,149.0,149.0,21.9,60.1,3,cigarette_smoke
2268.0,2910.0,115.0,154.0,154.0,21.9,60.1,3,cigarette_smoke
2264.0,2916.0,117.0,158.0,158.0,21.9,60.0,3,cigarette_smoke
2261.0,2913.0,118.0,155.0,155.0,21.9,60.0,3,cigarette_smoke
2273.0,2911.0,115.0,151.0,151.0,21.9,60.0,3,cigarette_smoke
2261.0,2911.0,111.0,147.0,147.0,21.9,60.0,3,cigarette_smoke
2269.0,2915.0,108.0,143.0,143.0,21.9,60.0,3,cigarette_smoke
2270.0,2907.0,101.0,132.0,132.0,21.9,60.1,3,cigarette_smoke
2261.0,2914.0,97.0,126.0,127.0,21.9,60.1,3,cigarette_smoke
2277.0,2913.0,93.0,122.0,122.0,21.9,60.1,3,cigarette_smoke
2268.0,2910.0,87.0,113.0,114.0,21.9,60.1,3,cigarette_smoke
2268.0,2917.0,83.0,105.0,106.0,21.9,60.0,3,cigarette_smoke
2262.0,2912.0,80.0,102.0,103.0,21.9,60.0,3,cigarette_smoke
2276.0,2914.0,78.0,99.0,100.0,21.9,60.0,3,cigarette_smoke
2260.0,2911.0,77.0,98.0,99.0,21.9,60.0,3,cigarette_smoke
2263.0,2916.0,73.0,92.0,93.0,21.9,59.9,3,cigarette_smoke
2269.0,2912.0,70.0,88.0,89.0,21.9,59.9,3,cigarette_smoke
2263.0,2917.0,67.0,85.0,85.0,21.9,59.9,3,cigarette_smoke
2274.0,2916.0,65.0,82.0,83.0,21.9,59.9,3,cigarette_smoke
2267.0,2912.0,60.0,76.0,78.0,21.9,59.9,3,cigarette_smoke
2263.0,2914.0,59.0,75.0,78.0,21.9,59.9,3,cigarette_smoke
2270.0,2916.0,57.0,72.0,76.0,21.9,59.9,3,cigarette_smoke
2262.0,2912.0,56.0,71.0,76.0,21.9,59.9,3,cigarette_smoke
2267.0,2911.0,54.0,68.0,74.0,21.9,59.8,3,cigarette_smoke
2263.0,2914.0,53.0,67.0,74.0,21.9,59.9,3,cigarette_smoke
2266.0,2911.0,52.0,67.0,73.0,21.9,59.9,3,cigarette_smoke
2263.0,2915.0,51.0,65.0,72.0,21.9,59.9,3,cigarette_smoke
2264.0,2913.0,50.0,64.0,72.0,21.9,59.8,3,cigarette_smoke
2266.0,2913.0,51.0,65.0,72.0,21.9,59.8,3,cigarette_smoke
2263.0,2916.0,50.0,64.0,72.0,21.9,59.8,3,cigarette_smoke
2270.0,2909.0,49.0,63.0,71.0,21.9,59.8,3,cigarette_smoke
2276.0,2911.0,51.0,72.0,76.0,22.0,59.7,3,cigarette_smoke
2265.0,2913.0,55.0,78.0,80.0,22.0,59.7,3,cigarette_smoke
2268.0,2916.0,57.0,85.0,87.0,22.0,59.7,3,cigarette_smoke
2262.0,2911.0,60.0,91.0,94.0,21.9,59.7,3,cigarette_smoke
2276.0,2911.0,73.0,122.0,126.0,22.0,59.6,3,cigarette_smoke
2262.0,2912.0,77.0,130.0,134.0,22.0,59.6,3,cigarette_smoke
2267.0,2913.0,80.0,137.0,142.0,22.0,59.6,3,cigarette_smoke
2265.0,2918.0,85.0,146.0,151.0,22.0,59.6,3,cigarette_smoke
2262.0,2915.0,93.0,157.0,162.0,22.0,59.6,3,cigarette_smoke
2274.0,2913.0,96.0,161.0,166.0,22.0,59.7,3,cigarette_smoke
2264.0,2915.0,98.0,165.0,169.0,22.0,59.7,3,cigarette_smoke
2267.0,2916.0,99.0,166.0,171.0,22.0,59.7,3,cigarette_smoke
2267.0,2911.0,99.0,162.0,166.0,21.9,59.6,3,cigarette_smoke
2264.0,2914.0,99.0,160.0,163.0,21.9,59.6,3,cigarette_smoke
2273.0,2914.0,98.0,158.0,161.0,22.0,59.5,3,cigarette_smoke
2261.0,2914.0,95.0,151.0,154.0,22.0,59.5,3,cigarette_smoke
2269.0,2912.0,82.0,129.0,132.0,22.0,59.5,3,cigarette_smoke
2266.0,2918.0,79.0,122.0,126.0,22.0,59.5,3,cigarette_smoke
2273.0,2913.0,78.0,123.0,126.0,22.0,59.5,3,cigarette_smoke
2266.0,2916.0,81.0,126.0,128.0,22.0,59.5,3,cigarette_smoke
2265.0,2916.0,83.0,129.0,132.0,22.0,59.5,3,cigarette_smoke
2270.0,2912.0,83.0,130.0,133.0,22.0,59.5,3,cigarette_smoke
2263.0,2914.0,84.0,132.0,134.0,22.0,59.5,3,cigarette_smoke
2275.0,2916.0,85.0,132.0,135.0,22.0,59.5,3,cigarette_smoke
2267.0,2911.0,85.0,135.0,138.0,22.0,59.5,3,cigarette_smoke
2261.0,2914.0,87.0,137.0,141.0,22.0,59.5,3,cigarette_smoke
2269.0,2913.0,86.0,136.0,138.0,22.0,59.5,3,cigarette_smoke
2263.0,2916.0,85.0,133.0,136.0,22.0,59.5,3,cigarette_smoke
2264.0,2916.0,85.0,131.0,134.0,22.0,59.3,3,cigarette_smoke
2262.0,2912.0,89.0,137.0,141.0,22.0,59.4,3,cigarette_smoke
2270.0,2916.0,93.0,145.0,149.0,22.0,59.4,3,cigarette_smoke
2263.0,2912.0,97.0,152.0,157.0,22.0,59.4,3,cigarette_smoke
2264.0,2915.0,102.0,161.0,166.0,22.0,59.3,3,cigarette_smoke
2265.0,2917.0,105.0,165.0,171.0,22.0,59.3,3,cigarette_smoke
2261.0,2910.0,107.0,168.0,174.0,22.0,59.5,3,cigarette_smoke
2288.0,2914.0,105.0,167.0,174.0,22.0,59.5,3,cigarette_smoke
2294.0,2914.0,99.0,164.0,170.0,22.1,59.4,3,cigarette_smoke
2280.0,2913.0,96.0,157.0,163.0,22.1,59.4,3,cigarette_smoke
2288.0,2912.0,91.0,148.0,154.0,22.1,59.4,3,cigarette_smoke
2281.0,2911.0,88.0,142.0,148.0,22.0,59.2,3,cigarette_smoke
2281.0,2915.0,79.0,128.0,132.0,22.0,59.2,3,cigarette_smoke
2283.0,2915.0,71.0,115.0,120.0,22.0,59.2,3,cigarette_smoke
2289.0,2914.0,68.0,113.0,117.0,22.0,59.2,3,cigarette_smoke
2281.0,2917.0,68.0,111.0,116.0,22.1,59.2,3,cigarette_smoke
2283.0,2914.0,65.0,107.0,112.0,22.1,59.2,3,cigarette_smoke
2295.0,2915.0,64.0,106.0,110.0,22.1,59.2,3,cigarette_smoke
2280.0,2912.0,63.0,104.0,109.0,22.1,59.2,3,cigarette_smoke
2287.0,2913.0,61.0,103.0,108.0,22.1,59.2,3,cigarette_smoke
2289.0,2912.0,67.0,110.0,116.0,22.1,59.2,3,cigarette_smoke
2284.0,2915.0,68.0,113.0,118.0,22.1,59.2,3,cigarette_smoke
2293.0,2913.0,72.0,122.0,128.0,22.0,59.1,3,cigarette_smoke
2284.0,2910.0,77.0,135.0,141.0,22.0,59.1,3,cigarette_smoke
2281.0,2910.0,88.0,164.0,173.0,22.1,59.2,3,cigarette_smoke
2286.0,2912.0,96.0,179.0,189.0,22.1,59.2,3,cigarette_smoke
2292.0,2910.0,114.0,212.0,223.0,22.1,59.1,3,cigarette_smoke
2282.0,2912.0,118.0,221.0,234.0,22.1,59.1,3,cigarette_smoke
2285.0,2911.0,125.0,238.0,252.0,22.1,59.0,3,cigarette_smoke
2287.0,2915.0,129.0,239.0,252.0,22.1,59.0,3,cigarette_smoke
2281.0,2912.0,130.0,236.0,248.0,22.1,59.0,3,cigarette_smoke
2294.0,2913.0,130.0,231.0,243.0,22.1,59.1,3,cigarette_smoke
2286.0,2913.0,127.0,217.0,227.0,22.1,59.1,3,cigarette_smoke
2280.0,2906.0,124.0,209.0,219.0,22.1,59.0,3,cigarette_smoke
2285.0,2916.0,123.0,204.0,212.0,22.1,59.0,3,cigarette_smoke
2281.0,2917.0,122.0,199.0,207.0,22.1,59.0,3,cigarette_smoke
2282.0,2914.0,120.0,192.0,200.0,22.1,58.9,3,cigarette_smoke
2288.0,2914.0,119.0,189.0,197.0,22.1,58.9,3,cigarette_smoke
2283.0,2914.0,120.0,194.0,201.0,22.1,58.9,3,cigarette_smoke
2279.0,2915.0,126.0,205.0,211.0,22.1,58.9,3,cigarette_smoke
2280.0,2914.0,129.0,214.0,221.0,22.1,59.0,3,cigarette_smoke
2283.0,2909.0,132.0,218.0,225.0,22.1,59.0,3,cigarette_smoke
2281.0,2914.0,135.0,223.0,230.0,22.1,59.0,3,cigarette_smoke
2285.0,2893.0,139.0,228.0,234.0,22.1,59.0,3,cigarette_smoke
2293.0,2913.0,139.0,229.0,235.0,22.1,58.9,3,cigarette_smoke
2277.0,2913.0,138.0,224.0,230.0,22.1,58.9,3,cigarette_smoke
2286.0,2913.0,135.0,215.0,220.0,22.1,58.9,3,cigarette_smoke
2280.0,2913.0,132.0,208.0,213.0,22.1,58.8,3,cigarette_smoke
2282.0,2917.0,123.0,190.0,195.0,22.1,58.8,3,cigarette_smoke
2294.0,2914.0,117.0,180.0,184.0,22.1,58.9,3,cigarette_smoke
2281.0,2916.0,111.0,170.0,174.0,22.1,58.9,3,cigarette_smoke
2279.0,2912.0,100.0,156.0,158.0,22.1,58.9,3,cigarette_smoke
2279.0,2912.0,94.0,144.0,146.0,22.1,58.9,3,cigarette_smoke
2293.0,2912.0,93.0,141.0,143.0,22.1,58.8,3,cigarette_smoke
2281.0,2912.0,92.0,137.0,139.0,22.1,58.8,3,cigarette_smoke
2286.0,2913.0,90.0,133.0,135.0,22.1,58.8,3,cigarette_smoke
2287.0,2913.0,94.0,136.0,138.0,22.1,58.8,3,cigarette_smoke
2281.0,2918.0,96.0,138.0,141.0,22.1,58.8,3,cigarette_smoke
2292.0,2913.0,96.0,138.0,140.0,22.1,58.8,3,cigarette_smoke
2281.0,2914.0,99.0,142.0,144.0,22.1,58.8,3,cigarette_smoke
2279.0,2913.0,107.0,148.0,150.0,22.1,58.7,3,cigarette_smoke
2289.0,2915.0,109.0,150.0,152.0,22.1,58.7,3,cigarette_smoke
2282.0,2916.0,108.0,150.0,151.0,22.1,58.7,3,cigarette_smoke
2294.0,2912.0,109.0,150.0,152.0,22.2,58.7,3,cigarette_smoke
2281.0,2916.0,106.0,144.0,145.0,22.2,58.5,3,cigarette_smoke
2286.0,2910.0,104.0,138.0,139.0,22.2,58.5,3,cigarette_smoke
2280.0,2912.0,98.0,132.0,133.0,22.2,58.5,3,cigarette_smoke
2294.0,2909.0,94.0,124.0,126.0,22.1,58.7,3,cigarette_smoke
2288.0,2914.0,83.0,111.0,113.0,22.1,58.7,3,cigarette_smoke
2284.0,2914.0,79.0,106.0,107.0,22.2,58.7,3,cigarette_smoke
2286.0,2912.0,76.0,101.0,103.0,22.2,58.7,3,cigarette_smoke
2278.0,2912.0,75.0,100.0,101.0,22.2,58.7,3,cigarette_smoke
2282.0,2916.0,75.0,99.0,99.0,22.1,58.6,3,cigarette_smoke
2286.0,2914.0,75.0,99.0,100.0,22.1,58.6,3,cigarette_smoke
2280.0,2915.0,75.0,99.0,100.0,22.2,58.5,3,cigarette_smoke
2287.0,2916.0,76.0,99.0,101.0,22.2,58.5,3,cigarette_smoke
2282.0,2911.0,81.0,105.0,106.0,22.2,58.5,3,cigarette_smoke
2286.0,2917.0,81.0,105.0,106.0,22.2,58.5,3,cigarette_smoke
2281.0,2913.0,80.0,102.0,104.0,22.2,58.5,3,cigarette_smoke
2286.0,2918.0,78.0,99.0,100.0,22.2,58.5,3,cigarette_smoke
2294.0,2913.0,74.0,93.0,94.0,22.2,58.5,3,cigarette_smoke
2283.0,2911.0,72.0,91.0,91.0,22.2,58.5,3,cigarette_smoke
2283.0,2914.0,70.0,88.0,89.0,22.2,58.5,3,cigarette_smoke
2281.0,2911.0,68.0,86.0,87.0,22.2,58.4,3,cigarette_smoke
2280.0,2913.0,66.0,84.0,84.0,22.2,58.4,3,cigarette_smoke
2294.0,2915.0,65.0,81.0,81.0,22.2,58.4,3,cigarette_smoke
2281.0,2913.0,64.0,80.0,80.0,22.2,58.4,3,cigarette_smoke
2287.0,2913.0,62.0,78.0,79.0,22.2,58.4,3,cigarette_smoke
2281.0,2913.0,61.0,78.0,79.0,22.2,58.4,3,cigarette_smoke
2294.0,2914.0,64.0,83.0,83.0,22.2,58.4,3,cigarette_smoke
2281.0,2912.0,67.0,88.0,88.0,22.2,58.4,3,cigarette_smoke
2286.0,2911.0,70.0,95.0,95.0,22.2,58.4,3,cigarette_smoke
2284.0,2910.0,78.0,106.0,107.0,22.2,58.4,3,cigarette_smoke
2279.0,2912.0,82.0,112.0,112.0,22.2,58.4,3,cigarette_smoke
2290.0,2910.0,86.0,117.0,118.0,22.2,58.3,3,cigarette_smoke
2281.0,2911.0,88.0,121.0,122.0,22.2,58.3,3,cigarette_smoke
2279.0,2911.0,95.0,130.0,130.0,22.2,58.5,3,cigarette_smoke
2287.0,2915.0,96.0,130.0,130.0,22.2,58.5,3,cigarette_smoke
2280.0,2914.0,98.0,130.0,130.0,22.2,58.5,3,cigarette_smoke
2293.0,2915.0,97.0,128.0,129.0,22.2,58.3,3,cigarette_smoke
2285.0,2917.0,99.0,127.0,128.0,22.2,58.3,3,cigarette_smoke
2286.0,2909.0,102.0,130.0,131.0,22.2,58.3,3,cigarette_smoke
2283.0,2913.0,106.0,134.0,135.0,22.2,58.3,3,cigarette_smoke
2293.0,2915.0,108.0,138.0,139.0,22.2,58.3,3,cigarette_smoke
2288.0,2917.0,108.0,140.0,141.0,22.2,58.3,3,cigarette_smoke
2281.0,2913.0,105.0,137.0,138.0,22.3,58.3,3,cigarette_smoke
2283.0,2918.0,104.0,136.0,137.0,22.3,58.3,3,cigarette_smoke
2282.0,2913.0,103.0,136.0,137.0,22.3,58.3,3,cigarette_smoke
2281.0,2913.0,101.0,137.0,137.0,22.2,58.2,3,cigarette_smoke
2287.0,2914.0,100.0,135.0,136.0,22.2,58.2,3,cigarette_smoke
2280.0,2911.0,99.0,133.0,134.0,22.2,58.2,3,cigarette_smoke
2286.0,2914.0,99.0,133.0,134.0,22.2,58.2,3,cigarette_smoke
2294.0,2912.0,99.0,131.0,132.0,22.2,58.1,3,cigarette_smoke
2286.0,2910.0,98.0,130.0,131.0,22.2,58.1,3,cigarette_smoke
2281.0,2916.0,97.0,129.0,129.0,22.3,58.0,3,cigarette_smoke
2286.0,2914.0,97.0,127.0,127.0,22.3,58.0,3,cigarette_smoke
2293.0,2915.0,94.0,122.0,124.0,22.3,58.0,3,cigarette_smoke
2281.0,2913.0,93.0,124.0,125.0,22.3,58.0,3,cigarette_smoke
2283.0,2912.0,92.0,124.0,126.0,22.3,58.0,3,cigarette_smoke
2281.0,2916.0,91.0,125.0,128.0,22.3,58.0,3,cigarette_smoke
2281.0,2916.0,90.0,128.0,130.0,22.3,58.0,3,cigarette_smoke
2294.0,2910.0,89.0,129.0,131.0,22.3,57.9,3,cigarette_smoke
2279.0,2914.0,88.0,130.0,132.0,22.3,57.9,3,cigarette_smoke
2287.0,2912.0,88.0,131.0,134.0,22.3,57.9,3,cigarette_smoke
2289.0,2914.0,86.0,131.0,134.0,22.3,57.9,3,cigarette_smoke
2280.0,2915.0,83.0,127.0,129.0,22.3,57.9,3,cigarette_smoke
2281.0,2914.0,75.0,113.0,115.0,22.3,57.9,3,cigarette_smoke
2283.0,2915.0,72.0,109.0,111.0,22.3,57.9,3,cigarette_smoke
2284.0,2916.0,69.0,105.0,107.0,22.3,57.8,3,cigarette_smoke
2280.0,2914.0,68.0,103.0,105.0,22.3,57.8,3,cigarette_smoke
2289.0,2915.0,67.0,101.0,103.0,22.3,57.9,3,cigarette_smoke
2279.0,2912.0,68.0,101.0,102.0,22.3,57.9,3,cigarette_smoke
2280.0,2918.0,68.0,99.0,101.0,22.3,57.8,3,cigarette_smoke
2282.0,2908.0,67.0,97.0,99.0,22.3,57.8,3,cigarette_smoke
2279.0,2915.0,67.0,97.0,99.0,22.3,57.8,3,cigarette_smoke
2292.0,2911.0,65.0,95.0,96.0,22.3,57.9,3,cigarette_smoke
2283.0,2916.0,62.0,88.0,90.0,22.3,57.9,3,cigarette_smoke
2277.0,2912.0,60.0,85.0,86.0,22.3,57.8,3,cigarette_smoke
2279.0,2915.0,56.0,78.0,79.0,22.3,57.8,3,cigarette_smoke
2291.0,2912.0,52.0,74.0,77.0,22.3,57.8,3,cigarette_smoke
2285.0,2913.0,51.0,71.0,75.0,22.3,57.8,3,cigarette_smoke
2278.0,2914.0,51.0,70.0,75.0,22.3,57.7,3,cigarette_smoke
2279.0,2913.0,52.0,72.0,76.0,22.3,57.7,3,cigarette_smoke
2276.0,2910.0,54.0,74.0,77.0,22.3,57.7,3,cigarette_smoke
2276.0,2914.0,56.0,76.0,78.0,22.3,57.8,3,cigarette_smoke
2286.0,2913.0,57.0,77.0,78.0,22.3,57.8,3,cigarette_smoke
2278.0,2913.0,60.0,80.0,81.0,22.3,57.6,3,cigarette_smoke
2282.0,2918.0,62.0,83.0,84.0,22.3,57.6,3,cigarette_smoke
2293.0,2915.0,65.0,87.0,87.0,22.3,57.6,3,cigarette_smoke
2277.0,2915.0,68.0,92.0,93.0,22.3,57.6,3,cigarette_smoke
2282.0,2913.0,69.0,95.0,95.0,22.3,57.6,3,cigarette_smoke
2282.0,2909.0,73.0,99.0,101.0,22.3,57.6,3,cigarette_smoke
2288.0,2910.0,77.0,106.0,107.0,22.3,57.6,3,cigarette_smoke
2277.0,2912.0,77.0,108.0,109.0,22.3,57.6,3,cigarette_smoke
2280.0,2912.0,79.0,109.0,110.0,22.3,57.6,3,cigarette_smoke
2280.0,2912.0,81.0,118.0,119.0,22.3,57.6,3,cigarette_smoke
2279.0,2915.0,87.0,135.0,136.0,22.3,57.6,3,cigarette_smoke
2291.0,2913.0,91.0,144.0,145.0,22.3,57.6,3,cigarette_smoke
2277.0,2910.0,95.0,152.0,154.0,22.3,57.6,3,cigarette_smoke
2284.0,2913.0,98.0,160.0,161.0,22.3,57.6,3,cigarette_smoke
2283.0,2911.0,102.0,172.0,173.0,22.4,57.6,3,cigarette_smoke
2279.0,2913.0,106.0,179.0,180.0,22.4,57.6,3,cigarette_smoke
2288.0,2913.0,109.0,184.0,186.0,22.3,57.4,3,cigarette_smoke
2285.0,2919.0,108.0,178.0,178.0,22.3,57.4,3,cigarette_smoke
2285.0,2910.0,102.0,165.0,166.0,22.4,57.6,3,cigarette_smoke
2277.0,2913.0,98.0,159.0,160.0,22.4,57.6,3,cigarette_smoke
2281.0,2916.0,96.0,154.0,155.0,22.4,57.5,3,cigarette_smoke
2273.0,2913.0,94.0,150.0,152.0,22.4,57.5,3,cigarette_smoke
2274.0,2916.0,88.0,141.0,142.0,22.4,57.5,3,cigarette_smoke
2281.0,2915.0,85.0,136.0,138.0,22.4,57.5,3,cigarette_smoke
2275.0,2916.0,82.0,132.0,133.0,22.4,57.5,3,cigarette_smoke
2285.0,2913.0,79.0,126.0,129.0,22.4,57.2,3,cigarette_smoke
2279.0,2917.0,71.0,116.0,118.0,22.4,57.2,3,cigarette_smoke
2273.0,2915.0,68.0,109.0,110.0,22.4,57.2,3,cigarette_smoke
2280.0,2914.0,64.0,102.0,104.0,22.4,57.2,3,cigarette_smoke
2274.0,2917.0,60.0,96.0,98.0,22.4,57.2,3,cigarette_smoke
2278.0,2915.0,49.0,79.0,81.0,22.4,57.1,3,cigarette_smoke
2275.0,2917.0,47.0,75.0,77.0,22.4,57.1,3,cigarette_smoke
2281.0,2912.0,44.0,72.0,76.0,22.4,57.1,3,cigarette_smoke
2274.0,2915.0,42.0,68.0,74.0,22.4,57.1,3,cigarette_smoke
2271.0,2912.0,38.0,60.0,70.0,22.4,56.9,3,cigarette_smoke
2279.0,2918.0,36.0,58.0,68.0,22.4,56.9,3,cigarette_smoke
2276.0,2914.0,34.0,54.0,65.0,22.4,56.7,3,cigarette_smoke
2278.0,2916.0,33.0,51.0,63.0,22.4,56.7,3,cigarette_smoke
2285.0,2914.0,32.0,50.0,61.0,22.4,56.5,3,cigarette_smoke
2276.0,2913.0,31.0,48.0,59.0,22.4,56.5,3,cigarette_smoke
2279.0,2913.0,31.0,47.0,57.0,22.4,56.5,3,cigarette_smoke
2274.0,2913.0,29.0,45.0,55.0,22.4,56.5,3,cigarette_smoke
2286.0,2917.0,27.0,42.0,50.0,22.4,56.3,3,cigarette_smoke
2274.0,2916.0,27.0,41.0,49.0,22.4,56.3,3,cigarette_smoke
2279.0,2915.0,27.0,40.0,48.0,22.4,56.3,3,cigarette_smoke
2274.0,2912.0,26.0,39.0,46.0,22.4,56.2,3,cigarette_smoke
2276.0,2913.0,25.0,37.0,44.0,22.4,56.2,3,cigarette_smoke
2285.0,2913.0,25.0,37.0,42.0,22.4,56.1,3,cigarette_smoke
2274.0,2909.0,24.0,36.0,41.0,22.4,56.1,3,cigarette_smoke
2278.0,2911.0,24.0,35.0,39.0,22.4,56.1,3,cigarette_smoke
2278.0,2912.0,23.0,34.0,37.0,22.4,56.2,3,cigarette_smoke
2275.0,2914.0,23.0,33.0,36.0,22.4,56.2,3,cigarette_smoke
2287.0,2914.0,23.0,33.0,35.0,22.4,55.9,3,cigarette_smoke
2272.0,2912.0,22.0,32.0,34.0,22.4,55.9,3,cigarette_smoke
2279.0,2912.0,21.0,31.0,32.0,22.4,55.8,3,cigarette_smoke
2274.0,2913.0,22.0,30.0,31.0,22.4,55.8,3,cigarette_smoke
2287.0,2914.0,22.0,30.0,31.0,22.4,55.7,3,cigarette_smoke
2274.0,2915.0,22.0,30.0,31.0,22.4,55.7,3,cigarette_smoke
2275.0,2911.0,21.0,29.0,30.0,22.4,55.7,3,cigarette_smoke
2279.0,2914.0,21.0,29.0,29.0,22.4,55.7,3,cigarette_smoke
2273.0,2917.0,21.0,29.0,29.0,22.4,55.7,3,cigarette_smoke
2284.0,2909.0,21.0,29.0,29.0,22.4,55.6,3,cigarette_smoke
2280.0,2913.0,22.0,29.0,29.0,22.4,55.6,3,cigarette_smoke
2273.0,2916.0,22.0,29.0,29.0,22.4,55.5,3,cigarette_smoke
2281.0,2914.0,22.0,29.0,29.0,22.4,55.5,3,cigarette_smoke
2274.0,2913.0,21.0,28.0,28.0,22.4,55.5,3,cigarette_smoke
2274.0,2912.0,22.0,28.0,28.0,22.4,55.3,3,cigarette_smoke
2275.0,2919.0,22.0,28.0,28.0,22.4,55.3,3,cigarette_smoke
2280.0,2914.0,22.0,28.0,28.0,22.4,55.3,3,cigarette_smoke
2275.0,2912.0,22.0,28.0,28.0,22.4,55.3,3,cigarette_smoke
2274.0,2913.0,21.0,28.0,28.0,22.4,55.2,3,cigarette_smoke
2279.0,2916.0,21.0,28.0,28.0,22.4,55.2,3,cigarette_smoke
2274.0,2915.0,22.0,28.0,28.0,22.4,55.1,3,cigarette_smoke
2282.0,2917.0,22.0,28.0,28.0,22.4,55.1,3,cigarette_smoke
2288.0,2915.0,22.0,29.0,29.0,22.4,55.1,3,cigarette_smoke
2276.0,2910.0,21.0,28.0,28.0,22.4,55.1,3,cigarette_smoke
2281.0,2913.0,21.0,28.0,28.0,22.4,55.1,3,cigarette_smoke
2274.0,2913.0,21.0,28.0,28.0,22.4,54.9,3,cigarette_smoke
2274.0,2918.0,22.0,30.0,30.0,22.4,54.9,3,cigarette_smoke
2275.0,2917.0,22.0,29.0,29.0,22.4,54.6,3,cigarette_smoke
2280.0,2913.0,22.0,29.0,29.0,22.4,54.6,3,cigarette_smoke
2277.0,2917.0,21.0,28.0,28.0,22.4,54.7,3,cigarette_smoke
2276.0,2917.0,21.0,27.0,27.0,22.4,54.7,3,cigarette_smoke
2287.0,2917.0,22.0,28.0,28.0,22.4,54.6,3,cigarette_smoke
2276.0,2917.0,22.0,27.0,28.0,22.4,54.6,3,cigarette_smoke
2282.0,2917.0,22.0,27.0,27.0,22.4,54.6,3,cigarette_smoke
2279.0,2915.0,22.0,27.0,27.0,22.3,54.5,3,cigarette_smoke
2275.0,2914.0,22.0,27.0,27.0,22.3,54.5,3,cigarette_smoke
2286.0,2917.0,22.0,27.0,27.0,22.4,54.4,3,cigarette_smoke
2275.0,2917.0,22.0,27.0,27.0,22.4,54.4,3,cigarette_smoke
2274.0,2915.0,22.0,26.0,27.0,22.4,54.6,3,cigarette_smoke
2279.0,2914.0,22.0,27.0,27.0,22.4,54.6,3,cigarette_smoke
2287.0,2914.0,22.0,28.0,28.0,22.3,54.3,3,cigarette_smoke
2273.0,2916.0,22.0,29.0,29.0,22.3,54.3,3,cigarette_smoke
2276.0,2920.0,22.0,29.0,29.0,22.3,54.4,3,cigarette_smoke
2279.0,2917.0,23.0,30.0,30.0,22.3,54.4,3,cigarette_smoke
2275.0,2919.0,23.0,30.0,30.0,22.3,54.4,3,cigarette_smoke
2288.0,2913.0,23.0,30.0,30.0,22.3,54.2,3,cigarette_smoke
2281.0,2916.0,22.0,30.0,30.0,22.3,54.2,3,cigarette_smoke
2276.0,2916.0,22.0,30.0,30.0,22.3,54.1,3,cigarette_smoke
2282.0,2913.0,22.0,29.0,29.0,22.3,54.1,3,cigarette_smoke
2276.0,2914.0,22.0,29.0,29.0,22.3,54.1,3,cigarette_smoke
2275.0,2914.0,21.0,28.0,28.0,22.3,54.1,3,cigarette_smoke
2281.0,2913.0,21.0,28.0,28.0,22.3,54.1,3,cigarette_smoke
2274.0,2915.0,21.0,27.0,27.0,22.3,54.0,3,cigarette_smoke
2276.0,2916.0,21.0,26.0,26.0,22.3,54.0,3,cigarette_smoke
2273.0,2917.0,20.0,25.0,25.0,22.3,54.1,3,cigarette_smoke
2279.0,2918.0,20.0,25.0,25.0,22.3,54.1,3,cigarette_smoke
2277.0,2915.0,20.0,25.0,25.0,22.3,53.8,3,cigarette_smoke
2281.0,2916.0,20.0,25.0,25.0,22.3,53.8,3,cigarette_smoke
2286.0,2912.0,20.0,24.0,25.0,22.3,53.9,3,cigarette_smoke
2274.0,2910.0,20.0,24.0,25.0,22.3,53.9,3,cigarette_smoke
2282.0,2912.0,19.0,24.0,25.0,22.3,53.9,3,cigarette_smoke
2275.0,2917.0,19.0,24.0,25.0,22.3,53.8,3,cigarette_smoke
2273.0,2914.0,19.0,24.0,25.0,22.3,53.8,3,cigarette_smoke
2287.0,2918.0,19.0,24.0,25.0,22.3,53.8,3,cigarette_smoke
2275.0,2916.0,19.0,24.0,25.0,22.3,53.8,3,cigarette_smoke
2275.0,2917.0,19.0,24.0,24.0,22.3,53.7,3,cigarette_smoke
2277.0,2915.0,19.0,24.0,24.0,22.3,53.7,3,cigarette_smoke
2285.0,2915.0,21.0,27.0,27.0,22.3,53.6,3,cigarette_smoke
2275.0,2914.0,22.0,31.0,32.0,22.3,53.6,3,cigarette_smoke
2280.0,2918.0,24.0,34.0,37.0,22.3,53.6,3,cigarette_smoke
2279.0,2914.0,28.0,40.0,47.0,22.3,53.7,3,cigarette_smoke
2276.0,2917.0,30.0,42.0,49.0,22.3,53.7,3,cigarette_smoke
2289.0,2911.0,31.0,44.0,51.0,22.2,53.5,3,cigarette_smoke
2278.0,2915.0,32.0,45.0,54.0,22.2,53.5,3,cigarette_smoke
2272.0,2908.0,33.0,47.0,56.0,22.2,53.5,3,cigarette_smoke
2280.0,2915.0,32.0,47.0,56.0,22.2,53.5,3,cigarette_smoke
2274.0,2915.0,32.0,45.0,55.0,22.2,53.5,3,cigarette_smoke
2286.0,2919.0,32.0,46.0,54.0,22.2,53.5,3,cigarette_smoke
2278.0,2917.0,29.0,41.0,49.0,22.2,53.4,3,cigarette_smoke
2282.0,2918.0,28.0,41.0,48.0,22.2,53.4,3,cigarette_smoke
2276.0,2914.0,28.0,40.0,47.0,22.2,53.4,3,cigarette_smoke
2288.0,2920.0,28.0,40.0,47.0,22.2,53.3,3,cigarette_smoke
2281.0,2916.0,28.0,39.0,45.0,22.2,53.3,3,cigarette_smoke
2277.0,2916.0,27.0,37.0,45.0,22.2,53.5,3,cigarette_smoke
2280.0,2913.0,26.0,36.0,42.0,22.2,53.5,3,cigarette_smoke
2275.0,2918.0,26.0,36.0,41.0,22.2,53.5,3,cigarette_smoke
2274.0,2914.0,24.0,35.0,40.0,22.2,53.3,3,cigarette_smoke
2279.0,2908.0,24.0,35.0,40.0,22.2,53.3,3,cigarette_smoke
2275.0,2917.0,25.0,36.0,41.0,22.2,53.2,3,cigarette_smoke
2279.0,2916.0,25.0,36.0,42.0,22.2,53.2,3,cigarette_smoke
2278.0,2913.0,27.0,40.0,47.0,22.2,53.3,3,cigarette_smoke
2278.0,2915.0,29.0,44.0,51.0,22.2,53.3,3,cigarette_smoke
2273.0,2917.0,31.0,46.0,55.0,22.2,53.0,3,cigarette_smoke
2279.0,2916.0,33.0,50.0,60.0,22.2,53.0,3,cigarette_smoke
2286.0,2915.0,36.0,53.0,64.0,22.2,53.0,3,cigarette_smoke
2274.0,2915.0,38.0,56.0,67.0,22.2,53.0,3,cigarette_smoke
2279.0,2913.0,40.0,59.0,69.0,22.2,53.0,3,cigarette_smoke
2274.0,2915.0,42.0,62.0,70.0,22.1,53.0,3,cigarette_smoke
2276.0,2916.0,44.0,64.0,72.0,22.1,53.0,3,cigarette_smoke
2290.0,2915.0,42.0,62.0,70.0,22.1,52.9,3,cigarette_smoke
2275.0,2915.0,41.0,60.0,69.0,22.1,52.9,3,cigarette_smoke
2281.0,2916.0,39.0,57.0,67.0,22.1,52.9,3,cigarette_smoke
2274.0,2915.0,33.0,50.0,61.0,22.1,52.9,3,cigarette_smoke
2286.0,2919.0,32.0,49.0,60.0,22.1,52.9,3,cigarette_smoke
2277.0,2917.0,33.0,48.0,59.0,22.1,52.9,3,cigarette_smoke
2282.0,2917.0,31.0,47.0,57.0,22.1,52.9,3,cigarette_smoke
2280.0,2915.0,29.0,44.0,52.0,22.1,52.8,3,cigarette_smoke
2275.0,2917.0,28.0,43.0,51.0,22.1,52.8,3,cigarette_smoke
2290.0,2917.0,27.0,42.0,49.0,22.1,52.9,3,cigarette_smoke
2275.0,2917.0,27.0,41.0,48.0,22.1,52.9,3,cigarette_smoke
2276.0,2913.0,25.0,39.0,46.0,22.1,52.9,3,cigarette_smoke
2277.0,2916.0,26.0,39.0,45.0,22.1,52.9,3,cigarette_smoke
2276.0,2918.0,25.0,39.0,45.0,22.1,52.9,3,cigarette_smoke
2287.0,2917.0,24.0,38.0,43.0,22.1,52.9,3,cigarette_smoke
2282.0,2914.0,24.0,36.0,40.0,22.1,52.9,3,cigarette_smoke
2280.0,2913.0,23.0,35.0,39.0,22.1,52.8,3,cigarette_smoke
2274.0,2914.0,23.0,35.0,38.0,22.1,52.8,3,cigarette_smoke
2287.0,2911.0,23.0,34.0,37.0,22.0,52.7,3,cigarette_smoke
2280.0,2915.0,23.0,33.0,36.0,22.0,52.7,3,cigarette_smoke
2277.0,2915.0,23.0,33.0,35.0,22.0,52.7,3,cigarette_smoke
2279.0,2917.0,23.0,32.0,34.0,22.0,52.7,3,cigarette_smoke
2275.0,2914.0,22.0,32.0,34.0,22.0,52.7,3,cigarette_smoke
2277.0,2915.0,22.0,30.0,33.0,22.0,52.7,3,cigarette_smoke
2282.0,2916.0,22.0,30.0,31.0,22.0,52.7,3,cigarette_smoke
2276.0,2918.0,22.0,30.0,31.0,22.0,52.7,3,cigarette_smoke
2279.0,2915.0,22.0,30.0,30.0,22.0,52.7,3,cigarette_smoke
2287.0,2914.0,22.0,29.0,29.0,22.0,52.7,3,cigarette_smoke
2280.0,2916.0,22.0,29.0,29.0,22.0,52.7,3,cigarette_smoke
2275.0,2917.0,22.0,29.0,29.0,22.0,52.5,3,cigarette_smoke
2277.0,2917.0,22.0,29.0,29.0,22.0,52.5,3,cigarette_smoke
2290.0,2918.0,22.0,29.0,29.0,21.9,52.5,3,cigarette_smoke
2277.0,2916.0,22.0,29.0,29.0,21.9,52.5,3,cigarette_smoke
2279.0,2914.0,22.0,28.0,28.0,21.9,52.5,3,cigarette_smoke
2278.0,2916.0,22.0,28.0,28.0,22.0,52.5,3,cigarette_smoke
2275.0,2914.0,23.0,32.0,33.0,22.0,52.5,3,cigarette_smoke
2290.0,2918.0,24.0,33.0,36.0,21.9,52.4,3,cigarette_smoke
2277.0,2914.0,26.0,35.0,39.0,21.9,52.4,3,cigarette_smoke
2279.0,2913.0,28.0,36.0,41.0,21.9,52.4,3,cigarette_smoke
2279.0,2917.0,29.0,40.0,46.0,21.9,52.3,3,cigarette_smoke
2274.0,2914.0,30.0,41.0,47.0,21.9,52.3,3,cigarette_smoke
2275.0,2918.0,32.0,43.0,50.0,21.9,52.4,3,cigarette_smoke
2279.0,2914.0,32.0,43.0,50.0,21.9,52.4,3,cigarette_smoke
2281.0,2917.0,31.0,41.0,48.0,21.9,52.5,3,cigarette_smoke
2263.0,2912.0,31.0,42.0,49.0,21.9,52.5,3,cigarette_smoke
2290.0,2916.0,31.0,41.0,48.0,21.9,52.4,3,cigarette_smoke
2275.0,2915.0,31.0,41.0,47.0,21.9,52.4,3,cigarette_smoke
2271.0,2913.0,30.0,40.0,47.0,21.9,52.3,3,cigarette_smoke
2281.0,2916.0,30.0,40.0,46.0,21.9,52.3,3,cigarette_smoke
2277.0,2916.0,29.0,39.0,45.0,21.9,52.3,3,cigarette_smoke
2291.0,2917.0,29.0,38.0,43.0,21.9,52.4,3,cigarette_smoke
2281.0,2917.0,28.0,36.0,41.0,21.9,52.4,3,cigarette_smoke
2274.0,2915.0,28.0,36.0,40.0,21.9,52.3,3,cigarette_smoke
2274.0,2916.0,26.0,35.0,38.0,21.9,52.3,3,cigarette_smoke
2288.0,2914.0,26.0,34.0,37.0,21.9,52.2,3,cigarette_smoke
2282.0,2920.0,25.0,34.0,37.0,21.9,52.2,3,cigarette_smoke
2276.0,2916.0,25.0,34.0,37.0,21.8,52.2,3,cigarette_smoke
2282.0,2918.0,26.0,35.0,38.0,21.8,52.2,3,cigarette_smoke
2277.0,2919.0,26.0,35.0,39.0,21.8,52.2,3,cigarette_smoke
2275.0,2916.0,28.0,37.0,42.0,21.8,52.2,3,cigarette_smoke
2282.0,2916.0,28.0,38.0,43.0,21.8,52.2,3,cigarette_smoke
2277.0,2916.0,29.0,38.0,43.0,21.8,52.2,3,cigarette_smoke
2281.0,2918.0,29.0,39.0,45.0,21.8,52.2,3,cigarette_smoke
2288.0,2917.0,29.0,39.0,45.0,21.8,52.3,3,cigarette_smoke
2276.0,2920.0,29.0,39.0,45.0,21.8,52.3,3,cigarette_smoke
2282.0,2915.0,29.0,38.0,43.0,21.8,52.3,3,cigarette_smoke
2280.0,2914.0,28.0,36.0,41.0,21.8,52.1,3,cigarette_smoke
2287.0,2920.0,28.0,36.0,40.0,21.8,52.3,3,cigarette_smoke
2274.0,2918.0,27.0,35.0,39.0,21.8,52.3,3,cigarette_smoke
2281.0,2917.0,26.0,35.0,39.0,21.8,52.3,3,cigarette_smoke
2279.0,2914.0,26.0,35.0,38.0,21.8,52.2,3,cigarette_smoke
2276.0,2921.0,25.0,34.0,37.0,21.8,52.2,3,cigarette_smoke
2290.0,2915.0,24.0,33.0,36.0,21.8,52.2,3,cigarette_smoke
2274.0,2916.0,24.0,33.0,36.0,21.8,52.2,3,cigarette_smoke
2281.0,2919.0,24.0,33.0,35.0,21.8,52.2,3,cigarette_smoke
2282.0,2915.0,23.0,32.0,33.0,21.8,52.3,3,cigarette_smoke
2277.0,2918.0,23.0,32.0,33.0,21.8,52.3,3,cigarette_smoke
2289.0,2918.0,24.0,33.0,35.0,21.8,52.4,3,cigarette_smoke
2277.0,2916.0,26.0,37.0,42.0,21.8,52.4,3,cigarette_smoke
2283.0,2920.0,28.0,40.0,47.0,21.7,52.7,3,cigarette_smoke
2277.0,2917.0,29.0,41.0,48.0,21.7,52.7,3,cigarette_smoke
2291.0,2918.0,30.0,43.0,50.0,21.7,52.7,3,cigarette_smoke
2274.0,2918.0,31.0,44.0,51.0,21.7,52.7,3,cigarette_smoke
2277.0,2918.0,32.0,46.0,54.0,21.7,52.9,3,cigarette_smoke
2282.0,2915.0,31.0,45.0,53.0,21.7,52.9,3,cigarette_smoke
2274.0,2916.0,31.0,44.0,51.0,21.7,52.9,3,cigarette_smoke
2289.0,2917.0,30.0,43.0,50.0,21.7,52.9,3,cigarette_smoke
2282.0,2917.0,29.0,41.0,48.0,21.7,52.9,3,cigarette_smoke
2275.0,2915.0,29.0,41.0,48.0,21.7,53.1,3,cigarette_smoke
2281.0,2918.0,28.0,41.0,47.0,21.7,53.1,3,cigarette_smoke
2274.0,2918.0,28.0,40.0,47.0,21.7,53.1,3,cigarette_smoke
2280.0,2918.0,30.0,42.0,49.0,21.7,53.2,3,cigarette_smoke
2274.0,2919.0,31.0,43.0,50.0,21.7,53.3,3,cigarette_smoke
2284.0,2917.0,31.0,43.0,50.0,21.7,53.3,3,cigarette_smoke
2275.0,2917.0,33.0,44.0,52.0,21.7,53.3,3,cigarette_smoke
2276.0,2916.0,33.0,45.0,53.0,21.7,53.4,3,cigarette_smoke
2282.0,2915.0,33.0,45.0,53.0,21.7,53.4,3,cigarette_smoke
2276.0,2915.0,34.0,45.0,53.0,21.7,53.6,3,cigarette_smoke
2283.0,2918.0,34.0,45.0,53.0,21.7,53.6,3,cigarette_smoke
2286.0,2920.0,33.0,43.0,50.0,21.7,53.7,3,cigarette_smoke
2276.0,2910.0,31.0,42.0,49.0,21.7,53.7,3,cigarette_smoke
2282.0,2916.0,31.0,41.0,48.0,21.7,53.7,3,cigarette_smoke
2275.0,2915.0,30.0,40.0,47.0,21.7,53.7,3,cigarette_smoke
2288.0,2921.0,28.0,37.0,43.0,21.7,53.9,3,cigarette_smoke
2275.0,2920.0,28.0,36.0,42.0,21.7,53.9,3,cigarette_smoke
2279.0,2917.0,27.0,35.0,40.0,21.7,53.9,3,cigarette_smoke
2273.0,2915.0,26.0,35.0,39.0,21.6,54.0,3,cigarette_smoke
2276.0,2911.0,25.0,33.0,37.0,21.6,54.0,3,cigarette_smoke
2284.0,2914.0,24.0,33.0,36.0,21.6,54.0,3,cigarette_smoke
2276.0,2920.0,24.0,32.0,35.0,21.6,54.0,3,cigarette_smoke
2280.0,2915.0,23.0,32.0,34.0,21.6,54.0,3,cigarette_smoke
2279.0,2916.0,23.0,32.0,33.0,21.6,54.2,3,cigarette_smoke
2275.0,2918.0,23.0,32.0,33.0,21.6,54.2,3,cigarette_smoke
2289.0,2915.0,23.0,32.0,34.0,21.6,54.3,3,cigarette_smoke
2274.0,2916.0,24.0,33.0,36.0,21.6,54.3,3,cigarette_smoke
2280.0,2919.0,26.0,35.0,40.0,21.6,54.4,3,cigarette_smoke
2273.0,2919.0,27.0,36.0,41.0,21.6,54.4,3,cigarette_smoke
2291.0,2916.0,28.0,36.0,42.0,21.6,54.6,3,cigarette_smoke
2275.0,2920.0,28.0,37.0,43.0,21.6,54.6,3,cigarette_smoke
2274.0,2915.0,28.0,37.0,43.0,21.6,54.6,3,cigarette_smoke
2281.0,2916.0,28.0,36.0,42.0,21.6,54.6,3,cigarette_smoke
2275.0,2919.0,27.0,36.0,41.0,21.6,54.6,3,cigarette_smoke
2287.0,2917.0,26.0,35.0,40.0,21.6,54.8,3,cigarette_smoke
2280.0,2916.0,25.0,35.0,39.0,21.6,54.8,3,cigarette_smoke
2272.0,2918.0,24.0,34.0,38.0,21.6,54.8,3,cigarette_smoke
2281.0,2918.0,24.0,33.0,37.0,21.6,54.8,3,cigarette_smoke
2278.0,2912.0,23.0,33.0,36.0,21.6,54.8,3,cigarette_smoke
2273.0,2922.0,23.0,32.0,34.0,21.6,55.0,3,cigarette_smoke
2276.0,2917.0,22.0,32.0,33.0,21.6,55.2,3,cigarette_smoke
2281.0,2917.0,22.0,30.0,31.0,21.6,55.2,3,cigarette_smoke
2276.0,2918.0,22.0,30.0,31.0,21.6,55.2,3,cigarette_smoke
2279.0,2912.0,22.0,32.0,33.0,21.6,55.2,3,cigarette_smoke
2280.0,2916.0,23.0,32.0,33.0,21.6,55.2,3,cigarette_smoke
2277.0,2914.0,23.0,32.0,34.0,21.6,55.4,3,cigarette_smoke
2279.0,2915.0,23.0,32.0,34.0,21.6,55.4,3,cigarette_smoke
2284.0,2917.0,24.0,33.0,35.0,21.6,55.5,3,cigarette_smoke
2276.0,2916.0,24.0,33.0,35.0,21.6,55.5,3,cigarette_smoke
2278.0,2916.0,23.0,32.0,35.0,21.6,55.5,3,cigarette_smoke
2275.0,2920.0,23.0,32.0,34.0,21.6,55.7,3,cigarette_smoke
2272.0,2914.0,23.0,32.0,34.0,21.6,55.7,3,cigarette_smoke
2271.0,2914.0,23.0,32.0,33.0,21.6,55.6,3,cigarette_smoke
2279.0,2918.0,22.0,30.0,33.0,21.6,55.6,3,cigarette_smoke
2273.0,2917.0,22.0,30.0,31.0,21.6,55.7,3,cigarette_smoke
2274.0,2920.0,22.0,30.0,30.0,21.6,55.7,3,cigarette_smoke
2282.0,2914.0,22.0,29.0,30.0,21.6,55.9,3,cigarette_smoke
2273.0,2914.0,21.0,29.0,30.0,21.6,55.9,3,cigarette_smoke
2276.0,2913.0,21.0,28.0,29.0,21.6,55.9,3,cigarette_smoke
2278.0,2917.0,21.0,27.0,28.0,21.6,55.9,3,cigarette_smoke
2274.0,2917.0,20.0,27.0,28.0,21.6,55.9,3,cigarette_smoke
2285.0,2915.0,20.0,26.0,27.0,21.5,56.0,3,cigarette_smoke
2274.0,2918.0,20.0,26.0,27.0,21.5,56.0,3,cigarette_smoke
2274.0,2918.0,19.0,25.0,26.0,21.6,56.2,3,cigarette_smoke
2279.0,2911.0,19.0,25.0,26.0,21.6,56.2,3,cigarette_smoke
2287.0,2916.0,19.0,25.0,26.0,21.6,56.2,3,cigarette_smoke
2275.0,2911.0,19.0,25.0,26.0,21.6,56.2,3,cigarette_smoke
2274.0,2915.0,19.0,24.0,25.0,21.5,56.3,3,cigarette_smoke
2280.0,2917.0,18.0,24.0,25.0,21.5,56.3,3,cigarette_smoke
2273.0,2915.0,18.0,24.0,25.0,21.5,56.3,3,cigarette_smoke
2282.0,2918.0,18.0,24.0,25.0,21.6,56.4,3,cigarette_smoke
2278.0,2917.0,18.0,24.0,25.0,21.6,56.4,3,cigarette_smoke
2272.0,2919.0,20.0,25.0,26.0,21.5,56.5,3,cigarette_smoke
2275.0,2917.0,21.0,27.0,28.0,21.5,56.5,3,cigarette_smoke
2273.0,2914.0,22.0,29.0,30.0,21.5,56.5,3,cigarette_smoke
2272.0,2921.0,24.0,32.0,35.0,21.5,56.5,3,cigarette_smoke
2278.0,2916.0,25.0,33.0,37.0,21.5,56.5,3,cigarette_smoke
2273.0,2916.0,26.0,34.0,38.0,21.5,56.5,3,cigarette_smoke
2271.0,2917.0,28.0,36.0,41.0,21.5,56.5,3,cigarette_smoke
2273.0,2918.0,28.0,36.0,41.0,21.5,56.6,3,cigarette_smoke
2277.0,2916.0,27.0,35.0,39.0,21.5,56.6,3,cigarette_smoke
2261.0,2914.0,26.0,34.0,38.0,21.5,56.7,3,cigarette_smoke
2264.0,2916.0,26.0,33.0,37.0,21.5,56.7,3,cigarette_smoke
2268.0,2914.0,25.0,32.0,35.0,21.5,56.8,3,cigarette_smoke
2258.0,2915.0,24.0,32.0,34.0,21.5,56.8,3,cigarette_smoke
2263.0,2914.0,25.0,33.0,36.0,21.5,56.8,3,cigarette_smoke
2261.0,2915.0,26.0,33.0,37.0,21.5,56.9,3,cigarette_smoke
2258.0,2920.0,27.0,35.0,40.0,21.5,56.9,3,cigarette_smoke
2272.0,2917.0,28.0,36.0,41.0,21.5,57.0,3,cigarette_smoke
2259.0,2916.0,28.0,37.0,43.0,21.5,57.0,3,cigarette_smoke
2259.0,2916.0,28.0,39.0,45.0,21.5,57.1,3,cigarette_smoke
2259.0,2921.0,29.0,40.0,47.0,21.5,57.1,3,cigarette_smoke
2269.0,2917.0,29.0,39.0,45.0,21.5,57.2,3,cigarette_smoke
2260.0,2918.0,28.0,39.0,45.0,21.5,57.2,3,cigarette_smoke
2266.0,2917.0,28.0,38.0,43.0,21.5,57.2,3,cigarette_smoke
2265.0,2915.0,26.0,36.0,40.0,21.5,57.3,3,cigarette_smoke
2259.0,2914.0,26.0,35.0,39.0,21.5,57.3,3,cigarette_smoke
2270.0,2916.0,26.0,36.0,40.0,21.5,57.3,3,cigarette_smoke
2258.0,2914.0,26.0,36.0,40.0,21.5,57.3,3,cigarette_smoke
2259.0,2917.0,27.0,36.0,41.0,21.5,57.3,3,cigarette_smoke
2266.0,2919.0,27.0,37.0,42.0,21.5,57.3,3,cigarette_smoke
2258.0,2915.0,28.0,37.0,42.0,21.5,57.3,3,cigarette_smoke
2274.0,2918.0,28.0,37.0,42.0,21.5,57.4,3,cigarette_smoke
2261.0,2912.0,28.0,38.0,43.0,21.5,57.6,3,cigarette_smoke
2265.0,2918.0,28.0,37.0,42.0,21.5,57.6,3,cigarette_smoke
2260.0,2918.0,28.0,36.0,41.0,21.5,57.6,3,cigarette_smoke
2269.0,2913.0,27.0,36.0,41.0,21.5,57.6,3,cigarette_smoke
2266.0,2918.0,29.0,41.0,48.0,21.5,57.6,3,cigarette_smoke
2284.0,2917.0,30.0,43.0,50.0,21.5,57.7,3,cigarette_smoke
2290.0,2916.0,31.0,45.0,54.0,21.5,57.7,3,cigarette_smoke
2285.0,2912.0,32.0,47.0,56.0,21.5,57.7,3,cigarette_smoke
2285.0,2915.0,33.0,50.0,61.0,21.5,57.7,3,cigarette_smoke
2291.0,2917.0,34.0,51.0,62.0,21.5,57.7,3,cigarette_smoke
2287.0,2911.0,35.0,52.0,63.0,21.5,57.9,3,cigarette_smoke
2290.0,2912.0,35.0,53.0,64.0,21.5,57.9,3,cigarette_smoke
2286.0,2918.0,35.0,52.0,64.0,21.5,57.8,3,cigarette_smoke
2290.0,2919.0,35.0,52.0,63.0,21.5,57.8,3,cigarette_smoke
2285.0,2917.0,35.0,52.0,63.0,21.5,57.9,3,cigarette_smoke
2290.0,2916.0,35.0,52.0,63.0,21.5,57.9,3,cigarette_smoke
2298.0,2916.0,35.0,51.0,62.0,21.5,58.0,3,cigarette_smoke
2285.0,2916.0,35.0,51.0,62.0,21.5,58.0,3,cigarette_smoke
2289.0,2917.0,34.0,51.0,62.0,21.5,58.0,3,cigarette_smoke
2284.0,2917.0,34.0,50.0,60.0,21.5,58.0,3,cigarette_smoke
2287.0,2916.0,32.0,47.0,56.0,21.5,58.0,3,cigarette_smoke
2299.0,2920.0,31.0,46.0,55.0,21.5,57.9,3,cigarette_smoke
2284.0,2917.0,30.0,45.0,53.0,21.5,57.9,3,cigarette_smoke
2292.0,2917.0,30.0,43.0,51.0,21.5,57.9,3,cigarette_smoke
2283.0,2914.0,28.0,40.0,47.0,21.5,58.1,3,cigarette_smoke
2296.0,2916.0,27.0,39.0,46.0,21.5,58.1,3,cigarette_smoke
2286.0,2916.0,26.0,38.0,45.0,21.5,58.1,3,cigarette_smoke
2290.0,2918.0,26.0,37.0,43.0,21.5,58.1,3,cigarette_smoke
2291.0,2915.0,26.0,37.0,43.0,21.5,58.2,3,cigarette_smoke
2285.0,2913.0,27.0,37.0,43.0,21.5,58.2,3,cigarette_smoke
2299.0,2915.0,27.0,38.0,45.0,21.5,58.2,3,cigarette_smoke
2284.0,2913.0,28.0,38.0,45.0,21.5,58.2,3,cigarette_smoke
2283.0,2917.0,27.0,38.0,44.0,21.5,58.2,3,cigarette_smoke
2290.0,2916.0,27.0,38.0,44.0,21.5,58.2,3,cigarette_smoke
2287.0,2919.0,28.0,39.0,45.0,21.5,58.2,3,cigarette_smoke
2300.0,2920.0,29.0,39.0,45.0,21.5,58.4,3,cigarette_smoke
2291.0,2917.0,28.0,37.0,43.0,21.5,58.4,3,cigarette_smoke
2291.0,2917.0,27.0,35.0,40.0,21.5,58.4,3,cigarette_smoke
2282.0,2914.0,26.0,35.0,39.0,21.5,58.4,3,cigarette_smoke
2295.0,2916.0,26.0,34.0,38.0,21.5,58.4,3,cigarette_smoke
2290.0,2913.0,25.0,33.0,36.0,21.5,58.4,3,cigarette_smoke
2284.0,2916.0,24.0,32.0,35.0,21.5,58.4,3,cigarette_smoke
2289.0,2913.0,24.0,32.0,35.0,21.5,58.4,3,cigarette_smoke
2285.0,2912.0,24.0,32.0,34.0,21.5,58.4,3,cigarette_smoke
2285.0,2918.0,23.0,30.0,33.0,21.5,58.5,3,cigarette_smoke
2292.0,2914.0,23.0,32.0,34.0,21.5,58.5,3,cigarette_smoke
2285.0,2918.0,24.0,32.0,35.0,21.5,58.5,3,cigarette_smoke
2289.0,2918.0,23.0,32.0,35.0,21.5,58.5,3,cigarette_smoke
2297.0,2919.0,24.0,34.0,37.0,21.5,58.6,3,cigarette_smoke
2289.0,2914.0,25.0,35.0,39.0,21.5,58.6,3,cigarette_smoke
2284.0,2913.0,26.0,35.0,40.0,21.6,58.7,3,cigarette_smoke
2292.0,2914.0,28.0,37.0,42.0,21.6,58.7,3,cigarette_smoke
2296.0,2916.0,28.0,37.0,42.0,21.5,58.7,3,cigarette_smoke
2285.0,2914.0,27.0,36.0,41.0,21.5,58.7,3,cigarette_smoke
2292.0,2915.0,26.0,36.0,40.0,21.5,58.7,3,cigarette_smoke
2284.0,2915.0,26.0,35.0,39.0,21.5,58.7,3,cigarette_smoke
2287.0,2911.0,26.0,35.0,39.0,21.5,58.7,3,cigarette_smoke
2298.0,2916.0,26.0,35.0,39.0,21.5,58.9,3,cigarette_smoke
2285.0,2915.0,26.0,35.0,39.0,21.5,58.9,3,cigarette_smoke
2290.0,2918.0,25.0,35.0,39.0,21.5,58.9,3,cigarette_smoke
2291.0,2917.0,25.0,35.0,39.0,21.5,58.7,3,cigarette_smoke
2284.0,2915.0,25.0,35.0,39.0,21.5,58.7,3,cigarette_smoke
2282.0,2913.0,25.0,35.0,39.0,21.5,58.9,3,cigarette_smoke
2292.0,2916.0,24.0,35.0,38.0,21.5,58.9,3,cigarette_smoke
2290.0,2911.0,23.0,33.0,36.0,21.5,58.8,3,cigarette_smoke
2282.0,2908.0,23.0,33.0,35.0,21.5,58.8,3,cigarette_smoke
2299.0,2916.0,24.0,34.0,37.0,21.5,58.8,3,cigarette_smoke
2286.0,2917.0,24.0,36.0,40.0,21.5,58.8,3,cigarette_smoke
2282.0,2913.0,26.0,39.0,45.0,21.5,58.9,3,cigarette_smoke
2291.0,2915.0,26.0,40.0,46.0,21.5,58.9,3,cigarette_smoke
2283.0,2917.0,27.0,41.0,48.0,21.5,58.9,3,cigarette_smoke
2295.0,2915.0,28.0,42.0,49.0,21.5,58.9,3,cigarette_smoke
2290.0,2915.0,29.0,44.0,52.0,21.5,58.9,3,cigarette_smoke
2284.0,2914.0,29.0,45.0,53.0,21.6,59.0,3,cigarette_smoke
2283.0,2915.0,29.0,44.0,51.0,21.6,59.0,3,cigarette_smoke
2297.0,2917.0,28.0,43.0,50.0,21.6,59.0,3,cigarette_smoke
2290.0,2916.0,28.0,42.0,49.0,21.6,59.0,3,cigarette_smoke
2284.0,2916.0,28.0,41.0,47.0,21.5,58.9,3,cigarette_smoke
2289.0,2914.0,27.0,40.0,47.0,21.5,58.9,3,cigarette_smoke
2286.0,2914.0,27.0,40.0,46.0,21.5,58.9,3,cigarette_smoke
2283.0,2916.0,26.0,38.0,43.0,21.6,59.0,3,cigarette_smoke
2290.0,2917.0,26.0,37.0,42.0,21.6,59.0,3,cigarette_smoke
2284.0,2917.0,25.0,36.0,41.0,21.5,59.2,3,cigarette_smoke
2290.0,2919.0,24.0,36.0,40.0,21.5,59.2,3,cigarette_smoke
2299.0,2916.0,24.0,35.0,38.0,21.5,59.2,3,cigarette_smoke
2285.0,2910.0,24.0,34.0,37.0,21.5,59.2,3,cigarette_smoke
2283.0,2912.0,24.0,35.0,38.0,21.5,59.2,3,cigarette_smoke
2289.0,2913.0,24.0,35.0,38.0,21.6,59.2,3,cigarette_smoke
2296.0,2912.0,24.0,35.0,38.0,21.6,59.2,3,cigarette_smoke
2284.0,2916.0,25.0,35.0,38.0,21.6,59.2,3,cigarette_smoke
2292.0,2916.0,25.0,35.0,38.0,21.6,59.2,3,cigarette_smoke
2284.0,2915.0,25.0,35.0,38.0,21.6,59.3,3,cigarette_smoke
2284.0,2914.0,24.0,34.0,37.0,21.6,59.3,3,cigarette_smoke
2298.0,2917.0,24.0,33.0,36.0,21.6,59.2,3,cigarette_smoke
2284.0,2910.0,23.0,32.0,34.0,21.6,59.2,3,cigarette_smoke
2290.0,2915.0,22.0,31.0,34.0,21.6,59.2,3,cigarette_smoke
2292.0,2918.0,23.0,32.0,34.0,21.5,59.3,3,cigarette_smoke
2285.0,2913.0,23.0,30.0,33.0,21.5,59.3,3,cigarette_smoke
2296.0,2915.0,22.0,30.0,33.0,21.6,59.3,3,cigarette_smoke
2288.0,2916.0,22.0,30.0,31.0,21.6,59.3,3,cigarette_smoke
2288.0,2915.0,22.0,29.0,30.0,21.6,59.5,3,cigarette_smoke
2284.0,2915.0,21.0,29.0,30.0,21.6,59.5,3,cigarette_smoke
2299.0,2914.0,21.0,29.0,30.0,21.6,59.3,3,cigarette_smoke
2285.0,2914.0,22.0,30.0,31.0,21.6,59.3,3,cigarette_smoke
2284.0,2917.0,23.0,31.0,34.0,21.6,59.3,3,cigarette_smoke
2291.0,2916.0,24.0,32.0,36.0,21.6,59.3,3,cigarette_smoke
2284.0,2913.0,25.0,34.0,38.0,21.6,59.3,3,cigarette_smoke
2297.0,2915.0,27.0,35.0,40.0,21.6,59.4,3,cigarette_smoke
2289.0,2918.0,28.0,37.0,42.0,21.6,59.4,3,cigarette_smoke
2284.0,2914.0,27.0,37.0,44.0,21.6,59.4,3,cigarette_smoke
2291.0,2913.0,28.0,38.0,44.0,21.6,59.4,3,cigarette_smoke
2284.0,2915.0,28.0,37.0,44.0,21.6,59.4,3,cigarette_smoke
2291.0,2915.0,27.0,36.0,40.0,21.6,59.5,3,cigarette_smoke
2282.0,2913.0,26.0,35.0,39.0,21.6,59.5,3,cigarette_smoke
2291.0,2917.0,26.0,35.0,38.0,21.6,59.5,3,cigarette_smoke
2284.0,2914.0,25.0,34.0,37.0,21.6,59.5,3,cigarette_smoke
2286.0,2913.0,24.0,33.0,35.0,21.6,59.5,3,cigarette_smoke
2289.0,2914.0,24.0,33.0,35.0,21.6,59.5,3,cigarette_smoke
2285.0,2917.0,23.0,32.0,34.0,21.6,59.6,3,cigarette_smoke
2288.0,2914.0,23.0,32.0,33.0,21.6,59.6,3,cigarette_smoke
2294.0,2915.0,22.0,30.0,31.0,21.6,59.4,3,cigarette_smoke
2282.0,2916.0,22.0,30.0,30.0,21.6,59.4,3,cigarette_smoke
2290.0,2916.0,22.0,30.0,30.0,21.6,59.4,3,cigarette_smoke
2285.0,2912.0,21.0,29.0,29.0,21.6,59.5,3,cigarette_smoke
2297.0,2915.0,20.0,28.0,28.0,21.6,59.6,3,cigarette_smoke
2283.0,2915.0,20.0,27.0,27.0,21.6,59.6,3,cigarette_smoke
2289.0,2915.0,20.0,27.0,27.0,21.6,59.6,3,cigarette_smoke
2284.0,2918.0,22.0,30.0,31.0,21.6,59.5,3,cigarette_smoke
2283.0,2915.0,26.0,38.0,43.0,21.6,59.5,3,cigarette_smoke
2296.0,2914.0,28.0,41.0,48.0,21.6,59.5,3,cigarette_smoke
2285.0,2915.0,28.0,42.0,50.0,21.6,59.5,3,cigarette_smoke
2291.0,2916.0,30.0,45.0,55.0,21.6,59.5,3,cigarette_smoke
2288.0,2912.0,34.0,52.0,64.0,21.6,59.6,3,cigarette_smoke
2286.0,2915.0,40.0,62.0,72.0,21.6,59.6,3,cigarette_smoke
2297.0,2916.0,44.0,74.0,77.0,21.6,59.7,3,cigarette_smoke
2284.0,2917.0,47.0,79.0,81.0,21.6,59.7,3,cigarette_smoke
2290.0,2914.0,54.0,94.0,96.0,21.6,59.7,3,cigarette_smoke
2283.0,2914.0,56.0,98.0,100.0,21.6,59.7,3,cigarette_smoke
2297.0,2914.0,57.0,99.0,102.0,21.6,59.6,3,cigarette_smoke
2283.0,2913.0,57.0,100.0,104.0,21.6,59.6,3,cigarette_smoke
2285.0,2912.0,55.0,96.0,100.0,21.6,59.7,3,cigarette_smoke
2288.0,2917.0,52.0,91.0,95.0,21.6,59.7,3,cigarette_smoke
2281.0,2912.0,49.0,87.0,90.0,21.6,59.7,3,cigarette_smoke
2299.0,2917.0,47.0,82.0,86.0,21.6,59.7,3,cigarette_smoke
2289.0,2916.0,42.0,73.0,78.0,21.6,59.7,3,cigarette_smoke
2284.0,2914.0,40.0,68.0,76.0,21.6,59.7,3,cigarette_smoke
2289.0,2913.0,38.0,65.0,73.0,21.6,59.7,3,cigarette_smoke
2284.0,2915.0,36.0,61.0,72.0,21.6,59.7,3,cigarette_smoke
2283.0,2917.0,33.0,54.0,66.0,21.6,59.7,3,cigarette_smoke
2286.0,2913.0,31.0,50.0,62.0,21.6,59.8,3,cigarette_smoke
2288.0,2917.0,30.0,49.0,60.0,21.6,59.8,3,cigarette_smoke
2286.0,2915.0,29.0,47.0,59.0,21.6,59.8,3,cigarette_smoke
2284.0,2912.0,28.0,45.0,55.0,21.6,59.9,3,cigarette_smoke
2289.0,2916.0,27.0,44.0,53.0,21.6,59.9,3,cigarette_smoke
2282.0,2913.0,28.0,44.0,53.0,21.7,59.8,3,cigarette_smoke
2289.0,2912.0,28.0,43.0,51.0,21.7,59.8,3,cigarette_smoke
2297.0,2914.0,27.0,41.0,49.0,21.7,59.7,3,cigarette_smoke
2283.0,2918.0,26.0,41.0,47.0,21.7,59.7,3,cigarette_smoke
2290.0,2917.0,26.0,40.0,47.0,21.7,59.7,3,cigarette_smoke
2284.0,2912.0,26.0,39.0,46.0,21.6,59.8,3,cigarette_smoke
2286.0,2913.0,24.0,37.0,42.0,21.6,59.8,3,cigarette_smoke
2285.0,2917.0,23.0,35.0,40.0,21.6,59.8,3,cigarette_smoke
2289.0,2915.0,24.0,36.0,40.0,21.6,59.8,3,cigarette_smoke
2282.0,2915.0,23.0,35.0,39.0,21.7,59.8,3,cigarette_smoke
2282.0,2915.0,23.0,35.0,38.0,21.7,59.8,3,cigarette_smoke
2298.0,2915.0,23.0,34.0,37.0,21.6,59.8,3,cigarette_smoke
2284.0,2912.0,22.0,33.0,36.0,21.6,59.8,3,cigarette_smoke
2289.0,2915.0,22.0,33.0,35.0,21.6,59.8,3,cigarette_smoke
2290.0,2916.0,22.0,32.0,33.0,21.7,59.8,3,cigarette_smoke
2284.0,2913.0,22.0,32.0,33.0,21.7,59.8,3,cigarette_smoke
2298.0,2915.0,21.0,30.0,31.0,21.6,59.7,3,cigarette_smoke
2284.0,2914.0,21.0,30.0,30.0,21.6,59.7,3,cigarette_smoke
2286.0,2919.0,21.0,30.0,30.0,21.7,59.7,3,cigarette_smoke
2289.0,2916.0,21.0,30.0,30.0,21.7,59.7,3,cigarette_smoke
2299.0,2914.0,21.0,30.0,30.0,21.6,59.8,3,cigarette_smoke
2286.0,2915.0,20.0,29.0,29.0,21.6,59.8,3,cigarette_smoke
2283.0,2913.0,21.0,31.0,32.0,21.7,59.8,3,cigarette_smoke
2291.0,2914.0,21.0,31.0,33.0,21.7,59.8,3,cigarette_smoke
2282.0,2913.0,21.0,31.0,33.0,21.7,59.8,3,cigarette_smoke
2296.0,2916.0,21.0,31.0,34.0,21.7,59.9,3,cigarette_smoke
2289.0,2913.0,22.0,32.0,35.0,21.7,59.9,3,cigarette_smoke
2282.0,2917.0,22.0,32.0,35.0,21.7,59.9,3,cigarette_smoke
2287.0,2915.0,22.0,32.0,35.0,21.7,59.9,3,cigarette_smoke
2283.0,2915.0,22.0,32.0,35.0,21.7,59.9,3,cigarette_smoke
2282.0,2917.0,22.0,32.0,33.0,21.7,59.9,3,cigarette_smoke
2286.0,2916.0,22.0,32.0,33.0,21.7,59.9,3,cigarette_smoke
2284.0,2912.0,21.0,30.0,31.0,21.7,59.8,3,cigarette_smoke
2284.0,2914.0,21.0,30.0,30.0,21.7,59.8,3,cigarette_smoke
2283.0,2913.0,21.0,29.0,29.0,21.7,59.8,3,cigarette_smoke
2290.0,2913.0,20.0,29.0,29.0,21.7,59.8,3,cigarette_smoke
2283.0,2910.0,19.0,27.0,27.0,21.7,59.9,3,cigarette_smoke
2289.0,2917.0,19.0,27.0,27.0,21.7,59.9,3,cigarette_smoke
2295.0,2914.0,20.0,28.0,28.0,21.7,59.8,3,cigarette_smoke
2286.0,2915.0,21.0,29.0,29.0,21.7,59.8,3,cigarette_smoke
2289.0,2914.0,22.0,30.0,30.0,21.7,59.8,3,cigarette_smoke
2284.0,2920.0,22.0,30.0,31.0,21.7,59.8,3,cigarette_smoke
2283.0,2918.0,24.0,34.0,37.0,21.7,59.8,3,cigarette_smoke
2296.0,2914.0,26.0,36.0,40.0,21.7,59.7,3,cigarette_smoke
2286.0,2915.0,28.0,39.0,45.0,21.7,59.7,3,cigarette_smoke
2282.0,2914.0,30.0,43.0,50.0,21.7,59.7,3,cigarette_smoke
2284.0,2915.0,32.0,46.0,55.0,21.7,59.7,3,cigarette_smoke
2296.0,2919.0,32.0,47.0,57.0,21.7,59.8,3,cigarette_smoke
2285.0,2914.0,33.0,49.0,59.0,21.7,59.8,3,cigarette_smoke
2291.0,2916.0,33.0,49.0,60.0,21.7,59.8,3,cigarette_smoke
2289.0,2913.0,35.0,51.0,62.0,21.7,59.7,3,cigarette_smoke
2284.0,2918.0,35.0,51.0,62.0,21.7,59.7,3,cigarette_smoke
2297.0,2914.0,34.0,50.0,61.0,21.7,59.7,3,cigarette_smoke
2284.0,2913.0,35.0,52.0,63.0,21.7,59.7,3,cigarette_smoke
2284.0,2916.0,35.0,59.0,69.0,21.7,59.8,3,cigarette_smoke
2288.0,2916.0,38.0,65.0,72.0,21.7,59.8,3,cigarette_smoke
2281.0,2911.0,41.0,70.0,76.0,21.7,59.8,3,cigarette_smoke
2297.0,2917.0,42.0,75.0,79.0,21.7,59.6,3,cigarette_smoke
2283.0,2913.0,48.0,89.0,93.0,21.7,59.8,3,cigarette_smoke
2287.0,2913.0,51.0,95.0,99.0,21.7,59.8,3,cigarette_smoke
2283.0,2917.0,52.0,97.0,102.0,21.7,59.8,3,cigarette_smoke
2293.0,2909.0,52.0,97.0,101.0,21.7,59.8,3,cigarette_smoke
2278.0,2915.0,52.0,94.0,98.0,21.7,59.8,3,cigarette_smoke
2284.0,2916.0,50.0,92.0,96.0,21.7,59.6,3,cigarette_smoke
2287.0,2915.0,50.0,90.0,94.0,21.7,59.6,3,cigarette_smoke
2282.0,2912.0,48.0,88.0,92.0,21.7,59.6,3,cigarette_smoke
2282.0,2914.0,44.0,80.0,85.0,21.7,59.7,3,cigarette_smoke
2290.0,2912.0,42.0,76.0,80.0,21.7,59.7,3,cigarette_smoke
2281.0,2915.0,40.0,72.0,78.0,21.7,59.6,3,cigarette_smoke
2289.0,2912.0,37.0,67.0,75.0,21.7,59.6,3,cigarette_smoke
2283.0,2915.0,35.0,60.0,71.0,21.7,59.5,3,cigarette_smoke
2287.0,2917.0,36.0,64.0,73.0,21.7,59.5,3,cigarette_smoke
2282.0,2910.0,39.0,70.0,77.0,21.7,59.5,3,cigarette_smoke
2286.0,2916.0,41.0,77.0,80.0,21.7,59.5,3,cigarette_smoke
2294.0,2910.0,48.0,91.0,95.0,21.7,59.6,3,cigarette_smoke
2281.0,2917.0,52.0,98.0,102.0,21.7,59.6,3,cigarette_smoke
2289.0,2912.0,55.0,105.0,109.0,21.7,59.6,3,cigarette_smoke
2281.0,2915.0,58.0,110.0,115.0,21.7,59.5,3,cigarette_smoke
2282.0,2916.0,61.0,119.0,124.0,21.7,59.5,3,cigarette_smoke
2294.0,2916.0,61.0,118.0,123.0,21.7,59.5,3,cigarette_smoke
2285.0,2916.0,59.0,112.0,116.0,21.7,59.5,3,cigarette_smoke
2290.0,2917.0,57.0,107.0,111.0,21.7,59.5,3,cigarette_smoke
2285.0,2916.0,52.0,97.0,100.0,21.7,59.5,3,cigarette_smoke
2293.0,2912.0,50.0,92.0,95.0,21.7,59.4,3,cigarette_smoke
2283.0,2916.0,49.0,89.0,91.0,21.7,59.4,3,cigarette_smoke
2289.0,2917.0,47.0,85.0,87.0,21.7,59.4,3,cigarette_smoke
2288.0,2915.0,45.0,78.0,79.0,21.8,59.4,3,cigarette_smoke
2282.0,2917.0,43.0,75.0,77.0,21.8,59.4,3,cigarette_smoke
2295.0,2918.0,42.0,73.0,77.0,21.8,59.5,3,cigarette_smoke
2283.0,2914.0,40.0,69.0,75.0,21.8,59.5,3,cigarette_smoke
2281.0,2911.0,38.0,62.0,70.0,21.8,59.4,3,cigarette_smoke
2284.0,2913.0,36.0,59.0,69.0,21.8,59.4,3,cigarette_smoke
2282.0,2913.0,35.0,57.0,67.0,21.8,59.4,3,cigarette_smoke
2293.0,2913.0,34.0,55.0,66.0,21.8,59.4,3,cigarette_smoke
2289.0,2917.0,33.0,52.0,62.0,21.8,59.4,3,cigarette_smoke
2288.0,2911.0,32.0,50.0,61.0,21.8,59.2,3,cigarette_smoke
2284.0,2914.0,30.0,48.0,58.0,21.8,59.2,3,cigarette_smoke
2293.0,2915.0,30.0,47.0,56.0,21.8,59.3,3,cigarette_smoke
2285.0,2913.0,29.0,46.0,55.0,21.8,59.3,3,cigarette_smoke
2284.0,2913.0,29.0,45.0,54.0,21.8,59.4,3,cigarette_smoke
2284.0,2911.0,29.0,45.0,54.0,21.8,59.4,3,cigarette_smoke
2280.0,2913.0,30.0,46.0,55.0,21.8,59.4,3,cigarette_smoke
2282.0,2916.0,30.0,46.0,55.0,21.8,59.4,3,cigarette_smoke
2287.0,2914.0,29.0,45.0,53.0,21.8,59.4,3,cigarette_smoke
2283.0,2911.0,29.0,44.0,53.0,21.8,59.2,3,cigarette_smoke
2290.0,2911.0,30.0,44.0,53.0,21.8,59.2,3,cigarette_smoke
2297.0,2915.0,30.0,44.0,53.0,21.8,59.1,3,cigarette_smoke
2289.0,2913.0,29.0,42.0,50.0,21.8,59.1,3,cigarette_smoke
2282.0,2912.0,28.0,42.0,49.0,21.8,59.1,3,cigarette_smoke
2288.0,2915.0,28.0,41.0,49.0,21.8,59.1,3,cigarette_smoke
2294.0,2913.0,28.0,42.0,50.0,21.8,59.1,3,cigarette_smoke
2284.0,2917.0,28.0,42.0,49.0,21.8,59.1,3,cigarette_smoke
2287.0,2913.0,28.0,42.0,50.0,21.8,59.1,3,cigarette_smoke
2281.0,2913.0,28.0,43.0,51.0,21.8,59.2,3,cigarette_smoke
2281.0,2909.0,30.0,45.0,53.0,21.8,59.2,3,cigarette_smoke
2292.0,2914.0,30.0,45.0,54.0,21.8,59.1,3,cigarette_smoke
2282.0,2913.0,29.0,44.0,54.0,21.8,59.1,3,cigarette_smoke
2287.0,2913.0,29.0,44.0,54.0,21.8,59.1,3,cigarette_smoke
2286.0,2912.0,29.0,44.0,54.0,21.8,59.2,3,cigarette_smoke
2282.0,2913.0,30.0,45.0,55.0,21.8,59.2,3,cigarette_smoke
2283.0,2913.0,32.0,49.0,60.0,21.8,59.0,3,cigarette_smoke
2288.0,2913.0,33.0,50.0,61.0,21.8,59.0,3,cigarette_smoke
2288.0,2910.0,34.0,53.0,66.0,21.8,59.0,3,cigarette_smoke
2282.0,2917.0,35.0,56.0,67.0,21.8,59.0,3,cigarette_smoke
2296.0,2910.0,38.0,60.0,70.0,21.8,58.9,3,cigarette_smoke
2282.0,2913.0,41.0,64.0,72.0,21.8,58.9,3,cigarette_smoke
2285.0,2916.0,41.0,65.0,73.0,21.9,58.9,3,cigarette_smoke
2287.0,2915.0,41.0,65.0,73.0,21.9,58.9,3,cigarette_smoke
2283.0,2914.0,41.0,64.0,72.0,21.9,58.9,3,cigarette_smoke
2297.0,2917.0,41.0,63.0,72.0,21.8,58.9,3,cigarette_smoke
2287.0,2917.0,40.0,61.0,71.0,21.8,58.9,3,cigarette_smoke
2281.0,2911.0,41.0,63.0,72.0,21.8,58.9,3,cigarette_smoke
2280.0,2913.0,41.0,67.0,74.0,21.8,58.9,3,cigarette_smoke
2292.0,2914.0,42.0,68.0,75.0,21.9,58.9,3,cigarette_smoke
2288.0,2912.0,43.0,71.0,76.0,21.9,58.9,3,cigarette_smoke
2281.0,2918.0,44.0,73.0,78.0,21.9,58.9,3,cigarette_smoke
2288.0,2911.0,44.0,74.0,78.0,21.9,58.9,3,cigarette_smoke
2280.0,2915.0,44.0,74.0,78.0,21.9,58.9,3,cigarette_smoke
2282.0,2913.0,42.0,70.0,76.0,21.9,58.9,3,cigarette_smoke
2288.0,2916.0,41.0,67.0,74.0,21.9,58.9,3,cigarette_smoke
2282.0,2915.0,40.0,65.0,73.0,21.9,59.0,3,cigarette_smoke
2286.0,2915.0,38.0,61.0,72.0,21.9,59.0,3,cigarette_smoke
2292.0,2914.0,34.0,55.0,67.0,21.9,58.9,3,cigarette_smoke
2281.0,2914.0,33.0,52.0,65.0,21.9,58.9,3,cigarette_smoke
2285.0,2914.0,33.0,51.0,63.0,21.9,58.9,3,cigarette_smoke
2285.0,2915.0,32.0,49.0,61.0,21.9,58.9,3,cigarette_smoke
2293.0,2913.0,31.0,49.0,60.0,21.9,58.8,3,cigarette_smoke
2281.0,2914.0,31.0,49.0,60.0,21.9,58.8,3,cigarette_smoke
2287.0,2915.0,31.0,49.0,60.0,21.9,58.8,3,cigarette_smoke
2282.0,2916.0,32.0,49.0,61.0,21.9,58.7,3,cigarette_smoke
2281.0,2913.0,32.0,50.0,62.0,21.9,58.7,3,cigarette_smoke
2292.0,2910.0,33.0,51.0,63.0,21.9,58.7,3,cigarette_smoke
2281.0,2912.0,34.0,54.0,66.0,21.9,58.7,3,cigarette_smoke
2288.0,2912.0,35.0,58.0,69.0,21.9,58.7,3,cigarette_smoke
2287.0,2915.0,39.0,64.0,72.0,21.9,58.7,3,cigarette_smoke
2280.0,2911.0,40.0,66.0,74.0,21.9,58.7,3,cigarette_smoke
2294.0,2913.0,41.0,67.0,75.0,21.9,58.7,3,cigarette_smoke
2286.0,2913.0,42.0,69.0,76.0,21.9,58.7,3,cigarette_smoke
2287.0,2912.0,42.0,69.0,76.0,21.9,58.6,3,cigarette_smoke
2282.0,2911.0,41.0,67.0,74.0,21.9,58.6,3,cigarette_smoke
2295.0,2917.0,40.0,65.0,73.0,21.9,58.6,3,cigarette_smoke
2281.0,2914.0,39.0,61.0,71.0,21.9,58.6,3,cigarette_smoke
2281.0,2914.0,37.0,59.0,69.0,21.9,58.5,3,cigarette_smoke
2288.0,2915.0,37.0,58.0,69.0,21.9,58.5,3,cigarette_smoke
2281.0,2913.0,37.0,57.0,68.0,21.9,58.5,3,cigarette_smoke
2293.0,2917.0,37.0,57.0,68.0,21.9,58.6,3,cigarette_smoke
2287.0,2915.0,38.0,61.0,71.0,21.9,58.6,3,cigarette_smoke
2283.0,2912.0,40.0,65.0,73.0,21.9,58.6,3,cigarette_smoke
2286.0,2912.0,41.0,68.0,75.0,21.9,58.6,3,cigarette_smoke
2281.0,2915.0,43.0,72.0,77.0,21.9,58.6,3,cigarette_smoke
2287.0,2916.0,45.0,77.0,81.0,22.0,58.6,3,cigarette_smoke
2280.0,2911.0,46.0,81.0,85.0,22.0,58.5,3,cigarette_smoke
2287.0,2915.0,48.0,86.0,88.0,22.0,58.5,3,cigarette_smoke
2283.0,2911.0,50.0,90.0,95.0,22.0,58.5,3,cigarette_smoke
2281.0,2916.0,51.0,95.0,99.0,22.0,58.4,3,cigarette_smoke
2287.0,2915.0,51.0,97.0,101.0,22.0,58.4,3,cigarette_smoke
2283.0,2916.0,52.0,100.0,104.0,21.9,58.4,3,cigarette_smoke
2286.0,2911.0,54.0,104.0,108.0,21.9,58.4,3,cigarette_smoke
2295.0,2911.0,57.0,112.0,116.0,22.0,58.5,3,cigarette_smoke
2282.0,2912.0,57.0,114.0,117.0,22.0,58.5,3,cigarette_smoke
2285.0,2916.0,57.0,112.0,116.0,22.0,58.5,3,cigarette_smoke
2283.0,2917.0,55.0,111.0,115.0,22.0,58.3,3,cigarette_smoke
2295.0,2914.0,51.0,103.0,106.0,22.0,58.3,3,cigarette_smoke
2282.0,2913.0,50.0,99.0,103.0,22.0,58.3,3,cigarette_smoke
2287.0,2915.0,48.0,95.0,97.0,22.0,58.3,3,cigarette_smoke
2284.0,2916.0,46.0,89.0,93.0,22.0,58.3,3,cigarette_smoke
2282.0,2912.0,42.0,81.0,84.0,22.0,58.3,3,cigarette_smoke
2293.0,2917.0,41.0,78.0,81.0,22.0,58.3,3,cigarette_smoke
2279.0,2913.0,41.0,77.0,79.0,22.0,58.3,3,cigarette_smoke
2288.0,2917.0,42.0,78.0,80.0,22.0,58.3,3,cigarette_smoke
2288.0,2913.0,42.0,78.0,80.0,22.0,58.3,3,cigarette_smoke
2282.0,2916.0,43.0,81.0,83.0,22.0,58.3,3,cigarette_smoke
2290.0,2916.0,45.0,85.0,87.0,22.0,58.2,3,cigarette_smoke
2285.0,2916.0,47.0,89.0,91.0,22.0,58.2,3,cigarette_smoke
2289.0,2914.0,55.0,101.0,103.0,22.0,58.1,3,cigarette_smoke
2283.0,2913.0,57.0,104.0,106.0,22.0,58.1,3,cigarette_smoke
2294.0,2914.0,59.0,106.0,108.0,22.0,58.2,3,cigarette_smoke
2281.0,2913.0,61.0,108.0,110.0,22.0,58.2,3,cigarette_smoke
2282.0,2917.0,64.0,110.0,112.0,22.0,58.2,3,cigarette_smoke
2286.0,2912.0,64.0,112.0,114.0,22.0,58.2,3,cigarette_smoke
2282.0,2913.0,65.0,113.0,116.0,22.0,58.2,3,cigarette_smoke
2291.0,2914.0,65.0,115.0,118.0,22.0,58.1,3,cigarette_smoke
2288.0,2915.0,69.0,121.0,124.0,22.0,58.1,3,cigarette_smoke
2282.0,2917.0,69.0,123.0,127.0,22.0,58.2,3,cigarette_smoke
2286.0,2917.0,73.0,128.0,132.0,22.0,58.2,3,cigarette_smoke
2282.0,2910.0,77.0,133.0,137.0,22.0,58.2,3,cigarette_smoke
2279.0,2912.0,87.0,149.0,154.0,22.1,58.2,3,cigarette_smoke
2282.0,2913.0,95.0,165.0,170.0,22.0,58.1,3,cigarette_smoke
2287.0,2914.0,99.0,173.0,178.0,22.0,58.1,3,cigarette_smoke
2282.0,2915.0,101.0,177.0,182.0,22.0,58.1,3,cigarette_smoke
2282.0,2916.0,105.0,184.0,189.0,22.1,58.0,3,cigarette_smoke
2285.0,2913.0,104.0,184.0,189.0,22.1,58.0,3,cigarette_smoke
2283.0,2913.0,101.0,182.0,188.0,22.1,58.0,3,cigarette_smoke
2287.0,2919.0,96.0,179.0,183.0,22.1,58.0,3,cigarette_smoke
2293.0,2914.0,94.0,169.0,175.0,22.1,58.1,3,cigarette_smoke
2284.0,2913.0,94.0,168.0,173.0,22.1,58.1,3,cigarette_smoke
2288.0,2918.0,96.0,167.0,173.0,22.1,58.1,3,cigarette_smoke
2283.0,2916.0,98.0,167.0,173.0,22.1,57.9,3,cigarette_smoke
2283.0,2915.0,102.0,169.0,174.0,22.1,57.9,3,cigarette_smoke
2283.0,2915.0,106.0,172.0,176.0,22.1,58.0,3,cigarette_smoke
2288.0,2916.0,108.0,174.0,178.0,22.1,58.0,3,cigarette_smoke
2281.0,2914.0,108.0,171.0,175.0,22.1,57.9,3,cigarette_smoke
2283.0,2913.0,106.0,163.0,167.0,22.1,57.9,3,cigarette_smoke
2295.0,2914.0,104.0,159.0,163.0,22.1,57.9,3,cigarette_smoke
2284.0,2912.0,102.0,156.0,159.0,22.1,57.9,3,cigarette_smoke
2287.0,2915.0,100.0,151.0,155.0,22.1,57.9,3,cigarette_smoke
2288.0,2914.0,97.0,145.0,148.0,22.1,58.0,3,cigarette_smoke
2283.0,2913.0,95.0,141.0,144.0,22.1,58.0,3,cigarette_smoke
2293.0,2912.0,92.0,136.0,138.0,22.1,57.9,3,cigarette_smoke
2282.0,2917.0,89.0,131.0,134.0,22.1,57.9,3,cigarette_smoke
2283.0,2920.0,82.0,120.0,123.0,22.1,57.8,3,cigarette_smoke
2286.0,2915.0,79.0,116.0,118.0,22.1,57.8,3,cigarette_smoke
2296.0,2913.0,73.0,105.0,107.0,22.1,57.8,3,cigarette_smoke
2284.0,2911.0,70.0,102.0,103.0,22.1,57.8,3,cigarette_smoke
2281.0,2910.0,66.0,95.0,97.0,22.1,57.8,3,cigarette_smoke
2288.0,2913.0,63.0,92.0,94.0,22.1,57.8,3,cigarette_smoke
2282.0,2916.0,61.0,88.0,90.0,22.1,57.8,3,cigarette_smoke
2295.0,2911.0,59.0,85.0,87.0,22.1,57.7,3,cigarette_smoke
2285.0,2911.0,54.0,77.0,79.0,22.1,57.7,3,cigarette_smoke
2282.0,2912.0,51.0,74.0,77.0,22.1,57.7,3,cigarette_smoke
2285.0,2913.0,49.0,70.0,75.0,22.1,57.7,3,cigarette_smoke
2282.0,2914.0,49.0,70.0,76.0,22.1,57.7,3,cigarette_smoke
2282.0,2913.0,49.0,71.0,76.0,22.1,57.7,3,cigarette_smoke
2288.0,2916.0,50.0,72.0,77.0,22.1,57.7,3,cigarette_smoke
2284.0,2912.0,50.0,73.0,77.0,22.1,57.7,3,cigarette_smoke
2284.0,2917.0,50.0,73.0,76.0,22.1,57.7,3,cigarette_smoke
2285.0,2917.0,51.0,74.0,77.0,22.2,57.6,3,cigarette_smoke
2290.0,2916.0,53.0,77.0,79.0,22.2,57.6,3,cigarette_smoke
2283.0,2915.0,54.0,78.0,79.0,22.2,57.8,3,cigarette_smoke
2288.0,2916.0,55.0,79.0,80.0,22.2,57.8,3,cigarette_smoke
2294.0,2916.0,55.0,79.0,82.0,22.2,57.6,3,cigarette_smoke
2281.0,2912.0,56.0,81.0,83.0,22.2,57.6,3,cigarette_smoke
2288.0,2916.0,57.0,81.0,83.0,22.2,57.6,3,cigarette_smoke
2281.0,2912.0,57.0,81.0,84.0,22.2,57.6,3,cigarette_smoke
2281.0,2910.0,56.0,80.0,82.0,22.2,57.6,3,cigarette_smoke
2295.0,2909.0,55.0,77.0,79.0,22.2,57.6,3,cigarette_smoke
2283.0,2913.0,52.0,74.0,77.0,22.2,57.6,3,cigarette_smoke
2282.0,2913.0,47.0,67.0,74.0,22.2,57.6,3,cigarette_smoke
2281.0,2912.0,43.0,60.0,70.0,22.2,57.6,3,cigarette_smoke
2295.0,2916.0,41.0,58.0,68.0,22.2,57.6,3,cigarette_smoke
2280.0,2914.0,40.0,56.0,67.0,22.2,57.6,3,cigarette_smoke
2288.0,2910.0,39.0,54.0,66.0,22.2,57.6,3,cigarette_smoke
2288.0,2912.0,38.0,52.0,64.0,22.2,57.4,3,cigarette_smoke
2284.0,2912.0,38.0,52.0,64.0,22.2,57.4,3,cigarette_smoke
2296.0,2916.0,36.0,51.0,63.0,22.2,57.4,3,cigarette_smoke
2284.0,2916.0,38.0,51.0,63.0,22.2,57.4,3,cigarette_smoke
2283.0,2916.0,38.0,51.0,63.0,22.2,57.6,3,cigarette_smoke
2287.0,2916.0,39.0,51.0,63.0,22.2,57.6,3,cigarette_smoke
2282.0,2910.0,39.0,51.0,63.0,22.2,57.6,3,cigarette_smoke
2295.0,2915.0,39.0,51.0,63.0,22.2,57.5,3,cigarette_smoke
2280.0,2910.0,40.0,51.0,63.0,22.2,57.4,3,cigarette_smoke
2285.0,2909.0,40.0,52.0,63.0,22.2,57.4,3,cigarette_smoke
2283.0,2912.0,40.0,52.0,63.0,22.2,57.4,3,cigarette_smoke
2294.0,2914.0,40.0,52.0,63.0,22.2,57.3,3,cigarette_smoke
2289.0,2914.0,41.0,53.0,64.0,22.2,57.3,3,cigarette_smoke
2282.0,2913.0,41.0,53.0,65.0,22.2,57.4,3,cigarette_smoke
2286.0,2911.0,43.0,55.0,65.0,22.2,57.4,3,cigarette_smoke
2283.0,2917.0,44.0,57.0,67.0,22.2,57.4,3,cigarette_smoke
2281.0,2911.0,46.0,58.0,68.0,22.2,57.2,3,cigarette_smoke
2289.0,2913.0,46.0,57.0,67.0,22.2,57.2,3,cigarette_smoke
2277.0,2910.0,47.0,59.0,68.0,22.2,57.3,3,cigarette_smoke
2288.0,2916.0,49.0,61.0,69.0,22.2,57.3,3,cigarette_smoke
2281.0,2909.0,52.0,67.0,73.0,22.2,57.3,3,cigarette_smoke
2289.0,2915.0,52.0,68.0,74.0,22.2,57.3,3,cigarette_smoke
2281.0,2910.0,52.0,69.0,74.0,22.3,57.2,3,cigarette_smoke
2287.0,2912.0,53.0,70.0,75.0,22.3,57.2,3,cigarette_smoke
2295.0,2909.0,57.0,80.0,80.0,22.3,57.2,3,cigarette_smoke
2283.0,2912.0,60.0,88.0,89.0,22.3,57.2,3,cigarette_smoke
2283.0,2914.0,62.0,95.0,97.0,22.3,57.2,3,cigarette_smoke
2283.0,2915.0,64.0,101.0,104.0,22.3,57.2,3,cigarette_smoke
2281.0,2911.0,69.0,116.0,119.0,22.3,57.2,3,cigarette_smoke
2294.0,2912.0,73.0,123.0,128.0,22.2,57.1,3,cigarette_smoke
2283.0,2917.0,75.0,129.0,134.0,22.2,57.1,3,cigarette_smoke
2285.0,2913.0,77.0,134.0,140.0,22.2,57.1,3,cigarette_smoke
2282.0,2911.0,78.0,136.0,141.0,22.3,57.1,3,cigarette_smoke
2293.0,2912.0,77.0,133.0,137.0,22.2,57.1,3,cigarette_smoke
2283.0,2914.0,77.0,130.0,134.0,22.2,57.1,3,cigarette_smoke
2290.0,2915.0,74.0,124.0,128.0,22.2,57.1,3,cigarette_smoke
2287.0,2910.0,67.0,110.0,115.0,22.3,57.1,3,cigarette_smoke
2282.0,2912.0,64.0,105.0,108.0,22.3,57.1,3,cigarette_smoke
2295.0,2915.0,61.0,100.0,102.0,22.3,57.2,3,cigarette_smoke
2280.0,2913.0,58.0,94.0,98.0,22.3,57.2,3,cigarette_smoke
2281.0,2914.0,55.0,86.0,89.0,22.3,57.2,3,cigarette_smoke
2289.0,2913.0,54.0,83.0,86.0,22.3,57.2,3,cigarette_smoke
2282.0,2914.0,53.0,81.0,84.0,22.3,57.2,3,cigarette_smoke
2295.0,2912.0,53.0,79.0,82.0,22.3,57.0,3,cigarette_smoke
2289.0,2915.0,52.0,77.0,79.0,22.3,57.0,3,cigarette_smoke
2286.0,2914.0,52.0,74.0,77.0,22.3,57.1,3,cigarette_smoke
2282.0,2910.0,52.0,73.0,77.0,22.3,57.1,3,cigarette_smoke
2294.0,2912.0,51.0,71.0,76.0,22.3,56.9,3,cigarette_smoke
2287.0,2915.0,48.0,66.0,73.0,22.3,56.9,3,cigarette_smoke
2282.0,2912.0,46.0,62.0,71.0,22.3,57.0,3,cigarette_smoke
2286.0,2913.0,43.0,60.0,69.0,22.3,57.0,3,cigarette_smoke
2283.0,2918.0,42.0,57.0,67.0,22.3,57.0,3,cigarette_smoke
2282.0,2910.0,38.0,52.0,63.0,22.3,57.0,3,cigarette_smoke
2288.0,2912.0,38.0,53.0,65.0,22.3,57.0,3,cigarette_smoke
2283.0,2915.0,39.0,55.0,66.0,22.3,56.8,3,cigarette_smoke
2287.0,2909.0,39.0,57.0,67.0,22.3,56.8,3,cigarette_smoke
2294.0,2912.0,41.0,60.0,69.0,22.3,56.9,3,cigarette_smoke
2290.0,2916.0,45.0,67.0,74.0,22.3,56.9,3,cigarette_smoke
2283.0,2912.0,47.0,71.0,76.0,22.3,56.8,3,cigarette_smoke
2285.0,2912.0,49.0,75.0,77.0,22.3,56.8,3,cigarette_smoke
2293.0,2912.0,51.0,78.0,79.0,22.3,56.8,3,cigarette_smoke
2281.0,2915.0,52.0,78.0,79.0,22.3,56.8,3,cigarette_smoke
2284.0,2912.0,55.0,81.0,81.0,22.3,56.8,3,cigarette_smoke
2281.0,2909.0,57.0,83.0,83.0,22.4,56.8,3,cigarette_smoke
2281.0,2912.0,61.0,86.0,86.0,22.4,56.8,3,cigarette_smoke
2291.0,2916.0,61.0,85.0,85.0,22.3,56.9,3,cigarette_smoke
2283.0,2914.0,63.0,85.0,85.0,22.3,56.9,3,cigarette_smoke
2288.0,2917.0,64.0,86.0,86.0,22.3,56.9,3,cigarette_smoke
2287.0,2913.0,65.0,86.0,86.0,22.3,56.8,3,cigarette_smoke
2281.0,2915.0,64.0,84.0,84.0,22.3,56.8,3,cigarette_smoke
2281.0,2914.0,59.0,78.0,79.0,22.3,56.8,3,cigarette_smoke
2288.0,2914.0,56.0,74.0,76.0,22.3,56.8,3,cigarette_smoke
2287.0,2916.0,52.0,69.0,74.0,22.4,56.8,3,cigarette_smoke
2282.0,2910.0,51.0,68.0,73.0,22.4,56.8,3,cigarette_smoke
2294.0,2912.0,50.0,65.0,72.0,22.4,56.6,3,cigarette_smoke
2281.0,2912.0,48.0,62.0,70.0,22.4,56.6,3,cigarette_smoke
2282.0,2915.0,44.0,58.0,67.0,22.4,56.6,3,cigarette_smoke
2286.0,2912.0,42.0,56.0,66.0,22.4,56.6,3,cigarette_smoke
2284.0,2913.0,40.0,53.0,64.0,22.4,56.6,3,cigarette_smoke
2294.0,2914.0,38.0,52.0,62.0,22.4,56.7,3,cigarette_smoke
2285.0,2913.0,35.0,50.0,60.0,22.4,56.7,3,cigarette_smoke
2281.0,2913.0,34.0,48.0,57.0,22.4,56.6,3,cigarette_smoke
2284.0,2910.0,34.0,47.0,56.0,22.4,56.6,3,cigarette_smoke
2296.0,2912.0,34.0,47.0,56.0,22.4,56.6,3,cigarette_smoke
2287.0,2915.0,32.0,46.0,55.0,22.4,56.6,3,cigarette_smoke
2280.0,2915.0,32.0,46.0,55.0,22.4,56.5,3,cigarette_smoke
2286.0,2910.0,32.0,46.0,55.0,22.4,56.5,3,cigarette_smoke
2282.0,2915.0,32.0,46.0,55.0,22.4,56.5,3,cigarette_smoke
2284.0,2910.0,33.0,47.0,58.0,22.4,56.7,3,cigarette_smoke
2286.0,2909.0,34.0,50.0,61.0,22.4,56.7,3,cigarette_smoke
2284.0,2913.0,38.0,53.0,65.0,22.4,56.4,3,cigarette_smoke
2288.0,2911.0,41.0,58.0,68.0,22.4,56.4,3,cigarette_smoke
2294.0,2911.0,47.0,67.0,72.0,22.4,56.5,3,cigarette_smoke
2281.0,2913.0,49.0,70.0,74.0,22.4,56.5,3,cigarette_smoke
2288.0,2911.0,52.0,74.0,77.0,22.4,56.5,3,cigarette_smoke
2289.0,2915.0,58.0,81.0,81.0,22.4,56.4,3,cigarette_smoke
2297.0,2914.0,58.0,80.0,80.0,22.4,56.5,3,cigarette_smoke
2282.0,2915.0,56.0,76.0,78.0,22.4,56.5,3,cigarette_smoke
2287.0,2916.0,52.0,73.0,76.0,22.4,56.5,3,cigarette_smoke
2282.0,2912.0,49.0,68.0,73.0,22.4,56.5,3,cigarette_smoke
2282.0,2914.0,47.0,65.0,71.0,22.4,56.5,3,cigarette_smoke
2293.0,2912.0,47.0,63.0,71.0,22.4,56.4,3,cigarette_smoke
2283.0,2912.0,46.0,63.0,70.0,22.4,56.4,3,cigarette_smoke
2287.0,2913.0,45.0,61.0,69.0,22.4,56.4,3,cigarette_smoke
2288.0,2912.0,46.0,61.0,70.0,22.4,56.5,3,cigarette_smoke
2281.0,2913.0,46.0,61.0,70.0,22.4,56.5,3,cigarette_smoke
2296.0,2913.0,47.0,61.0,70.0,22.4,56.5,3,cigarette_smoke
2288.0,2916.0,46.0,60.0,69.0,22.4,56.5,3,cigarette_smoke
2290.0,2914.0,44.0,57.0,67.0,22.4,56.3,3,cigarette_smoke
2282.0,2907.0,42.0,55.0,66.0,22.4,56.3,3,cigarette_smoke
2293.0,2915.0,42.0,55.0,65.0,22.5,56.3,3,cigarette_smoke
2282.0,2911.0,42.0,55.0,65.0,22.5,56.3,3,cigarette_smoke
2281.0,2911.0,44.0,56.0,66.0,22.4,56.3,3,cigarette_smoke
2288.0,2913.0,46.0,57.0,67.0,22.4,56.3,3,cigarette_smoke
2283.0,2911.0,47.0,58.0,68.0,22.4,56.3,3,cigarette_smoke
2296.0,2914.0,48.0,60.0,70.0,22.4,56.4,3,cigarette_smoke
2287.0,2912.0,52.0,65.0,72.0,22.4,56.4,3,cigarette_smoke
2283.0,2913.0,52.0,66.0,73.0,22.4,56.4,3,cigarette_smoke
2289.0,2915.0,53.0,67.0,73.0,22.4,56.4,3,cigarette_smoke
2282.0,2916.0,52.0,67.0,73.0,22.4,56.4,3,cigarette_smoke
2289.0,2916.0,50.0,65.0,72.0,22.4,56.3,3,cigarette_smoke
2283.0,2910.0,49.0,63.0,71.0,22.4,56.2,3,cigarette_smoke
2285.0,2913.0,48.0,61.0,70.0,22.4,56.2,3,cigarette_smoke
2281.0,2911.0,46.0,58.0,68.0,22.4,56.2,3,cigarette_smoke
2283.0,2914.0,41.0,53.0,65.0,22.5,56.3,3,cigarette_smoke
2287.0,2916.0,40.0,51.0,63.0,22.5,56.3,3,cigarette_smoke
2281.0,2918.0,39.0,51.0,61.0,22.5,56.3,3,cigarette_smoke
2286.0,2915.0,38.0,51.0,62.0,22.5,56.3,3,cigarette_smoke
2295.0,2913.0,36.0,49.0,60.0,22.5,56.3,3,cigarette_smoke
2282.0,2915.0,34.0,47.0,57.0,22.5,56.3,3,cigarette_smoke
2286.0,2910.0,34.0,47.0,56.0,22.5,56.3,3,cigarette_smoke
2280.0,2910.0,33.0,46.0,55.0,22.5,56.1,3,cigarette_smoke
2293.0,2912.0,33.0,46.0,55.0,22.5,56.2,3,cigarette_smoke
2284.0,2914.0,34.0,47.0,56.0,22.5,56.2,3,cigarette_smoke
2288.0,2915.0,34.0,46.0,56.0,22.5,56.2,3,cigarette_smoke
2281.0,2913.0,33.0,46.0,56.0,22.5,56.2,3,cigarette_smoke
2283.0,2911.0,33.0,46.0,55.0,22.5,56.2,3,cigarette_smoke
2298.0,2915.0,32.0,45.0,54.0,22.5,56.2,3,cigarette_smoke
2279.0,2912.0,32.0,45.0,54.0,22.5,56.2,3,cigarette_smoke
2289.0,2916.0,31.0,44.0,53.0,22.5,56.2,3,cigarette_smoke
2285.0,2912.0,30.0,42.0,49.0,22.5,56.1,3,cigarette_smoke
2284.0,2910.0,29.0,41.0,48.0,22.5,56.1,3,cigarette_smoke
2293.0,2912.0,29.0,40.0,48.0,22.5,56.2,3,cigarette_smoke
2282.0,2912.0,28.0,40.0,47.0,22.5,56.2,3,cigarette_smoke
2287.0,2915.0,27.0,38.0,45.0,22.5,56.0,3,cigarette_smoke
2283.0,2912.0,27.0,38.0,44.0,22.5,56.0,3,cigarette_smoke
2293.0,2915.0,28.0,38.0,45.0,22.5,56.1,3,cigarette_smoke
2284.0,2910.0,28.0,38.0,45.0,22.5,56.1,3,cigarette_smoke
2282.0,2912.0,27.0,37.0,43.0,22.5,56.1,3,cigarette_smoke
2285.0,2913.0,26.0,36.0,43.0,22.5,56.1,3,cigarette_smoke
2282.0,2914.0,25.0,35.0,41.0,22.5,56.1,3,cigarette_smoke
2295.0,2910.0,25.0,34.0,40.0,22.5,56.0,3,cigarette_smoke
2286.0,2909.0,24.0,34.0,39.0,22.5,56.0,3,cigarette_smoke
2281.0,2911.0,24.0,33.0,38.0,22.5,56.1,3,cigarette_smoke
2287.0,2917.0,24.0,33.0,38.0,22.5,56.1,3,cigarette_smoke
2280.0,2916.0,24.0,33.0,37.0,22.5,56.1,3,cigarette_smoke
2282.0,2909.0,23.0,32.0,36.0,22.5,55.9,3,cigarette_smoke
2271.0,2913.0,22.0,31.0,34.0,22.5,55.9,3,cigarette_smoke
2287.0,2912.0,22.0,31.0,34.0,22.5,55.9,3,cigarette_smoke
2282.0,2913.0,23.0,32.0,34.0,22.5,55.9,3,cigarette_smoke
2281.0,2911.0,23.0,30.0,33.0,22.5,56.0,3,cigarette_smoke
2287.0,2910.0,23.0,30.0,33.0,22.5,56.0,3,cigarette_smoke
2280.0,2915.0,23.0,30.0,31.0,22.5,55.9,3,cigarette_smoke
2286.0,2911.0,23.0,30.0,31.0,22.5,55.9,3,cigarette_smoke
2293.0,2915.0,22.0,29.0,29.0,22.5,56.0,3,cigarette_smoke
2282.0,2913.0,22.0,30.0,30.0,22.5,56.0,3,cigarette_smoke
2285.0,2913.0,22.0,30.0,30.0,22.5,56.0,3,cigarette_smoke
2280.0,2912.0,22.0,30.0,30.0,22.5,55.9,3,cigarette_smoke
2284.0,2912.0,22.0,29.0,29.0,22.5,55.9,3,cigarette_smoke
2283.0,2912.0,21.0,28.0,28.0,22.5,55.9,3,cigarette_smoke
2289.0,2915.0,21.0,28.0,28.0,22.5,55.9,3,cigarette_smoke
2282.0,2914.0,22.0,28.0,28.0,22.5,55.8,3,cigarette_smoke
2280.0,2912.0,23.0,30.0,30.0,22.5,55.8,3,cigarette_smoke
2292.0,2911.0,23.0,30.0,30.0,22.6,55.9,3,cigarette_smoke
2283.0,2915.0,22.0,29.0,30.0,22.6,55.9,3,cigarette_smoke
2289.0,2915.0,24.0,32.0,35.0,22.6,55.9,3,cigarette_smoke
2287.0,2908.0,28.0,39.0,45.0,22.5,55.8,3,cigarette_smoke
2283.0,2913.0,30.0,41.0,48.0,22.5,55.8,3,cigarette_smoke
2296.0,2914.0,31.0,43.0,50.0,22.5,55.7,3,cigarette_smoke
2281.0,2914.0,32.0,44.0,52.0,22.5,55.7,3,cigarette_smoke
2284.0,2913.0,33.0,47.0,56.0,22.5,55.8,3,cigarette_smoke
2289.0,2915.0,34.0,47.0,57.0,22.5,55.8,3,cigarette_smoke
2292.0,2910.0,34.0,48.0,58.0,22.5,55.9,3,cigarette_smoke
2282.0,2914.0,35.0,49.0,59.0,22.5,55.9,3,cigarette_smoke
2284.0,2915.0,38.0,50.0,61.0,22.6,55.8,3,cigarette_smoke
2287.0,2912.0,38.0,51.0,62.0,22.6,55.8,3,cigarette_smoke
2280.0,2910.0,38.0,51.0,62.0,22.6,55.8,3,cigarette_smoke
2296.0,2915.0,38.0,51.0,61.0,22.5,55.8,3,cigarette_smoke
2287.0,2909.0,39.0,51.0,62.0,22.5,55.8,3,cigarette_smoke
2280.0,2913.0,39.0,52.0,63.0,22.6,55.8,3,cigarette_smoke
2287.0,2911.0,39.0,52.0,63.0,22.6,55.8,3,cigarette_smoke
2280.0,2912.0,38.0,51.0,62.0,22.6,55.8,3,cigarette_smoke
2282.0,2912.0,38.0,51.0,62.0,22.5,55.7,3,cigarette_smoke
2285.0,2915.0,38.0,51.0,62.0,22.5,55.7,3,cigarette_smoke
2280.0,2909.0,38.0,51.0,62.0,22.6,55.8,3,cigarette_smoke
2282.0,2915.0,38.0,51.0,61.0,22.6,55.8,3,cigarette_smoke
2282.0,2910.0,39.0,51.0,62.0,22.6,55.8,3,cigarette_smoke
2288.0,2915.0,39.0,51.0,62.0,22.6,55.8,3,cigarette_smoke
2282.0,2915.0,39.0,51.0,61.0,22.6,55.8,3,cigarette_smoke
2285.0,2911.0,38.0,50.0,61.0,22.6,55.8,3,cigarette_smoke
2296.0,2915.0,35.0,49.0,59.0,22.5,55.6,3,cigarette_smoke
2283.0,2912.0,34.0,47.0,57.0,22.5,55.6,3,cigarette_smoke
2285.0,2916.0,34.0,47.0,56.0,22.5,55.6,3,cigarette_smoke
2281.0,2914.0,34.0,46.0,55.0,22.6,55.7,3,cigarette_smoke
2282.0,2910.0,31.0,42.0,50.0,22.6,55.7,3,cigarette_smoke
2292.0,2909.0,30.0,41.0,49.0,22.6,55.6,3,cigarette_smoke
2281.0,2914.0,30.0,40.0,48.0,22.6,55.6,3,cigarette_smoke
2280.0,2911.0,30.0,40.0,47.0,22.6,55.7,3,cigarette_smoke
2283.0,2913.0,29.0,39.0,45.0,22.6,55.7,3,cigarette_smoke
2294.0,2910.0,28.0,38.0,45.0,22.6,55.8,3,cigarette_smoke
2279.0,2912.0,27.0,36.0,42.0,22.6,55.8,3,cigarette_smoke
2288.0,2912.0,27.0,36.0,41.0,22.6,55.8,3,cigarette_smoke
2285.0,2913.0,26.0,36.0,41.0,22.6,55.6,3,cigarette_smoke
2284.0,2915.0,26.0,35.0,40.0,22.6,55.6,3,cigarette_smoke
2294.0,2910.0,26.0,35.0,39.0,22.6,55.6,3,cigarette_smoke
2282.0,2910.0,25.0,34.0,38.0,22.6,55.6,3,cigarette_smoke
2282.0,2911.0,25.0,33.0,36.0,22.6,55.6,3,cigarette_smoke
2288.0,2913.0,25.0,33.0,36.0,22.6,55.6,3,cigarette_smoke
2283.0,2914.0,26.0,35.0,39.0,22.6,55.6,3,cigarette_smoke
2293.0,2911.0,28.0,39.0,45.0,22.6,55.6,3,cigarette_smoke
2279.0,2912.0,30.0,45.0,54.0,22.6,55.6,3,cigarette_smoke
2288.0,2914.0,31.0,47.0,56.0,22.6,55.6,3,cigarette_smoke
2280.0,2908.0,32.0,49.0,59.0,22.6,55.6,3,cigarette_smoke
2296.0,2911.0,33.0,50.0,61.0,22.6,55.8,3,cigarette_smoke
2288.0,2908.0,35.0,53.0,64.0,22.6,55.8,3,cigarette_smoke
2284.0,2916.0,35.0,52.0,63.0,22.6,55.6,3,cigarette_smoke
2288.0,2911.0,34.0,51.0,62.0,22.6,55.6,3,cigarette_smoke
2281.0,2916.0,34.0,50.0,61.0,22.6,55.6,3,cigarette_smoke
2281.0,2914.0,33.0,49.0,59.0,22.6,55.6,3,cigarette_smoke
2288.0,2911.0,33.0,48.0,58.0,22.6,55.6,3,cigarette_smoke
2283.0,2914.0,33.0,47.0,57.0,22.6,55.6,3,cigarette_smoke
2285.0,2907.0,33.0,47.0,56.0,22.6,55.6,3,cigarette_smoke
2277.0,2911.0,33.0,46.0,55.0,22.6,55.6,3,cigarette_smoke
2287.0,2915.0,33.0,46.0,55.0,22.6,55.6,3,cigarette_smoke
2280.0,2914.0,33.0,46.0,55.0,22.6,55.6,3,cigarette_smoke
2288.0,2911.0,33.0,46.0,54.0,22.6,55.6,3,cigarette_smoke
2292.0,2912.0,31.0,45.0,53.0,22.6,55.5,3,cigarette_smoke
2280.0,2915.0,31.0,44.0,52.0,22.6,55.5,3,cigarette_smoke
2284.0,2912.0,31.0,44.0,51.0,22.6,55.5,3,cigarette_smoke
2282.0,2910.0,31.0,43.0,50.0,22.6,55.5,3,cigarette_smoke
2283.0,2914.0,31.0,43.0,50.0,22.6,55.5,3,cigarette_smoke
2291.0,2911.0,31.0,44.0,52.0,22.6,55.5,3,cigarette_smoke
2282.0,2908.0,32.0,45.0,53.0,22.6,55.5,3,cigarette_smoke
2281.0,2907.0,32.0,45.0,53.0,22.6,55.5,3,cigarette_smoke
2280.0,2911.0,33.0,47.0,56.0,22.6,55.5,3,cigarette_smoke
2292.0,2913.0,34.0,49.0,59.0,22.6,55.5,3,cigarette_smoke
2278.0,2909.0,35.0,50.0,61.0,22.6,55.5,3,cigarette_smoke
2272.0,2915.0,38.0,52.0,63.0,22.6,55.5,3,cigarette_smoke
2287.0,2910.0,40.0,53.0,64.0,22.6,55.5,3,cigarette_smoke
2281.0,2908.0,40.0,53.0,65.0,22.6,55.5,3,cigarette_smoke
2292.0,2911.0,40.0,54.0,65.0,22.6,55.6,3,cigarette_smoke
2277.0,2913.0,41.0,55.0,66.0,22.6,55.6,3,cigarette_smoke
2278.0,2909.0,39.0,53.0,64.0,22.6,55.5,3,cigarette_smoke
2283.0,2914.0,39.0,52.0,64.0,22.6,55.5,3,cigarette_smoke
2280.0,2913.0,41.0,54.0,66.0,22.6,55.5,3,cigarette_smoke
2293.0,2914.0,42.0,56.0,67.0,22.7,55.5,3,cigarette_smoke
2281.0,2912.0,43.0,58.0,68.0,22.7,55.5,3,cigarette_smoke
2286.0,2912.0,47.0,62.0,71.0,22.7,55.5,3,cigarette_smoke
2282.0,2911.0,49.0,66.0,73.0,22.7,55.5,3,cigarette_smoke
2296.0,2911.0,52.0,69.0,75.0,22.6,55.6,3,cigarette_smoke
2290.0,2910.0,55.0,74.0,77.0,22.6,55.6,3,cigarette_smoke
2281.0,2912.0,55.0,75.0,77.0,22.7,55.5,3,cigarette_smoke
2288.0,2913.0,56.0,75.0,78.0,22.7,55.5,3,cigarette_smoke
2282.0,2914.0,56.0,74.0,78.0,22.7,55.5,3,cigarette_smoke
2281.0,2913.0,60.0,81.0,82.0,22.7,55.5,3,cigarette_smoke
2285.0,2910.0,60.0,83.0,84.0,22.7,55.5,3,cigarette_smoke
2282.0,2910.0,60.0,84.0,84.0,22.6,55.4,3,cigarette_smoke
2289.0,2911.0,60.0,83.0,84.0,22.6,55.4,3,cigarette_smoke
2294.0,2916.0,60.0,85.0,85.0,22.7,55.3,3,cigarette_smoke
2290.0,2912.0,62.0,87.0,88.0,22.7,55.3,3,cigarette_smoke
2281.0,2916.0,61.0,87.0,87.0,22.6,55.4,3,cigarette_smoke
2287.0,2910.0,59.0,84.0,84.0,22.6,55.4,3,cigarette_smoke
2293.0,2910.0,55.0,76.0,77.0,22.7,55.5,3,cigarette_smoke
2279.0,2910.0,52.0,73.0,76.0,22.7,55.5,3,cigarette_smoke
2285.0,2915.0,50.0,69.0,74.0,22.7,55.5,3,cigarette_smoke
2283.0,2909.0,47.0,66.0,72.0,22.7,55.4,3,cigarette_smoke
2282.0,2913.0,43.0,59.0,68.0,22.7,55.4,3,cigarette_smoke
2294.0,2913.0,42.0,58.0,67.0,22.7,55.2,3,cigarette_smoke
2283.0,2910.0,40.0,55.0,66.0,22.7,55.2,3,cigarette_smoke
2284.0,2912.0,38.0,52.0,63.0,22.7,55.2,3,cigarette_smoke
2286.0,2913.0,35.0,50.0,61.0,22.7,55.4,3,cigarette_smoke
2285.0,2912.0,34.0,49.0,59.0,22.7,55.4,3,cigarette_smoke
2283.0,2910.0,34.0,49.0,59.0,22.7,55.3,3,cigarette_smoke
2287.0,2907.0,34.0,50.0,61.0,22.7,55.3,3,cigarette_smoke
2288.0,2911.0,37.0,52.0,63.0,22.7,55.4,3,cigarette_smoke
2281.0,2910.0,39.0,55.0,66.0,22.7,55.4,3,cigarette_smoke
2293.0,2911.0,40.0,57.0,67.0,22.7,55.3,3,cigarette_smoke
2282.0,2913.0,41.0,59.0,68.0,22.7,55.3,3,cigarette_smoke
2283.0,2914.0,46.0,64.0,72.0,22.7,55.5,3,cigarette_smoke
2291.0,2912.0,47.0,66.0,73.0,22.7,55.5,3,cigarette_smoke
2282.0,2911.0,46.0,64.0,72.0,22.7,55.5,3,cigarette_smoke
2292.0,2913.0,44.0,61.0,70.0,22.7,55.4,3,cigarette_smoke
2288.0,2911.0,40.0,56.0,67.0,22.7,55.4,3,cigarette_smoke
2280.0,2915.0,38.0,53.0,64.0,22.7,55.4,3,cigarette_smoke
2282.0,2912.0,36.0,52.0,63.0,22.7,55.4,3,cigarette_smoke
2292.0,2910.0,36.0,51.0,62.0,22.7,55.3,3,cigarette_smoke
2287.0,2909.0,35.0,50.0,61.0,22.7,55.3,3,cigarette_smoke
2280.0,2909.0,35.0,50.0,61.0,22.7,55.2,3,cigarette_smoke
2285.0,2910.0,35.0,50.0,61.0,22.7,55.2,3,cigarette_smoke
2282.0,2913.0,35.0,49.0,60.0,22.7,55.2,3,cigarette_smoke
2283.0,2913.0,35.0,49.0,60.0,22.7,55.3,3,cigarette_smoke
2288.0,2916.0,34.0,49.0,59.0,22.7,55.3,3,cigarette_smoke
2279.0,2913.0,33.0,47.0,57.0,22.7,55.4,3,cigarette_smoke
2286.0,2910.0,34.0,47.0,57.0,22.7,55.4,3,cigarette_smoke
2294.0,2911.0,33.0,46.0,55.0,22.7,55.3,3,cigarette_smoke
2281.0,2913.0,33.0,46.0,55.0,22.7,55.3,3,cigarette_smoke
2286.0,2912.0,33.0,46.0,54.0,22.7,55.3,3,cigarette_smoke
2288.0,2911.0,32.0,45.0,53.0,22.7,55.3,3,cigarette_smoke
2295.0,2910.0,32.0,45.0,54.0,22.7,55.4,3,cigarette_smoke
2279.0,2914.0,32.0,45.0,54.0,22.7,55.4,3,cigarette_smoke
2289.0,2913.0,33.0,45.0,54.0,22.7,55.4,3,cigarette_smoke
2280.0,2907.0,33.0,45.0,54.0,22.7,55.3,3,cigarette_smoke
2281.0,2909.0,33.0,46.0,54.0,22.7,55.3,3,cigarette_smoke
2294.0,2917.0,33.0,46.0,54.0,22.7,55.2,3,cigarette_smoke
2283.0,2913.0,33.0,45.0,53.0,22.7,55.2,3,cigarette_smoke
2285.0,2917.0,33.0,46.0,54.0,22.7,55.2,3,cigarette_smoke
2287.0,2909.0,33.0,45.0,55.0,22.7,55.2,3,cigarette_smoke
2281.0,2913.0,33.0,46.0,55.0,22.7,55.2,3,cigarette_smoke
2294.0,2910.0,34.0,47.0,57.0,22.7,55.2,3,cigarette_smoke
2287.0,2911.0,35.0,48.0,57.0,22.7,55.2,3,cigarette_smoke
2288.0,2913.0,35.0,48.0,58.0,22.7,55.2,3,cigarette_smoke
2281.0,2907.0,35.0,48.0,58.0,22.7,55.2,3,cigarette_smoke
2296.0,2910.0,33.0,46.0,55.0,22.7,55.3,3,cigarette_smoke
2283.0,2914.0,33.0,45.0,54.0,22.7,55.3,3,cigarette_smoke
2280.0,2910.0,33.0,45.0,53.0,22.7,55.1,3,cigarette_smoke
2286.0,2918.0,33.0,45.0,53.0,22.7,55.1,3,cigarette_smoke
2284.0,2911.0,33.0,45.0,53.0,22.7,55.1,3,cigarette_smoke
2293.0,2912.0,33.0,45.0,53.0,22.7,55.1,3,cigarette_smoke
2288.0,2913.0,33.0,45.0,54.0,22.7,55.1,3,cigarette_smoke
2283.0,2914.0,32.0,44.0,53.0,22.7,55.2,3,cigarette_smoke
2289.0,2914.0,32.0,44.0,53.0,22.7,55.2,3,cigarette_smoke
2282.0,2910.0,32.0,44.0,54.0,22.7,55.2,3,cigarette_smoke
2288.0,2914.0,33.0,45.0,54.0,22.7,55.2,3,cigarette_smoke
2280.0,2911.0,33.0,46.0,55.0,22.8,55.1,3,cigarette_smoke
2284.0,2899.0,33.0,46.0,56.0,22.8,55.1,3,cigarette_smoke
2282.0,2911.0,33.0,47.0,57.0,22.8,55.1,3,cigarette_smoke
2283.0,2911.0,37.0,51.0,62.0,22.7,55.2,3,cigarette_smoke
2286.0,2909.0,39.0,53.0,65.0,22.7,55.2,3,cigarette_smoke
2281.0,2911.0,41.0,56.0,67.0,22.8,55.1,3,cigarette_smoke
2285.0,2911.0,43.0,59.0,69.0,22.8,55.1,3,cigarette_smoke
2295.0,2912.0,45.0,63.0,71.0,22.7,55.1,3,cigarette_smoke
2281.0,2915.0,45.0,64.0,71.0,22.7,55.1,3,cigarette_smoke
2287.0,2913.0,47.0,66.0,73.0,22.7,55.1,3,cigarette_smoke
2282.0,2912.0,48.0,67.0,73.0,22.8,55.2,3,cigarette_smoke
2295.0,2914.0,48.0,68.0,75.0,22.8,55.3,3,cigarette_smoke
2281.0,2913.0,49.0,69.0,74.0,22.8,55.3,3,cigarette_smoke
2289.0,2911.0,50.0,70.0,76.0,22.8,55.3,3,cigarette_smoke
2284.0,2914.0,51.0,72.0,76.0,22.8,55.2,3,cigarette_smoke
2282.0,2911.0,54.0,75.0,78.0,22.8,55.2,3,cigarette_smoke
2294.0,2913.0,54.0,74.0,78.0,22.8,55.2,3,cigarette_smoke
2283.0,2915.0,53.0,73.0,76.0,22.8,55.2,3,cigarette_smoke
2286.0,2910.0,52.0,72.0,76.0,22.8,55.2,3,cigarette_smoke
2289.0,2914.0,49.0,67.0,74.0,22.8,55.3,3,cigarette_smoke
2281.0,2911.0,47.0,65.0,72.0,22.8,55.3,3,cigarette_smoke
2294.0,2911.0,45.0,61.0,70.0,22.8,55.1,3,cigarette_smoke
2280.0,2912.0,44.0,60.0,69.0,22.8,55.1,3,cigarette_smoke
2287.0,2910.0,39.0,53.0,65.0,22.8,55.1,3,cigarette_smoke
2282.0,2914.0,38.0,51.0,63.0,22.8,55.1,3,cigarette_smoke
2295.0,2910.0,38.0,52.0,64.0,22.8,55.0,3,cigarette_smoke
2280.0,2913.0,40.0,56.0,67.0,22.8,55.0,3,cigarette_smoke
2279.0,2911.0,45.0,65.0,72.0,22.8,55.1,3,cigarette_smoke
2287.0,2911.0,48.0,69.0,74.0,22.8,55.1,3,cigarette_smoke
2284.0,2912.0,51.0,73.0,76.0,22.8,55.1,3,cigarette_smoke
2292.0,2914.0,54.0,78.0,79.0,22.8,55.2,3,cigarette_smoke
2288.0,2909.0,56.0,82.0,83.0,22.8,55.2,3,cigarette_smoke
2282.0,2911.0,58.0,86.0,86.0,22.8,55.1,3,cigarette_smoke
2289.0,2911.0,60.0,88.0,89.0,22.8,55.1,3,cigarette_smoke
2282.0,2912.0,60.0,88.0,88.0,22.8,55.1,3,cigarette_smoke
2282.0,2914.0,59.0,84.0,85.0,22.8,55.2,3,cigarette_smoke
2282.0,2914.0,57.0,79.0,80.0,22.8,55.1,3,cigarette_smoke
2287.0,2910.0,55.0,77.0,78.0,22.8,55.1,3,cigarette_smoke
2281.0,2912.0,57.0,82.0,84.0,22.8,55.1,3,cigarette_smoke
2283.0,2911.0,62.0,97.0,100.0,22.8,55.1,3,cigarette_smoke
2287.0,2915.0,65.0,104.0,108.0,22.8,55.1,3,cigarette_smoke
2281.0,2911.0,67.0,109.0,115.0,22.8,55.0,3,cigarette_smoke
2286.0,2914.0,69.0,116.0,122.0,22.8,55.0,3,cigarette_smoke
2295.0,2911.0,69.0,122.0,129.0,22.8,55.0,3,cigarette_smoke
2280.0,2910.0,70.0,124.0,133.0,22.8,55.0,3,cigarette_smoke
2286.0,2912.0,70.0,129.0,137.0,22.8,55.0,3,cigarette_smoke
2280.0,2912.0,69.0,125.0,133.0,22.8,55.1,3,cigarette_smoke
2278.0,2913.0,66.0,117.0,124.0,22.8,55.1,3,cigarette_smoke
2282.0,2914.0,64.0,109.0,116.0,22.8,55.1,3,cigarette_smoke
2286.0,2914.0,61.0,105.0,111.0,22.8,55.1,3,cigarette_smoke
2280.0,2914.0,61.0,101.0,108.0,22.8,55.0,3,cigarette_smoke
2280.0,2910.0,60.0,98.0,102.0,22.8,55.0,3,cigarette_smoke
2295.0,2911.0,61.0,98.0,104.0,22.8,55.1,3,cigarette_smoke
2282.0,2914.0,62.0,100.0,105.0,22.8,55.1,3,cigarette_smoke
2285.0,2915.0,64.0,101.0,106.0,22.8,55.1,3,cigarette_smoke
2291.0,2917.0,67.0,104.0,108.0,22.8,55.1,3,cigarette_smoke
2281.0,2914.0,68.0,104.0,108.0,22.8,55.1,3,cigarette_smoke
2296.0,2909.0,69.0,106.0,110.0,22.8,55.1,3,cigarette_smoke
2285.0,2910.0,70.0,107.0,111.0,22.8,55.1,3,cigarette_smoke
2282.0,2914.0,76.0,118.0,122.0,22.8,55.1,3,cigarette_smoke
2287.0,2912.0,78.0,121.0,125.0,22.8,55.1,3,cigarette_smoke
2294.0,2912.0,79.0,122.0,126.0,22.8,55.1,3,cigarette_smoke
2281.0,2915.0,78.0,122.0,126.0,22.8,55.1,3,cigarette_smoke
2280.0,2910.0,76.0,120.0,124.0,22.8,55.0,3,cigarette_smoke
2284.0,2910.0,75.0,119.0,122.0,22.8,55.0,3,cigarette_smoke
2280.0,2908.0,73.0,116.0,119.0,22.8,55.0,3,cigarette_smoke
2288.0,2909.0,69.0,110.0,112.0,22.8,55.0,3,cigarette_smoke
2285.0,2911.0,61.0,98.0,101.0,22.8,55.0,3,cigarette_smoke
2281.0,2907.0,59.0,93.0,96.0,22.8,54.9,3,cigarette_smoke
2288.0,2914.0,57.0,89.0,92.0,22.8,54.9,3,cigarette_smoke
2282.0,2914.0,57.0,88.0,91.0,22.8,54.9,3,cigarette_smoke
2282.0,2911.0,57.0,88.0,91.0,22.8,55.0,3,cigarette_smoke
2288.0,2913.0,57.0,89.0,92.0,22.8,55.0,3,cigarette_smoke
2280.0,2911.0,59.0,90.0,94.0,22.8,55.0,3,cigarette_smoke
2282.0,2912.0,61.0,92.0,95.0,22.8,55.0,3,cigarette_smoke
2283.0,2913.0,65.0,96.0,99.0,22.8,55.0,3,cigarette_smoke
2285.0,2909.0,67.0,100.0,105.0,22.8,55.0,3,cigarette_smoke
2283.0,2912.0,69.0,104.0,106.0,22.8,55.0,3,cigarette_smoke
2283.0,2913.0,71.0,106.0,108.0,22.8,55.0,3,cigarette_smoke
2296.0,2915.0,75.0,109.0,111.0,22.8,55.1,3,cigarette_smoke
2282.0,2910.0,77.0,111.0,115.0,22.8,55.1,3,cigarette_smoke
2286.0,2911.0,79.0,115.0,117.0,22.8,55.1,3,cigarette_smoke
2280.0,2912.0,83.0,118.0,120.0,22.8,55.0,3,cigarette_smoke
2282.0,2911.0,84.0,119.0,121.0,22.8,55.0,3,cigarette_smoke
2294.0,2911.0,82.0,116.0,118.0,22.8,55.1,3,cigarette_smoke
2283.0,2914.0,80.0,111.0,114.0,22.8,55.1,3,cigarette_smoke
2284.0,2916.0,76.0,105.0,107.0,22.8,55.0,3,cigarette_smoke
2276.0,2910.0,69.0,95.0,97.0,22.8,55.0,3,cigarette_smoke
2298.0,2912.0,66.0,91.0,93.0,22.8,54.9,3,cigarette_smoke
2281.0,2914.0,64.0,87.0,89.0,22.8,54.9,3,cigarette_smoke
2285.0,2914.0,61.0,84.0,86.0,22.8,54.9,3,cigarette_smoke
2287.0,2914.0,57.0,78.0,80.0,22.8,54.9,3,cigarette_smoke
2281.0,2912.0,56.0,76.0,78.0,22.8,54.9,3,cigarette_smoke
2294.0,2913.0,55.0,74.0,77.0,22.8,55.0,3,cigarette_smoke
2283.0,2911.0,53.0,72.0,76.0,22.8,55.0,3,cigarette_smoke
2281.0,2908.0,52.0,70.0,75.0,22.8,54.8,3,cigarette_smoke
2287.0,2913.0,50.0,68.0,74.0,22.8,54.8,3,cigarette_smoke
2282.0,2912.0,48.0,65.0,72.0,22.8,54.8,3,cigarette_smoke
2296.0,2912.0,47.0,63.0,71.0,22.9,54.8,3,cigarette_smoke
2282.0,2911.0,44.0,59.0,68.0,22.9,55.0,3,cigarette_smoke
2288.0,2909.0,42.0,57.0,67.0,22.9,55.0,3,cigarette_smoke
2279.0,2914.0,42.0,56.0,66.0,22.9,55.0,3,cigarette_smoke
2291.0,2913.0,40.0,53.0,64.0,22.8,54.9,3,cigarette_smoke
2289.0,2915.0,38.0,51.0,62.0,22.8,54.9,3,cigarette_smoke
2280.0,2915.0,36.0,50.0,61.0,22.9,54.8,3,cigarette_smoke
2288.0,2914.0,35.0,50.0,60.0,22.9,54.8,3,cigarette_smoke
2282.0,2912.0,34.0,48.0,58.0,22.9,54.8,3,cigarette_smoke
2282.0,2909.0,33.0,46.0,55.0,22.9,54.8,3,cigarette_smoke
2288.0,2910.0,33.0,46.0,54.0,22.9,54.8,3,cigarette_smoke
2284.0,2911.0,32.0,45.0,53.0,22.8,54.9,3,cigarette_smoke
2284.0,2914.0,30.0,43.0,50.0,22.8,54.9,3,cigarette_smoke
2280.0,2912.0,30.0,42.0,49.0,22.9,54.7,3,cigarette_smoke
2285.0,2914.0,30.0,42.0,49.0,22.9,54.7,3,cigarette_smoke
2279.0,2914.0,29.0,42.0,49.0,22.8,54.7,3,cigarette_smoke
2286.0,2914.0,28.0,40.0,47.0,22.8,54.7,3,cigarette_smoke
2295.0,2914.0,27.0,40.0,46.0,22.9,54.8,3,cigarette_smoke
2282.0,2908.0,27.0,40.0,46.0,22.9,54.8,3,cigarette_smoke
2284.0,2912.0,27.0,39.0,46.0,22.9,54.8,3,cigarette_smoke
2279.0,2909.0,27.0,39.0,45.0,22.9,54.8,3,cigarette_smoke
2282.0,2912.0,26.0,38.0,44.0,22.9,54.8,3,cigarette_smoke
2293.0,2914.0,27.0,38.0,44.0,22.8,54.8,3,cigarette_smoke
2281.0,2909.0,27.0,40.0,46.0,22.8,54.8,3,cigarette_smoke
2286.0,2910.0,29.0,42.0,49.0,22.8,54.8,3,cigarette_smoke
2283.0,2911.0,34.0,48.0,57.0,22.9,54.8,3,cigarette_smoke
2296.0,2912.0,36.0,51.0,61.0,22.9,54.7,3,cigarette_smoke
2282.0,2908.0,40.0,53.0,64.0,22.9,54.7,3,cigarette_smoke
2285.0,2912.0,43.0,58.0,67.0,22.9,54.7,3,cigarette_smoke
2285.0,2911.0,48.0,64.0,72.0,22.9,54.8,3,cigarette_smoke
2283.0,2913.0,49.0,65.0,72.0,22.9,54.8,3,cigarette_smoke
2294.0,2914.0,48.0,64.0,71.0,22.9,54.8,3,cigarette_smoke
2280.0,2910.0,48.0,64.0,71.0,22.9,54.8,3,cigarette_smoke
2281.0,2907.0,47.0,64.0,71.0,22.9,54.6,3,cigarette_smoke
2289.0,2913.0,47.0,61.0,69.0,22.9,54.6,3,cigarette_smoke
2278.0,2910.0,46.0,60.0,69.0,22.9,54.6,3,cigarette_smoke
2296.0,2912.0,44.0,58.0,67.0,22.9,54.7,3,cigarette_smoke
2281.0,2909.0,40.0,52.0,63.0,22.9,54.7,3,cigarette_smoke
2287.0,2907.0,39.0,51.0,62.0,22.9,54.7,3,cigarette_smoke
2281.0,2913.0,37.0,49.0,60.0,22.9,54.7,3,cigarette_smoke
2292.0,2912.0,35.0,49.0,59.0,22.9,54.6,3,cigarette_smoke
2289.0,2914.0,34.0,48.0,57.0,22.9,54.6,3,cigarette_smoke
2281.0,2912.0,34.0,47.0,56.0,22.9,54.6,3,cigarette_smoke
2287.0,2910.0,34.0,47.0,56.0,22.9,54.6,3,cigarette_smoke
2282.0,2908.0,33.0,46.0,55.0,22.9,54.6,3,cigarette_smoke
2282.0,2911.0,33.0,45.0,54.0,22.9,54.5,3,cigarette_smoke
2285.0,2913.0,33.0,45.0,54.0,22.9,54.5,3,cigarette_smoke
2283.0,2914.0,33.0,46.0,55.0,22.9,54.5,3,cigarette_smoke
2284.0,2913.0,35.0,49.0,59.0,22.9,54.5,3,cigarette_smoke
2295.0,2913.0,43.0,56.0,66.0,22.9,54.4,3,cigarette_smoke
2287.0,2912.0,50.0,66.0,72.0,22.9,54.4,3,cigarette_smoke
2280.0,2909.0,54.0,70.0,75.0,22.9,54.5,3,cigarette_smoke
2285.0,2911.0,57.0,74.0,76.0,22.9,54.5,3,cigarette_smoke
2293.0,2913.0,63.0,82.0,83.0,22.9,54.5,3,cigarette_smoke
2280.0,2915.0,65.0,85.0,85.0,22.9,54.5,3,cigarette_smoke
2286.0,2914.0,64.0,83.0,83.0,22.9,54.5,3,cigarette_smoke
2279.0,2913.0,63.0,82.0,83.0,22.9,54.6,3,cigarette_smoke
2282.0,2910.0,66.0,88.0,89.0,22.9,54.6,3,cigarette_smoke
2294.0,2914.0,67.0,92.0,93.0,22.9,54.5,3,cigarette_smoke
2280.0,2912.0,70.0,97.0,98.0,22.9,54.5,3,cigarette_smoke
2287.0,2909.0,73.0,101.0,102.0,22.9,54.5,3,cigarette_smoke
2288.0,2914.0,76.0,109.0,111.0,22.9,54.5,3,cigarette_smoke
2281.0,2912.0,78.0,113.0,115.0,22.9,54.5,3,cigarette_smoke
2280.0,2907.0,82.0,120.0,122.0,22.9,54.6,3,cigarette_smoke
2286.0,2912.0,80.0,118.0,120.0,22.9,54.6,3,cigarette_smoke
2290.0,2915.0,76.0,112.0,113.0,22.9,54.5,3,cigarette_smoke
2281.0,2909.0,73.0,107.0,108.0,22.9,54.5,3,cigarette_smoke
2293.0,2914.0,68.0,101.0,101.0,22.9,54.5,3,cigarette_smoke
2281.0,2912.0,65.0,96.0,97.0,22.9,54.5,3,cigarette_smoke
2280.0,2910.0,60.0,88.0,89.0,22.9,54.6,3,cigarette_smoke
2287.0,2911.0,59.0,85.0,86.0,22.9,54.6,3,cigarette_smoke
2281.0,2909.0,57.0,83.0,83.0,22.9,54.6,3,cigarette_smoke
2295.0,2911.0,57.0,80.0,81.0,22.9,54.5,3,cigarette_smoke
2285.0,2911.0,55.0,77.0,79.0,22.9,54.5,3,cigarette_smoke
2281.0,2910.0,54.0,76.0,78.0,22.9,54.5,3,cigarette_smoke
2282.0,2913.0,52.0,73.0,77.0,22.9,54.5,3,cigarette_smoke
2292.0,2910.0,50.0,69.0,74.0,22.9,54.4,3,cigarette_smoke
2286.0,2912.0,47.0,65.0,71.0,22.9,54.4,3,cigarette_smoke
2280.0,2909.0,45.0,61.0,70.0,22.9,54.4,3,cigarette_smoke
2287.0,2911.0,43.0,59.0,69.0,22.9,54.4,3,cigarette_smoke
2283.0,2911.0,42.0,58.0,67.0,22.9,54.4,3,cigarette_smoke
2278.0,2910.0,38.0,53.0,64.0,22.9,54.4,3,cigarette_smoke
2286.0,2911.0,36.0,51.0,62.0,22.9,54.4,3,cigarette_smoke
2281.0,2912.0,35.0,50.0,61.0,22.9,54.4,3,cigarette_smoke
2288.0,2913.0,34.0,49.0,59.0,22.9,54.4,3,cigarette_smoke
2293.0,2912.0,32.0,46.0,55.0,22.9,54.5,3,cigarette_smoke
2282.0,2914.0,32.0,45.0,54.0,22.9,54.5,3,cigarette_smoke
2286.0,2914.0,32.0,46.0,55.0,22.9,54.5,3,cigarette_smoke
2286.0,2908.0,31.0,45.0,53.0,22.9,54.3,3,cigarette_smoke
2294.0,2908.0,31.0,44.0,52.0,22.9,54.2,3,cigarette_smoke
2279.0,2913.0,32.0,44.0,52.0,22.9,54.2,3,cigarette_smoke
2286.0,2912.0,32.0,44.0,52.0,22.9,54.2,3,cigarette_smoke
2281.0,2914.0,33.0,44.0,52.0,22.9,54.4,3,cigarette_smoke
2284.0,2914.0,31.0,42.0,50.0,22.9,54.4,3,cigarette_smoke
2293.0,2909.0,31.0,42.0,49.0,22.9,54.3,3,cigarette_smoke
2283.0,2914.0,31.0,41.0,49.0,22.9,54.3,3,cigarette_smoke
2287.0,2911.0,30.0,41.0,49.0,22.9,54.3,3,cigarette_smoke
2284.0,2909.0,31.0,42.0,49.0,22.9,54.4,3,cigarette_smoke
2282.0,2915.0,31.0,41.0,48.0,22.9,54.4,3,cigarette_smoke
2294.0,2913.0,31.0,41.0,47.0,22.9,54.5,3,cigarette_smoke
2283.0,2913.0,30.0,40.0,47.0,22.9,54.5,3,cigarette_smoke
2289.0,2914.0,29.0,39.0,45.0,22.9,54.2,3,cigarette_smoke
2282.0,2909.0,29.0,39.0,45.0,22.9,54.2,3,cigarette_smoke
2294.0,2911.0,28.0,38.0,43.0,23.0,54.4,3,cigarette_smoke
2279.0,2911.0,27.0,36.0,41.0,23.0,54.4,3,cigarette_smoke
2280.0,2908.0,27.0,35.0,40.0,22.9,54.3,3,cigarette_smoke
2285.0,2912.0,27.0,36.0,40.0,22.9,54.3,3,cigarette_smoke
2278.0,2910.0,27.0,35.0,39.0,22.9,54.3,3,cigarette_smoke
2293.0,2909.0,26.0,35.0,39.0,22.9,54.4,3,cigarette_smoke
2287.0,2908.0,25.0,33.0,36.0,22.9,54.4,3,cigarette_smoke
2278.0,2913.0,24.0,33.0,36.0,22.9,54.4,3,cigarette_smoke
2287.0,2911.0,23.0,32.0,35.0,22.9,54.4,3,cigarette_smoke
2283.0,2912.0,23.0,32.0,34.0,22.9,54.4,3,cigarette_smoke
2286.0,2912.0,23.0,32.0,34.0,22.9,54.3,3,cigarette_smoke
2280.0,2913.0,22.0,31.0,33.0,22.9,54.2,3,cigarette_smoke
2287.0,2913.0,22.0,31.0,32.0,22.9,54.2,3,cigarette_smoke
2281.0,2911.0,22.0,31.0,32.0,22.9,54.2,3,cigarette_smoke
2280.0,2912.0,23.0,32.0,33.0,22.9,54.3,3,cigarette_smoke
2286.0,2912.0,23.0,32.0,34.0,22.9,54.3,3,cigarette_smoke
2282.0,2913.0,23.0,32.0,34.0,23.0,54.3,3,cigarette_smoke
2289.0,2912.0,24.0,32.0,35.0,23.0,54.3,3,cigarette_smoke
2294.0,2915.0,23.0,31.0,35.0,23.0,54.2,3,cigarette_smoke
2281.0,2911.0,23.0,32.0,35.0,23.0,54.2,3,cigarette_smoke
2284.0,2912.0,24.0,32.0,35.0,23.0,54.2,3,cigarette_smoke
2283.0,2912.0,25.0,33.0,36.0,22.9,54.2,3,cigarette_smoke
2296.0,2911.0,25.0,33.0,36.0,23.0,54.2,3,cigarette_smoke
2280.0,2914.0,24.0,32.0,35.0,23.0,54.2,3,cigarette_smoke
2287.0,2912.0,23.0,31.0,34.0,23.0,54.2,3,cigarette_smoke
2283.0,2914.0,23.0,31.0,34.0,23.0,54.2,3,cigarette_smoke
2283.0,2914.0,24.0,32.0,35.0,23.0,54.2,3,cigarette_smoke
2296.0,2911.0,24.0,32.0,35.0,23.0,54.3,3,cigarette_smoke
2280.0,2914.0,24.0,32.0,35.0,23.0,54.3,3,cigarette_smoke
2288.0,2914.0,23.0,31.0,34.0,23.0,54.3,3,cigarette_smoke
2287.0,2911.0,23.0,31.0,34.0,23.0,54.3,3,cigarette_smoke
2281.0,2912.0,24.0,32.0,35.0,23.0,54.3,3,cigarette_smoke
2294.0,2910.0,23.0,32.0,35.0,23.0,54.2,3,cigarette_smoke
2281.0,2910.0,23.0,32.0,35.0,23.0,54.2,3,cigarette_smoke
2285.0,2913.0,22.0,30.0,33.0,23.0,54.2,3,cigarette_smoke
2279.0,2913.0,21.0,29.0,30.0,23.0,54.2,3,cigarette_smoke
2293.0,2912.0,21.0,28.0,29.0,23.0,54.2,3,cigarette_smoke
2282.0,2913.0,21.0,29.0,30.0,23.0,54.2,3,cigarette_smoke
2280.0,2913.0,20.0,28.0,29.0,23.0,54.3,3,cigarette_smoke
2290.0,2909.0,19.0,26.0,27.0,23.0,54.3,3,cigarette_smoke
2281.0,2912.0,19.0,26.0,27.0,23.0,54.3,3,cigarette_smoke
2293.0,2912.0,19.0,26.0,27.0,23.0,54.3,3,cigarette_smoke
2288.0,2911.0,18.0,25.0,26.0,23.0,54.3,3,cigarette_smoke
2280.0,2913.0,18.0,25.0,26.0,23.0,54.3,3,cigarette_smoke
2290.0,2908.0,18.0,25.0,26.0,23.0,54.3,3,cigarette_smoke
2283.0,2912.0,18.0,24.0,25.0,23.0,54.3,3,cigarette_smoke
2284.0,2908.0,19.0,25.0,26.0,23.0,54.1,3,cigarette_smoke
2284.0,2915.0,19.0,25.0,26.0,23.0,54.1,3,cigarette_smoke
2278.0,2908.0,18.0,24.0,25.0,23.0,54.1,3,cigarette_smoke
2298.0,2933.0,18.0,24.0,25.0,23.0,54.1,3,cigarette_smoke
2298.0,2938.0,18.0,24.0,24.0,23.0,54.2,3,cigarette_smoke
2301.0,2932.0,18.0,24.0,24.0,23.0,54.2,3,cigarette_smoke
2298.0,2936.0,19.0,25.0,25.0,23.0,54.2,3,cigarette_smoke
2299.0,2939.0,19.0,25.0,25.0,23.0,54.2,3,cigarette_smoke
2297.0,2939.0,18.0,24.0,24.0,23.0,54.1,3,cigarette_smoke
2299.0,2938.0,18.0,23.0,23.0,23.0,54.1,3,cigarette_smoke
2299.0,2939.0,18.0,23.0,23.0,23.0,54.1,3,cigarette_smoke
2296.0,2936.0,18.0,23.0,23.0,23.0,54.2,3,cigarette_smoke
2290.0,2938.0,18.0,23.0,23.0,23.0,54.2,3,cigarette_smoke
2281.0,2911.0,19.0,24.0,24.0,23.0,54.1,3,cigarette_smoke
2279.0,2908.0,19.0,24.0,24.0,23.0,54.1,3,cigarette_smoke
2281.0,2914.0,18.0,22.0,22.0,23.0,54.1,3,cigarette_smoke
2281.0,2911.0,17.0,22.0,22.0,23.0,54.1,3,cigarette_smoke
2278.0,2914.0,18.0,23.0,23.0,23.0,54.0,3,cigarette_smoke
2282.0,2912.0,18.0,23.0,23.0,23.0,54.0,3,cigarette_smoke
2280.0,2906.0,18.0,23.0,23.0,23.0,54.0,3,cigarette_smoke
2279.0,2908.0,18.0,22.0,23.0,23.0,54.3,3,cigarette_smoke
2279.0,2910.0,18.0,22.0,23.0,23.0,54.3,3,cigarette_smoke
2294.0,2910.0,17.0,22.0,23.0,23.0,54.1,3,cigarette_smoke
2279.0,2911.0,17.0,22.0,23.0,23.0,54.1,3,cigarette_smoke
2283.0,2909.0,16.0,21.0,22.0,23.0,54.1,3,cigarette_smoke
2285.0,2910.0,16.0,21.0,22.0,23.0,54.1,3,cigarette_smoke
2288.0,2911.0,16.0,22.0,23.0,23.0,54.1,3,cigarette_smoke
2280.0,2911.0,16.0,22.0,23.0,23.0,54.1,3,cigarette_smoke
2281.0,2910.0,15.0,21.0,22.0,23.0,54.2,3,cigarette_smoke
2283.0,2909.0,15.0,21.0,22.0,23.0,54.2,3,cigarette_smoke
2281.0,2908.0,16.0,22.0,23.0,23.0,54.2,3,cigarette_smoke
2295.0,2913.0,16.0,22.0,23.0,23.0,53.9,3,cigarette_smoke
2289.0,2912.0,15.0,22.0,23.0,23.0,53.9,3,cigarette_smoke
2280.0,2912.0,14.0,22.0,23.0,23.0,54.0,3,cigarette_smoke
2287.0,2913.0,14.0,21.0,23.0,23.0,54.0,3,cigarette_smoke
2279.0,2909.0,14.0,21.0,23.0,23.0,54.0,3,cigarette_smoke
2281.0,2910.0,14.0,21.0,23.0,23.0,54.0,3,cigarette_smoke
2287.0,2908.0,14.0,21.0,23.0,23.0,54.0,3,cigarette_smoke
2283.0,2910.0,14.0,21.0,22.0,23.0,53.9,3,cigarette_smoke
2282.0,2913.0,14.0,20.0,23.0,23.0,53.9,3,cigarette_smoke
2282.0,2914.0,12.0,19.0,22.0,23.0,54.1,3,cigarette_smoke
2287.0,2909.0,12.0,19.0,22.0,23.0,54.1,3,cigarette_smoke
2282.0,2914.0,12.0,19.0,22.0,23.0,53.9,3,cigarette_smoke
2288.0,2910.0,12.0,20.0,22.0,23.0,53.9,3,cigarette_smoke
2293.0,2911.0,12.0,20.0,22.0,23.0,53.9,3,cigarette_smoke
2282.0,2914.0,11.0,19.0,21.0,23.0,53.9,3,cigarette_smoke
2286.0,2909.0,11.0,19.0,21.0,23.0,53.9,3,cigarette_smoke
2280.0,2915.0,11.0,19.0,21.0,23.0,54.0,3,cigarette_smoke
2280.0,2911.0,11.0,20.0,20.0,23.0,54.0,3,cigarette_smoke
2294.0,2912.0,11.0,20.0,20.0,23.0,54.0,3,cigarette_smoke
2281.0,2909.0,11.0,20.0,20.0,23.0,54.0,3,cigarette_smoke
2281.0,2910.0,11.0,19.0,20.0,23.0,54.0,3,cigarette_smoke
2283.0,2911.0,9.0,19.0,20.0,23.0,54.0,3,cigarette_smoke
2294.0,2915.0,9.0,19.0,20.0,23.0,53.9,3,cigarette_smoke
2280.0,2911.0,9.0,19.0,19.0,23.0,53.9,3,cigarette_smoke
2289.0,2913.0,9.0,19.0,19.0,23.0,53.9,3,cigarette_smoke
2286.0,2914.0,7.0,18.0,18.0,23.0,53.9,3,cigarette_smoke
2277.0,2910.0,7.0,18.0,18.0,23.0,53.9,3,cigarette_smoke
2292.0,2908.0,8.0,19.0,19.0,23.0,53.9,3,cigarette_smoke
2278.0,2910.0,8.0,19.0,19.0,23.0,53.9,3,cigarette_smoke
2277.0,2913.0,7.0,18.0,18.0,23.0,53.8,3,cigarette_smoke
2286.0,2910.0,7.0,18.0,18.0,23.0,53.8,3,cigarette_smoke
2282.0,2912.0,7.0,19.0,19.0,23.0,53.8,3,cigarette_smoke
2278.0,2915.0,7.0,19.0,19.0,23.0,53.9,3,cigarette_smoke
2282.0,2912.0,8.0,20.0,20.0,23.0,53.9,3,cigarette_smoke
2286.0,2910.0,8.0,20.0,20.0,23.0,53.9,3,cigarette_smoke
2282.0,2912.0,8.0,20.0,20.0,23.0,53.9,3,cigarette_smoke
2294.0,2914.0,8.0,20.0,20.0,23.0,53.9,3,cigarette_smoke
2284.0,2912.0,7.0,19.0,19.0,23.0,53.9,3,cigarette_smoke
2281.0,2907.0,7.0,19.0,19.0,23.0,54.0,3,cigarette_smoke
